㐀	一	5	
㐁	一	6	
㐂	一	6	
㐃	丨	3	
㐄	丨	3	
㐅	丿	2	
㐆	丿	6	
㐇	乙	3	
㐈	乙	3	
㐉	乙	3	
㐊	乙	4	
㐋	乙	4	
㐌	乙	5	
㐍	乙	5	
㐎	乙	5	
㐏	乙	5	
㐐	乙	6	
㐑	乙	6	
㐒	乙	6	
㐓	乙	6	
㐔	乙	6	
㐕	乙	6	
㐖	乙	7	
㐗	乙	7	
㐘	乙	7	
㐙	乙	8	
㐚	乙	8	
㐛	乙	8	
㐜	乙	9	
㐝	乙	9	
㐞	乙	9	
㐟	乙	9	
㐠	乙	9	
㐡	乙	11	
㐢	乙	11	
㐣	乙	11	
㐤	乙	12	
㐥	乙	16	
㐦	乙	19	
㐧	亅	4	
㐨	亅	8	
㐩	二	8	
㐪	亠	6	
㐫	亠	6	
㐬	亠	7	
㐭	亠	8	
㐮	亠	13	
㐯	亠	17	
㐰	人	5	
㐱	人	5	
㐲	人	5	
㐳	人	5	
㐴	人	5	
㐵	人	5	
㐶	人	5	
㐷	人	5	
㐸	人	6	
㐹	人	6	
㐺	人	6	
㐻	人	6	
㐼	人	6	
㐽	人	6	
㐾	人	6	
㐿	人	6	
㑀	人	6	
㑁	人	7	
㑂	人	7	
㑃	人	7	
㑄	人	7	
㑅	人	7	
㑆	人	7	
㑇	人	7	
㑈	人	7	
㑉	人	8	
㑊	人	8	
㑋	人	8	
㑌	人	8	
㑍	人	8	
㑎	人	8	
㑏	人	8	
㑐	人	8	
㑑	人	8	
㑒	人	8	
㑓	人	8	
㑔	人	8	
㑕	人	8	
㑖	人	8	
㑗	人	9	
㑘	人	9	
㑙	人	9	
㑚	人	9	
㑛	人	9	
㑜	人	9	
㑝	人	9	
㑞	人	9	
㑟	人	9	
㑠	人	9	
㑡	人	9	
㑢	人	9	
㑣	人	10	
㑤	人	11	
㑥	人	10	
㑦	人	10	
㑧	人	10	
㑨	人	10	
㑩	人	10	
㑪	人	10	
㑫	人	10	
㑬	人	10	
㑭	人	10	
㑮	人	11	
㑯	人	11	
㑰	人	11	
㑱	人	11	
㑲	人	11	
㑳	人	12	
㑴	人	12	
㑵	人	12	
㑶	人	12	
㑷	人	12	
㑸	人	12	
㑹	人	12	
㑺	人	12	
㑻	人	13	
㑼	人	13	
㑽	人	13	
㑾	人	13	
㑿	人	13	
㒀	人	13	
㒁	人	13	
㒂	人	14	
㒃	人	14	
㒄	人	14	
㒅	人	14	
㒆	人	14	
㒇	人	14	
㒈	人	14	
㒉	人	14	
㒊	人	14	
㒋	人	14	
㒌	人	14	
㒍	人	14	
㒎	人	14	
㒏	人	14	
㒐	人	14	
㒑	人	15	
㒒	人	15	
㒓	人	15	
㒔	人	15	
㒕	人	15	
㒖	人	15	
㒗	人	15	
㒘	人	15	
㒙	人	16	
㒚	人	16	
㒛	人	16	
㒜	人	16	
㒝	人	17	
㒞	人	17	
㒟	人	18	
㒠	人	18	
㒡	人	19	
㒢	人	19	
㒣	人	19	
㒤	人	20	
㒥	人	20	
㒦	人	20	
㒧	人	21	
㒨	人	21	
㒩	人	23	
㒪	人	26	
㒫	儿	6	
㒬	儿	8	
㒭	儿	10	
㒮	儿	11	
㒯	儿	18	
㒰	入	5	
㒱	入	5	
㒲	入	6	
㒳	入	7	
㒴	入	7	
㒵	八	7	
㒶	八	7	
㒷	八	7	
㒸	八	9	
㒹	八	20	
㒺	冂	8	
㒻	冂	11	
㒼	冂	11	
㒽	冂	12	
㒾	冂	13	
㒿	冂	22	
㓀	冖	4	
㓁	冖	4	
㓂	冖	9	
㓃	冖	12	
㓄	冖	15	
㓅	冫	4	
㓆	冫	6	
㓇	冫	6	
㓈	冫	7	
㓉	冫	8	
㓊	冫	8	
㓋	冫	8	
㓌	冫	8	
㓍	冫	8	
㓎	冫	9	
㓏	冫	9	
㓐	冫	10	
㓑	冫	10	
㓒	冫	10	
㓓	冫	11	
㓔	冫	12	
㓕	冫	12	
㓖	冫	13	
㓗	冫	14	
㓘	几	11	
㓙	凵	6	
㓚	刀	5	
㓛	刀	5	
㓜	刀	5	
㓝	刀	6	
㓞	刀	6	
㓟	刀	7	
㓠	刀	7	
㓡	刀	8	
㓢	刀	8	
㓣	刀	8	
㓤	刀	8	
㓥	刀	8	
㓦	刀	8	
㓧	刀	9	
㓨	刀	9	
㓩	刀	9	
㓪	刀	9	
㓫	刀	9	
㓬	刀	10	
㓭	刀	10	
㓮	刀	10	
㓯	刀	10	
㓰	刀	10	
㓱	刀	11	
㓲	刀	11	
㓳	刀	11	
㓴	刀	11	
㓵	刀	11	
㓶	刀	11	
㓷	刀	12	
㓸	刀	12	
㓹	刀	12	
㓺	刀	12	
㓻	刀	12	
㓼	刀	13	
㓽	刀	13	
㓾	刀	14	
㓿	刀	14	
㔀	刀	14	
㔁	刀	14	
㔂	刀	14	
㔃	刀	14	
㔄	刀	14	
㔅	刀	14	
㔆	刀	14	
㔇	刀	14	
㔈	刀	14	
㔉	刀	14	
㔊	刀	15	
㔋	刀	16	
㔌	刀	16	
㔍	刀	16	
㔎	刀	17	
㔏	刀	17	
㔐	刀	18	
㔑	刀	19	
㔒	刀	20	
㔓	力	5	
㔔	力	6	
㔕	力	6	
㔖	力	6	
㔗	力	7	
㔘	力	7	
㔙	力	8	
㔚	力	8	
㔛	力	8	
㔜	力	9	
㔝	力	10	
㔞	力	10	
㔟	力	10	
㔠	力	11	
㔡	力	12	
㔢	力	14	
㔣	力	17	
㔤	力	17	
㔥	力	17	
㔦	力	17	
㔧	力	18	
㔨	勹	11	
㔩	勹	12	
㔪	勹	13	
㔫	匕	4	
㔬	匕	8	
㔭	匕	11	
㔮	肉	21	
㔯	匚	7	
㔰	匚	7	
㔱	匚	11	
㔲	匚	13	
㔳	匚	13	
㔴	匚	13	
㔵	匚	14	
㔶	匚	26	
㔷	匸	7	
㔸	匸	12	
㔹	十	4	
㔺	十	6	
㔻	十	6	
㔼	十	13	
㔽	卜	8	
㔾	卩	3	
㔿	卩	3	
㕀	卩	7	
㕁	卩	8	
㕂	厂	6	
㕃	厂	6	
㕄	厂	6	
㕅	厂	7	
㕆	厂	7	
㕇	厂	7	
㕈	厂	8	
㕉	厂	8	
㕊	厂	9	
㕋	厂	10	
㕌	厂	10	
㕍	厂	10	
㕎	厂	12	
㕏	厂	13	
㕐	厂	14	
㕑	厂	14	
㕒	厂	15	
㕓	厂	17	
㕔	厂	24	
㕕	厶	4	
㕖	厶	10	
㕗	厶	11	
㕘	厶	11	
㕙	厶	15	
㕚	又	4	
㕛	又	4	
㕜	又	6	
㕝	又	7	
㕞	又	8	
㕟	又	9	
㕠	又	12	
㕡	又	14	
㕢	貝	14	
㕣	口	5	
㕤	口	5	
㕥	口	5	
㕦	口	6	
㕧	口	6	
㕨	口	6	
㕩	口	7	
㕪	口	7	
㕫	口	7	
㕬	口	7	
㕭	口	7	
㕮	口	7	
㕯	口	7	
㕰	口	7	
㕱	口	7	
㕲	口	7	
㕳	口	7	
㕴	口	7	
㕵	口	7	
㕶	口	7	
㕷	口	8	
㕸	口	8	
㕹	口	8	
㕺	口	8	
㕻	口	8	
㕼	口	8	
㕽	口	8	
㕾	口	8	
㕿	口	8	
㖀	口	9	
㖁	口	9	
㖂	口	9	
㖃	口	9	
㖄	口	9	
㖅	口	9	
㖆	口	9	
㖇	口	9	
㖈	口	9	
㖉	口	9	
㖊	口	9	
㖋	口	9	
㖌	口	9	
㖍	口	9	
㖎	口	9	
㖏	口	10	
㖐	口	10	
㖑	口	10	
㖒	口	10	
㖓	口	10	
㖔	口	10	
㖕	口	10	
㖖	口	10	
㖗	口	10	
㖘	口	10	
㖙	口	10	
㖚	口	10	
㖛	口	10	
㖜	口	10	
㖝	口	10	
㖞	口	10	
㖟	口	11	
㖠	口	11	
㖡	口	11	
㖢	口	11	
㖣	口	11	
㖤	口	11	
㖥	口	11	
㖦	口	11	
㖧	口	11	
㖨	口	11	
㖩	口	11	
㖪	口	11	
㖫	口	11	
㖬	口	11	
㖭	口	11	
㖮	口	11	
㖯	口	11	
㖰	口	11	
㖱	口	11	
㖲	口	11	
㖳	口	11	
㖴	口	11	
㖵	口	11	
㖶	口	12	
㖷	口	12	
㖸	口	12	
㖹	口	12	
㖺	口	12	
㖻	口	12	
㖼	口	12	
㖽	口	12	
㖾	口	12	
㖿	口	12	
㗀	口	12	
㗁	口	12	
㗂	口	12	
㗃	口	12	
㗄	口	12	
㗅	口	12	
㗆	口	12	
㗇	口	12	
㗈	口	12	
㗉	口	12	
㗊	口	12	
㗋	口	12	
㗌	口	12	
㗍	口	12	
㗎	口	12	
㗏	口	12	
㗐	口	12	
㗑	口	12	
㗒	口	13	
㗓	口	13	
㗔	口	13	
㗕	口	13	
㗖	口	13	
㗗	口	13	
㗘	口	13	
㗙	口	13	
㗚	口	13	
㗛	口	13	
㗜	口	13	
㗝	口	13	
㗞	口	13	
㗟	口	13	
㗠	口	13	
㗡	口	13	
㗢	口	14	
㗣	口	14	
㗤	口	14	
㗥	口	14	
㗦	口	14	
㗧	口	14	
㗨	口	14	
㗩	口	14	
㗪	口	14	
㗫	口	14	
㗬	口	14	
㗭	口	14	
㗮	口	14	
㗯	口	14	
㗰	口	14	
㗱	口	15	
㗲	口	15	
㗳	口	15	
㗴	口	15	
㗵	口	15	
㗶	口	15	
㗷	口	15	
㗸	口	15	
㗹	口	15	
㗺	口	15	
㗻	口	16	
㗼	口	16	
㗽	口	16	
㗾	口	16	
㗿	口	16	
㘀	口	16	
㘁	口	16	
㘂	口	16	
㘃	口	16	
㘄	口	16	
㘅	口	17	
㘆	口	17	
㘇	口	17	
㘈	口	17	
㘉	口	18	
㘊	口	18	
㘋	口	18	
㘌	口	18	
㘍	口	18	
㘎	口	18	
㘏	口	18	
㘐	口	19	
㘑	口	19	
㘒	口	19	
㘓	口	20	
㘔	口	20	
㘕	口	21	
㘖	口	21	
㘗	口	21	
㘘	口	22	
㘙	口	23	
㘚	口	23	
㘛	口	25	
㘜	口	26	
㘝	囗	5	
㘞	力	5	
㘟	囗	6	
㘠	囗	8	
㘡	囗	8	
㘢	囗	9	
㘣	囗	10	
㘤	囗	14	
㘥	囗	20	
㘦	土	5	
㘧	土	7	
㘨	土	7	
㘩	土	7	
㘪	土	7	
㘫	土	7	
㘬	土	7	
㘭	土	7	
㘮	土	7	
㘯	土	7	
㘰	土	7	
㘱	土	8	
㘲	土	8	
㘳	土	8	
㘴	土	8	
㘵	土	8	
㘶	土	9	
㘷	土	9	
㘸	土	9	
㘹	土	9	
㘺	土	9	
㘻	土	9	
㘼	土	9	
㘽	土	9	
㘾	土	9	
㘿	土	10	
㙀	土	10	
㙁	土	10	
㙂	土	10	
㙃	土	10	
㙄	土	10	
㙅	土	10	
㙆	土	10	
㙇	土	11	
㙈	土	11	
㙉	土	11	
㙊	土	11	
㙋	土	11	
㙌	土	11	
㙍	土	11	
㙎	土	12	
㙏	土	12	
㙐	土	12	
㙑	土	12	
㙒	土	12	
㙓	土	12	
㙔	土	12	
㙕	土	12	
㙖	土	12	
㙗	土	12	
㙘	土	12	
㙙	土	13	
㙚	土	13	
㙛	土	13	
㙜	土	13	
㙝	土	13	
㙞	土	13	
㙟	土	13	
㙠	土	14	
㙡	土	14	
㙢	土	14	
㙣	土	14	
㙤	土	14	
㙥	土	14	
㙦	土	14	
㙧	土	15	
㙨	土	15	
㙩	土	15	
㙪	土	15	
㙫	土	15	
㙬	土	15	
㙭	土	15	
㙮	土	15	
㙯	土	15	
㙰	土	16	
㙱	土	16	
㙲	土	16	
㙳	土	16	
㙴	土	16	
㙵	土	16	
㙶	土	16	
㙷	土	17	
㙸	土	17	
㙹	土	17	
㙺	土	17	
㙻	土	18	
㙼	土	18	
㙽	土	18	
㙾	土	19	
㙿	土	19	
㚀	土	20	
㚁	土	24	
㚂	土	25	
㚃	士	12	
㚄	士	15	
㚅	夂	9	
㚆	夊	9	
㚇	夊	9	
㚈	夕	5	
㚉	夕	8	
㚊	夕	12	
㚋	夕	14	
㚌	夕	14	
㚍	夕	18	
㚎	大	5	
㚏	大	6	
㚐	大	6	
㚑	大	6	
㚒	大	7	
㚓	大	7	
㚔	大	8	
㚕	大	8	
㚖	大	8	
㚗	大	8	
㚘	大	8	
㚙	大	8	
㚚	大	9	
㚛	大	9	
㚜	大	11	
㚝	大	11	
㚞	大	11	
㚟	大	12	
㚠	大	13	
㚡	大	16	
㚢	女	5	
㚣	女	6	
㚤	女	6	
㚥	女	6	
㚦	女	6	
㚧	女	6	
㚨	女	6	
㚩	女	7	
㚪	女	7	
㚫	女	7	
㚬	女	7	
㚭	女	7	
㚮	女	7	
㚯	女	7	
㚰	女	8	
㚱	女	8	
㚲	女	8	
㚳	女	8	
㚴	女	8	
㚵	女	8	
㚶	女	8	
㚷	女	8	
㚸	女	8	
㚹	女	8	
㚺	女	8	
㚻	女	8	
㚼	女	8	
㚽	女	8	
㚾	女	8	
㚿	女	8	
㛀	女	8	
㛁	女	8	
㛂	女	9	
㛃	女	9	
㛄	女	9	
㛅	女	9	
㛆	女	9	
㛇	女	9	
㛈	女	9	
㛉	女	9	
㛊	女	9	
㛋	女	9	
㛌	女	9	
㛍	女	10	
㛎	女	10	
㛏	女	10	
㛐	女	10	
㛑	女	10	
㛒	女	10	
㛓	女	10	
㛔	女	10	
㛕	女	10	
㛖	女	10	
㛗	女	10	
㛘	女	10	
㛙	女	10	
㛚	女	10	
㛛	女	10	
㛜	女	10	
㛝	女	10	
㛞	女	10	
㛟	女	10	
㛠	女	7	
㛡	女	10	
㛢	女	10	
㛣	女	10	
㛤	女	10	
㛥	女	11	
㛦	女	11	
㛧	女	11	
㛨	女	11	
㛩	女	11	
㛪	女	11	
㛫	女	11	
㛬	女	11	
㛭	女	11	
㛮	女	12	
㛯	女	12	
㛰	女	12	
㛱	女	12	
㛲	女	12	
㛳	女	12	
㛴	女	12	
㛵	女	12	
㛶	女	12	
㛷	女	12	
㛸	女	12	
㛹	女	12	
㛺	女	12	
㛻	女	12	
㛼	女	12	
㛽	女	12	
㛾	女	12	
㛿	女	12	
㜀	女	12	
㜁	女	12	
㜂	女	12	
㜃	女	12	
㜄	女	12	
㜅	女	13	
㜆	女	13	
㜇	女	13	
㜈	女	13	
㜉	女	13	
㜊	女	13	
㜋	女	13	
㜌	女	13	
㜍	女	13	
㜎	女	13	
㜏	女	13	
㜐	女	13	
㜑	女	13	
㜒	女	13	
㜓	女	13	
㜔	女	13	
㜕	女	14	
㜖	女	14	
㜗	女	14	
㜘	女	14	
㜙	女	14	
㜚	女	14	
㜛	女	14	
㜜	女	14	
㜝	女	14	
㜞	女	14	
㜟	女	14	
㜠	女	14	
㜡	女	14	
㜢	女	14	
㜣	女	15	
㜤	女	15	
㜥	女	15	
㜦	女	15	
㜧	女	15	
㜨	女	15	
㜩	女	16	
㜪	女	16	
㜫	女	16	
㜬	女	16	
㜭	女	16	
㜮	女	17	
㜯	女	17	
㜰	女	18	
㜱	女	18	
㜲	女	19	
㜳	女	19	
㜴	女	19	
㜵	女	19	
㜶	女	20	
㜷	女	20	
㜸	女	20	
㜹	女	21	
㜺	女	22	
㜻	女	26	
㜼	女	26	
㜽	子	6	
㜾	子	7	
㜿	子	7	
㝀	子	8	
㝁	子	9	
㝂	子	10	
㝃	子	10	
㝄	子	12	
㝅	子	13	
㝆	子	15	
㝇	子	16	
㝈	子	25	
㝉	宀	4	
㝊	宀	5	
㝋	宀	5	
㝌	宀	6	
㝍	宀	6	
㝎	宀	7	
㝏	宀	7	
㝐	宀	7	
㝑	宀	7	
㝒	宀	8	
㝓	宀	9	
㝔	宀	9	
㝕	宀	9	
㝖	宀	9	
㝗	宀	10	
㝘	宀	10	
㝙	宀	10	
㝚	宀	10	
㝛	宀	11	
㝜	宀	11	
㝝	宀	11	
㝞	宀	11	
㝟	宀	11	
㝠	宀	11	
㝡	宀	11	
㝢	宀	12	
㝣	宀	12	
㝤	宀	13	
㝥	宀	13	
㝦	宀	13	
㝧	宀	13	
㝨	宀	13	
㝩	宀	14	
㝪	宀	14	
㝫	宀	14	
㝬	宀	14	
㝭	宀	15	
㝮	宀	15	
㝯	宀	15	
㝰	宀	18	
㝱	宀	21	
㝲	宀	26	
㝳	寸	5	
㝴	寸	7	
㝵	寸	8	
㝶	寸	10	
㝷	寸	12	
㝸	小	10	
㝹	小	12	
㝺	小	14	
㝻	小	15	
㝼	尢	6	
㝽	尢	7	
㝾	尢	8	
㝿	尢	8	
㞀	尢	9	
㞁	尢	9	
㞂	尢	10	
㞃	尢	11	
㞄	尢	11	
㞅	尢	11	
㞆	尢	11	
㞇	尢	12	
㞈	尢	12	
㞉	尢	13	
㞊	尢	13	
㞋	尸	5	
㞌	尸	6	
㞍	尸	6	
㞎	尸	7	
㞏	尸	8	
㞐	尸	8	
㞑	尸	8	
㞒	尸	9	
㞓	尸	9	
㞔	尸	9	
㞕	尸	9	
㞖	尸	9	
㞗	尸	10	
㞘	尸	11	
㞙	尸	11	
㞚	尸	12	
㞛	尸	12	
㞜	尸	14	
㞝	尸	14	
㞞	尸	14	
㞟	尸	15	
㞠	尸	15	
㞡	尸	19	
㞢	屮	4	
㞣	屮	7	
㞤	山	5	
㞥	山	5	
㞦	山	5	
㞧	山	5	
㞨	山	6	
㞩	山	6	
㞪	山	6	
㞫	山	6	
㞬	山	6	
㞭	山	6	
㞮	山	6	
㞯	山	6	
㞰	山	7	
㞱	山	7	
㞲	山	7	
㞳	山	7	
㞴	山	7	
㞵	山	7	
㞶	山	7	
㞷	屮	7	
㞸	山	7	
㞹	山	8	
㞺	山	8	
㞻	山	8	
㞼	山	8	
㞽	山	8	
㞾	山	8	
㞿	山	8	
㟀	山	8	
㟁	山	8	
㟂	山	8	
㟃	山	8	
㟄	山	9	
㟅	山	9	
㟆	山	9	
㟇	山	10	
㟈	山	10	
㟉	山	10	
㟊	山	10	
㟋	山	10	
㟌	山	10	
㟍	山	10	
㟎	山	10	
㟏	山	10	
㟐	山	10	
㟑	山	10	
㟒	山	10	
㟓	山	10	
㟔	山	10	
㟕	山	10	
㟖	山	10	
㟗	山	11	
㟘	山	11	
㟙	山	11	
㟚	山	11	
㟛	山	11	
㟜	山	11	
㟝	山	11	
㟞	山	11	
㟟	山	11	
㟠	山	11	
㟡	山	11	
㟢	山	11	
㟣	山	11	
㟤	山	11	
㟥	山	11	
㟦	山	12	
㟧	山	12	
㟨	山	12	
㟩	山	12	
㟪	山	12	
㟫	山	12	
㟬	山	12	
㟭	山	12	
㟮	山	12	
㟯	山	12	
㟰	山	13	
㟱	山	13	
㟲	山	13	
㟳	山	13	
㟴	山	13	
㟵	山	13	
㟶	山	13	
㟷	山	13	
㟸	山	13	
㟹	山	14	
㟺	山	14	
㟻	山	14	
㟼	山	14	
㟽	山	14	
㟾	山	14	
㟿	山	14	
㠀	山	14	
㠁	山	14	
㠂	山	14	
㠃	山	14	
㠄	山	14	
㠅	山	15	
㠆	山	15	
㠇	山	15	
㠈	山	15	
㠉	山	15	
㠊	山	15	
㠋	山	15	
㠌	山	15	
㠍	山	15	
㠎	山	15	
㠏	山	15	
㠐	山	15	
㠑	山	16	
㠒	山	16	
㠓	山	16	
㠔	山	16	
㠕	山	16	
㠖	山	16	
㠗	山	16	
㠘	山	17	
㠙	山	17	
㠚	山	17	
㠛	山	17	
㠜	山	17	
㠝	山	18	
㠞	山	18	
㠟	山	18	
㠠	山	19	
㠡	山	19	
㠢	山	19	
㠣	山	19	
㠤	山	20	
㠥	山	21	
㠦	山	21	
㠧	山	22	
㠨	山	28	
㠩	巛	6	
㠪	工	4	
㠫	工	10	
㠬	工	10	
㠭	工	12	
㠮	工	15	
㠯	己	5	
㠰	己	8	
㠱	己	11	
㠲	巾	5	
㠳	巾	5	
㠴	巾	6	
㠵	巾	6	
㠶	巾	6	
㠷	巾	7	
㠸	巾	7	
㠹	巾	7	
㠺	巾	7	
㠻	巾	7	
㠼	巾	7	
㠽	巾	8	
㠾	巾	8	
㠿	巾	8	
㡀	巾	8	
㡁	巾	9	
㡂	巾	9	
㡃	巾	9	
㡄	巾	9	
㡅	巾	9	
㡆	巾	9	
㡇	巾	10	
㡈	巾	10	
㡉	巾	11	
㡊	巾	11	
㡋	巾	11	
㡌	巾	11	
㡍	巾	11	
㡎	巾	11	
㡏	巾	12	
㡐	巾	12	
㡑	巾	12	
㡒	巾	12	
㡓	巾	12	
㡔	巾	12	
㡕	巾	12	
㡖	巾	12	
㡗	巾	13	
㡘	巾	13	
㡙	巾	13	
㡚	巾	13	
㡛	巾	13	
㡜	巾	14	
㡝	巾	14	
㡞	巾	14	
㡟	巾	14	
㡠	巾	15	
㡡	巾	15	
㡢	巾	16	
㡣	巾	16	
㡤	巾	16	
㡥	巾	17	
㡦	巾	17	
㡧	巾	20	
㡨	巾	20	
㡩	巾	22	
㡪	巾	22	
㡫	幺	12	
㡬	幺	12	
㡭	幺	14	
㡮	幺	16	
㡯	广	6	
㡰	广	6	
㡱	广	6	
㡲	广	7	
㡳	广	7	
㡴	广	8	
㡵	广	8	
㡶	广	8	
㡷	广	8	
㡸	广	8	
㡹	广	8	
㡺	广	8	
㡻	广	8	
㡼	广	9	
㡽	广	9	
㡾	广	9	
㡿	广	9	
㢀	广	9	
㢁	广	9	
㢂	广	9	
㢃	广	10	
㢄	广	10	
㢅	广	10	
㢆	广	10	
㢇	广	10	
㢈	广	11	
㢉	广	11	
㢊	广	11	
㢋	广	11	
㢌	广	11	
㢍	广	12	
㢎	广	12	
㢏	广	12	
㢐	广	12	
㢑	广	13	
㢒	广	14	
㢓	广	14	
㢔	广	14	
㢕	广	14	
㢖	广	15	
㢗	广	15	
㢘	广	15	
㢙	广	16	
㢚	广	16	
㢛	广	16	
㢜	广	16	
㢝	广	19	
㢞	广	20	
㢟	廴	6	
㢠	廴	8	
㢡	廾	14	
㢢	廾	15	
㢣	廾	16	
㢤	弋	7	
㢥	弋	9	
㢦	弋	13	
㢧	弓	4	
㢨	弓	6	
㢩	弓	6	
㢪	弓	6	
㢫	弓	6	
㢬	弓	7	
㢭	弓	7	
㢮	弓	8	
㢯	弓	8	
㢰	弓	8	
㢱	弓	8	
㢲	弓	9	
㢳	弓	9	
㢴	弓	9	
㢵	弓	9	
㢶	弓	9	
㢷	弓	9	
㢸	弓	10	
㢹	弓	10	
㢺	弓	11	
㢻	弓	11	
㢼	弓	11	
㢽	弓	12	
㢾	弓	12	
㢿	弓	12	
㣀	弓	13	
㣁	弓	13	
㣂	弓	13	
㣃	弓	14	
㣄	弓	15	
㣅	弓	15	
㣆	弓	21	
㣇	彐	8	
㣈	彐	16	
㣉	彡	6	
㣊	彡	7	
㣋	彡	8	
㣌	彡	8	
㣍	彡	8	
㣎	彡	11	
㣏	彡	12	
㣐	彡	12	
㣑	彡	14	
㣒	彡	15	
㣓	彡	16	
㣔	彳	5	
㣕	彳	6	
㣖	彳	7	
㣗	彳	7	
㣘	彳	8	
㣙	彳	8	
㣚	彳	9	
㣛	彳	9	
㣜	彳	9	
㣝	彳	9	
㣞	彳	9	
㣟	彳	9	
㣠	彳	9	
㣡	彳	9	
㣢	彳	10	
㣣	彳	10	
㣤	彳	11	
㣥	彳	11	
㣦	彳	11	
㣧	彳	11	
㣨	彳	11	
㣩	彳	11	
㣪	彳	12	
㣫	彳	12	
㣬	彳	12	
㣭	彳	12	
㣮	彳	12	
㣯	彳	13	
㣰	彳	14	
㣱	彳	14	
㣲	彳	14	
㣳	彳	15	
㣴	彳	15	
㣵	彳	16	
㣶	彳	16	
㣷	彳	17	
㣸	彳	19	
㣹	彳	20	
㣺	心	5	
㣻	心	6	
㣼	心	6	
㣽	心	7	
㣾	心	6	
㣿	心	6	
㤀	心	7	
㤁	心	8	
㤂	心	8	
㤃	心	7	
㤄	心	7	
㤅	心	8	
㤆	心	7	
㤇	心	7	
㤈	心	7	
㤉	心	7	
㤊	心	7	
㤋	心	7	
㤌	心	8	
㤍	心	9	
㤎	心	9	
㤏	心	8	
㤐	心	8	
㤑	心	8	
㤒	心	8	
㤓	心	8	
㤔	心	8	
㤕	心	8	
㤖	心	8	
㤗	心	9	
㤘	心	8	
㤙	心	9	
㤚	心	9	
㤛	心	9	
㤜	心	9	
㤝	心	9	
㤞	心	9	
㤟	心	10	
㤠	心	10	
㤡	心	9	
㤢	心	9	
㤣	心	10	
㤤	心	9	
㤥	心	9	
㤦	心	9	
㤧	心	9	
㤨	心	9	
㤩	心	10	
㤪	心	10	
㤫	心	10	
㤬	心	9	
㤭	心	9	
㤮	心	11	
㤯	心	10	
㤰	心	11	
㤱	心	10	
㤲	心	11	
㤳	心	10	
㤴	心	10	
㤵	心	11	
㤶	心	10	
㤷	心	10	
㤸	心	10	
㤹	心	10	
㤺	心	9	
㤻	心	11	
㤼	心	10	
㤽	心	10	
㤾	心	11	
㤿	心	11	
㥀	心	11	
㥁	心	12	
㥂	心	11	
㥃	心	11	
㥄	心	11	
㥅	心	11	
㥆	心	11	
㥇	心	11	
㥈	心	12	
㥉	心	11	
㥊	心	11	
㥋	心	12	
㥌	心	11	
㥍	心	11	
㥎	心	12	
㥏	心	11	
㥐	心	12	
㥑	心	12	
㥒	心	11	
㥓	心	11	
㥔	心	11	
㥕	心	12	
㥖	心	12	
㥗	心	11	
㥘	心	11	
㥙	心	11	
㥚	心	12	
㥛	心	12	
㥜	心	12	
㥝	心	12	
㥞	心	12	
㥟	心	12	
㥠	心	12	
㥡	心	12	
㥢	心	12	
㥣	心	13	
㥤	心	13	
㥥	心	12	
㥦	心	13	
㥧	心	12	
㥨	心	13	
㥩	心	12	
㥪	心	12	
㥫	心	12	
㥬	心	13	
㥭	心	13	
㥮	心	13	
㥯	心	14	
㥰	心	13	
㥱	心	13	
㥲	心	14	
㥳	心	13	
㥴	心	13	
㥵	心	13	
㥶	心	14	
㥷	心	14	
㥸	心	14	
㥹	心	14	
㥺	心	13	
㥻	心	14	
㥼	心	14	
㥽	心	14	
㥾	心	14	
㥿	心	15	
㦀	心	14	
㦁	心	15	
㦂	心	15	
㦃	心	14	
㦄	心	15	
㦅	心	14	
㦆	心	14	
㦇	心	14	
㦈	心	14	
㦉	心	15	
㦊	心	15	
㦋	心	15	
㦌	心	16	
㦍	心	15	
㦎	心	15	
㦏	心	15	
㦐	心	15	
㦑	心	15	
㦒	心	15	
㦓	心	15	
㦔	心	16	
㦕	心	15	
㦖	心	15	
㦗	心	16	
㦘	心	17	
㦙	心	16	
㦚	心	18	
㦛	心	18	
㦜	心	17	
㦝	心	18	
㦞	心	18	
㦟	心	18	
㦠	心	17	
㦡	心	18	
㦢	心	18	
㦣	心	20	
㦤	心	20	
㦥	心	19	
㦦	心	19	
㦧	心	19	
㦨	心	20	
㦩	心	20	
㦪	心	20	
㦫	心	22	
㦬	心	22	
㦭	心	27	
㦮	戈	7	
㦯	戈	7	
㦰	戈	8	
㦱	戈	8	
㦲	戈	8	
㦳	戈	9	
㦴	戈	10	
㦵	戈	10	
㦶	戈	10	
㦷	戈	11	
㦸	戈	12	
㦹	戈	13	
㦺	戈	14	
㦻	戈	15	
㦼	戈	15	
㦽	戈	17	
㦾	戶	7	
㦿	戶	8	
㧀	戶	8	
㧁	戶	9	
㧂	戶	9	
㧃	手	5	
㧄	手	5	
㧅	手	5	
㧆	手	6	
㧇	手	6	
㧈	手	6	
㧉	手	7	
㧊	手	7	
㧋	手	7	
㧌	手	7	
㧍	手	7	
㧎	手	7	
㧏	手	7	
㧐	手	7	
㧑	手	7	
㧒	手	8	
㧓	手	8	
㧔	手	8	
㧕	手	8	
㧖	手	8	
㧗	手	8	
㧘	手	9	
㧙	手	8	
㧚	手	8	
㧛	手	8	
㧜	手	8	
㧝	手	8	
㧞	手	8	
㧟	手	8	
㧠	手	8	
㧡	手	9	
㧢	手	9	
㧣	手	9	
㧤	手	9	
㧥	手	9	
㧦	手	9	
㧧	手	9	
㧨	手	9	
㧩	手	9	
㧪	手	9	
㧫	手	9	
㧬	手	10	
㧭	手	10	
㧮	手	9	
㧯	手	9	
㧰	手	9	
㧱	手	10	
㧲	手	10	
㧳	手	11	
㧴	手	10	
㧵	手	10	
㧶	手	10	
㧷	手	10	
㧸	手	10	
㧹	手	11	
㧺	手	11	
㧻	手	11	
㧼	手	11	
㧽	手	11	
㧾	手	11	
㧿	手	11	
㨀	手	11	
㨁	手	11	
㨂	手	11	
㨃	手	11	
㨄	手	11	
㨅	手	11	
㨆	手	11	
㨇	手	12	
㨈	手	11	
㨉	手	12	
㨊	手	12	
㨋	手	12	
㨌	手	13	
㨍	手	13	
㨎	手	12	
㨏	手	12	
㨐	手	12	
㨑	手	12	
㨒	手	12	
㨓	手	12	
㨔	手	12	
㨕	手	12	
㨖	手	12	
㨗	手	12	
㨘	手	12	
㨙	手	13	
㨚	手	13	
㨛	手	13	
㨜	手	13	
㨝	手	13	
㨞	手	13	
㨟	手	13	
㨠	手	13	
㨡	手	13	
㨢	手	13	
㨣	手	13	
㨤	手	13	
㨥	手	13	
㨦	手	13	
㨧	手	13	
㨨	手	13	
㨩	手	13	
㨪	手	13	
㨫	手	13	
㨬	手	13	
㨭	手	14	
㨮	手	14	
㨯	手	14	
㨰	手	14	
㨱	手	14	
㨲	手	14	
㨳	手	14	
㨴	手	14	
㨵	手	14	
㨶	手	14	
㨷	手	14	
㨸	手	14	
㨹	手	14	
㨺	手	14	
㨻	手	15	
㨼	手	15	
㨽	手	14	
㨾	手	14	
㨿	手	14	
㩀	手	14	
㩁	手	14	
㩂	手	14	
㩃	手	15	
㩄	手	15	
㩅	手	15	
㩆	手	15	
㩇	手	15	
㩈	手	15	
㩉	手	15	
㩊	手	15	
㩋	手	15	
㩌	手	15	
㩍	手	15	
㩎	手	15	
㩏	手	15	
㩐	手	15	
㩑	手	15	
㩒	手	16	
㩓	手	17	
㩔	手	16	
㩕	手	16	
㩖	手	16	
㩗	手	16	
㩘	手	16	
㩙	手	16	
㩚	手	17	
㩛	手	17	
㩜	手	17	
㩝	手	17	
㩞	手	17	
㩟	手	17	
㩠	手	18	
㩡	手	18	
㩢	手	18	
㩣	手	18	
㩤	手	18	
㩥	手	18	
㩦	手	18	
㩧	手	18	
㩨	手	18	
㩩	手	18	
㩪	手	18	
㩫	手	18	
㩬	手	19	
㩭	手	19	
㩮	手	20	
㩯	手	20	
㩰	手	20	
㩱	手	21	
㩲	手	21	
㩳	手	21	
㩴	手	21	
㩵	手	23	
㩶	手	23	
㩷	手	23	
㩸	手	25	
㩹	手	25	
㩺	支	8	
㩻	支	10	
㩼	支	10	
㩽	支	11	
㩾	支	12	
㩿	攴	7	
㪀	攴	7	
㪁	攴	8	
㪂	攴	8	
㪃	攴	9	
㪄	攴	9	
㪅	攴	9	
㪆	攴	9	
㪇	攴	10	
㪈	攴	10	
㪉	攴	10	
㪊	攴	11	
㪋	攴	11	
㪌	攴	11	
㪍	攴	11	
㪎	攴	11	
㪏	攴	12	
㪐	攴	12	
㪑	攴	12	
㪒	攴	12	
㪓	攴	12	
㪔	攴	12	
㪕	攴	12	
㪖	攴	12	
㪗	攴	12	
㪘	攴	12	
㪙	攴	12	
㪚	攴	12	
㪛	攴	13	
㪜	攴	13	
㪝	攴	13	
㪞	攴	13	
㪟	攴	13	
㪠	攴	14	
㪡	攴	14	
㪢	攴	14	
㪣	攴	14	
㪤	攴	15	
㪥	攴	15	
㪦	攴	15	
㪧	攴	16	
㪨	攴	16	
㪩	攴	16	
㪪	攴	16	
㪫	攴	18	
㪬	攴	18	
㪭	攴	20	
㪮	攴	21	
㪯	文	7	
㪰	文	10	
㪱	文	13	
㪲	斗	6	
㪳	斗	5	
㪴	斗	8	
㪵	斗	9	
㪶	斗	10	
㪷	斗	11	
㪸	斗	12	
㪹	斗	15	
㪺	斗	17	
㪻	斗	23	
㪼	斤	9	
㪽	斤	9	
㪾	斤	10	
㪿	斤	10	
㫀	斤	12	
㫁	斤	14	
㫂	斤	15	
㫃	方	6	
㫄	方	8	
㫅	方	10	
㫆	方	9	
㫇	方	10	
㫈	方	9	
㫉	方	10	
㫊	方	11	
㫋	方	11	
㫌	方	11	
㫍	方	12	
㫎	方	15	
㫏	方	15	
㫐	日	6	
㫑	日	6	
㫒	日	7	
㫓	日	7	
㫔	日	7	
㫕	日	7	
㫖	日	7	
㫗	日	7	
㫘	日	8	
㫙	日	8	
㫚	日	8	
㫛	日	9	
㫜	日	9	
㫝	日	9	
㫞	日	9	
㫟	日	9	
㫠	日	9	
㫡	日	9	
㫢	日	9	
㫣	日	9	
㫤	日	9	
㫥	日	10	
㫦	日	10	
㫧	日	10	
㫨	日	10	
㫩	日	10	
㫪	日	10	
㫫	日	10	
㫬	日	10	
㫭	日	10	
㫮	日	10	
㫯	日	11	
㫰	日	11	
㫱	日	11	
㫲	日	11	
㫳	日	11	
㫴	日	11	
㫵	日	12	
㫶	日	12	
㫷	日	12	
㫸	日	12	
㫹	日	12	
㫺	日	12	
㫻	日	12	
㫼	日	12	
㫽	日	12	
㫾	日	12	
㫿	日	12	
㬀	日	12	
㬁	日	13	
㬂	日	13	
㬃	日	13	
㬄	日	13	
㬅	日	13	
㬆	日	13	
㬇	日	13	
㬈	日	13	
㬉	日	13	
㬊	日	13	
㬋	日	13	
㬌	日	13	
㬍	日	14	
㬎	日	14	
㬏	日	14	
㬐	日	14	
㬑	日	15	
㬒	日	15	
㬓	日	15	
㬔	日	15	
㬕	日	15	
㬖	日	15	
㬗	日	16	
㬘	日	16	
㬙	日	16	
㬚	日	16	
㬛	日	16	
㬜	日	16	
㬝	日	16	
㬞	日	16	
㬟	日	16	
㬠	日	17	
㬡	日	17	
㬢	日	17	
㬣	日	18	
㬤	日	18	
㬥	日	18	
㬦	日	18	
㬧	日	18	
㬨	日	18	
㬩	日	19	
㬪	日	19	
㬫	日	20	
㬬	日	22	
㬭	日	22	
㬮	日	23	
㬯	日	25	
㬰	曰	6	
㬱	曰	16	
㬲	曰	17	
㬳	月	8	
㬴	月	10	
㬵	月	10	
㬶	月	11	
㬷	月	11	
㬸	月	12	
㬹	肉	12	
㬺	月	13	
㬻	月	14	
㬼	月	15	
㬽	月	15	
㬾	月	15	
㬿	月	16	
㭀	月	17	
㭁	木	6	
㭂	木	7	
㭃	木	7	
㭄	木	7	
㭅	木	7	
㭆	木	7	
㭇	木	8	
㭈	木	8	
㭉	木	8	
㭊	木	8	
㭋	木	8	
㭌	木	8	
㭍	木	8	
㭎	木	8	
㭏	木	8	
㭐	木	8	
㭑	木	9	
㭒	木	9	
㭓	木	9	
㭔	木	9	
㭕	木	9	
㭖	木	9	
㭗	木	9	
㭘	木	10	
㭙	木	10	
㭚	木	10	
㭛	木	10	
㭜	木	10	
㭝	木	10	
㭞	木	10	
㭟	木	10	
㭠	木	10	
㭡	木	10	
㭢	木	10	
㭣	木	10	
㭤	木	10	
㭥	木	10	
㭦	木	10	
㭧	木	10	
㭨	木	11	
㭩	木	11	
㭪	木	11	
㭫	木	11	
㭬	木	11	
㭭	木	11	
㭮	木	11	
㭯	木	11	
㭰	木	11	
㭱	木	11	
㭲	木	11	
㭳	木	11	
㭴	木	11	
㭵	木	11	
㭶	木	12	
㭷	木	11	
㭸	木	12	
㭹	木	12	
㭺	木	12	
㭻	木	12	
㭼	木	12	
㭽	木	12	
㭾	木	12	
㭿	木	12	
㮀	木	12	
㮁	木	12	
㮂	木	12	
㮃	木	12	
㮄	木	12	
㮅	木	12	
㮆	木	12	
㮇	木	12	
㮈	木	12	
㮉	木	12	
㮊	木	12	
㮋	木	13	
㮌	木	13	
㮍	木	13	
㮎	木	13	
㮏	木	13	
㮐	木	13	
㮑	木	13	
㮒	木	13	
㮓	木	13	
㮔	木	13	
㮕	木	13	
㮖	木	13	
㮗	木	13	
㮘	木	13	
㮙	木	13	
㮚	木	13	
㮛	木	13	
㮜	木	13	
㮝	木	13	
㮞	木	13	
㮟	木	13	
㮠	木	13	
㮡	火	13	
㮢	木	13	
㮣	木	13	
㮤	木	14	
㮥	木	14	
㮦	木	14	
㮧	木	14	
㮨	木	14	
㮩	木	14	
㮪	木	14	
㮫	木	14	
㮬	木	14	
㮭	木	14	
㮮	木	14	
㮯	木	14	
㮰	木	14	
㮱	木	14	
㮲	木	14	
㮳	木	14	
㮴	木	14	
㮵	木	14	
㮶	木	14	
㮷	木	14	
㮸	木	14	
㮹	木	14	
㮺	木	14	
㮻	木	14	
㮼	木	14	
㮽	木	14	
㮾	木	15	
㮿	木	15	
㯀	木	15	
㯁	木	15	
㯂	木	15	
㯃	木	15	
㯄	木	15	
㯅	木	15	
㯆	木	15	
㯇	木	15	
㯈	木	15	
㯉	木	15	
㯊	木	15	
㯋	木	15	
㯌	木	15	
㯍	木	15	
㯎	木	15	
㯏	木	15	
㯐	木	16	
㯑	木	15	
㯒	木	15	
㯓	木	16	
㯔	木	16	
㯕	木	16	
㯖	木	16	
㯗	木	16	
㯘	木	16	
㯙	木	16	
㯚	木	16	
㯛	木	16	
㯜	木	16	
㯝	木	16	
㯞	木	16	
㯟	木	16	
㯠	木	15	
㯡	木	16	
㯢	木	16	
㯣	木	16	
㯤	木	16	
㯥	木	16	
㯦	木	16	
㯧	木	16	
㯨	木	16	
㯩	木	16	
㯪	木	17	
㯫	木	17	
㯬	木	17	
㯭	木	17	
㯮	木	17	
㯯	木	17	
㯰	木	17	
㯱	木	17	
㯲	木	17	
㯳	木	17	
㯴	木	17	
㯵	木	17	
㯶	木	17	
㯷	木	18	
㯸	木	18	
㯹	木	18	
㯺	木	18	
㯻	木	18	
㯼	木	18	
㯽	木	18	
㯾	木	19	
㯿	木	19	
㰀	木	19	
㰁	木	19	
㰂	木	19	
㰃	木	19	
㰄	木	19	
㰅	木	19	
㰆	木	19	
㰇	木	19	
㰈	木	19	
㰉	木	20	
㰊	木	20	
㰋	木	20	
㰌	木	20	
㰍	木	20	
㰎	木	20	
㰏	木	20	
㰐	木	20	
㰑	木	20	
㰒	木	20	
㰓	木	20	
㰔	木	21	
㰕	木	21	
㰖	木	20	
㰗	木	22	
㰘	木	22	
㰙	木	23	
㰚	木	23	
㰛	木	23	
㰜	木	23	
㰝	欠	7	
㰞	欠	7	
㰟	欠	8	
㰠	欠	8	
㰡	欠	8	
㰢	欠	8	
㰣	欠	9	
㰤	欠	9	
㰥	欠	9	
㰦	欠	9	
㰧	欠	9	
㰨	欠	9	
㰩	欠	10	
㰪	欠	10	
㰫	欠	10	
㰬	欠	10	
㰭	欠	10	
㰮	欠	11	
㰯	欠	11	
㰰	欠	11	
㰱	欠	11	
㰲	欠	12	
㰳	欠	12	
㰴	欠	12	
㰵	欠	12	
㰶	欠	12	
㰷	歹	10	
㰸	欠	12	
㰹	欠	13	
㰺	欠	13	
㰻	欠	13	
㰼	欠	13	
㰽	欠	13	
㰾	欠	13	
㰿	欠	14	
㱀	欠	14	
㱁	欠	14	
㱂	欠	15	
㱃	欠	15	
㱄	欠	16	
㱅	欠	16	
㱆	欠	17	
㱇	欠	17	
㱈	欠	17	
㱉	欠	17	
㱊	欠	19	
㱋	欠	20	
㱌	欠	22	
㱍	欠	23	
㱎	欠	25	
㱏	止	6	
㱐	止	7	
㱑	止	7	
㱒	止	9	
㱓	止	9	
㱔	止	9	
㱕	止	12	
㱖	止	12	
㱗	止	14	
㱘	止	18	
㱙	歹	6	
㱚	歹	8	
㱛	歹	8	
㱜	歹	8	
㱝	歹	8	
㱞	歹	9	
㱟	歹	9	
㱠	歹	9	
㱡	歹	10	
㱢	歹	11	
㱣	歹	11	
㱤	歹	12	
㱥	歹	12	
㱦	歹	12	
㱧	歹	12	
㱨	歹	12	
㱩	歹	12	
㱪	歹	13	
㱫	歹	13	
㱬	歹	13	
㱭	歹	13	
㱮	歹	13	
㱯	歹	14	
㱰	歹	14	
㱱	歹	14	
㱲	歹	14	
㱳	歹	15	
㱴	歹	15	
㱵	歹	16	
㱶	歹	16	
㱷	歹	16	
㱸	歹	17	
㱹	歹	20	
㱺	歹	20	
㱻	歹	23	
㱼	殳	7	
㱽	殳	8	
㱾	殳	10	
㱿	殳	10	
㲀	殳	11	
㲁	殳	12	
㲂	殳	12	
㲃	殳	12	
㲄	殳	13	
㲅	殳	14	
㲆	殳	16	
㲇	殳	16	
㲈	殳	16	
㲉	殳	17	
㲊	殳	18	
㲋	比	9	
㲌	毛	6	
㲍	毛	8	
㲎	毛	8	
㲏	毛	8	
㲐	毛	8	
㲑	毛	8	
㲒	毛	9	
㲓	毛	10	
㲔	毛	11	
㲕	毛	11	
㲖	毛	11	
㲗	毛	11	
㲘	毛	11	
㲙	毛	11	
㲚	毛	11	
㲛	毛	12	
㲜	毛	12	
㲝	毛	12	
㲞	毛	12	
㲟	毛	13	
㲠	毛	13	
㲡	毛	13	
㲢	毛	13	
㲣	毛	13	
㲤	毛	14	
㲥	毛	14	
㲦	毛	14	
㲧	毛	14	
㲨	毛	14	
㲩	毛	14	
㲪	毛	16	
㲫	毛	16	
㲬	毛	16	
㲭	毛	16	
㲮	毛	16	
㲯	毛	18	
㲰	毛	18	
㲱	毛	19	
㲲	毛	26	
㲳	氏	10	
㲴	气	8	
㲵	气	11	
㲶	气	15	
㲷	气	16	
㲸	水	4	
㲹	水	5	
㲺	水	5	
㲻	水	6	
㲼	水	5	
㲽	水	6	
㲾	水	7	
㲿	水	6	
㳀	水	7	
㳁	水	7	
㳂	水	7	
㳃	水	7	
㳄	水	7	
㳅	水	7	
㳆	水	7	
㳇	水	7	
㳈	水	7	
㳉	水	7	
㳊	水	7	
㳋	水	8	
㳌	水	8	
㳍	水	8	
㳎	水	8	
㳏	水	8	
㳐	水	8	
㳑	水	8	
㳒	水	8	
㳓	水	8	
㳔	水	8	
㳕	水	8	
㳖	水	9	
㳗	水	9	
㳘	水	9	
㳙	水	9	
㳚	水	9	
㳛	水	9	
㳜	水	9	
㳝	水	9	
㳞	水	9	
㳟	水	11	
㳠	水	9	
㳡	水	9	
㳢	水	9	
㳣	水	9	
㳤	水	10	
㳥	水	10	
㳦	水	10	
㳧	水	10	
㳨	水	10	
㳩	水	10	
㳪	水	10	
㳫	水	11	
㳬	水	10	
㳭	水	10	
㳮	水	10	
㳯	水	10	
㳰	水	10	
㳱	水	10	
㳲	水	10	
㳳	水	10	
㳴	水	11	
㳵	水	11	
㳶	水	11	
㳷	水	11	
㳸	水	11	
㳹	水	11	
㳺	水	11	
㳻	水	11	
㳼	水	12	
㳽	水	11	
㳾	水	11	
㳿	水	11	
㴀	水	11	
㴁	水	11	
㴂	水	11	
㴃	水	11	
㴄	水	11	
㴅	水	12	
㴆	水	11	
㴇	水	12	
㴈	水	11	
㴉	水	11	
㴊	水	11	
㴋	水	11	
㴌	水	11	
㴍	水	11	
㴎	水	11	
㴏	水	12	
㴐	水	12	
㴑	水	12	
㴒	水	12	
㴓	水	12	
㴔	水	12	
㴕	水	12	
㴖	水	12	
㴗	水	12	
㴘	水	12	
㴙	水	12	
㴚	水	12	
㴛	水	12	
㴜	水	12	
㴝	水	12	
㴞	水	12	
㴟	水	12	
㴠	水	12	
㴡	水	12	
㴢	水	12	
㴣	水	12	
㴤	水	12	
㴥	水	13	
㴦	水	13	
㴧	水	13	
㴨	水	13	
㴩	水	13	
㴪	水	13	
㴫	水	13	
㴬	水	13	
㴭	水	13	
㴮	水	13	
㴯	水	13	
㴰	水	13	
㴱	水	13	
㴲	水	13	
㴳	水	13	
㴴	水	13	
㴵	水	13	
㴶	水	13	
㴷	水	13	
㴸	水	13	
㴹	水	13	
㴺	水	13	
㴻	水	13	
㴼	水	14	
㴽	水	14	
㴾	水	14	
㴿	水	14	
㵀	水	14	
㵁	水	14	
㵂	水	14	
㵃	水	14	
㵄	水	14	
㵅	水	14	
㵆	水	14	
㵇	水	14	
㵈	水	14	
㵉	水	14	
㵊	水	15	
㵋	水	15	
㵌	水	15	
㵍	水	15	
㵎	水	15	
㵏	水	15	
㵐	水	15	
㵑	水	15	
㵒	水	15	
㵓	水	15	
㵔	水	15	
㵕	水	15	
㵖	水	15	
㵗	水	15	
㵘	水	16	
㵙	水	15	
㵚	水	15	
㵛	水	15	
㵜	水	15	
㵝	水	16	
㵞	水	16	
㵟	水	16	
㵠	水	16	
㵡	水	16	
㵢	水	16	
㵣	水	16	
㵤	水	16	
㵥	水	16	
㵦	水	16	
㵧	水	16	
㵨	水	17	
㵩	水	16	
㵪	水	16	
㵫	水	16	
㵬	水	16	
㵭	水	16	
㵮	水	16	
㵯	水	17	
㵰	水	17	
㵱	水	17	
㵲	水	17	
㵳	水	17	
㵴	水	17	
㵵	水	17	
㵶	水	17	
㵷	水	17	
㵸	水	17	
㵹	水	17	
㵺	水	17	
㵻	水	17	
㵼	水	17	
㵽	水	18	
㵾	水	18	
㵿	水	18	
㶀	水	18	
㶁	水	18	
㶂	水	18	
㶃	水	18	
㶄	水	19	
㶅	水	19	
㶆	水	19	
㶇	水	19	
㶈	水	19	
㶉	水	19	
㶊	水	19	
㶋	水	19	
㶌	水	20	
㶍	水	20	
㶎	水	20	
㶏	水	20	
㶐	水	20	
㶑	水	20	
㶒	水	21	
㶓	水	21	
㶔	水	21	
㶕	水	21	
㶖	水	21	
㶗	水	22	
㶘	水	21	
㶙	水	22	
㶚	水	22	
㶛	水	23	
㶜	水	23	
㶝	水	23	
㶞	水	24	
㶟	水	24	
㶠	水	26	
㶡	火	6	
㶢	火	6	
㶣	火	7	
㶤	火	7	
㶥	火	7	
㶦	火	8	
㶧	火	8	
㶨	火	8	
㶩	火	8	
㶪	火	8	
㶫	火	9	
㶬	火	9	
㶭	火	9	
㶮	火	9	
㶯	火	9	
㶰	火	9	
㶱	火	9	
㶲	火	9	
㶳	火	10	
㶴	火	10	
㶵	火	10	
㶶	火	10	
㶷	火	10	
㶸	火	10	
㶹	火	11	
㶺	火	11	
㶻	火	11	
㶼	火	11	
㶽	火	11	
㶾	火	11	
㶿	火	11	
㷀	火	11	
㷁	火	11	
㷂	火	12	
㷃	火	12	
㷄	火	12	
㷅	火	12	
㷆	火	12	
㷇	火	12	
㷈	火	12	
㷉	火	12	
㷊	火	12	
㷋	火	12	
㷌	火	12	
㷍	火	12	
㷎	火	13	
㷏	火	13	
㷐	火	13	
㷑	火	13	
㷒	火	13	
㷓	火	13	
㷔	火	13	
㷕	火	13	
㷖	火	13	
㷗	火	13	
㷘	火	13	
㷙	火	13	
㷚	火	13	
㷛	火	13	
㷜	火	13	
㷝	火	13	
㷞	火	13	
㷟	火	14	
㷠	火	14	
㷡	火	14	
㷢	火	14	
㷣	火	14	
㷤	火	14	
㷥	火	14	
㷦	火	14	
㷧	火	14	
㷨	火	14	
㷩	火	14	
㷪	火	14	
㷫	火	15	
㷬	火	15	
㷭	火	15	
㷮	火	15	
㷯	火	15	
㷰	火	15	
㷱	火	15	
㷲	火	15	
㷳	火	16	
㷴	火	16	
㷵	火	16	
㷶	火	16	
㷷	火	16	
㷸	火	16	
㷹	火	16	
㷺	火	16	
㷻	火	16	
㷼	火	16	
㷽	火	16	
㷾	火	17	
㷿	火	17	
㸀	火	17	
㸁	火	17	
㸂	火	17	
㸃	火	17	
㸄	火	18	
㸅	火	18	
㸆	火	19	
㸇	火	19	
㸈	火	20	
㸉	火	19	
㸊	火	20	
㸋	火	20	
㸌	火	20	
㸍	火	21	
㸎	火	22	
㸏	火	23	
㸐	火	23	
㸑	火	26	
㸒	爪	8	
㸓	爪	8	
㸔	爪	11	
㸕	爪	14	
㸖	父	9	
㸗	父	10	
㸘	父	11	
㸙	父	13	
㸚	爻	8	
㸛	爿	9	
㸜	爿	12	
㸝	片	8	
㸞	片	8	
㸟	片	10	
㸠	片	10	
㸡	片	10	
㸢	片	14	
㸣	片	17	
㸤	片	18	
㸥	片	21	
㸦	牙	4	
㸧	牙	10	
㸨	牛	6	
㸩	牛	7	
㸪	牛	7	
㸫	牛	8	
㸬	牛	8	
㸭	牛	8	
㸮	牛	8	
㸯	牛	8	
㸰	牛	9	
㸱	牛	9	
㸲	牛	9	
㸳	牛	9	
㸴	牛	9	
㸵	牛	10	
㸶	牛	10	
㸷	牛	10	
㸸	牛	10	
㸹	牛	11	
㸺	牛	11	
㸻	牛	11	
㸼	牛	11	
㸽	牛	11	
㸾	牛	11	
㸿	牛	11	
㹀	牛	11	
㹁	牛	12	
㹂	牛	12	
㹃	牛	12	
㹄	牛	14	
㹅	牛	13	
㹆	牛	13	
㹇	牛	13	
㹈	牛	13	
㹉	牛	14	
㹊	牛	14	
㹋	牛	14	
㹌	牛	15	
㹍	牛	15	
㹎	牛	15	
㹏	牛	15	
㹐	牛	15	
㹑	牛	16	
㹒	牛	16	
㹓	牛	16	
㹔	牛	17	
㹕	牛	17	
㹖	牛	17	
㹗	牛	18	
㹘	牛	18	
㹙	牛	19	
㹚	牛	21	
㹛	牛	22	
㹜	犬	8	
㹝	犬	7	
㹞	犬	7	
㹟	犬	7	
㹠	犬	7	
㹡	犬	8	
㹢	犬	8	
㹣	犬	8	
㹤	犬	8	
㹥	犬	8	
㹦	犬	8	
㹧	犬	8	
㹨	犬	8	
㹩	犬	8	
㹪	犬	8	
㹫	犬	9	
㹬	犬	9	
㹭	犬	9	
㹮	犬	9	
㹯	犬	9	
㹰	犬	9	
㹱	犬	10	
㹲	犬	10	
㹳	犬	10	
㹴	犬	10	
㹵	犬	10	
㹶	犬	10	
㹷	犬	10	
㹸	犬	10	
㹹	犬	11	
㹺	犬	11	
㹻	犬	11	
㹼	犬	11	
㹽	犬	11	
㹾	犬	11	
㹿	犬	11	
㺀	犬	11	
㺁	犬	12	
㺂	犬	12	
㺃	犬	12	
㺄	犬	12	
㺅	犬	12	
㺆	犬	12	
㺇	犬	13	
㺈	犬	13	
㺉	犬	13	
㺊	犬	13	
㺋	犬	13	
㺌	犬	13	
㺍	犬	13	
㺎	犬	14	
㺏	犬	14	
㺐	犬	14	
㺑	犬	14	
㺒	犬	14	
㺓	犬	14	
㺔	犬	15	
㺕	犬	15	
㺖	犬	15	
㺗	犬	15	
㺘	犬	15	
㺙	犬	15	
㺚	犬	16	
㺛	犬	16	
㺜	犬	16	
㺝	犬	17	
㺞	犬	17	
㺟	犬	17	
㺠	犬	18	
㺡	犬	19	
㺢	犬	19	
㺣	犬	20	
㺤	犬	20	
㺥	犬	20	
㺦	犬	20	
㺧	犬	24	
㺨	玉	6	
㺩	玉	6	
㺪	玉	6	
㺫	玉	6	
㺬	玉	7	
㺭	玉	7	
㺮	玉	7	
㺯	玉	7	
㺰	玉	8	
㺱	玉	9	
㺲	玉	8	
㺳	玉	8	
㺴	玉	8	
㺵	玉	8	
㺶	玉	8	
㺷	玉	9	
㺸	玉	10	
㺹	玉	9	
㺺	玉	9	
㺻	玉	9	
㺼	玉	9	
㺽	玉	9	
㺾	玉	9	
㺿	玉	10	
㻀	玉	10	
㻁	玉	10	
㻂	玉	10	
㻃	玉	10	
㻄	玉	10	
㻅	玉	10	
㻆	玉	10	
㻇	玉	10	
㻈	玉	10	
㻉	玉	11	
㻊	玉	11	
㻋	玉	11	
㻌	玉	11	
㻍	玉	11	
㻎	玉	11	
㻏	玉	11	
㻐	玉	11	
㻑	玉	12	
㻒	玉	12	
㻓	玉	12	
㻔	玉	12	
㻕	玉	12	
㻖	玉	12	
㻗	玉	13	
㻘	玉	12	
㻙	玉	12	
㻚	玉	12	
㻛	玉	12	
㻜	玉	12	
㻝	玉	13	
㻞	玉	13	
㻟	玉	13	
㻠	玉	13	
㻡	玉	13	
㻢	玉	13	
㻣	玉	13	
㻤	玉	13	
㻥	玉	13	
㻦	玉	13	
㻧	玉	14	
㻨	玉	14	
㻩	玉	14	
㻪	玉	14	
㻫	玉	15	
㻬	玉	15	
㻭	玉	15	
㻮	玉	15	
㻯	玉	15	
㻰	玉	15	
㻱	玉	15	
㻲	玉	15	
㻳	玉	15	
㻴	玉	15	
㻵	玉	16	
㻶	玉	16	
㻷	玉	16	
㻸	玉	16	
㻹	玉	17	
㻺	玉	17	
㻻	玉	16	
㻼	玉	16	
㻽	玉	17	
㻾	玉	18	
㻿	玉	17	
㼀	玉	17	
㼁	玉	17	
㼂	玉	18	
㼃	玉	19	
㼄	玉	19	
㼅	玉	19	
㼆	玉	19	
㼇	玉	20	
㼈	玉	23	
㼉	瓜	9	
㼊	瓜	9	
㼋	瓜	10	
㼌	瓜	10	
㼍	瓜	11	
㼎	瓜	11	
㼏	瓜	12	
㼐	瓜	14	
㼑	瓜	14	
㼒	瓜	14	
㼓	瓜	15	
㼔	瓜	15	
㼕	瓜	18	
㼖	瓜	26	
㼗	瓦	7	
㼘	瓦	8	
㼙	瓦	8	
㼚	瓦	9	
㼛	瓦	9	
㼜	瓦	10	
㼝	瓦	10	
㼞	瓦	10	
㼟	瓦	10	
㼠	瓦	10	
㼡	瓦	11	
㼢	瓦	11	
㼣	瓦	11	
㼤	瓦	11	
㼥	瓦	11	
㼦	瓦	11	
㼧	瓦	12	
㼨	瓦	12	
㼩	瓦	12	
㼪	瓦	12	
㼫	瓦	13	
㼬	瓦	13	
㼭	瓦	13	
㼮	瓦	13	
㼯	瓦	13	
㼰	瓦	13	
㼱	瓦	13	
㼲	瓦	14	
㼳	瓦	14	
㼴	瓦	14	
㼵	瓦	14	
㼶	瓦	14	
㼷	瓦	14	
㼸	瓦	15	
㼹	瓦	15	
㼺	瓦	15	
㼻	瓦	16	
㼼	瓦	16	
㼽	瓦	16	
㼾	瓦	16	
㼿	瓦	17	
㽀	瓦	17	
㽁	瓦	17	
㽂	瓦	17	
㽃	瓦	17	
㽄	瓦	17	
㽅	瓦	17	
㽆	瓦	18	
㽇	瓦	18	
㽈	瓦	19	
㽉	瓦	19	
㽊	瓦	22	
㽋	瓦	24	
㽌	瓦	25	
㽍	甘	10	
㽎	甘	13	
㽏	甘	14	
㽐	甘	15	
㽑	甘	17	
㽒	生	12	
㽓	生	15	
㽔	生	16	
㽕	田	7	
㽖	田	7	
㽗	田	7	
㽘	田	9	
㽙	田	9	
㽚	田	9	
㽛	田	10	
㽜	田	10	
㽝	田	11	
㽞	田	11	
㽟	田	12	
㽠	田	12	
㽡	田	13	
㽢	田	13	
㽣	田	13	
㽤	田	13	
㽥	田	14	
㽦	田	15	
㽧	田	15	
㽨	田	15	
㽩	田	16	
㽪	田	17	
㽫	田	18	
㽬	田	18	
㽭	田	19	
㽮	田	20	
㽯	田	23	
㽰	疋	13	
㽱	疒	7	
㽲	疒	7	
㽳	疒	8	
㽴	疒	8	
㽵	疒	8	
㽶	疒	8	
㽷	疒	9	
㽸	疒	9	
㽹	疒	9	
㽺	疒	9	
㽻	疒	9	
㽼	疒	9	
㽽	疒	10	
㽾	疒	10	
㽿	疒	10	
㾀	疒	10	
㾁	疒	10	
㾂	疒	10	
㾃	疒	10	
㾄	疒	10	
㾅	疒	10	
㾆	疒	10	
㾇	疒	10	
㾈	疒	10	
㾉	疒	10	
㾊	疒	11	
㾋	疒	11	
㾌	疒	11	
㾍	疒	11	
㾎	疒	11	
㾏	疒	11	
㾐	疒	11	
㾑	疒	11	
㾒	疒	11	
㾓	疒	12	
㾔	疒	12	
㾕	疒	12	
㾖	疒	12	
㾗	疒	12	
㾘	疒	12	
㾙	疒	12	
㾚	疒	12	
㾛	疒	12	
㾜	疒	12	
㾝	疒	12	
㾞	疒	12	
㾟	疒	12	
㾠	疒	12	
㾡	疒	12	
㾢	疒	13	
㾣	疒	13	
㾤	疒	13	
㾥	疒	13	
㾦	疒	13	
㾧	疒	13	
㾨	疒	13	
㾩	疒	13	
㾪	疒	14	
㾫	疒	14	
㾬	疒	14	
㾭	疒	14	
㾮	疒	14	
㾯	疒	14	
㾰	疒	14	
㾱	疒	14	
㾲	疒	14	
㾳	疒	14	
㾴	疒	14	
㾵	疒	14	
㾶	疒	15	
㾷	疒	15	
㾸	疒	15	
㾹	疒	15	
㾺	疒	15	
㾻	疒	15	
㾼	疒	15	
㾽	疒	15	
㾾	疒	15	
㾿	疒	15	
㿀	疒	15	
㿁	疒	15	
㿂	疒	16	
㿃	疒	16	
㿄	疒	16	
㿅	疒	16	
㿆	疒	16	
㿇	疒	16	
㿈	疒	16	
㿉	疒	17	
㿊	疒	17	
㿋	疒	18	
㿌	疒	18	
㿍	疒	18	
㿎	疒	18	
㿏	疒	18	
㿐	疒	18	
㿑	疒	19	
㿒	疒	19	
㿓	疒	19	
㿔	疒	20	
㿕	疒	21	
㿖	疒	21	
㿗	疒	21	
㿘	疒	22	
㿙	疒	23	
㿚	疒	24	
㿛	疒	24	
㿜	疒	28	
㿝	白	7	
㿞	白	9	
㿟	白	10	
㿠	白	11	
㿡	白	11	
㿢	白	13	
㿣	白	14	
㿤	白	14	
㿥	白	15	
㿦	白	16	
㿧	白	19	
㿨	白	21	
㿩	白	25	
㿪	皮	8	
㿫	皮	9	
㿬	皮	9	
㿭	皮	10	
㿮	皮	10	
㿯	皮	11	
㿰	皮	11	
㿱	皮	12	
㿲	皮	13	
㿳	皮	13	
㿴	皮	14	
㿵	皮	14	
㿶	皮	15	
㿷	皮	15	
㿸	皮	16	
㿹	皮	18	
㿺	皮	20	
㿻	皿	8	
㿼	皿	9	
㿽	皿	9	
㿾	皿	10	
㿿	皿	10	
䀀	皿	10	
䀁	皿	11	
䀂	皿	11	
䀃	皿	12	
䀄	皿	13	
䀅	皿	13	
䀆	皿	14	
䀇	皿	16	
䀈	皿	16	
䀉	皿	17	
䀊	皿	19	
䀋	皿	21	
䀌	皿	22	
䀍	皿	29	
䀎	目	7	
䀏	目	7	
䀐	目	8	
䀑	目	8	
䀒	目	8	
䀓	目	8	
䀔	目	8	
䀕	目	9	
䀖	目	9	
䀗	目	9	
䀘	目	9	
䀙	目	9	
䀚	目	9	
䀛	目	9	
䀜	目	9	
䀝	目	9	
䀞	目	9	
䀟	目	10	
䀠	目	10	
䀡	目	10	
䀢	目	10	
䀣	目	10	
䀤	目	10	
䀥	目	10	
䀦	目	10	
䀧	目	11	
䀨	目	11	
䀩	目	11	
䀪	目	11	
䀫	目	11	
䀬	目	11	
䀭	目	11	
䀮	目	11	
䀯	目	12	
䀰	目	12	
䀱	目	12	
䀲	目	12	
䀳	目	12	
䀴	目	12	
䀵	目	12	
䀶	目	12	
䀷	目	12	
䀸	目	12	
䀹	目	12	
䀺	目	12	
䀻	目	12	
䀼	目	12	
䀽	目	12	
䀾	目	12	
䀿	目	12	
䁀	目	12	
䁁	目	13	
䁂	目	13	
䁃	目	13	
䁄	目	13	
䁅	目	13	
䁆	目	13	
䁇	目	13	
䁈	目	13	
䁉	目	13	
䁊	目	14	
䁋	目	14	
䁌	目	14	
䁍	目	14	
䁎	目	14	
䁏	目	14	
䁐	目	14	
䁑	目	14	
䁒	目	14	
䁓	目	14	
䁔	目	14	
䁕	目	14	
䁖	目	14	
䁗	目	15	
䁘	目	15	
䁙	目	15	
䁚	目	15	
䁛	目	15	
䁜	目	15	
䁝	目	15	
䁞	目	15	
䁟	目	15	
䁠	目	15	
䁡	目	15	
䁢	目	16	
䁣	目	16	
䁤	目	16	
䁥	目	16	
䁦	目	16	
䁧	目	16	
䁨	目	16	
䁩	目	16	
䁪	目	16	
䁫	目	17	
䁬	目	17	
䁭	目	17	
䁮	目	17	
䁯	目	17	
䁰	目	17	
䁱	目	17	
䁲	目	17	
䁳	目	17	
䁴	目	18	
䁵	目	18	
䁶	目	18	
䁷	目	18	
䁸	目	18	
䁹	目	18	
䁺	目	18	
䁻	目	20	
䁼	目	20	
䁽	目	20	
䁾	目	20	
䁿	目	21	
䂀	目	21	
䂁	目	22	
䂂	目	23	
䂃	目	23	
䂄	目	25	
䂅	目	30	
䂆	矛	8	
䂇	矛	9	
䂈	矛	11	
䂉	矛	14	
䂊	矛	17	
䂋	矛	17	
䂌	矛	17	
䂍	矛	20	
䂎	矛	24	
䂏	矢	10	
䂐	矢	10	
䂑	矢	10	
䂒	矢	11	
䂓	矢	12	
䂔	矢	13	
䂕	矢	14	
䂖	石	6	
䂗	石	7	
䂘	石	8	
䂙	石	8	
䂚	石	9	
䂛	石	9	
䂜	石	9	
䂝	石	9	
䂞	石	9	
䂟	石	10	
䂠	石	10	
䂡	石	10	
䂢	石	10	
䂣	石	10	
䂤	石	10	
䂥	石	10	
䂦	石	10	
䂧	石	10	
䂨	石	10	
䂩	石	11	
䂪	石	11	
䂫	石	11	
䂬	石	11	
䂭	石	11	
䂮	石	11	
䂯	石	11	
䂰	石	12	
䂱	石	12	
䂲	石	12	
䂳	石	12	
䂴	石	12	
䂵	石	12	
䂶	石	12	
䂷	石	13	
䂸	石	13	
䂹	石	13	
䂺	石	13	
䂻	石	13	
䂼	石	13	
䂽	石	13	
䂾	石	13	
䂿	石	13	
䃀	石	13	
䃁	石	13	
䃂	石	13	
䃃	石	13	
䃄	石	13	
䃅	石	13	
䃆	石	13	
䃇	石	13	
䃈	石	14	
䃉	石	14	
䃊	石	14	
䃋	石	14	
䃌	石	14	
䃍	石	14	
䃎	石	14	
䃏	石	14	
䃐	石	14	
䃑	石	15	
䃒	石	15	
䃓	石	15	
䃔	石	15	
䃕	石	15	
䃖	石	15	
䃗	石	15	
䃘	石	16	
䃙	石	16	
䃚	石	16	
䃛	石	16	
䃜	石	16	
䃝	石	16	
䃞	石	16	
䃟	石	17	
䃠	石	16	
䃡	石	17	
䃢	石	17	
䃣	石	17	
䃤	石	17	
䃥	石	17	
䃦	石	17	
䃧	石	17	
䃨	石	17	
䃩	石	18	
䃪	石	18	
䃫	石	18	
䃬	石	18	
䃭	石	18	
䃮	石	18	
䃯	石	18	
䃰	石	19	
䃱	石	20	
䃲	石	20	
䃳	石	20	
䃴	石	21	
䃵	石	21	
䃶	石	21	
䃷	石	21	
䃸	石	22	
䃹	石	22	
䃺	石	24	
䃻	石	26	
䃼	示	7	
䃽	示	9	
䃾	示	9	
䃿	示	9	
䄀	示	9	
䄁	示	10	
䄂	示	10	
䄃	示	10	
䄄	示	11	
䄅	示	11	
䄆	示	11	
䄇	示	12	
䄈	示	12	
䄉	示	12	
䄊	示	12	
䄋	示	13	
䄌	示	13	
䄍	示	13	
䄎	示	13	
䄏	示	13	
䄐	示	13	
䄑	示	13	
䄒	示	13	
䄓	示	14	
䄔	示	14	
䄕	示	14	
䄖	示	14	
䄗	示	14	
䄘	示	15	
䄙	示	15	
䄚	示	16	
䄛	示	16	
䄜	示	16	
䄝	示	16	
䄞	示	16	
䄟	示	17	
䄠	示	18	
䄡	示	18	
䄢	示	19	
䄣	示	20	
䄤	示	21	
䄥	示	29	
䄦	禾	7	
䄧	禾	7	
䄨	禾	8	
䄩	禾	8	
䄪	禾	8	
䄫	禾	8	
䄬	禾	8	
䄭	禾	8	
䄮	禾	9	
䄯	禾	9	
䄰	禾	9	
䄱	禾	9	
䄲	禾	9	
䄳	禾	9	
䄴	禾	9	
䄵	禾	9	
䄶	禾	10	
䄷	禾	10	
䄸	禾	10	
䄹	禾	10	
䄺	禾	11	
䄻	禾	11	
䄼	禾	11	
䄽	禾	11	
䄾	禾	11	
䄿	禾	11	
䅀	禾	11	
䅁	禾	11	
䅂	禾	11	
䅃	禾	11	
䅄	禾	11	
䅅	禾	11	
䅆	禾	11	
䅇	禾	11	
䅈	禾	11	
䅉	禾	11	
䅊	禾	11	
䅋	禾	12	
䅌	禾	12	
䅍	禾	12	
䅎	禾	12	
䅏	禾	12	
䅐	禾	12	
䅑	禾	12	
䅒	禾	12	
䅓	禾	12	
䅔	禾	13	
䅕	禾	13	
䅖	禾	13	
䅗	禾	13	
䅘	禾	13	
䅙	禾	13	
䅚	禾	13	
䅛	禾	13	
䅜	禾	13	
䅝	禾	13	
䅞	禾	13	
䅟	禾	13	
䅠	禾	14	
䅡	禾	14	
䅢	禾	14	
䅣	禾	14	
䅤	禾	14	
䅥	禾	14	
䅦	禾	14	
䅧	禾	14	
䅨	禾	14	
䅩	禾	14	
䅪	禾	14	
䅫	禾	14	
䅬	禾	15	
䅭	禾	15	
䅮	禾	15	
䅯	禾	15	
䅰	禾	15	
䅱	禾	15	
䅲	禾	15	
䅳	禾	15	
䅴	禾	15	
䅵	禾	15	
䅶	禾	15	
䅷	禾	16	
䅸	禾	16	
䅹	禾	16	
䅺	禾	16	
䅻	禾	16	
䅼	禾	16	
䅽	禾	16	
䅾	禾	17	
䅿	禾	17	
䆀	禾	17	
䆁	禾	18	
䆂	禾	18	
䆃	禾	18	
䆄	禾	18	
䆅	禾	18	
䆆	禾	18	
䆇	禾	18	
䆈	禾	20	
䆉	禾	20	
䆊	禾	21	
䆋	禾	21	
䆌	禾	21	
䆍	禾	21	
䆎	禾	22	
䆏	禾	22	
䆐	禾	30	
䆑	穴	7	
䆒	穴	8	
䆓	穴	9	
䆔	穴	9	
䆕	穴	9	
䆖	穴	9	
䆗	穴	10	
䆘	穴	10	
䆙	穴	10	
䆚	穴	11	
䆛	穴	11	
䆜	穴	11	
䆝	穴	11	
䆞	穴	11	
䆟	穴	11	
䆠	穴	11	
䆡	穴	12	
䆢	穴	12	
䆣	穴	12	
䆤	穴	12	
䆥	穴	12	
䆦	穴	13	
䆧	穴	13	
䆨	穴	13	
䆩	穴	13	
䆪	穴	14	
䆫	穴	14	
䆬	穴	15	
䆭	穴	15	
䆮	穴	15	
䆯	穴	16	
䆰	穴	16	
䆱	穴	16	
䆲	穴	16	
䆳	穴	16	
䆴	穴	16	
䆵	穴	17	
䆶	穴	17	
䆷	穴	17	
䆸	穴	17	
䆹	穴	17	
䆺	穴	17	
䆻	穴	17	
䆼	穴	18	
䆽	穴	18	
䆾	穴	19	
䆿	穴	19	
䇀	穴	20	
䇁	穴	22	
䇂	立	6	
䇃	立	8	
䇄	立	8	
䇅	立	9	
䇆	立	9	
䇇	立	10	
䇈	立	10	
䇉	立	10	
䇊	立	10	
䇋	立	11	
䇌	立	12	
䇍	立	12	
䇎	立	13	
䇏	立	13	
䇐	立	13	
䇑	立	13	
䇒	立	16	
䇓	立	17	
䇔	立	18	
䇕	立	19	
䇖	竹	9	
䇗	竹	10	
䇘	竹	10	
䇙	竹	10	
䇚	竹	10	
䇛	竹	10	
䇜	竹	10	
䇝	竹	10	
䇞	竹	11	
䇟	竹	11	
䇠	竹	11	
䇡	竹	11	
䇢	竹	11	
䇣	竹	11	
䇤	竹	11	
䇥	竹	11	
䇦	竹	11	
䇧	竹	12	
䇨	竹	12	
䇩	竹	12	
䇪	竹	12	
䇫	竹	12	
䇬	竹	12	
䇭	竹	12	
䇮	竹	12	
䇯	竹	12	
䇰	竹	12	
䇱	竹	12	
䇲	竹	12	
䇳	竹	12	
䇴	竹	12	
䇵	竹	13	
䇶	竹	13	
䇷	竹	13	
䇸	竹	13	
䇹	竹	13	
䇺	竹	13	
䇻	竹	13	
䇼	竹	13	
䇽	竹	13	
䇾	竹	13	
䇿	竹	13	
䈀	竹	13	
䈁	竹	14	
䈂	竹	14	
䈃	竹	14	
䈄	竹	14	
䈅	竹	14	
䈆	竹	14	
䈇	竹	14	
䈈	竹	14	
䈉	竹	14	
䈊	竹	14	
䈋	竹	14	
䈌	竹	14	
䈍	竹	14	
䈎	竹	15	
䈏	竹	15	
䈐	竹	15	
䈑	竹	15	
䈒	竹	15	
䈓	竹	15	
䈔	竹	15	
䈕	竹	15	
䈖	竹	15	
䈗	竹	15	
䈘	竹	15	
䈙	竹	15	
䈚	竹	15	
䈛	竹	15	
䈜	竹	15	
䈝	竹	15	
䈞	竹	15	
䈟	竹	15	
䈠	竹	15	
䈡	竹	15	
䈢	竹	15	
䈣	竹	15	
䈤	竹	15	
䈥	竹	15	
䈦	竹	15	
䈧	竹	15	
䈨	竹	15	
䈩	竹	15	
䈪	竹	16	
䈫	竹	16	
䈬	竹	16	
䈭	竹	16	
䈮	竹	16	
䈯	竹	16	
䈰	竹	16	
䈱	竹	16	
䈲	竹	16	
䈳	竹	16	
䈴	竹	16	
䈵	竹	16	
䈶	竹	16	
䈷	竹	16	
䈸	竹	17	
䈹	竹	17	
䈺	竹	17	
䈻	竹	17	
䈼	竹	17	
䈽	竹	17	
䈾	竹	17	
䈿	竹	17	
䉀	竹	17	
䉁	竹	17	
䉂	竹	17	
䉃	竹	17	
䉄	竹	17	
䉅	竹	17	
䉆	竹	17	
䉇	竹	17	
䉈	竹	18	
䉉	竹	18	
䉊	竹	18	
䉋	竹	18	
䉌	竹	18	
䉍	竹	18	
䉎	竹	18	
䉏	竹	19	
䉐	竹	18	
䉑	竹	18	
䉒	竹	18	
䉓	竹	18	
䉔	竹	18	
䉕	竹	18	
䉖	竹	18	
䉗	竹	18	
䉘	竹	18	
䉙	竹	18	
䉚	竹	18	
䉛	竹	19	
䉜	竹	19	
䉝	竹	19	
䉞	竹	19	
䉟	竹	19	
䉠	竹	19	
䉡	竹	19	
䉢	竹	19	
䉣	竹	18	
䉤	竹	19	
䉥	竹	20	
䉦	竹	21	
䉧	竹	21	
䉨	竹	21	
䉩	竹	21	
䉪	竹	21	
䉫	竹	21	
䉬	竹	21	
䉭	竹	21	
䉮	竹	22	
䉯	竹	22	
䉰	竹	22	
䉱	竹	22	
䉲	竹	23	
䉳	竹	23	
䉴	竹	23	
䉵	食	23	
䉶	竹	24	
䉷	竹	26	
䉸	竹	27	
䉹	竹	30	
䉺	米	9	
䉻	米	10	
䉼	米	10	
䉽	米	11	
䉾	米	11	
䉿	米	11	
䊀	米	11	
䊁	米	12	
䊂	米	12	
䊃	米	12	
䊄	米	12	
䊅	米	12	
䊆	米	12	
䊇	米	13	
䊈	米	13	
䊉	米	13	
䊊	米	13	
䊋	米	13	
䊌	米	13	
䊍	米	14	
䊎	米	14	
䊏	米	14	
䊐	米	14	
䊑	米	14	
䊒	米	14	
䊓	米	15	
䊔	米	15	
䊕	米	15	
䊖	米	15	
䊗	米	15	
䊘	米	15	
䊙	米	15	
䊚	米	16	
䊛	米	16	
䊜	米	17	
䊝	米	17	
䊞	米	17	
䊟	米	17	
䊠	米	17	
䊡	米	17	
䊢	米	17	
䊣	米	18	
䊤	米	18	
䊥	米	18	
䊦	米	18	
䊧	米	18	
䊨	米	18	
䊩	米	18	
䊪	米	19	
䊫	米	19	
䊬	米	19	
䊭	米	20	
䊮	米	20	
䊯	米	21	
䊰	米	22	
䊱	米	23	
䊲	米	23	
䊳	米	25	
䊴	米	25	
䊵	糸	8	
䊶	糸	9	
䊷	糸	9	
䊸	糸	9	
䊹	糸	9	
䊺	糸	10	
䊻	糸	10	
䊼	糸	10	
䊽	糸	10	
䊾	糸	10	
䊿	糸	10	
䋀	糸	10	
䋁	糸	10	
䋂	糸	10	
䋃	糸	10	
䋄	糸	10	
䋅	糸	10	
䋆	糸	10	
䋇	糸	10	
䋈	糸	11	
䋉	糸	11	
䋊	糸	11	
䋋	糸	11	
䋌	糸	11	
䋍	糸	11	
䋎	糸	11	
䋏	糸	11	
䋐	糸	11	
䋑	糸	11	
䋒	糸	11	
䋓	糸	11	
䋔	糸	11	
䋕	糸	12	
䋖	糸	12	
䋗	糸	12	
䋘	糸	12	
䋙	糸	12	
䋚	糸	12	
䋛	糸	12	
䋜	糸	12	
䋝	糸	12	
䋞	糸	12	
䋟	糸	13	
䋠	糸	13	
䋡	糸	13	
䋢	糸	13	
䋣	糸	13	
䋤	糸	13	
䋥	糸	13	
䋦	糸	13	
䋧	糸	14	
䋨	糸	14	
䋩	糸	14	
䋪	糸	14	
䋫	糸	14	
䋬	糸	14	
䋭	糸	14	
䋮	糸	14	
䋯	糸	14	
䋰	糸	14	
䋱	糸	14	
䋲	糸	14	
䋳	糸	15	
䋴	糸	15	
䋵	糸	15	
䋶	糸	15	
䋷	糸	15	
䋸	糸	15	
䋹	糸	15	
䋺	糸	15	
䋻	糸	15	
䋼	糸	15	
䋽	糸	15	
䋾	糸	15	
䋿	糸	15	
䌀	糸	15	
䌁	糸	15	
䌂	糸	15	
䌃	糸	15	
䌄	糸	15	
䌅	糸	16	
䌆	糸	16	
䌇	糸	16	
䌈	糸	16	
䌉	糸	16	
䌊	糸	16	
䌋	糸	16	
䌌	糸	17	
䌍	糸	17	
䌎	糸	17	
䌏	糸	17	
䌐	糸	17	
䌑	糸	17	
䌒	糸	17	
䌓	糸	17	
䌔	糸	17	
䌕	糸	17	
䌖	糸	18	
䌗	糸	18	
䌘	糸	18	
䌙	糸	18	
䌚	糸	18	
䌛	糸	18	
䌜	糸	19	
䌝	糸	19	
䌞	糸	19	
䌟	糸	19	
䌠	糸	19	
䌡	糸	19	
䌢	糸	19	
䌣	糸	20	
䌤	糸	20	
䌥	糸	20	
䌦	糸	20	
䌧	糸	20	
䌨	糸	21	
䌩	糸	21	
䌪	糸	22	
䌫	糸	22	
䌬	糸	22	
䌭	糸	22	
䌮	糸	23	
䌯	糸	24	
䌰	糸	24	
䌱	糸	24	
䌲	糸	24	
䌳	糸	25	
䌴	糸	25	
䌵	糸	27	
䌶		9	
䌷		11	
䌸		10	
䌹		11	
䌺		12	
䌻		12	
䌼		13	
䌽		14	
䌾		15	
䌿		15	
䍀		16	
䍁		19	
䍂	缶	9	
䍃	缶	10	
䍄	缶	11	
䍅	缶	11	
䍆	缶	11	
䍇	缶	11	
䍈	缶	11	
䍉	缶	11	
䍊	缶	12	
䍋	缶	14	
䍌	缶	14	
䍍	缶	16	
䍎	缶	23	
䍏	网	5	
䍐	网	8	
䍑	网	9	
䍒	网	9	
䍓	网	9	
䍔	网	9	
䍕	网	10	
䍖	网	10	
䍗	网	10	
䍘	网	11	
䍙	网	12	
䍚	网	12	
䍛	网	13	
䍜	网	13	
䍝	网	13	
䍞	网	14	
䍟	网	14	
䍠	网	16	
䍡	网	16	
䍢	网	17	
䍣	网	18	
䍤	网	19	
䍥	网	21	
䍦	网	24	
䍧	羊	10	
䍨	羊	10	
䍩	羊	10	
䍪	羊	11	
䍫	羊	11	
䍬	羊	11	
䍭	羊	11	
䍮	羊	12	
䍯	羊	12	
䍰	羊	12	
䍱	羊	13	
䍲	羊	14	
䍳	羊	14	
䍴	羊	14	
䍵	羊	14	
䍶	羊	14	
䍷	羊	15	
䍸	羊	16	
䍹	羊	16	
䍺	羊	17	
䍻	羊	18	
䍼	羊	18	
䍽	羊	22	
䍾	羽	10	
䍿	羽	10	
䎀	羽	11	
䎁	羽	11	
䎂	羽	11	
䎃	羽	11	
䎄	羽	11	
䎅	羽	11	
䎆	羽	11	
䎇	羽	12	
䎈	羽	12	
䎉	羽	12	
䎊	羽	12	
䎋	羽	13	
䎌	羽	13	
䎍	羽	13	
䎎	羽	13	
䎏	羽	14	
䎐	羽	14	
䎑	羽	14	
䎒	羽	14	
䎓	羽	14	
䎔	羽	16	
䎕	羽	16	
䎖	羽	18	
䎗	羽	18	
䎘	羽	18	
䎙	羽	20	
䎚	羽	21	
䎛	老	9	
䎜	老	12	
䎝	老	12	
䎞	老	12	
䎟	而	9	
䎠	而	9	
䎡	而	10	
䎢	耒	9	
䎣	耒	11	
䎤	耒	13	
䎥	耒	13	
䎦	耒	14	
䎧	耒	14	
䎨	耒	14	
䎩	耒	14	
䎪	耒	14	
䎫	耒	15	
䎬	耒	15	
䎭	耒	17	
䎮	耒	17	
䎯	耒	17	
䎰	耒	18	
䎱	耒	21	
䎲	耳	7	
䎳	耳	10	
䎴	耳	10	
䎵	耳	11	
䎶	耳	11	
䎷	耳	12	
䎸	耳	13	
䎹	耳	13	
䎺	耳	14	
䎻	耳	14	
䎼	耳	14	
䎽	耳	14	
䎾	耳	14	
䎿	耳	15	
䏀	耳	15	
䏁	耳	16	
䏂	耳	16	
䏃	耳	16	
䏄	耳	17	
䏅	耳	17	
䏆	耳	17	
䏇	耳	17	
䏈	耳	18	
䏉	耳	20	
䏊	耳	22	
䏋	聿	13	
䏌	肉	6	
䏍	肉	6	
䏎	肉	7	
䏏	肉	7	
䏐	肉	8	
䏑	肉	10	
䏒	肉	8	
䏓	肉	8	
䏔	肉	8	
䏕	肉	8	
䏖	肉	8	
䏗	肉	8	
䏘	肉	8	
䏙	肉	8	
䏚	肉	8	
䏛	肉	8	
䏜	肉	8	
䏝	肉	8	
䏞	肉	9	
䏟	肉	9	
䏠	肉	9	
䏡	肉	9	
䏢	肉	9	
䏣	肉	9	
䏤	肉	9	
䏥	肉	9	
䏦	肉	10	
䏧	肉	10	
䏨	肉	10	
䏩	肉	10	
䏪	肉	10	
䏫	肉	10	
䏬	肉	10	
䏭	肉	10	
䏮	肉	10	
䏯	肉	11	
䏰	肉	11	
䏱	肉	11	
䏲	肉	11	
䏳	肉	11	
䏴	肉	11	
䏵	肉	11	
䏶	肉	11	
䏷	肉	11	
䏸	肉	11	
䏹	肉	11	
䏺	肉	11	
䏻	肉	11	
䏼	肉	12	
䏽	肉	12	
䏾	肉	12	
䏿	肉	12	
䐀	肉	12	
䐁	肉	12	
䐂	肉	12	
䐃	肉	12	
䐄	肉	12	
䐅	肉	12	
䐆	肉	12	
䐇	肉	12	
䐈	肉	12	
䐉	肉	12	
䐊	肉	12	
䐋	肉	12	
䐌	肉	12	
䐍	肉	13	
䐎	肉	13	
䐏	肉	13	
䐐	肉	13	
䐑	肉	13	
䐒	肉	13	
䐓	肉	13	
䐔	肉	13	
䐕	肉	13	
䐖	肉	13	
䐗	肉	13	
䐘	肉	13	
䐙	肉	13	
䐚	肉	13	
䐛	肉	13	
䐜	肉	14	
䐝	肉	14	
䐞	肉	14	
䐟	肉	14	
䐠	肉	14	
䐡	肉	16	
䐢	肉	14	
䐣	肉	14	
䐤	肉	14	
䐥	肉	14	
䐦	肉	14	
䐧	肉	14	
䐨	肉	14	
䐩	肉	14	
䐪	肉	14	
䐫	肉	15	
䐬	肉	15	
䐭	肉	15	
䐮	肉	15	
䐯	肉	15	
䐰	肉	15	
䐱	肉	15	
䐲	肉	15	
䐳	肉	15	
䐴	肉	15	
䐵	肉	16	
䐶	肉	16	
䐷	肉	16	
䐸	肉	16	
䐹	肉	16	
䐺	肉	16	
䐻	肉	16	
䐼	肉	16	
䐽	肉	16	
䐾	肉	17	
䐿	肉	17	
䑀	肉	17	
䑁	肉	17	
䑂	肉	18	
䑃	肉	18	
䑄	肉	18	
䑅	肉	18	
䑆	肉	19	
䑇	肉	19	
䑈	肉	19	
䑉	肉	20	
䑊	肉	20	
䑋	肉	21	
䑌	肉	21	
䑍	肉	21	
䑎	肉	21	
䑏	肉	22	
䑐	臣	11	
䑑	臣	18	
䑒	至	9	
䑓	至	13	
䑔	臼	10	
䑕	臼	11	
䑖	臼	14	
䑗	臼	15	
䑘	臼	16	
䑙	舌	10	
䑚	舌	10	
䑛	舌	11	
䑜	舌	15	
䑝	舛	14	
䑞	舛	16	
䑟	舛	21	
䑠	舟	8	
䑡	舟	9	
䑢	舟	9	
䑣	舟	9	
䑤	舟	10	
䑥	舟	10	
䑦	舟	11	
䑧	舟	11	
䑨	舟	11	
䑩	舟	11	
䑪	舟	12	
䑫	舟	12	
䑬	舟	12	
䑭	舟	12	
䑮	舟	12	
䑯	舟	13	
䑰	舟	13	
䑱	舟	14	
䑲	舟	14	
䑳	舟	14	
䑴	舟	14	
䑵	舟	14	
䑶	舟	14	
䑷	舟	14	
䑸	舟	14	
䑹	舟	15	
䑺	舟	15	
䑻	舟	15	
䑼	舟	16	
䑽	舟	16	
䑾	舟	16	
䑿	舟	17	
䒀	舟	17	
䒁	舟	17	
䒂	舟	17	
䒃	舟	17	
䒄	舟	17	
䒅	舟	17	
䒆	舟	18	
䒇	舟	18	
䒈	舟	18	
䒉	舟	20	
䒊	色	9	
䒋	色	11	
䒌	色	16	
䒍	色	16	
䒎	色	18	
䒏	色	18	
䒐	色	22	
䒑	艸	3	
䒒	艸	6	
䒓	艸	6	
䒔	艸	6	
䒕	艸	7	
䒖	艸	7	
䒗	艸	7	
䒘	艸	7	
䒙	艸	7	
䒚	艸	8	
䒛	艸	8	
䒜	艸	8	
䒝	艸	8	
䒞	艸	8	
䒟	艸	8	
䒠	艸	8	
䒡	艸	8	
䒢	艸	8	
䒣	艸	8	
䒤	艸	8	
䒥	艸	8	
䒦	艸	9	
䒧	艸	9	
䒨	艸	9	
䒩	艸	9	
䒪	艸	9	
䒫	艸	9	
䒬	艸	9	
䒭	艸	9	
䒮	艸	9	
䒯	艸	9	
䒰	艸	10	
䒱	艸	10	
䒲	艸	10	
䒳	艸	10	
䒴	艸	10	
䒵	艸	10	
䒶	艸	10	
䒷	艸	10	
䒸	艸	10	
䒹	艸	10	
䒺	艸	10	
䒻	艸	10	
䒼	艸	10	
䒽	艸	10	
䒾	艸	10	
䒿	艸	10	
䓀	艸	10	
䓁	艸	10	
䓂	艸	11	
䓃	艸	11	
䓄	艸	11	
䓅	艸	11	
䓆	艸	11	
䓇	艸	11	
䓈	艸	11	
䓉	艸	11	
䓊	艸	11	
䓋	艸	11	
䓌	艸	11	
䓍	艸	11	
䓎	艸	11	
䓏	艸	11	
䓐	艸	11	
䓑	艸	11	
䓒	艸	11	
䓓	艸	11	
䓔	艸	11	
䓕	艸	12	
䓖	艸	11	
䓗	艸	12	
䓘	艸	12	
䓙	艸	12	
䓚	艸	12	
䓛	艸	12	
䓜	艸	12	
䓝	艸	12	
䓞	艸	12	
䓟	艸	12	
䓠	艸	12	
䓡	艸	12	
䓢	艸	12	
䓣	艸	12	
䓤	艸	12	
䓥	艸	12	
䓦	艸	12	
䓧	艸	12	
䓨	艸	12	
䓩	艸	12	
䓪	艸	12	
䓫	艸	12	
䓬	艸	12	
䓭	艸	12	
䓮	艸	13	
䓯	艸	13	
䓰	艸	13	
䓱	艸	14	
䓲	艸	13	
䓳	艸	13	
䓴	艸	13	
䓵	艸	13	
䓶	艸	13	
䓷	艸	13	
䓸	艸	13	
䓹	艸	13	
䓺	艸	13	
䓻	艸	13	
䓼	艸	14	
䓽	艸	14	
䓾	艸	14	
䓿	艸	14	
䔀	艸	14	
䔁	艸	14	
䔂	艸	14	
䔃	艸	14	
䔄	艸	14	
䔅	艸	14	
䔆	艸	14	
䔇	艸	14	
䔈	艸	14	
䔉	艸	14	
䔊	艸	14	
䔋	艸	14	
䔌	艸	14	
䔍	艸	14	
䔎	艸	15	
䔏	艸	15	
䔐	艸	15	
䔑	艸	15	
䔒	艸	15	
䔓	艸	15	
䔔	艸	15	
䔕	艸	15	
䔖	艸	15	
䔗	艸	15	
䔘	艸	15	
䔙	艸	15	
䔚	艸	15	
䔛	艸	15	
䔜	艸	15	
䔝	艸	16	
䔞	艸	15	
䔟	艸	15	
䔠	艸	15	
䔡	艸	15	
䔢	艸	15	
䔣	艸	15	
䔤	艸	15	
䔥	艸	15	
䔦	艸	15	
䔧	艸	15	
䔨	艸	15	
䔩	艸	15	
䔪	艸	15	
䔫	艸	15	
䔬	艸	15	
䔭	艸	16	
䔮	艸	16	
䔯	艸	16	
䔰	艸	16	
䔱	艸	16	
䔲	艸	16	
䔳	艸	16	
䔴	艸	16	
䔵	艸	16	
䔶	艸	16	
䔷	艸	16	
䔸	艸	16	
䔹	艸	16	
䔺	艸	16	
䔻	艸	16	
䔼	艸	18	
䔽	艸	16	
䔾	艸	16	
䔿	艸	16	
䕀	艸	16	
䕁	艸	16	
䕂	艸	17	
䕃	艸	16	
䕄	艸	15	
䕅	艸	16	
䕆	艸	17	
䕇	艸	17	
䕈	艸	17	
䕉	艸	17	
䕊	艸	17	
䕋	艸	17	
䕌	艸	17	
䕍	艸	17	
䕎	艸	17	
䕏	艸	17	
䕐	艸	17	
䕑	艸	17	
䕒	艸	18	
䕓	艸	18	
䕔	艸	18	
䕕	艸	18	
䕖	艸	18	
䕗	艸	18	
䕘	艸	18	
䕙	艸	18	
䕚	艸	18	
䕛	艸	18	
䕜	艸	18	
䕝	艸	18	
䕞	艸	19	
䕟	艸	19	
䕠	艸	20	
䕡	艸	19	
䕢	艸	19	
䕣	艸	19	
䕤	艸	19	
䕥	艸	19	
䕦	艸	20	
䕧	艸	20	
䕨	艸	20	
䕩	艸	20	
䕪	艸	20	
䕫	艸	20	
䕬	艸	20	
䕭	艸	20	
䕮	艸	20	
䕯	艸	20	
䕰	艸	20	
䕱	艸	20	
䕲	艸	20	
䕳	艸	21	
䕴	艸	21	
䕵	艸	21	
䕶	艸	21	
䕷	艸	21	
䕸	艸	22	
䕹	艸	22	
䕺	艸	22	
䕻	艸	23	
䕼	艸	23	
䕽	艸	24	
䕾	艸	24	
䕿	艸	26	
䖀	艸	25	
䖁	艸	26	
䖂	艸	27	
䖃	艸	27	
䖄	艸	27	
䖅	艸	28	
䖆	艸	28	
䖇	艸	33	
䖈	虍	8	
䖉	虍	9	
䖊	虍	10	
䖋	虍	10	
䖌	虍	10	
䖍	虍	10	
䖎	虍	11	
䖏	虍	11	
䖐	虍	12	
䖑	虍	12	
䖒	虍	13	
䖓	虍	13	
䖔	虍	13	
䖕	虍	13	
䖖	虍	13	
䖗	虍	15	
䖘	虍	16	
䖙	虍	17	
䖚	虍	18	
䖛	虍	18	
䖜	虍	19	
䖝	虫	7	
䖞	虫	9	
䖟	虫	9	
䖠	虫	9	
䖡	虫	10	
䖢	虫	10	
䖣	虫	10	
䖤	虫	11	
䖥	虫	11	
䖦	虫	11	
䖧	虫	11	
䖨	虫	11	
䖩	虫	11	
䖪	虫	11	
䖫	虫	11	
䖬	虫	11	
䖭	虫	12	
䖮	虫	12	
䖯	虫	12	
䖰	虫	12	
䖱	虫	12	
䖲	虫	12	
䖳	虫	12	
䖴	虫	12	
䖵	虫	12	
䖶	虫	13	
䖷	虫	13	
䖸	虫	13	
䖹	虫	13	
䖺	虫	13	
䖻	虫	13	
䖼	虫	13	
䖽	虫	13	
䖾	虫	13	
䖿	虫	14	
䗀	虫	14	
䗁	虫	14	
䗂	虫	14	
䗃	虫	14	
䗄	虫	14	
䗅	虫	14	
䗆	虫	14	
䗇	虫	14	
䗈	虫	14	
䗉	虫	14	
䗊	虫	14	
䗋	虫	15	
䗌	虫	15	
䗍	虫	15	
䗎	虫	15	
䗏	虫	15	
䗐	虫	15	
䗑	虫	15	
䗒	虫	15	
䗓	虫	15	
䗔	虫	15	
䗕	虫	14	
䗖	虫	15	
䗗	虫	16	
䗘	虫	16	
䗙	虫	16	
䗚	虫	16	
䗛	虫	16	
䗜	虫	16	
䗝	虫	16	
䗞	虫	16	
䗟	虫	17	
䗠	虫	17	
䗡	虫	17	
䗢	虫	17	
䗣	虫	17	
䗤	虫	17	
䗥	虫	17	
䗦	虫	17	
䗧	虫	17	
䗨	虫	17	
䗩	虫	17	
䗪	虫	17	
䗫	虫	17	
䗬	虫	17	
䗭	虫	17	
䗮	虫	17	
䗯	虫	18	
䗰	虫	18	
䗱	虫	18	
䗲	虫	18	
䗳	虫	18	
䗴	虫	19	
䗵	虫	19	
䗶	虫	19	
䗷	虫	19	
䗸	虫	19	
䗹	虫	19	
䗺	虫	19	
䗻	虫	19	
䗼	虫	20	
䗽	虫	20	
䗾	虫	20	
䗿	虫	20	
䘀	虫	20	
䘁	虫	20	
䘂	虫	21	
䘃	虫	21	
䘄	虫	21	
䘅	虫	22	
䘆	虫	22	
䘇	虫	22	
䘈	虫	22	
䘉	虫	22	
䘊	虫	23	
䘋	虫	23	
䘌	虫	23	
䘍	虫	25	
䘎	虫	28	
䘏	血	9	
䘐	血	10	
䘑	血	11	
䘒	血	13	
䘓	血	14	
䘔	血	15	
䘕	行	10	
䘖	行	12	
䘗	行	16	
䘘	行	16	
䘙	行	20	
䘚	衣	8	
䘛	衣	8	
䘜	衣	9	
䘝	衣	9	
䘞	衣	9	
䘟	衣	10	
䘠	衣	10	
䘡	衣	10	
䘢	衣	11	
䘣	衣	11	
䘤	衣	11	
䘥	衣	11	
䘦	衣	11	
䘧	衣	11	
䘨	衣	12	
䘩	衣	12	
䘪	衣	12	
䘫	衣	12	
䘬	衣	12	
䘭	衣	12	
䘮	衣	12	
䘯	衣	13	
䘰	衣	13	
䘱	衣	13	
䘲	衣	13	
䘳	衣	14	
䘴	衣	14	
䘵	衣	14	
䘶	衣	14	
䘷	衣	14	
䘸	衣	14	
䘹	衣	14	
䘺	衣	14	
䘻	衣	14	
䘼	衣	14	
䘽	衣	14	
䘾	衣	14	
䘿	衣	14	
䙀	衣	14	
䙁	衣	14	
䙂	衣	14	
䙃	衣	15	
䙄	衣	15	
䙅	衣	15	
䙆	衣	15	
䙇	衣	15	
䙈	衣	15	
䙉	衣	15	
䙊	衣	15	
䙋	衣	15	
䙌	衣	15	
䙍	衣	15	
䙎	衣	16	
䙏	衣	16	
䙐	衣	16	
䙑	衣	16	
䙒	衣	16	
䙓	衣	16	
䙔	衣	17	
䙕	衣	17	
䙖	衣	17	
䙗	衣	17	
䙘	衣	17	
䙙	衣	17	
䙚	衣	17	
䙛	衣	17	
䙜	衣	17	
䙝	衣	17	
䙞	衣	18	
䙟	衣	18	
䙠	衣	18	
䙡	衣	18	
䙢	衣	18	
䙣	衣	18	
䙤	衣	19	
䙥	衣	19	
䙦	衣	20	
䙧	衣	20	
䙨	衣	20	
䙩	衣	20	
䙪	衣	21	
䙫	衣	22	
䙬	衣	23	
䙭	衣	23	
䙮	衣	24	
䙯	衣	24	
䙰	衣	25	
䙱	衣	27	
䙲	襾	9	
䙳	襾	10	
䙴	襾	11	
䙵	襾	12	
䙶	襾	12	
䙷	見	10	
䙸	見	10	
䙹	見	11	
䙺	見	11	
䙻	見	11	
䙼	見	12	
䙽	見	12	
䙾	見	12	
䙿	見	12	
䚀	見	13	
䚁	見	13	
䚂	見	14	
䚃	見	14	
䚄	見	15	
䚅	見	15	
䚆	見	16	
䚇	見	16	
䚈	見	16	
䚉	見	16	
䚊	見	17	
䚋	見	17	
䚌	見	17	
䚍	見	18	
䚎	見	18	
䚏	見	19	
䚐	見	19	
䚑	見	19	
䚒	見	19	
䚓	見	19	
䚔	見	21	
䚕	見	26	
䚖	見	31	
䚗	角	11	
䚘	角	13	
䚙	角	13	
䚚	角	13	
䚛	角	14	
䚜	角	15	
䚝	角	15	
䚞	角	15	
䚟	角	15	
䚠	角	15	
䚡	角	16	
䚢	角	16	
䚣	角	16	
䚤	角	16	
䚥	角	17	
䚦	角	17	
䚧	角	18	
䚨	角	19	
䚩	角	19	
䚪	角	20	
䚫	角	20	
䚬	角	19	
䚭	角	25	
䚮	言	9	
䚯	言	9	
䚰	言	9	
䚱	言	10	
䚲	言	10	
䚳	言	11	
䚴	言	11	
䚵	言	11	
䚶	言	11	
䚷	言	11	
䚸	言	11	
䚹	言	11	
䚺	言	11	
䚻	言	11	
䚼	言	11	
䚽	言	11	
䚾	言	11	
䚿	言	11	
䛀	言	11	
䛁	言	11	
䛂	言	11	
䛃	言	11	
䛄	言	12	
䛅	言	12	
䛆	言	12	
䛇	言	12	
䛈	言	12	
䛉	言	12	
䛊	言	12	
䛋	言	12	
䛌	言	12	
䛍	言	12	
䛎	言	12	
䛏	言	12	
䛐	言	12	
䛑	言	12	
䛒	言	12	
䛓	言	12	
䛔	言	13	
䛕	言	13	
䛖	言	13	
䛗	言	13	
䛘	言	13	
䛙	言	13	
䛚	言	13	
䛛	言	13	
䛜	言	13	
䛝	言	14	
䛞	言	14	
䛟	言	14	
䛠	言	14	
䛡	言	14	
䛢	言	14	
䛣	言	14	
䛤	言	14	
䛥	言	14	
䛦	言	14	
䛧	言	14	
䛨	言	14	
䛩	言	15	
䛪	言	15	
䛫	言	15	
䛬	言	15	
䛭	言	15	
䛮	言	15	
䛯	言	15	
䛰	言	15	
䛱	言	15	
䛲	言	15	
䛳	言	15	
䛴	言	15	
䛵	言	15	
䛶	言	15	
䛷	言	15	
䛸	言	15	
䛹	言	16	
䛺	言	16	
䛻	言	16	
䛼	言	16	
䛽	言	16	
䛾	言	17	
䛿	言	17	
䜀	言	17	
䜁	言	17	
䜂	言	17	
䜃	言	18	
䜄	言	18	
䜅	言	18	
䜆	言	18	
䜇	言	18	
䜈	言	18	
䜉	言	18	
䜊	言	18	
䜋	言	19	
䜌	言	19	
䜍	言	19	
䜎	言	19	
䜏	言	19	
䜐	言	19	
䜑	言	19	
䜒	言	20	
䜓	言	20	
䜔	言	20	
䜕	言	20	
䜖	言	20	
䜗	言	20	
䜘	言	20	
䜙	言	21	
䜚	言	21	
䜛	言	21	
䜜	言	21	
䜝	言	21	
䜞	言	21	
䜟	言	22	
䜠	言	22	
䜡	言	22	
䜢	言	23	
䜣		11	
䜤		13	
䜥		15	
䜦		17	
䜧		17	
䜨		18	
䜩		23	
䜪	谷	9	
䜫	谷	10	
䜬	谷	12	
䜭	谷	12	
䜮	谷	14	
䜯	谷	15	
䜰	谷	17	
䜱	谷	18	
䜲	谷	22	
䜳	豆	8	
䜴	豆	11	
䜵	豆	12	
䜶	豆	13	
䜷	豆	14	
䜸	豆	14	
䜹	豆	14	
䜺	豆	15	
䜻	豆	16	
䜼	豆	16	
䜽	豆	16	
䜾	豆	16	
䜿	豆	16	
䝀	豆	17	
䝁	豆	17	
䝂	豆	17	
䝃	豆	21	
䝄	豆	25	
䝅	豕	10	
䝆	豕	11	
䝇	豕	11	
䝈	豕	12	
䝉	豕	13	
䝊	豕	15	
䝋	豕	15	
䝌	豕	15	
䝍	豕	16	
䝎	豕	16	
䝏	豕	18	
䝐	豕	19	
䝑	豕	19	
䝒	豕	21	
䝓	豕	22	
䝔	豕	25	
䝕	豕	25	
䝖	豸	11	
䝗	豸	11	
䝘	豸	11	
䝙	豸	11	
䝚	豸	12	
䝛	豸	12	
䝜	豸	14	
䝝	豸	15	
䝞	豸	15	
䝟	豸	16	
䝠	豸	17	
䝡	豸	18	
䝢	豸	18	
䝣	豸	19	
䝤	豸	19	
䝥	豸	19	
䝦	豸	19	
䝧	貝	11	
䝨	貝	11	
䝩	貝	12	
䝪	貝	12	
䝫	貝	12	
䝬	貝	12	
䝭	貝	12	
䝮	貝	12	
䝯	貝	12	
䝰	貝	13	
䝱	貝	13	
䝲	貝	13	
䝳	貝	14	
䝴	貝	14	
䝵	貝	14	
䝶	貝	15	
䝷	貝	15	
䝸	貝	15	
䝹	貝	15	
䝺	貝	15	
䝻	貝	15	
䝼	貝	15	
䝽	貝	15	
䝾	貝	15	
䝿	貝	15	
䞀	貝	16	
䞁	貝	16	
䞂	貝	16	
䞃	貝	16	
䞄	貝	16	
䞅	貝	17	
䞆	貝	17	
䞇	貝	18	
䞈	貝	19	
䞉	貝	20	
䞊	貝	22	
䞋	貝	23	
䞌		13	
䞍		15	
䞎		15	
䞏		16	
䞐		16	
䞑	赤	10	
䞒	赤	13	
䞓	赤	14	
䞔	赤	14	
䞕	赤	21	
䞖	走	10	
䞗	走	10	
䞘	走	10	
䞙	走	11	
䞚	走	11	
䞛	走	11	
䞜	走	11	
䞝	走	12	
䞞	走	12	
䞟	走	12	
䞠	走	12	
䞡	走	12	
䞢	走	12	
䞣	走	12	
䞤	走	12	
䞥	走	13	
䞦	走	13	
䞧	走	13	
䞨	走	13	
䞩	走	13	
䞪	走	13	
䞫	走	14	
䞬	走	14	
䞭	走	14	
䞮	走	14	
䞯	走	14	
䞰	走	14	
䞱	走	14	
䞲	走	14	
䞳	走	15	
䞴	走	15	
䞵	走	15	
䞶	走	15	
䞷	走	15	
䞸	走	15	
䞹	走	16	
䞺	走	16	
䞻	走	16	
䞼	走	16	
䞽	走	17	
䞾	走	17	
䞿	走	17	
䟀	走	17	
䟁	走	18	
䟂	走	18	
䟃	走	18	
䟄	走	18	
䟅	走	18	
䟆	走	18	
䟇	走	19	
䟈	走	20	
䟉	走	20	
䟊	走	20	
䟋	走	20	
䟌	走	21	
䟍	走	22	
䟎	走	22	
䟏	走	22	
䟐	走	23	
䟑	走	24	
䟒	走	25	
䟓	足	9	
䟔	足	9	
䟕	足	10	
䟖	足	10	
䟗	足	11	
䟘	足	11	
䟙	足	11	
䟚	足	11	
䟛	足	11	
䟜	足	11	
䟝	足	11	
䟞	足	11	
䟟	足	12	
䟠	足	12	
䟡	足	12	
䟢	足	12	
䟣	足	12	
䟤	足	12	
䟥	足	12	
䟦	足	12	
䟧	足	12	
䟨	足	12	
䟩	足	12	
䟪	足	12	
䟫	足	12	
䟬	足	12	
䟭	足	12	
䟮	足	13	
䟯	足	13	
䟰	足	13	
䟱	足	13	
䟲	足	13	
䟳	足	13	
䟴	足	14	
䟵	足	14	
䟶	足	14	
䟷	足	14	
䟸	足	14	
䟹	足	14	
䟺	足	14	
䟻	足	14	
䟼	足	15	
䟽	足	14	
䟾	足	15	
䟿	足	15	
䠀	足	15	
䠁	足	15	
䠂	足	15	
䠃	足	15	
䠄	足	15	
䠅	足	15	
䠆	足	15	
䠇	足	15	
䠈	足	15	
䠉	足	15	
䠊	足	15	
䠋	足	15	
䠌	足	15	
䠍	足	16	
䠎	足	16	
䠏	足	16	
䠐	足	16	
䠑	足	16	
䠒	足	16	
䠓	足	16	
䠔	足	16	
䠕	足	16	
䠖	足	16	
䠗	足	17	
䠘	足	17	
䠙	足	17	
䠚	足	17	
䠛	足	17	
䠜	足	17	
䠝	足	17	
䠞	足	18	
䠟	足	18	
䠠	足	18	
䠡	足	18	
䠢	足	18	
䠣	足	19	
䠤	足	19	
䠥	足	19	
䠦	足	19	
䠧	足	19	
䠨	足	20	
䠩	足	20	
䠪	足	21	
䠫	足	21	
䠬	足	22	
䠭	足	23	
䠮	足	23	
䠯	足	24	
䠰	足	25	
䠱	足	28	
䠲	身	12	
䠳	身	12	
䠴	身	12	
䠵	身	12	
䠶	身	12	
䠷	身	13	
䠸	身	13	
䠹	身	13	
䠺	身	13	
䠻	身	15	
䠼	身	16	
䠽	身	17	
䠾	身	17	
䠿	身	19	
䡀	身	20	
䡁	身	23	
䡂	車	9	
䡃	車	9	
䡄	車	9	
䡅	車	10	
䡆	車	11	
䡇	車	11	
䡈	車	11	
䡉	車	11	
䡊	車	11	
䡋	車	11	
䡌	車	11	
䡍	車	11	
䡎	車	11	
䡏	車	12	
䡐	車	12	
䡑	車	12	
䡒	車	12	
䡓	車	13	
䡔	車	13	
䡕	車	13	
䡖	車	13	
䡗	車	13	
䡘	車	14	
䡙	車	14	
䡚	車	14	
䡛	車	14	
䡜	車	15	
䡝	車	15	
䡞	車	15	
䡟	車	15	
䡠	車	16	
䡡	車	16	
䡢	車	16	
䡣	車	16	
䡤	車	16	
䡥	車	17	
䡦	車	17	
䡧	車	17	
䡨	車	17	
䡩	車	17	
䡪	車	17	
䡫	車	18	
䡬	車	18	
䡭	車	18	
䡮	車	18	
䡯	車	18	
䡰	車	18	
䡱	車	18	
䡲	車	19	
䡳	車	19	
䡴	車	19	
䡵	車	19	
䡶	車	20	
䡷	車	21	
䡸	車	21	
䡹	車	21	
䡺	車	22	
䡻	車	22	
䡼	車	24	
䡽	車	26	
䡾	車	27	
䡿	車	31	
䢀		10	
䢁		11	
䢂		9	
䢃	辛	15	
䢄	辛	20	
䢅	辰	13	
䢆	辰	14	
䢇	辰	15	
䢈	辰	20	
䢉	辰	20	
䢊	辵	7	
䢋	辵	7	
䢌	辵	8	
䢍	辵	8	
䢎	辵	8	
䢏	辵	8	
䢐	辵	9	
䢑	辵	9	
䢒	辵	10	
䢓	辵	10	
䢔	辵	10	
䢕	辵	10	
䢖	辵	10	
䢗	辵	10	
䢘	辵	10	
䢙	辵	11	
䢚	辵	11	
䢛	辵	11	
䢜	辵	12	
䢝	辵	12	
䢞	辵	12	
䢟	辵	12	
䢠	辵	12	
䢡	辵	13	
䢢	辵	14	
䢣	辵	14	
䢤	辵	14	
䢥	辵	14	
䢦	辵	15	
䢧	辵	15	
䢨	辵	15	
䢩	辵	15	
䢪	辵	16	
䢫	辵	16	
䢬	辵	16	
䢭	辵	16	
䢮	辵	17	
䢯	辵	18	
䢰	辵	18	
䢱	辵	19	
䢲	辵	24	
䢳	邑	5	
䢴	邑	6	
䢵	邑	7	
䢶	邑	7	
䢷	邑	7	
䢸	邑	8	
䢹	邑	8	
䢺	邑	8	
䢻	邑	9	
䢼	邑	9	
䢽	邑	13	
䢾	邑	9	
䢿	邑	9	
䣀	邑	9	
䣁	邑	9	
䣂	邑	9	
䣃	邑	10	
䣄	邑	10	
䣅	邑	10	
䣆	邑	10	
䣇	邑	10	
䣈	邑	14	
䣉	邑	14	
䣊	邑	11	
䣋	邑	11	
䣌	邑	11	
䣍	邑	11	
䣎	邑	11	
䣏	邑	11	
䣐	邑	12	
䣑	邑	12	
䣒	邑	12	
䣓	邑	13	
䣔	邑	13	
䣕	邑	13	
䣖	邑	17	
䣗	邑	13	
䣘	邑	14	
䣙	邑	14	
䣚	邑	14	
䣛	邑	14	
䣜	邑	14	
䣝	邑	15	
䣞	邑	15	
䣟	邑	15	
䣠	邑	15	
䣡	邑	16	
䣢	邑	17	
䣣	邑	23	
䣤	邑	23	
䣥	酉	9	
䣦	酉	9	
䣧	酉	10	
䣨	酉	10	
䣩	酉	11	
䣪	酉	11	
䣫	酉	11	
䣬	酉	11	
䣭	酉	11	
䣮	酉	12	
䣯	酉	12	
䣰	酉	12	
䣱	酉	13	
䣲	酉	12	
䣳	酉	12	
䣴	酉	13	
䣵	酉	13	
䣶	酉	13	
䣷	酉	13	
䣸	酉	13	
䣹	酉	13	
䣺	酉	14	
䣻	酉	14	
䣼	酉	15	
䣽	酉	15	
䣾	酉	15	
䣿	酉	15	
䤀	酉	16	
䤁	酉	16	
䤂	酉	16	
䤃	酉	16	
䤄	酉	16	
䤅	酉	16	
䤆	酉	16	
䤇	酉	16	
䤈	酉	16	
䤉	酉	17	
䤊	酉	17	
䤋	酉	17	
䤌	酉	17	
䤍	酉	18	
䤎	酉	19	
䤏	酉	19	
䤐	酉	19	
䤑	酉	19	
䤒	酉	19	
䤓	酉	21	
䤔	酉	21	
䤕	酉	22	
䤖	酉	22	
䤗	酉	24	
䤘	酉	24	
䤙	酉	28	
䤚	里	11	
䤛	金	10	
䤜	金	11	
䤝	金	12	
䤞	金	12	
䤟	金	12	
䤠	金	12	
䤡	金	13	
䤢	金	13	
䤣	金	13	
䤤	金	14	
䤥	金	14	
䤦	金	14	
䤧	金	14	
䤨	金	14	
䤩	金	14	
䤪	金	14	
䤫	金	15	
䤬	金	15	
䤭	金	15	
䤮	金	15	
䤯	金	15	
䤰	金	15	
䤱	金	15	
䤲	金	15	
䤳	金	16	
䤴	金	16	
䤵	金	16	
䤶	金	16	
䤷	金	17	
䤸	金	17	
䤹	金	17	
䤺	金	17	
䤻	金	17	
䤼	金	17	
䤽	金	18	
䤾	金	18	
䤿	金	18	
䥀	金	18	
䥁	金	18	
䥂	金	18	
䥃	金	18	
䥄	金	18	
䥅	金	18	
䥆	金	18	
䥇	金	18	
䥈	金	19	
䥉	金	19	
䥊	金	19	
䥋	金	19	
䥌	金	19	
䥍	金	19	
䥎	金	19	
䥏	金	19	
䥐	金	19	
䥑	金	19	
䥒	金	19	
䥓	金	19	
䥔	金	20	
䥕	金	20	
䥖	金	20	
䥗	金	20	
䥘	金	20	
䥙	金	20	
䥚	金	20	
䥛	金	20	
䥜	金	20	
䥝	金	21	
䥞	金	21	
䥟	金	21	
䥠	金	21	
䥡	金	21	
䥢	金	21	
䥣	金	21	
䥤	金	21	
䥥	金	21	
䥦	金	21	
䥧	金	22	
䥨	金	22	
䥩	金	22	
䥪	金	22	
䥫	金	22	
䥬	金	22	
䥭	金	22	
䥮	金	22	
䥯	金	23	
䥰	金	23	
䥱	金	23	
䥲	金	23	
䥳	金	23	
䥴	金	23	
䥵	金	24	
䥶	金	24	
䥷	金	24	
䥸	金	25	
䥹	金	29	
䥺		12	
䥻		12	
䥼		12	
䥽		13	
䥾		13	
䥿		13	
䦀		14	
䦁		15	
䦂		18	
䦃		20	
䦄		20	
䦅		20	
䦆		28	
䦇	長	11	
䦈	長	13	
䦉	長	13	
䦊	長	14	
䦋	長	19	
䦌	門	11	
䦍	門	11	
䦎	門	12	
䦏	門	12	
䦐	門	12	
䦑	門	12	
䦒	門	13	
䦓	門	13	
䦔	門	13	
䦕	門	14	
䦖	門	14	
䦗	門	14	
䦘	門	14	
䦙	門	14	
䦚	門	14	
䦛	門	14	
䦜	門	15	
䦝	門	15	
䦞	門	15	
䦟	門	15	
䦠	門	16	
䦡	門	16	
䦢	門	16	
䦣	門	16	
䦤	門	16	
䦥	門	16	
䦦	門	16	
䦧	門	16	
䦨	門	16	
䦩	門	17	
䦪	門	17	
䦫	門	17	
䦬	門	17	
䦭	門	17	
䦮	門	17	
䦯	門	17	
䦰	門	19	
䦱	門	20	
䦲	門	21	
䦳	門	21	
䦴	門	21	
䦵	門	22	
䦶		14	
䦷		15	
䦸		17	
䦹	阜	5	
䦺	阜	5	
䦻	阜	6	
䦼	阜	7	
䦽	阜	7	
䦾	阜	10	
䦿	阜	7	
䧀	阜	7	
䧁	阜	8	
䧂	阜	8	
䧃	阜	8	
䧄	阜	9	
䧅	阜	9	
䧆	阜	9	
䧇	阜	9	
䧈	阜	9	
䧉	阜	10	
䧊	阜	10	
䧋	阜	10	
䧌	阜	10	
䧍	阜	10	
䧎	阜	10	
䧏	阜	10	
䧐	阜	11	
䧑	阜	11	
䧒	阜	11	
䧓	阜	11	
䧔	阜	11	
䧕	阜	11	
䧖	阜	11	
䧗	阜	12	
䧘	阜	12	
䧙	阜	12	
䧚	阜	13	
䧛	阜	13	
䧜	阜	13	
䧝	阜	13	
䧞	阜	13	
䧟	阜	13	
䧠	阜	14	
䧡	阜	14	
䧢	阜	14	
䧣	阜	14	
䧤	阜	15	
䧥	阜	15	
䧦	阜	15	
䧧	阜	16	
䧨	阜	16	
䧩	阜	15	
䧪	阜	16	
䧫	阜	17	
䧬	阜	17	
䧭	阜	17	
䧮	阜	19	
䧯	阜	20	
䧰	阜	21	
䧱	隹	10	
䧲	隹	11	
䧳	隹	11	
䧴	隹	12	
䧵	隹	12	
䧶	隹	12	
䧷	隹	13	
䧸	隹	13	
䧹	隹	13	
䧺	隹	13	
䧻	隹	14	
䧼	隹	15	
䧽	隹	15	
䧾	隹	16	
䧿	隹	16	
䨀	米	16	
䨁	隹	17	
䨂	隹	17	
䨃	隹	18	
䨄	隹	19	
䨅	隹	20	
䨆	隹	20	
䨇	隹	20	
䨈	隹	22	
䨉	隹	25	
䨊	隹	32	
䨋	雨	11	
䨌	雨	12	
䨍	雨	12	
䨎	雨	13	
䨏	雨	14	
䨐	雨	14	
䨑	雨	14	
䨒	雨	14	
䨓	雨	14	
䨔	雨	14	
䨕	雨	14	
䨖	雨	14	
䨗	雨	15	
䨘	雨	15	
䨙	雨	15	
䨚	雨	16	
䨛	雨	16	
䨜	雨	16	
䨝	雨	16	
䨞	雨	17	
䨟	雨	17	
䨠	雨	17	
䨡	雨	17	
䨢	雨	17	
䨣	雨	17	
䨤	雨	17	
䨥	雨	18	
䨦	雨	18	
䨧	雨	18	
䨨	雨	18	
䨩	雨	18	
䨪	雨	18	
䨫	雨	19	
䨬	雨	19	
䨭	雨	19	
䨮	雨	19	
䨯	雨	19	
䨰	雨	20	
䨱	雨	20	
䨲	雨	22	
䨳	雨	22	
䨴	雨	22	
䨵	雨	23	
䨶	雨	23	
䨷	雨	24	
䨸	雨	25	
䨹	雨	27	
䨺	雨	36	
䨻	雨	52	
䨼	靑	22	
䨽	非	11	
䨾	非	11	
䨿	非	12	
䩀	非	15	
䩁	非	20	
䩂	面	13	
䩃	面	13	
䩄	面	13	
䩅	面	14	
䩆	面	14	
䩇	面	14	
䩈	面	16	
䩉	面	16	
䩊	面	17	
䩋	面	20	
䩌	面	21	
䩍	面	21	
䩎	面	22	
䩏	面	24	
䩐	革	12	
䩑	革	12	
䩒	革	12	
䩓	革	13	
䩔	革	13	
䩕	革	13	
䩖	革	13	
䩗	革	13	
䩘	革	13	
䩙	革	14	
䩚	革	14	
䩛	革	14	
䩜	革	14	
䩝	革	14	
䩞	革	14	
䩟	革	15	
䩠	革	16	
䩡	革	16	
䩢	革	16	
䩣	革	16	
䩤	革	16	
䩥	革	16	
䩦	革	16	
䩧	革	16	
䩨	革	17	
䩩	革	17	
䩪	革	17	
䩫	革	17	
䩬	革	17	
䩭	革	17	
䩮	革	17	
䩯	革	18	
䩰	革	18	
䩱	革	18	
䩲	革	18	
䩳	革	18	
䩴	革	18	
䩵	革	18	
䩶	革	19	
䩷	革	19	
䩸	革	19	
䩹	革	19	
䩺	革	19	
䩻	革	19	
䩼	革	20	
䩽	革	20	
䩾	革	20	
䩿	革	21	
䪀	革	21	
䪁	革	21	
䪂	革	21	
䪃	革	21	
䪄	革	21	
䪅	革	22	
䪆	革	22	
䪇	革	23	
䪈	革	23	
䪉	革	24	
䪊	革	25	
䪋	革	25	
䪌	革	26	
䪍	革	26	
䪎	革	27	
䪏	韋	13	
䪐	韋	14	
䪑	韋	14	
䪒	韋	14	
䪓	韋	14	
䪔	韋	16	
䪕	韋	17	
䪖	韋	18	
䪗	韋	18	
䪘	韋	18	
䪙	韋	19	
䪚	韋	19	
䪛	韋	21	
䪜	韋	22	
䪝	韋	23	
䪞	韭	13	
䪟	韭	15	
䪠	韭	17	
䪡	韭	19	
䪢	韭	19	
䪣	韭	20	
䪤	韭	21	
䪥	韭	23	
䪦	音	12	
䪧	音	12	
䪨	音	12	
䪩	音	13	
䪪	音	14	
䪫	音	16	
䪬	音	16	
䪭	音	18	
䪮	音	19	
䪯	音	19	
䪰	音	22	
䪱	頁	12	
䪲	頁	12	
䪳	頁	13	
䪴	頁	13	
䪵	頁	13	
䪶	頁	14	
䪷	頁	14	
䪸	頁	14	
䪹	頁	14	
䪺	頁	14	
䪻	頁	14	
䪼	頁	14	
䪽	頁	14	
䪾	頁	14	
䪿	頁	15	
䫀	頁	15	
䫁	頁	15	
䫂	頁	15	
䫃	頁	16	
䫄	頁	16	
䫅	頁	16	
䫆	頁	16	
䫇	頁	16	
䫈	頁	16	
䫉	頁	16	
䫊	頁	16	
䫋	頁	17	
䫌	頁	17	
䫍	頁	17	
䫎	頁	17	
䫏	頁	17	
䫐	頁	17	
䫑	頁	17	
䫒	頁	17	
䫓	頁	17	
䫔	頁	18	
䫕	頁	18	
䫖	頁	18	
䫗	頁	18	
䫘	頁	18	
䫙	頁	18	
䫚	頁	18	
䫛	頁	18	
䫜	頁	18	
䫝	頁	18	
䫞	頁	19	
䫟	頁	19	
䫠	頁	19	
䫡	頁	19	
䫢	頁	19	
䫣	頁	19	
䫤	頁	19	
䫥	頁	19	
䫦	頁	19	
䫧	頁	19	
䫨	頁	20	
䫩	頁	20	
䫪	頁	20	
䫫	頁	20	
䫬	頁	21	
䫭	頁	21	
䫮	頁	21	
䫯	頁	21	
䫰	頁	21	
䫱	頁	21	
䫲	頁	22	
䫳	頁	22	
䫴	頁	22	
䫵	頁	24	
䫶	頁	24	
䫷	頁	25	
䫸	風	11	
䫹	風	12	
䫺	風	13	
䫻	風	13	
䫼	風	13	
䫽	風	13	
䫾	風	14	
䫿	風	14	
䬀	風	14	
䬁	風	14	
䬂	風	14	
䬃	風	14	
䬄	風	15	
䬅	風	15	
䬆	風	16	
䬇	風	16	
䬈	風	16	
䬉	風	16	
䬊	風	16	
䬋	風	17	
䬌	風	17	
䬍	風	17	
䬎	風	17	
䬏	風	17	
䬐	風	17	
䬑	風	18	
䬒	風	18	
䬓	風	18	
䬔	風	18	
䬕	風	18	
䬖	風	18	
䬗	風	18	
䬘	風	19	
䬙	風	19	
䬚	風	19	
䬛	風	20	
䬜	風	20	
䬝	風	21	
䬞	風	23	
䬟	風	24	
䬠	飛	17	
䬡	飛	18	
䬢	食	11	
䬣	食	12	
䬤	食	12	
䬥	食	12	
䬦	食	13	
䬧	食	13	
䬨	食	13	
䬩	食	13	
䬪	食	13	
䬫	食	14	
䬬	食	14	
䬭	食	14	
䬮	食	14	
䬯	食	14	
䬰	食	14	
䬱	食	14	
䬲	食	14	
䬳	食	14	
䬴	食	14	
䬵	食	15	
䬶	食	15	
䬷	食	15	
䬸	食	15	
䬹	食	15	
䬺	食	15	
䬻	食	15	
䬼	食	16	
䬽	食	16	
䬾	食	16	
䬿	食	16	
䭀	食	16	
䭁	食	16	
䭂	食	16	
䭃	食	17	
䭄	食	17	
䭅	食	17	
䭆	食	17	
䭇	食	17	
䭈	食	18	
䭉	食	18	
䭊	食	18	
䭋	食	18	
䭌	食	18	
䭍	食	18	
䭎	食	18	
䭏	食	18	
䭐	食	19	
䭑	食	19	
䭒	食	19	
䭓	食	19	
䭔	食	19	
䭕	食	20	
䭖	食	20	
䭗	食	20	
䭘	食	21	
䭙	食	21	
䭚	食	21	
䭛	食	21	
䭜	食	21	
䭝	食	22	
䭞	食	22	
䭟	食	22	
䭠	食	22	
䭡	食	23	
䭢	食	23	
䭣	食	23	
䭤	食	23	
䭥	食	24	
䭦	食	26	
䭧	食	26	
䭨	食	27	
䭩	食	28	
䭪		21	
䭫	首	15	
䭬	首	15	
䭭	首	18	
䭮	首	19	
䭯	香	14	
䭰	香	17	
䭱	香	17	
䭲	香	17	
䭳	香	27	
䭴	馬	12	
䭵	馬	13	
䭶	馬	13	
䭷	馬	14	
䭸	馬	14	
䭹	馬	14	
䭺	馬	14	
䭻	馬	14	
䭼	馬	14	
䭽	馬	14	
䭾	馬	14	
䭿	馬	15	
䮀	馬	15	
䮁	馬	15	
䮂	馬	15	
䮃	馬	15	
䮄	馬	15	
䮅	馬	15	
䮆	馬	16	
䮇	馬	16	
䮈	馬	16	
䮉	馬	16	
䮊	馬	16	
䮋	馬	16	
䮌	馬	16	
䮍	馬	16	
䮎	馬	17	
䮏	馬	17	
䮐	馬	17	
䮑	馬	17	
䮒	馬	17	
䮓	馬	18	
䮔	馬	18	
䮕	馬	18	
䮖	馬	18	
䮗	馬	18	
䮘	馬	18	
䮙	馬	18	
䮚	馬	18	
䮛	馬	18	
䮜	馬	19	
䮝	馬	19	
䮞	馬	19	
䮟	馬	19	
䮠	馬	19	
䮡	馬	19	
䮢	馬	19	
䮣	馬	20	
䮤	馬	20	
䮥	馬	20	
䮦	馬	20	
䮧	馬	20	
䮨	馬	20	
䮩	馬	20	
䮪	馬	21	
䮫	馬	21	
䮬	馬	21	
䮭	馬	21	
䮮	馬	21	
䮯	馬	21	
䮰	馬	21	
䮱	馬	21	
䮲	馬	22	
䮳	馬	22	
䮴	馬	22	
䮵	馬	22	
䮶	馬	22	
䮷	馬	23	
䮸	馬	23	
䮹	馬	23	
䮺	馬	24	
䮻	馬	24	
䮼	馬	24	
䮽	馬	25	
䮾	馬	26	
䮿	馬	27	
䯀	馬	28	
䯁	馬	29	
䯂	馬	34	
䯃		16	
䯄		17	
䯅		20	
䯆	骨	11	
䯇	骨	12	
䯈	骨	14	
䯉	骨	14	
䯊	骨	15	
䯋	骨	15	
䯌	骨	15	
䯍	骨	15	
䯎	骨	15	
䯏	骨	16	
䯐	骨	16	
䯑	骨	16	
䯒	骨	16	
䯓	骨	16	
䯔	骨	16	
䯕	骨	17	
䯖	骨	17	
䯗	骨	17	
䯘	骨	17	
䯙	骨	17	
䯚	骨	17	
䯛	骨	18	
䯜	骨	18	
䯝	骨	19	
䯞	骨	19	
䯟	骨	19	
䯠	骨	19	
䯡	骨	20	
䯢	骨	21	
䯣	骨	22	
䯤	骨	23	
䯥	骨	24	
䯦	骨	25	
䯧	高	12	
䯨	高	13	
䯩	高	14	
䯪	高	19	
䯫	高	22	
䯬	高	25	
䯭	髟	12	
䯮	髟	12	
䯯	髟	14	
䯰	髟	14	
䯱	髟	14	
䯲	髟	14	
䯳	髟	14	
䯴	髟	14	
䯵	髟	15	
䯶	髟	15	
䯷	髟	16	
䯸	髟	16	
䯹	髟	17	
䯺	髟	17	
䯻	髟	17	
䯼	髟	17	
䯽	髟	18	
䯾	髟	18	
䯿	髟	18	
䰀	髟	18	
䰁	髟	18	
䰂	髟	18	
䰃	髟	18	
䰄	髟	19	
䰅	髟	19	
䰆	髟	19	
䰇	髟	19	
䰈	髟	20	
䰉	髟	20	
䰊	髟	20	
䰋	髟	20	
䰌	髟	21	
䰍	髟	21	
䰎	髟	22	
䰏	髟	24	
䰐	髟	24	
䰑	髟	24	
䰒	髟	24	
䰓	髟	25	
䰔	髟	25	
䰕	髟	26	
䰖	髟	29	
䰗	鬥	20	
䰘	鬥	21	
䰙	鬲	14	
䰚	鬲	14	
䰛	鬲	15	
䰜	鬲	16	
䰝	鬲	22	
䰞	鬲	25	
䰟	鬼	14	
䰠	鬼	15	
䰡	鬼	15	
䰢	鬼	16	
䰣	鬼	16	
䰤	鬼	18	
䰥	鬼	18	
䰦	鬼	18	
䰧	鬼	18	
䰨	鬼	19	
䰩	鬼	19	
䰪	鬼	20	
䰫	鬼	22	
䰬	鬼	22	
䰭	鬼	22	
䰮	鬼	23	
䰯	鬼	24	
䰰	鬼	24	
䰱	鬼	34	
䰲	魚	12	
䰳	魚	13	
䰴	魚	14	
䰵	魚	14	
䰶	魚	14	
䰷	魚	15	
䰸	魚	15	
䰹	魚	15	
䰺	魚	15	
䰻	魚	15	
䰼	魚	15	
䰽	魚	15	
䰾	魚	15	
䰿	魚	16	
䱀	魚	16	
䱁	魚	16	
䱂	魚	16	
䱃	魚	16	
䱄	魚	16	
䱅	魚	16	
䱆	魚	16	
䱇	魚	16	
䱈	魚	16	
䱉	魚	16	
䱊	魚	17	
䱋	魚	17	
䱌	魚	17	
䱍	魚	17	
䱎	魚	17	
䱏	魚	18	
䱐	魚	18	
䱑	魚	18	
䱒	魚	18	
䱓	魚	18	
䱔	魚	18	
䱕	魚	18	
䱖	魚	18	
䱗	魚	18	
䱘	魚	18	
䱙	魚	19	
䱚	魚	19	
䱛	魚	19	
䱜	魚	19	
䱝	魚	19	
䱞	魚	19	
䱟	魚	19	
䱠	魚	19	
䱡	魚	19	
䱢	魚	19	
䱣	魚	19	
䱤	魚	19	
䱥	魚	19	
䱦	魚	19	
䱧	魚	19	
䱨	魚	19	
䱩	魚	19	
䱪	魚	19	
䱫	魚	20	
䱬	魚	20	
䱭	魚	20	
䱮	魚	20	
䱯	魚	20	
䱰	魚	20	
䱱	魚	20	
䱲	魚	20	
䱳	魚	20	
䱴	魚	20	
䱵	魚	21	
䱶	魚	21	
䱷	魚	21	
䱸	魚	21	
䱹	魚	21	
䱺	魚	21	
䱻	魚	21	
䱼	魚	21	
䱽	魚	21	
䱾	魚	22	
䱿	魚	22	
䲀	魚	22	
䲁	魚	22	
䲂	魚	22	
䲃	魚	22	
䲄	魚	22	
䲅	魚	22	
䲆	魚	22	
䲇	魚	22	
䲈	魚	22	
䲉	魚	23	
䲊	魚	23	
䲋	魚	23	
䲌	魚	23	
䲍	魚	23	
䲎	魚	23	
䲏	魚	23	
䲐	魚	24	
䲑	魚	24	
䲒	魚	24	
䲓	魚	24	
䲔	魚	24	
䲕	魚	24	
䲖	魚	25	
䲗	魚	25	
䲘	魚	25	
䲙	魚	26	
䲚	魚	27	
䲛	魚	27	
䲜	魚	44	
䲝		15	
䲞		16	
䲟		16	
䲠		20	
䲡		20	
䲢		21	
䲣		21	
䲤		18	
䲥	鳥	13	
䲦	鳥	14	
䲧	鳥	14	
䲨	鳥	14	
䲩	鳥	14	
䲪	鳥	14	
䲫	鳥	14	
䲬	鳥	15	
䲭	鳥	15	
䲮	鳥	15	
䲯	鳥	15	
䲰	鳥	15	
䲱	鳥	15	
䲲	鳥	15	
䲳	鳥	15	
䲴	鳥	15	
䲵	鳥	15	
䲶	鳥	15	
䲷	鳥	15	
䲸	鳥	15	
䲹	鳥	16	
䲺	鳥	16	
䲻	鳥	16	
䲼	鳥	16	
䲽	鳥	16	
䲾	鳥	16	
䲿	鳥	16	
䳀	鳥	16	
䳁	鳥	16	
䳂	鳥	16	
䳃	鳥	16	
䳄	鳥	16	
䳅	鳥	16	
䳆	鳥	16	
䳇	鳥	16	
䳈	鳥	16	
䳉	鳥	16	
䳊	鳥	16	
䳋	鳥	17	
䳌	鳥	17	
䳍	鳥	17	
䳎	鳥	17	
䳏	鳥	17	
䳐	鳥	17	
䳑	鳥	17	
䳒	鳥	17	
䳓	鳥	17	
䳔	鳥	17	
䳕	鳥	18	
䳖	鳥	18	
䳗	鳥	18	
䳘	鳥	18	
䳙	鳥	18	
䳚	鳥	18	
䳛	鳥	18	
䳜	鳥	18	
䳝	鳥	19	
䳞	鳥	19	
䳟	鳥	19	
䳠	鳥	19	
䳡	鳥	19	
䳢	鳥	19	
䳣	鳥	19	
䳤	鳥	19	
䳥	鳥	19	
䳦	鳥	20	
䳧	鳥	20	
䳨	鳥	20	
䳩	鳥	20	
䳪	鳥	20	
䳫	鳥	20	
䳬	鳥	20	
䳭	鳥	20	
䳮	鳥	20	
䳯	鳥	20	
䳰	鳥	20	
䳱	鳥	21	
䳲	鳥	21	
䳳	鳥	21	
䳴	鳥	21	
䳵	鳥	21	
䳶	鳥	21	
䳷	鳥	22	
䳸	鳥	22	
䳹	鳥	22	
䳺	鳥	22	
䳻	鳥	22	
䳼	鳥	22	
䳽	鳥	22	
䳾	鳥	23	
䳿	鳥	23	
䴀	鳥	23	
䴁	鳥	23	
䴂	鳥	23	
䴃	鳥	23	
䴄	鳥	23	
䴅	鳥	23	
䴆	鳥	23	
䴇	鳥	24	
䴈	鳥	24	
䴉	鳥	24	
䴊	鳥	24	
䴋	鳥	24	
䴌	鳥	25	
䴍	鳥	25	
䴎	鳥	26	
䴏	鳥	27	
䴐	鳥	31	
䴑	鳥	34	
䴒	鳥	35	
䴓		15	
䴔		17	
䴕		17	
䴖		19	
䴗		20	
䴘		21	
䴙		24	
䴚	鹵	15	
䴛	鹵	18	
䴜	鹵	21	
䴝	鹵	23	
䴞	鹵	25	
䴟	鹿	14	
䴠	鹿	15	
䴡	鹿	15	
䴢	鹿	15	
䴣	鹿	16	
䴤	鹿	16	
䴥	鹿	16	
䴦	鹿	18	
䴧	鹿	19	
䴨	鹿	21	
䴩	鹿	22	
䴪	鹿	24	
䴫	鹿	24	
䴬	麥	14	
䴭	麥	14	
䴮	麥	14	
䴯	麥	15	
䴰	麥	15	
䴱	麥	16	
䴲	麥	16	
䴳	麥	16	
䴴	麥	16	
䴵	麥	17	
䴶	麥	18	
䴷	麥	18	
䴸	麥	18	
䴹	麥	19	
䴺	麥	19	
䴻	麥	19	
䴼	麥	19	
䴽	麥	19	
䴾	麥	21	
䴿	麥	21	
䵀	麥	21	
䵁	麥	22	
䵂	麥	22	
䵃	麥	23	
䵄	麥	24	
䵅	麥	22	
䵆	麥	25	
䵇	麻	15	
䵈	麻	20	
䵉	麻	20	
䵊	黃	16	
䵋	黃	18	
䵌	黃	19	
䵍	黃	20	
䵎	黃	21	
䵏	黃	23	
䵐	黃	24	
䵑	黍	15	
䵒	黍	16	
䵓	黍	16	
䵔	黍	20	
䵕	黍	20	
䵖	黍	20	
䵗	黍	21	
䵘	黍	21	
䵙	黍	21	
䵚	黍	22	
䵛	黍	23	
䵜	黍	25	
䵝	黑	13	
䵞	黑	14	
䵟	黑	15	
䵠	黑	17	
䵡	黑	16	
䵢	黑	17	
䵣	黑	17	
䵤	黑	18	
䵥	黑	18	
䵦	黑	18	
䵧	黑	18	
䵨	黑	19	
䵩	黑	19	
䵪	黑	20	
䵫	黑	20	
䵬	黑	20	
䵭	黑	21	
䵮	黑	21	
䵯	黑	21	
䵰	黑	23	
䵱	黑	24	
䵲	黑	25	
䵳	黑	25	
䵴	黑	25	
䵵	黑	26	
䵶	黽	18	
䵷	黽	19	
䵸	黽	22	
䵹	黽	24	
䵺	鼎	16	
䵻	鼎	24	
䵼	鼎	24	
䵽	鼓	18	
䵾	鼓	18	
䵿	鼓	18	
䶀	鼓	19	
䶁	鼓	21	
䶂	鼠	16	
䶃	鼠	17	
䶄	鼠	18	
䶅	鼠	19	
䶆	鼠	21	
䶇	鼠	22	
䶈	鼠	23	
䶉	鼠	23	
䶊	鼻	18	
䶋	鼻	18	
䶌	鼻	19	
䶍	鼻	20	
䶎	鼻	20	
䶏	鼻	21	
䶐	鼻	27	
䶑	鼻	30	
䶒	齊	17	
䶓	齊	17	
䶔	齒	18	
䶕	齒	19	
䶖	齒	19	
䶗	齒	20	
䶘	齒	20	
䶙	齒	20	
䶚	齒	21	
䶛	齒	21	
䶜	齒	22	
䶝	齒	22	
䶞	齒	23	
䶟	齒	23	
䶠	齒	24	
䶡	齒	24	
䶢	齒	24	
䶣	齒	25	
䶤	齒	25	
䶥	齒	26	
䶦	齒	26	
䶧	齒	27	
䶨	齒	28	
䶩	齒	29	
䶪	齒	29	
䶫	齒	35	
䶬	龍	22	
䶭		9	
䶮		9	
䶯	龜	19	
䶰	龜	20	
䶱	龜	21	
䶲	龜	21	
䶳	龠	21	
䶴	龠	25	
䶵	龠	27	
䶶	一	15	
䶷	口	5	
䶸	口	6	
䶹	屮	3	
䶺	月	8	
䶻	月	8	
䶼	月	12	
䶽	月	13	
䶾	欠	12	
䶿	食	10	
一	一	1	
丁	一	2	
丂	一	2	
七	一	2	
丄	一	2	
丅	一	2	
丆	一	2	
万	一	3	
丈	一	3	
三	一	3	
上	一	3	
下	一	3	
丌	一	3	
不	一	4	
与	一	3	
丏	一	4	
丐	一	4	
丑	一	4	
丒	一	4	
专	一	4	
且	一	5	
丕	一	5	
世	一	5	
丗	一	5	
丘	一	5	
丙	一	5	
业	一	5	
丛	一	5	
东	一	5	
丝	一	5	
丞	一	6	
丟	一	6	
丠	一	6	
両	一	6	
丢	一	6	
丣	一	7	
两	一	7	
严	一	7	
並	一	8	
丧	一	8	
丨	丨	1	
丩	丨	2	
个	丨	3	
丫	丨	3	
丬	爿	3	
中	丨	4	
丮	丨	4	
丯	丨	4	
丰	丨	4	
丱	丨	5	
串	丨	7	
丳	丨	8	
临	丨	9	
丵	丨	10	
丶	丶	1	丶
丷	丶	2	
丸	丶	3	
丹	丶	4	
为	丶	4	
主	丶	5	
丼	丶	5	
丽	一	7	
举	丶	9	
丿	丿	1	
乀	丿	1	
乁	丿	1	
乂	丿	2	
乃	丿	2	
乄	丿	2	
久	丿	3	
乆	丿	3	
乇	丿	3	
么	丿	3	
义	丶	3	
乊	丿	3	
之	丿	3	
乌	丿	4	
乍	丿	5	
乎	丿	5	
乏	丿	4	
乐	丿	5	
乑	丿	6	
乒	丿	6	
乓	丿	6	
乔	丿	6	
乕	丿	7	
乖	丿	8	
乗	丿	9	
乘	丿	10	
乙	乙	1	
乚	乙	1	
乛	乙	1	
乜	乙	2	
九	乙	2	
乞	乙	3	
也	乙	3	
习	乙	3	
乡	幺	3	
乢	山	4	
乣	乙	4	
乤	乙	4	
乥	乙	4	
书	乙	4	
乧	乙	5	
乨	乙	6	
乩	乙	6	
乪	乙	6	
乫	乙	6	
乬	乙	6	
乭	乙	6	
乮	乙	6	
乯	乙	6	
买	乙	6	
乱	乙	7	
乲	乙	7	
乳	乙	8	
乴	乙	8	
乵	乙	8	
乶	乙	8	
乷	乙	8	
乸	乙	8	
乹	乙	9	
乺	乙	9	
乻	乙	9	
乼	乙	9	
乽	乙	10	
乾	乙	11	
乿	乙	11	
亀	乙	11	
亁	乙	12	
亂	乙	13	
亃	乙	13	
亄	乙	13	
亅	亅	1	
了	亅	2	
亇	亅	3	
予	亅	4	
争	亅	6	
亊	亅	7	
事	亅	8	
二	二	2	
亍	二	3	
于	二	3	
亏	二	3	
亐	一	3	
云	二	4	
互	二	4	
亓	二	4	
五	二	4	
井	二	4	
亖	二	4	
亗	二	5	
亘	二	6	
亙	二	6	
亚	二	6	
些	二	8	
亜	二	7	
亝	二	8	
亞	二	8	
亟	二	8	
亠	亠	2	
亡	亠	3	
亢	亠	4	
亣	亠	4	
交	亠	6	
亥	亠	6	
亦	亠	6	
产	亠	6	
亨	亠	7	
亩	亠	7	
亪	亠	7	
享	亠	8	
京	亠	8	
亭	亠	9	
亮	亠	9	
亯	亠	9	
亰	亠	9	
亱	亠	9	
亲	亠	9	
亳	亠	10	
亴	亠	12	
亵	亠	12	
亶	亠	13	
亷	亠	13	
亸	亠	16	
亹	亠	22	
人	人	2	
亻	人	2	
亼	人	3	
亽	人	3	
亾	人	3	
亿	人	3	
什	人	4	
仁	人	4	
仂	人	4	
仃	人	4	
仄	人	4	
仅	人	4	
仆	人	4	
仇	人	4	
仈	人	4	
仉	人	4	
今	人	4	
介	人	4	
仌	人	4	
仍	人	4	
从	人	4	
仏	人	4	
仐	人	4	
仑	人	4	
仒	人	4	
仓	人	4	
仔	人	5	
仕	人	5	
他	人	5	
仗	人	5	
付	人	5	
仙	人	5	
仚	人	5	
仛	人	5	
仜	人	5	
仝	人	5	
仞	人	5	
仟	人	5	
仠	人	5	
仡	人	5	
仢	人	5	
代	人	5	
令	人	5	
以	人	4	
仦	人	5	
仧	人	5	
仨	人	5	
仩	人	5	
仪	人	5	
仫	人	5	
们	人	5	
仭	人	5	
仮	人	6	
仯	人	6	
仰	人	6	
仱	人	6	
仲	人	6	
仳	人	6	
仴	人	6	
仵	人	6	
件	人	6	
价	人	6	
仸	人	6	
仹	人	6	
仺	人	5	
任	人	6	
仼	人	6	
份	人	6	
仾	人	6	
仿	人	6	
伀	人	6	
企	人	6	
伂	人	6	
伃	人	6	
伄	人	6	
伅	人	6	
伆	人	6	
伇	人	6	
伈	人	6	
伉	人	6	
伊	人	6	
伋	人	5	
伌	人	6	
伍	人	6	
伎	人	6	
伏	人	6	
伐	人	6	
休	人	6	亻木
伒	人	6	
伓	人	6	
伔	人	6	
伕	人	6	
伖	人	6	
众	人	6	
优	人	6	
伙	人	6	
会	人	6	
伛	人	6	
伜	人	6	
伝	人	6	
伞	人	6	
伟	人	6	
传	人	6	
伡	人	6	
伢	人	6	
伣	人	6	
伤	人	6	
伥	人	6	
伦	人	6	
伧	人	6	
伨	人	6	
伩	人	6	
伪	人	6	
伫	人	6	
伬	人	6	
伭	人	7	
伮	人	7	
伯	人	7	
估	人	7	
伱	人	7	
伲	人	7	
伳	人	7	
伴	人	7	
伵	人	7	
伶	人	7	
伷	人	7	
伸	人	7	
伹	人	7	
伺	人	7	
伻	人	7	
似	人	6	
伽	人	7	
伾	人	7	
伿	人	7	
佀	人	7	
佁	人	7	
佂	人	7	
佃	人	7	
佄	人	7	
佅	人	7	
但	人	7	
佇	人	7	
佈	人	7	
佉	人	7	
佊	人	7	
佋	人	7	
佌	人	8	
位	人	7	
低	人	7	
住	人	7	
佐	人	7	
佑	人	7	
佒	人	7	
体	人	7	亻本木
佔	人	7	
何	人	7	
佖	人	7	
佗	人	7	
佘	人	7	
余	人	7	
佚	人	7	
佛	人	7	
作	人	7	
佝	人	7	
佞	人	7	
佟	人	7	
你	人	7	
佡	人	7	
佢	人	6	
佣	人	7	
佤	人	6	
佥	人	7	
佦	人	7	
佧	人	7	
佨	人	7	
佩	人	8	
佪	人	8	
佫	人	8	
佬	人	8	
佭	人	8	
佮	人	8	
佯	人	8	
佰	人	8	
佱	人	8	
佲	人	8	
佳	人	8	
佴	人	8	
併	人	8	
佶	人	8	
佷	人	8	
佸	人	8	
佹	人	8	
佺	人	8	
佻	人	8	
佼	人	8	
佽	人	8	
佾	人	8	
使	人	8	
侀	人	8	
侁	人	8	
侂	人	8	
侃	人	8	
侄	人	8	
侅	人	8	
來	人	8	
侇	人	8	
侈	人	8	
侉	人	8	
侊	人	8	
例	人	8	
侌	人	8	
侍	人	8	
侎	人	8	
侏	人	8	
侐	人	8	
侑	人	8	
侒	人	8	
侓	人	8	
侔	人	8	
侕	人	8	
侖	人	8	
侗	人	8	
侘	人	8	
侙	人	8	
侚	人	8	
供	人	8	
侜	人	8	
依	人	8	
侞	人	8	
侟	人	8	
侠	人	8	
価	人	8	
侢	人	8	
侣	人	8	
侤	人	8	
侥	人	8	
侦	人	8	
侧	人	8	
侨	人	8	
侩	人	8	
侪	人	8	
侫	人	8	
侬	人	8	
侭	人	8	
侮	人	9	
侯	人	9	
侰	人	9	
侱	人	9	
侲	人	9	
侳	人	9	
侴	人	9	
侵	人	9	
侶	人	9	
侷	人	9	
侸	人	9	
侹	人	8	
侺	人	9	
侻	人	9	
侼	人	9	
侽	人	9	
侾	人	9	
便	人	9	
俀	人	9	
俁	人	9	
係	人	9	
促	人	9	
俄	人	9	
俅	人	9	
俆	人	9	
俇	人	9	
俈	人	9	
俉	人	9	
俊	人	9	
俋	人	9	
俌	人	9	
俍	人	9	
俎	人	9	
俏	人	9	
俐	人	9	
俑	人	9	
俒	人	9	
俓	人	9	
俔	人	9	
俕	人	9	
俖	人	9	
俗	人	9	
俘	人	9	
俙	人	9	
俚	人	9	
俛	人	9	
俜	人	9	
保	人	9	
俞	人	9	
俟	人	9	
俠	人	9	
信	人	9	
俢	人	8	
俣	人	9	
俤	人	9	
俥	人	9	
俦	人	9	
俧	人	9	
俨	人	9	
俩	人	9	
俪	人	9	
俫	人	9	
俬	人	9	
俭	人	9	
修	人	9	
俯	人	10	
俰	人	10	
俱	人	10	
俲	人	10	
俳	人	10	
俴	人	10	
俵	人	10	
俶	人	10	
俷	人	10	
俸	人	10	
俹	人	10	
俺	人	10	
俻	人	10	
俼	人	10	
俽	人	10	
俾	人	10	
俿	人	10	
倀	人	10	
倁	人	10	
倂	人	10	
倃	人	10	
倄	人	10	
倅	人	10	
倆	人	10	
倇	人	10	
倈	人	10	
倉	人	10	
倊	人	10	
個	人	10	
倌	人	10	
倍	人	10	
倎	人	10	
倏	人	10	
倐	人	10	
們	人	10	
倒	人	10	
倓	人	10	
倔	人	10	
倕	人	10	
倖	人	10	
倗	人	10	
倘	人	10	
候	人	10	
倚	人	10	
倛	人	10	
倜	人	10	
倝	人	10	
倞	人	10	
借	人	10	
倠	人	10	
倡	人	10	
倢	人	10	
倣	人	10	
値	人	10	
倥	人	10	
倦	人	10	
倧	人	10	
倨	人	10	
倩	人	10	
倪	人	10	
倫	人	10	
倬	人	10	
倭	人	10	
倮	人	10	
倯	人	10	
倰	人	10	
倱	人	10	
倲	人	10	
倳	人	10	
倴	人	10	
倵	人	10	
倶	人	10	
倷	人	10	
倸	人	10	
倹	人	10	
债	人	10	
倻	人	10	
值	人	10	
倽	人	10	
倾	人	10	
倿	人	10	
偀	人	10	
偁	人	11	
偂	人	11	
偃	人	11	
偄	人	11	
偅	人	11	
偆	人	11	
假	人	11	
偈	人	11	
偉	人	11	
偊	人	11	
偋	人	11	
偌	人	10	
偍	人	11	
偎	人	11	
偏	人	11	
偐	人	11	
偑	人	11	
偒	人	11	
偓	人	11	
偔	人	11	
偕	人	11	
偖	人	10	
偗	人	11	
偘	人	11	
偙	人	11	
做	人	11	
偛	人	11	
停	人	11	
偝	人	11	
偞	人	11	
偟	人	11	
偠	人	11	
偡	人	11	
偢	人	11	
偣	人	11	
偤	人	11	
健	人	10	
偦	人	11	
偧	人	11	
偨	人	12	
偩	人	11	
偪	人	11	
偫	人	11	
偬	人	11	
偭	人	11	
偮	人	11	
偯	人	11	
偰	人	11	
偱	人	11	
偲	人	11	
偳	人	11	
側	人	11	
偵	人	11	
偶	人	11	
偷	人	11	
偸	人	11	
偹	人	11	
偺	人	11	
偻	人	11	
偼	人	11	
偽	人	11	
偾	人	11	
偿	人	11	
傀	人	11	
傁	人	11	
傂	人	12	
傃	人	12	
傄	人	12	
傅	人	12	
傆	人	12	
傇	人	11	
傈	人	12	
傉	人	12	
傊	人	12	
傋	人	12	
傌	人	12	
傍	人	12	
傎	人	12	
傏	人	12	
傐	人	12	
傑	人	12	
傒	人	12	
傓	人	12	
傔	人	12	
傕	人	12	
傖	人	12	
傗	人	12	
傘	人	12	
備	人	12	
傚	人	12	
傛	人	12	
傜	人	12	
傝	人	12	
傞	人	11	
傟	人	12	
傠	人	12	
傡	人	12	
傢	人	12	
傣	人	12	
傤	人	12	
傥	人	12	
傦	人	11	
傧	人	12	
储	人	12	
傩	人	12	
傪	人	13	
傫	人	13	
催	人	13	
傭	人	13	
傮	人	13	
傯	人	13	
傰	人	13	
傱	人	13	
傲	人	12	
傳	人	13	
傴	人	13	
債	人	13	
傶	人	13	
傷	人	13	
傸	人	13	
傹	人	13	
傺	人	13	
傻	人	13	
傼	人	13	
傽	人	13	
傾	人	13	
傿	人	13	
僀	人	13	
僁	人	13	
僂	人	13	
僃	人	12	
僄	人	13	
僅	人	13	
僆	人	12	
僇	人	13	
僈	人	13	
僉	人	13	
僊	人	14	
僋	人	13	
僌	人	13	
働	人	13	
僎	人	14	
像	人	13	
僐	人	14	
僑	人	14	
僒	人	14	
僓	人	14	
僔	人	14	
僕	人	14	
僖	人	14	
僗	人	14	
僘	人	14	
僙	人	13	
僚	人	14	
僛	人	14	
僜	人	14	
僝	人	14	
僞	人	14	
僟	人	14	
僠	人	14	
僡	人	14	
僢	人	14	
僣	人	14	
僤	人	14	
僥	人	14	
僦	人	14	
僧	人	14	
僨	人	14	
僩	人	14	
僪	人	14	
僫	人	14	
僬	人	14	
僭	人	14	
僮	人	14	
僯	人	14	
僰	人	14	
僱	人	14	
僲	人	14	
僳	人	14	
僴	人	14	
僵	人	15	
僶	人	15	
僷	人	14	
僸	人	15	
價	人	15	
僺	人	15	
僻	人	15	
僼	人	15	
僽	人	15	
僾	人	15	
僿	人	15	
儀	人	15	
儁	人	14	
儂	人	15	
儃	人	15	
億	人	15	
儅	人	15	
儆	人	14	
儇	人	15	
儈	人	15	
儉	人	15	
儊	人	15	
儋	人	15	
儌	人	15	
儍	人	15	
儎	人	15	
儏	人	15	
儐	人	16	
儑	人	16	
儒	人	16	
儓	人	16	
儔	人	16	
儕	人	16	
儖	人	16	
儗	人	16	
儘	人	16	
儙	人	15	
儚	人	15	
儛	人	16	
儜	人	16	
儝	人	16	
儞	人	16	
償	人	17	
儠	人	17	
儡	人	17	
儢	人	17	
儣	人	16	
儤	人	17	
儥	人	17	
儦	人	17	
儧	人	17	
儨	人	17	
儩	人	17	
優	人	17	
儫	人	16	
儬	人	17	
儭	人	18	
儮	人	18	
儯	人	18	
儰	人	17	
儱	人	18	
儲	人	17	
儳	人	19	
儴	人	19	
儵	人	18	
儶	人	20	
儷	人	21	
儸	人	21	
儹	人	21	
儺	人	21	
儻	人	22	
儼	人	21	
儽	人	23	
儾	人	24	
儿	儿	2	
兀	儿	3	
允	儿	4	
兂	儿	4	
元	儿	4	
兄	儿	5	
充	儿	6	
兆	儿	6	
兇	儿	6	
先	儿	6	
光	儿	6	
兊	儿	6	
克	儿	7	
兌	儿	7	
免	儿	7	
兎	儿	7	
兏	儿	7	
児	儿	7	
兑	儿	7	
兒	儿	8	
兓	儿	8	
兔	儿	8	
兕	儿	7	
兖	儿	8	
兗	儿	9	
兘	儿	9	
兙	儿	9	
党	儿	10	
兛	儿	10	
兜	儿	11	
兝	儿	11	
兞	儿	11	
兟	儿	12	
兠	儿	12	
兡	儿	13	
兢	儿	14	
兣	儿	16	
兤	儿	20	
入	入	2	
兦	入	3	
內	入	4	
全	入	6	
兩	入	8	
兪	入	9	
八	八	2	
公	八	4	八厶
六	八	4	
兮	八	4	
兯	八	4	
兰	八	5	
共	八	6	
兲	八	6	
关	八	6	
兴	八	6	
兵	八	7	
其	八	8	
具	八	8	
典	八	8	
兹	八	9	
兺	八	10	
养	八	9	
兼	八	10	
兽	八	11	
兾	八	13	
兿	八	13	
冀	八	16	
冁	八	18	
冂	冂	2	
冃	冂	4	
冄	冂	4	
内	冂	4	
円	冂	4	
冇	冂	4	
冈	冂	4	
冉	冂	5	
冊	冂	5	
冋	冂	5	
册	冂	5	
再	冂	6	
冎	冂	5	
冏	冂	7	
冐	冂	8	
冑	冂	9	
冒	冂	9	
冓	冂	10	
冔	冂	10	
冕	冂	11	
冖	冖	2	
冗	冖	4	
冘	冖	4	
写	冖	5	
冚	冖	5	
军	冖	6	
农	冖	6	
冝	冖	7	
冞	冖	8	
冟	冖	9	
冠	冖	9	
冡	冖	10	
冢	冖	10	
冣	冖	10	
冤	冖	10	
冥	冖	10	
冦	冖	10	
冧	冖	10	
冨	冖	11	
冩	冖	14	
冪	冖	15	
冫	冫	2	
冬	冫	5	
冭	冫	5	
冮	冫	5	
冯	冫	5	
冰	冫	6	
冱	冫	6	
冲	冫	6	
决	冫	6	
冴	冫	6	
况	冫	7	
冶	冫	7	
冷	冫	7	
冸	冫	7	
冹	冫	7	
冺	冫	7	
冻	冫	7	
冼	冫	8	
冽	冫	8	
冾	冫	8	
冿	冫	8	
净	冫	8	
凁	冫	9	
凂	冫	9	
凃	冫	9	
凄	冫	10	
凅	冫	10	
准	冫	10	
凇	冫	10	
凈	冫	10	
凉	冫	10	
凊	冫	10	
凋	冫	10	
凌	冫	10	
凍	冫	10	
凎	冫	10	
减	冫	11	
凐	冫	11	
凑	冫	11	
凒	冫	12	
凓	冫	12	
凔	冫	12	
凕	冫	12	
凖	冫	12	
凗	冫	13	
凘	冫	14	
凙	冫	15	
凚	冫	15	
凛	冫	15	
凜	冫	15	
凝	冫	16	
凞	冫	16	
凟	冫	17	
几	几	2	
凡	几	3	
凢	几	3	
凣	几	3	
凤	几	4	
凥	几	5	
処	几	5	
凧	几	5	
凨	几	6	
凩	几	6	
凪	几	6	
凫	几	6	
凬	几	7	
凭	几	8	
凮	几	8	
凯	几	8	
凰	几	11	
凱	几	12	
凲	几	12	
凳	几	14	
凴	几	14	
凵	凵	2	
凶	凵	4	
凷	凵	5	
凸	凵	5	
凹	凵	5	
出	凵	5	
击	凵	5	
凼	凵	6	
函	凵	8	
凾	凵	9	
凿	凵	12	
刀	刀	2	
刁	刀	2	
刂	刀	2	
刃	刀	3	
刄	刀	3	
刅	刀	4	
分	刀	4	
切	刀	4	
刈	刀	4	
刉	刀	5	
刊	刀	5	
刋	刀	5	
刌	刀	5	
刍	刀	5	
刎	刀	6	
刏	刀	6	
刐	刀	6	
刑	刀	6	
划	刀	6	
刓	刀	6	
刔	刀	6	
刕	刀	6	
刖	刀	6	
列	刀	6	
刘	刀	6	
则	刀	6	
刚	刀	6	
创	刀	6	
刜	刀	7	
初	刀	7	
刞	刀	7	
刟	刀	7	
删	刀	7	
刡	刀	7	
刢	刀	7	
刣	刀	7	
判	刀	7	
別	刀	7	
刦	刀	7	
刧	刀	7	
刨	刀	7	
利	刀	7	
刪	刀	7	
别	刀	7	
刬	刀	7	
刭	刀	7	
刮	刀	8	
刯	刀	8	
到	刀	8	
刱	刀	8	
刲	刀	8	
刳	刀	8	
刴	刀	8	
刵	刀	8	
制	刀	8	
刷	刀	8	
券	刀	8	
刹	刀	8	
刺	刀	8	
刻	刀	8	
刼	刀	8	
刽	刀	8	
刾	刀	8	
刿	刀	8	
剀	刀	8	
剁	刀	8	
剂	刀	8	
剃	刀	9	
剄	刀	9	
剅	刀	9	
剆	刀	8	
則	刀	9	
剈	刀	9	
剉	刀	9	
削	刀	9	
剋	刀	9	
剌	刀	9	
前	刀	9	
剎	刀	9	
剏	刀	9	
剐	刀	9	
剑	刀	9	
剒	刀	10	
剓	刀	10	
剔	刀	10	
剕	刀	10	
剖	刀	10	
剗	刀	10	
剘	刀	10	
剙	刀	10	
剚	刀	10	
剛	刀	10	
剜	刀	10	
剝	刀	10	
剞	刀	10	
剟	刀	10	
剠	刀	10	
剡	刀	10	
剢	刀	10	
剣	刀	10	
剤	刀	10	
剥	刀	10	
剦	刀	10	
剧	刀	10	
剨	刀	11	
剩	刀	12	
剪	刀	11	
剫	刀	11	
剬	刀	11	
剭	刀	11	
剮	刀	10	
副	刀	11	
剰	刀	11	
剱	刀	11	
割	刀	12	
剳	刀	11	
剴	刀	12	
創	刀	12	
剶	刀	11	
剷	刀	13	
剸	刀	13	
剹	刀	13	
剺	刀	13	
剻	刀	13	
剼	刀	13	
剽	刀	13	
剾	刀	13	
剿	刀	13	
劀	刀	14	
劁	刀	14	
劂	刀	14	
劃	刀	14	
劄	刀	14	
劅	刀	15	
劆	刀	15	
劇	刀	15	
劈	刀	15	
劉	刀	15	
劊	刀	15	
劋	刀	15	
劌	刀	15	
劍	刀	15	
劎	刀	15	
劏	刀	15	
劐	刀	15	
劑	刀	16	
劒	刀	16	
劓	刀	16	
劔	刀	16	
劕	刀	17	
劖	刀	19	
劗	刀	21	
劘	刀	21	
劙	刀	23	
劚	刀	23	
力	力	2	
劜	力	3	
劝	力	4	
办	力	4	
功	力	5	
加	力	5	
务	力	5	
劢	力	5	
劣	力	6	
劤	力	6	
劥	力	6	
劦	力	6	
劧	力	6	
动	力	6	
助	力	7	
努	力	7	
劫	力	7	
劬	力	7	
劭	力	7	
劮	力	7	
劯	力	7	
劰	力	7	
励	力	7	
劲	力	7	
劳	力	7	
労	力	7	
劵	力	8	
劶	力	8	
劷	力	8	
劸	力	8	
効	力	8	
劺	力	8	
劻	力	8	
劼	力	8	
劽	力	8	
劾	力	8	
势	力	8	
勀	力	9	
勁	力	9	
勂	力	9	
勃	力	9	
勄	力	9	
勅	力	9	
勆	力	8	
勇	力	9	
勈	力	9	
勉	力	9	
勊	力	9	
勋	力	9	
勌	力	10	
勍	力	10	
勎	力	10	
勏	力	10	
勐	力	10	
勑	力	10	
勒	力	11	
勓	力	11	
勔	力	11	
動	力	11	
勖	力	11	
勗	日	11	
勘	力	11	
務	力	10	
勚	力	11	
勛	力	12	
勜	力	12	
勝	力	12	
勞	力	12	
募	力	12	
勠	力	13	
勡	力	13	
勢	力	13	埶力
勣	力	13	
勤	力	13	
勥	力	14	
勦	力	13	
勧	力	13	
勨	力	13	
勩	力	14	
勪	力	14	
勫	力	14	
勬	力	14	
勭	力	14	
勮	力	15	
勯	力	15	
勰	力	15	
勱	力	14	
勲	力	15	
勳	力	16	
勴	力	17	
勵	力	16	
勶	力	17	
勷	力	19	
勸	力	19	
勹	勹	2	
勺	勹	3	
勻	勹	4	
勼	勹	4	
勽	勹	4	
勾	勹	4	
勿	勹	4	
匀	勹	4	
匁	勹	4	
匂	勹	4	
匃	勹	5	
匄	勹	5	
包	勹	5	
匆	勹	5	
匇	勹	5	
匈	勹	6	
匉	勹	7	
匊	勹	8	
匋	勹	8	
匌	勹	8	
匍	勹	9	
匎	勹	10	
匏	勹	11	
匐	勹	11	
匑	勹	12	
匒	勹	11	
匓	勹	11	
匔	勹	15	
匕	匕	2	
化	匕	4	
北	匕	5	
匘	匕	11	
匙	匕	11	
匚	匚	2	
匛	匚	5	
匜	匚	5	
匝	匚	5	
匞	匚	5	
匟	匚	6	
匠	匚	6	
匡	匚	6	
匢	匚	6	
匣	匚	7	
匤	匚	7	
匥	匚	7	
匦	匚	8	
匧	匚	9	
匨	匚	9	
匩	匚	9	
匪	匚	10	
匫	匚	10	
匬	匚	11	
匭	匚	11	
匮	匚	11	
匯	匚	13	
匰	匚	14	
匱	匚	14	
匲	匚	14	
匳	匚	15	
匴	匚	16	
匵	匚	17	
匶	匚	19	
匷	匚	20	
匸	匸	2	
匹	匸	4	
区	匸	4	
医	匸	7	
匼	匸	8	
匽	匸	9	
匾	匸	11	
匿	匸	10	
區	匸	11	
十	十	2	
卂	十	3	
千	十	3	
卄	一	3	
卅	十	4	
卆	十	4	
升	十	4	
午	十	4	
卉	十	5	
半	十	5	
卋	十	6	
卌	十	5	
卍	十	4	
华	十	6	
协	十	6	
卐	十	4	
卑	十	8	
卒	十	8	
卓	十	8	
協	十	8	
单	十	8	
卖	十	8	
南	十	9	
単	十	9	
卙	十	11	
博	十	12	
卛	十	21	
卜	卜	2	
卝	卜	4	
卞	卜	4	
卟	卜	5	
占	卜	5	
卡	卜	5	
卢	卜	5	
卣	卜	7	
卤	卜	7	
卥	卜	8	
卦	卜	8	
卧	卜	8	
卨	卜	10	
卩	卩	2	
卪	卩	3	
卫	卩	3	
卬	卩	4	
卭	卩	5	
卮	卩	5	
卯	卩	5	
印	卩	5	
危	卩	6	
卲	卩	7	
即	卩	7	
却	卩	7	
卵	卩	7	
卶	卩	8	
卷	卩	8	
卸	卩	9	
卹	卩	8	
卺	卩	8	
卻	卩	9	
卼	卩	9	
卽	卩	9	
卾	卩	11	
卿	卩	10	
厀	卩	13	
厁	卩	13	
厂	厂	2	
厃	厂	4	
厄	厂	4	
厅	厂	4	
历	厂	4	
厇	厂	5	
厈	厂	5	
厉	厂	5	
厊	厂	6	
压	厂	6	
厌	厂	6	
厍	厂	6	
厎	厂	7	
厏	厂	7	
厐	厂	7	
厑	厂	7	
厒	厂	8	
厓	厂	8	
厔	厂	8	
厕	厂	8	
厖	厂	9	
厗	厂	9	
厘	厂	9	
厙	厂	9	
厚	厂	9	
厛	厂	9	
厜	厂	10	
厝	厂	10	
厞	厂	10	
原	厂	10	
厠	厂	11	
厡	厂	11	
厢	厂	11	
厣	厂	11	
厤	厂	12	
厥	厂	12	
厦	厂	12	
厧	厂	12	
厨	厂	12	
厩	厂	11	
厪	厂	13	
厫	厂	12	
厬	厂	14	
厭	厂	14	
厮	厂	14	
厯	厂	13	
厰	厂	14	
厱	厂	15	
厲	厂	14	
厳	厂	16	
厴	厂	19	
厵	厂	30	
厶	厶	2	
厷	厶	4	
厸	厶	4	
厹	厶	4	
厺	厶	5	
去	厶	5	
厼	厶	5	
厽	厶	6	
厾	厶	6	
县	厶	7	
叀	厶	8	
叁	厶	8	
参	厶	8	
參	厶	11	
叄	厶	11	
叅	厶	12	
叆	厶	14	
叇	厶	15	
又	又	2	
叉	又	3	
及	又	3	
友	又	4	
双	又	4	
反	又	4	
収	又	4	
叏	又	5	
叐	又	5	
发	又	5	
叒	又	6	
叓	又	7	
叔	又	8	
叕	又	8	
取	又	8	
受	又	8	
变	又	8	
叙	又	9	
叚	又	9	
叛	又	9	
叜	又	9	
叝	又	9	
叞	又	10	
叟	又	9	
叠	又	13	
叡	又	16	
叢	又	18	
口	口	3	
古	口	5	
句	口	5	
另	口	5	
叧	口	5	
叨	口	5	
叩	口	5	
只	口	5	
叫	口	5	
召	口	5	
叭	口	5	
叮	口	5	
可	口	5	
台	口	5	
叱	口	5	
史	口	5	
右	口	5	
叴	口	5	
叵	口	5	
叶	口	5	
号	口	5	
司	口	5	
叹	口	5	
叺	口	5	
叻	口	5	
叼	口	5	
叽	口	5	
叾	口	5	
叿	口	6	
吀	口	6	
吁	口	6	
吂	口	6	
吃	口	6	
各	口	6	
吅	口	6	
吆	口	6	
吇	口	6	
合	口	6	
吉	口	6	
吊	口	6	
吋	口	6	
同	口	6	
名	口	6	
后	口	6	
吏	口	6	
吐	口	6	
向	口	6	
吒	口	6	
吓	口	6	
吔	口	6	
吕	口	6	
吖	口	6	
吗	口	6	
吘	口	7	
吙	口	7	
吚	口	7	
君	口	7	
吜	口	7	
吝	口	7	
吞	口	7	
吟	口	7	
吠	口	7	
吡	口	7	
吢	口	7	
吣	口	7	
吤	口	7	
吥	口	7	
否	口	7	
吧	口	7	
吨	口	7	
吩	口	7	
吪	口	7	
含	口	7	
听	口	7	
吭	口	7	
吮	口	7	
启	口	7	
吰	口	7	
吱	口	7	
吲	口	7	
吳	口	7	
吴	口	7	
吵	口	7	
吶	口	7	
吷	口	7	
吸	口	6	
吹	口	7	
吺	口	7	
吻	口	7	
吼	口	7	
吽	口	7	
吾	口	7	
吿	口	7	
呀	口	7	
呁	口	7	
呂	口	7	
呃	口	7	
呄	口	7	
呅	口	7	
呆	口	7	
呇	口	7	
呈	口	7	
呉	口	7	
告	口	7	
呋	口	7	
呌	口	7	
呍	口	7	
呎	口	7	
呏	口	7	
呐	口	7	
呑	口	7	
呒	口	7	
呓	口	7	
呔	口	7	
呕	口	7	
呖	口	7	
呗	口	7	
员	口	7	
呙	口	7	
呚	口	7	
呛	口	7	
呜	口	7	
呝	口	8	
呞	口	8	
呟	口	8	
呠	口	8	
呡	口	8	
呢	口	8	
呣	口	8	
呤	口	8	
呥	口	8	
呦	口	8	
呧	口	8	
周	口	8	
呩	口	8	
呪	口	8	
呫	口	8	
呬	口	8	
呭	口	8	
呮	口	8	
呯	口	8	
呰	口	9	
呱	口	8	
呲	口	9	
味	口	8	
呴	口	8	
呵	口	8	
呶	口	8	
呷	口	8	
呸	口	8	
呹	口	8	
呺	口	8	
呻	口	8	
呼	口	8	
命	口	8	
呾	口	8	
呿	口	8	
咀	口	8	
咁	口	8	
咂	口	8	
咃	口	8	
咄	口	8	
咅	口	8	
咆	口	8	
咇	口	8	
咈	口	8	
咉	口	8	
咊	口	8	
咋	口	8	
和	口	8	
咍	口	8	
咎	口	8	
咏	口	8	
咐	口	8	
咑	口	8	
咒	口	8	
咓	口	7	
咔	口	8	
咕	口	8	
咖	口	8	
咗	口	8	
咘	口	8	
咙	口	8	
咚	口	8	
咛	口	8	
咜	口	8	
咝	口	8	
咞	口	7	
咟	口	9	
咠	口	9	
咡	口	9	
咢	口	9	
咣	口	9	
咤	口	9	
咥	口	9	
咦	口	9	
咧	口	9	
咨	口	9	
咩	口	9	
咪	口	9	
咫	口	9	
咬	口	9	
咭	口	9	
咮	口	9	
咯	口	9	
咰	口	9	
咱	口	9	
咲	口	9	
咳	口	9	
咴	口	9	
咵	口	9	
咶	口	9	
咷	口	9	
咸	口	9	
咹	口	9	
咺	口	9	
咻	口	9	
咼	口	8	
咽	口	9	
咾	口	9	
咿	口	9	
哀	口	9	
品	口	9	
哂	口	9	
哃	口	9	
哄	口	9	
哅	口	9	
哆	口	9	
哇	口	9	
哈	口	9	
哉	口	9	
哊	口	9	
哋	口	9	
哌	口	9	
响	口	9	
哎	口	8	
哏	口	9	
哐	口	9	
哑	口	9	
哒	口	9	
哓	口	9	
哔	口	9	
哕	口	9	
哖	口	9	
哗	口	9	
哘	口	9	
哙	口	9	
哚	口	9	
哛	口	9	
哜	口	9	
哝	口	9	
哞	口	9	
哟	口	9	
哠	口	10	
員	口	10	
哢	口	10	
哣	口	10	
哤	口	10	
哥	口	10	
哦	口	10	
哧	口	10	
哨	口	10	
哩	口	10	
哪	口	9	
哫	口	10	
哬	口	10	
哭	口	10	
哮	口	10	
哯	口	10	
哰	口	10	
哱	口	10	
哲	口	10	
哳	口	10	
哴	口	10	
哵	口	10	
哶	口	10	
哷	口	10	
哸	口	10	
哹	口	10	
哺	口	10	
哻	口	10	
哼	口	10	
哽	口	10	
哾	口	10	
哿	口	10	
唀	口	10	
唁	口	10	
唂	口	10	
唃	口	10	
唄	口	10	
唅	口	10	
唆	口	10	
唇	口	10	
唈	口	10	
唉	口	10	
唊	口	10	
唋	口	10	
唌	口	9	
唍	口	10	
唎	口	10	
唏	口	10	
唐	口	10	
唑	口	10	
唒	口	10	
唓	口	10	
唔	口	10	
唕	口	10	
唖	口	10	
唗	口	10	
唘	口	10	
唙	口	10	
唚	口	10	
唛	口	10	
唜	口	10	
唝	口	10	
唞	口	10	
唟	口	10	
唠	口	10	
唡	口	10	
唢	口	10	
唣	口	10	
唤	口	10	
唥	口	10	
唦	口	10	
唧	口	10	
唨	口	10	
唩	口	11	
唪	口	11	
唫	口	11	
唬	口	11	
唭	口	11	
售	口	11	
唯	口	11	
唰	口	11	
唱	口	11	
唲	口	11	
唳	口	11	
唴	口	10	
唵	口	11	
唶	口	11	
唷	口	11	
唸	口	11	
唹	口	11	
唺	口	11	
唻	口	11	
唼	口	11	
唽	口	11	
唾	口	11	
唿	口	11	
啀	口	11	
啁	口	11	
啂	口	11	
啃	口	11	
啄	口	11	
啅	口	11	
商	口	11	
啇	口	11	
啈	口	11	
啉	口	11	
啊	口	10	
啋	口	11	
啌	口	11	
啍	口	11	
啎	口	11	
問	口	11	
啐	口	11	
啑	口	11	
啒	口	11	
啓	口	11	
啔	口	11	
啕	口	11	
啖	口	11	
啗	口	11	
啘	口	11	
啙	口	12	
啚	口	11	
啛	口	11	
啜	口	11	
啝	口	11	
啞	口	11	
啟	攴	11	
啠	口	11	
啡	口	11	
啢	口	11	
啣	口	12	
啤	口	11	
啥	口	11	
啦	口	11	
啧	口	11	
啨	口	11	
啩	口	11	
啪	口	11	
啫	口	11	
啬	口	11	
啭	口	11	
啮	口	11	
啯	口	11	
啰	口	11	
啱	口	11	
啲	口	11	
啳	口	11	
啴	口	11	
啵	口	11	
啶	口	11	
啷	口	11	
啸	口	11	
啹	口	11	
啺	口	12	
啻	口	12	
啼	口	12	
啽	口	12	
啾	口	12	
啿	口	12	
喀	口	12	
喁	口	12	
喂	口	12	
喃	口	12	
善	口	12	
喅	口	12	
喆	口	12	
喇	口	12	
喈	口	12	
喉	口	12	
喊	口	12	
喋	口	12	
喌	口	12	
喍	口	13	
喎	口	11	
喏	口	11	
喐	口	11	
喑	口	12	
喒	口	12	
喓	口	12	
喔	口	12	
喕	口	12	
喖	口	12	
喗	口	12	
喘	口	12	
喙	口	12	
喚	口	12	
喛	口	12	
喜	口	12	
喝	口	12	
喞	口	12	
喟	口	12	
喠	口	12	
喡	口	12	
喢	口	12	
喣	口	12	
喤	口	12	
喥	口	12	
喦	口	12	
喧	口	12	
喨	口	12	
喩	口	12	
喪	口	12	
喫	口	12	
喬	口	12	
喭	口	12	
單	口	12	
喯	口	11	
喰	口	12	
喱	口	12	
喲	口	12	
喳	口	12	
喴	口	12	
喵	口	11	
営	口	11	
喷	口	12	
喸	口	12	
喹	口	12	
喺	口	12	
喻	口	12	
喼	口	12	
喽	口	12	
喾	口	12	
喿	口	13	
嗀	口	13	
嗁	口	13	
嗂	口	13	
嗃	口	13	
嗄	口	13	
嗅	口	13	
嗆	口	13	
嗇	口	13	
嗈	口	13	
嗉	口	13	
嗊	口	13	
嗋	口	13	
嗌	口	13	
嗍	口	13	
嗎	口	13	
嗏	口	12	
嗐	口	13	
嗑	口	13	
嗒	口	12	
嗓	口	13	
嗔	口	13	
嗕	口	13	
嗖	口	12	
嗗	口	12	
嗘	口	13	
嗙	口	13	
嗚	口	13	
嗛	口	13	
嗜	口	13	
嗝	口	13	
嗞	口	12	
嗟	口	12	
嗠	口	13	
嗡	口	13	
嗢	口	12	
嗣	口	13	
嗤	口	13	
嗥	口	13	
嗦	口	13	
嗧	口	13	
嗨	口	13	
嗩	口	13	
嗪	口	13	
嗫	口	13	
嗬	口	13	
嗭	口	13	
嗮	口	13	
嗯	口	13	
嗰	口	13	
嗱	口	13	
嗲	口	13	
嗳	口	13	
嗴	口	12	
嗵	口	13	
嗶	口	13	
嗷	口	13	
嗸	口	13	
嗹	口	13	
嗺	口	14	
嗻	口	14	
嗼	口	13	
嗽	口	14	
嗾	口	14	
嗿	口	14	
嘀	口	14	
嘁	口	14	
嘂	口	14	
嘃	口	14	
嘄	口	14	
嘅	口	12	
嘆	口	14	
嘇	口	14	
嘈	口	14	
嘉	口	14	
嘊	口	14	
嘋	口	14	
嘌	口	14	
嘍	口	14	
嘎	口	14	
嘏	口	14	
嘐	口	14	
嘑	口	14	
嘒	口	14	
嘓	口	14	
嘔	口	14	
嘕	口	14	
嘖	口	14	
嘗	口	14	
嘘	口	14	
嘙	口	14	
嘚	口	14	
嘛	口	14	
嘜	口	14	
嘝	口	14	
嘞	口	14	
嘟	口	13	
嘠	口	15	
嘡	口	14	
嘢	口	14	
嘣	口	14	
嘤	口	14	
嘥	口	14	
嘦	口	14	
嘧	口	14	
嘨	口	14	
嘩	口	13	
嘪	口	15	
嘫	口	15	
嘬	口	15	
嘭	口	15	
嘮	口	15	
嘯	口	16	
嘰	口	15	
嘱	口	15	
嘲	口	15	
嘳	口	15	
嘴	口	16	
嘵	口	15	
嘶	口	15	
嘷	口	15	
嘸	口	15	
嘹	口	15	
嘺	口	15	
嘻	口	15	
嘼	口	15	
嘽	口	15	
嘾	口	15	
嘿	口	15	
噀	口	15	
噁	口	15	
噂	口	15	
噃	口	15	
噄	口	15	
噅	口	15	
噆	口	15	
噇	口	15	
噈	口	15	
噉	口	14	
噊	口	15	
噋	口	15	
噌	口	15	
噍	口	15	
噎	口	15	
噏	口	15	
噐	口	15	
噑	口	14	
噒	口	15	
噓	口	15	
噔	口	15	
噕	爪	15	
噖	口	15	
噗	口	15	
噘	口	15	
噙	口	15	
噚	口	15	
噛	口	15	
噜	口	15	
噝	口	15	
噞	口	16	
噟	口	16	
噠	口	15	
噡	口	16	
噢	口	15	
噣	口	16	
噤	口	16	
噥	口	16	
噦	口	16	
噧	口	15	
器	口	16	
噩	口	16	
噪	口	16	
噫	口	16	
噬	口	16	
噭	口	16	
噮	口	16	
噯	口	16	
噰	口	16	
噱	口	16	
噲	口	16	
噳	口	16	
噴	口	15	
噵	口	15	
噶	口	15	
噷	口	16	
噸	口	16	
噹	口	16	
噺	口	16	
噻	口	16	
噼	口	16	
噽	口	17	
噾	口	17	
噿	口	17	
嚀	口	17	
嚁	口	17	
嚂	口	17	
嚃	口	16	
嚄	口	16	
嚅	口	17	
嚆	口	16	
嚇	口	17	
嚈	口	17	
嚉	口	17	
嚊	口	17	
嚋	口	17	
嚌	口	17	
嚍	口	17	
嚎	口	17	
嚏	口	17	
嚐	口	17	
嚑	口	17	
嚒	口	17	
嚓	口	17	
嚔	口	18	
嚕	口	18	
嚖	口	18	
嚗	口	18	
嚘	口	18	
嚙	口	18	
嚚	口	18	
嚛	口	18	
嚜	口	18	
嚝	口	17	
嚞	口	18	
嚟	口	18	
嚠	口	18	
嚡	口	18	
嚢	口	18	
嚣	口	18	
嚤	口	18	
嚥	口	19	
嚦	口	19	
嚧	口	19	
嚨	口	19	
嚩	口	19	
嚪	口	19	
嚫	口	19	
嚬	口	19	
嚭	口	19	
嚮	口	17	
嚯	口	19	
嚰	口	19	
嚱	口	20	
嚲	口	20	
嚳	口	20	
嚴	口	19	
嚵	口	20	
嚶	口	20	
嚷	口	20	
嚸	口	20	
嚹	口	20	
嚺	口	20	
嚻	口	21	
嚼	口	20	
嚽	口	20	
嚾	口	20	
嚿	口	20	
囀	口	21	
囁	口	21	
囂	口	21	
囃	口	21	
囄	口	21	
囅	口	22	
囆	口	21	
囇	口	22	
囈	口	21	
囉	口	22	
囊	口	22	
囋	口	22	
囌	口	22	
囍	口	21	
囎	口	22	
囏	口	23	
囐	口	23	
囑	口	24	
囒	口	23	
囓	口	24	
囔	口	25	
囕	口	25	
囖	口	28	
囗	囗	3	
囘	冂	5	
囙	囗	5	
囚	囗	5	
四	囗	5	
囜	囗	5	
囝	囗	6	
回	囗	6	
囟	囗	6	
因	囗	6	
囡	囗	6	
团	囗	6	
団	囗	6	
囤	囗	7	
囥	囗	7	
囦	囗	7	
囧	囗	7	
囨	囗	7	
囩	囗	7	
囪	囗	7	
囫	囗	7	
囬	囗	7	
园	囗	7	
囮	囗	7	
囯	囗	7	
困	囗	7	
囱	囗	7	
囲	囗	7	
図	囗	7	
围	囗	7	
囵	囗	7	
囶	囗	8	
囷	囗	8	
囸	囗	8	
囹	囗	8	
固	囗	8	
囻	囗	8	
囼	囗	8	
国	囗	8	
图	囗	8	
囿	囗	9	
圀	囗	9	
圁	囗	10	
圂	囗	10	
圃	囗	10	
圄	囗	10	
圅	囗	10	
圆	囗	10	
圇	囗	11	
圈	囗	11	
圉	囗	11	
圊	囗	11	
國	囗	11	
圌	囗	12	
圍	囗	12	
圎	囗	12	
圏	囗	12	
圐	囗	12	
圑	囗	13	
園	囗	13	
圓	囗	13	
圔	囗	13	
圕	囗	13	
圖	囗	14	
圗	囗	14	
團	囗	14	
圙	囗	14	
圚	囗	15	
圛	囗	16	
圜	囗	16	
圝	囗	22	
圞	囗	26	
土	土	3	
圠	土	4	
圡	土	4	
圢	土	5	
圣	土	5	
圤	土	5	
圥	土	5	
圦	土	5	
圧	土	5	
在	土	6	
圩	土	6	
圪	土	6	
圫	土	6	
圬	土	6	
圭	土	6	
圮	土	6	
圯	土	6	
地	土	6	
圱	土	6	
圲	土	6	
圳	土	6	
圴	土	6	
圵	土	6	
圶	土	6	
圷	土	6	
圸	土	6	
圹	土	6	
场	土	6	
圻	土	7	
圼	土	7	
圽	土	7	
圾	土	6	
圿	土	7	
址	土	7	
坁	土	7	
坂	土	7	
坃	土	7	
坄	土	7	
坅	土	7	
坆	土	7	
均	土	7	
坈	土	7	
坉	土	7	
坊	土	7	
坋	土	7	
坌	土	7	
坍	土	7	
坎	土	7	
坏	土	7	
坐	土	7	
坑	土	7	
坒	土	7	
坓	土	7	
坔	土	7	
坕	土	7	
坖	土	7	
块	土	7	
坘	土	7	
坙	土	7	
坚	土	7	
坛	土	7	
坜	土	7	
坝	土	7	
坞	土	7	
坟	土	7	
坠	土	7	
坡	土	8	
坢	土	8	
坣	土	8	
坤	土	8	
坥	土	8	
坦	土	8	
坧	土	8	
坨	土	8	
坩	土	8	
坪	土	8	
坫	土	8	
坬	土	8	
坭	土	8	
坮	土	8	
坯	土	8	
坰	土	8	
坱	土	8	
坲	土	8	
坳	土	8	
坴	土	8	
坵	土	8	
坶	土	8	
坷	土	8	
坸	土	8	
坹	土	8	
坺	土	8	
坻	土	8	
坼	土	8	
坽	土	8	
坾	土	8	
坿	土	8	
垀	土	8	
垁	土	8	
垂	土	8	
垃	土	8	
垄	土	8	
垅	土	8	
垆	土	8	
垇	土	8	
垈	土	8	
垉	土	8	
垊	土	8	
型	土	9	
垌	土	9	
垍	土	9	
垎	土	9	
垏	土	9	
垐	土	9	
垑	土	9	
垒	土	9	
垓	土	9	
垔	土	9	
垕	土	9	
垖	土	9	
垗	土	9	
垘	土	9	
垙	土	9	
垚	土	9	
垛	土	9	
垜	土	9	
垝	土	9	
垞	土	9	
垟	土	9	
垠	土	9	
垡	土	9	
垢	土	9	
垣	土	9	
垤	土	9	
垥	土	9	
垦	土	9	
垧	土	9	
垨	土	9	
垩	土	9	
垪	土	9	
垫	土	9	
垬	土	9	
垭	土	9	
垮	土	9	
垯	土	9	
垰	土	9	
垱	土	9	
垲	土	9	
垳	土	9	
垴	土	9	
垵	土	9	
垶	土	10	
垷	土	10	
垸	土	10	
垹	土	9	
垺	土	10	
垻	土	10	
垼	土	10	
垽	土	10	
垾	土	10	
垿	土	10	
埀	土	10	
埁	土	10	
埂	土	10	
埃	土	10	
埄	土	10	
埅	土	9	
埆	土	10	
埇	土	10	
埈	土	10	
埉	土	10	
埊	土	10	
埋	土	10	
埌	土	10	
埍	土	10	
城	土	9	
埏	土	9	
埐	土	10	
埑	土	10	
埒	土	10	
埓	土	10	
埔	土	10	
埕	土	10	
埖	土	10	
埗	土	10	
埘	土	10	
埙	土	10	
埚	土	10	
埛	土	10	
埜	土	11	
埝	土	11	
埞	土	11	
域	土	11	
埠	土	11	
埡	土	11	
埢	土	11	
埣	土	11	
埤	土	11	
埥	土	11	
埦	土	11	
埧	土	11	
埨	土	11	
埩	土	9	
埪	土	11	
埫	土	11	
埬	土	11	
埭	土	11	
埮	土	11	
埯	土	11	
埰	土	11	
埱	土	11	
埲	土	11	
埳	土	11	
埴	土	11	
埵	土	11	
埶	土	11	
執	土	11	
埸	土	11	
培	土	11	
基	土	11	
埻	土	11	
埼	土	11	
埽	土	11	
埾	土	11	
埿	土	11	
堀	土	11	
堁	土	11	
堂	土	11	
堃	土	11	
堄	土	11	
堅	土	11	
堆	土	11	
堇	土	11	
堈	土	11	
堉	土	11	
堊	土	11	
堋	土	11	
堌	土	11	
堍	土	11	
堎	土	11	
堏	土	11	
堐	土	11	
堑	土	11	
堒	土	11	
堓	土	11	
堔	土	11	
堕	土	11	
堖	土	12	
堗	土	12	
堘	土	12	
堙	土	12	
堚	土	12	
堛	土	12	
堜	土	12	
堝	土	11	
堞	土	12	
堟	土	12	
堠	土	12	
堡	土	12	
堢	土	12	
堣	土	12	
堤	土	12	
堥	土	12	
堦	土	12	
堧	土	12	
堨	土	12	
堩	土	12	
堪	土	12	
堫	土	12	
堬	土	12	
堭	土	12	
堮	土	12	
堯	土	12	
堰	土	12	
報	土	12	
堲	土	10	
堳	土	12	
場	土	12	
堵	土	11	
堶	土	12	
堷	土	12	
堸	土	12	
堹	土	12	
堺	土	12	
堻	土	12	
堼	土	12	
堽	土	13	
堾	土	12	
堿	土	12	
塀	土	12	
塁	土	12	
塂	土	12	
塃	土	12	
塄	土	12	
塅	土	12	
塆	土	12	
塇	土	12	
塈	土	12	
塉	土	13	
塊	土	12	
塋	土	13	
塌	土	13	
塍	土	13	
塎	土	13	
塏	土	13	
塐	土	13	
塑	土	13	
塒	土	13	
塓	土	13	
塔	土	12	
塕	土	13	
塖	土	13	
塗	土	13	
塘	土	13	
塙	土	13	
塚	土	13	
塛	土	13	
塜	土	13	
塝	土	13	
塞	土	13	
塟	土	12	
塠	土	12	
塡	土	13	
塢	土	13	
塣	土	13	
塤	土	13	
塥	土	13	
塦	土	12	
塧	土	13	
塨	土	13	
塩	土	13	
塪	土	13	
填	土	13	
塬	土	13	
塭	土	12	
塮	土	13	
塯	土	13	
塰	土	13	
塱	土	13	
塲	土	14	
塳	土	13	
塴	土	14	
塵	土	14	
塶	土	14	
塷	土	14	
塸	土	14	
塹	土	14	
塺	土	14	
塻	土	13	
塼	土	14	
塽	土	14	
塾	土	14	
塿	土	14	
墀	土	15	
墁	土	14	
墂	土	14	
境	土	14	
墄	土	14	
墅	土	14	
墆	土	14	
墇	土	14	
墈	土	14	
墉	土	14	
墊	土	14	
墋	土	14	
墌	土	14	
墍	土	14	
墎	土	13	
墏	土	14	
墐	土	14	
墑	土	14	
墒	土	14	
墓	土	13	
墔	土	14	
墕	土	14	
墖	土	14	
増	土	14	
墘	土	14	
墙	土	14	
墚	土	14	
墛	土	14	
墜	土	14	
墝	土	15	
增	土	15	
墟	土	14	
墠	土	15	
墡	土	15	
墢	土	15	
墣	土	15	
墤	土	15	
墥	土	15	
墦	土	15	
墧	土	15	
墨	黑	15	
墩	土	15	
墪	土	15	
墫	土	15	
墬	土	14	
墭	土	14	
墮	土	14	
墯	土	15	
墰	土	15	
墱	土	15	
墲	土	15	
墳	土	15	
墴	土	14	
墵	土	15	
墶	土	15	
墷	土	13	
墸	土	14	
墹	土	15	
墺	土	15	
墻	土	16	
墼	土	16	
墽	土	16	
墾	土	16	
墿	土	16	
壀	土	16	
壁	土	16	
壂	土	16	
壃	土	16	
壄	土	16	
壅	土	16	
壆	土	16	
壇	土	16	
壈	土	16	
壉	土	16	
壊	土	16	
壋	土	16	
壌	土	16	
壍	土	17	
壎	土	17	
壏	土	17	
壐	土	17	
壑	土	17	
壒	土	16	
壓	土	17	
壔	土	17	
壕	土	17	
壖	土	17	
壗	土	17	
壘	土	18	
壙	土	17	
壚	土	19	
壛	土	19	
壜	土	19	
壝	土	18	
壞	土	19	
壟	土	19	
壠	土	19	
壡	又	19	
壢	土	19	
壣	土	20	
壤	土	20	
壥	土	20	
壦	土	20	
壧	土	22	
壨	土	23	
壩	土	24	
壪	土	25	
士	士	3	
壬	士	4	
壭	士	5	
壮	士	6	
壯	士	7	
声	士	7	
壱	士	7	
売	士	7	
壳	士	7	
壴	士	9	
壵	士	9	
壶	士	10	
壷	士	11	
壸	士	11	
壹	士	12	
壺	士	12	
壻	士	12	
壼	士	13	
壽	士	14	
壾	士	13	
壿	士	15	
夀	士	14	
夁	士	16	
夂	夂	3	
夃	夂	4	
处	夂	5	
夅	夂	6	
夆	夂	7	
备	夂	8	
夈	夂	9	
変	夊	9	
夊	夊	3	
夋	夊	7	
夌	夊	8	
复	夊	9	
夎	夊	10	
夏	夊	10	
夐	夊	14	
夑	夊	18	
夒	夊	19	
夓	夊	19	
夔	夊	21	
夕	夕	3	
外	夕	5	
夗	夕	5	
夘	夕	5	
夙	夕	6	
多	夕	6	
夛	夕	6	
夜	夕	8	
夝	夕	8	
夞	夕	10	
够	夕	11	
夠	夕	11	
夡	夕	12	
夢	夕	13	
夣	夕	14	
夤	夕	14	
夥	夕	14	
夦	夕	15	
大	大	3	
夨	大	3	
天	大	4	
太	大	4	
夫	大	4	
夬	大	4	
夭	大	4	
央	大	5	
夯	大	5	
夰	大	5	
失	大	5	
夲	大	5	
夳	大	5	
头	大	5	
夵	大	6	
夶	大	6	
夷	大	6	
夸	大	6	
夹	大	6	
夺	大	6	
夻	大	6	
夼	大	6	
夽	大	7	
夾	大	7	
夿	大	7	
奀	大	7	
奁	大	7	
奂	大	7	
奃	大	8	
奄	大	8	
奅	大	8	
奆	大	7	
奇	大	8	
奈	大	8	
奉	大	8	
奊	大	9	
奋	大	8	
奌	大	8	
奍	大	8	
奎	大	9	
奏	大	9	
奐	大	9	
契	大	9	
奒	大	9	
奓	大	9	
奔	大	8	
奕	大	9	
奖	大	9	
套	大	10	
奘	大	10	
奙	大	10	
奚	大	10	
奛	大	11	
奜	大	11	
奝	大	11	
奞	大	11	
奟	大	11	
奠	大	12	
奡	大	12	
奢	大	11	
奣	大	12	
奤	大	12	
奥	大	12	
奦	大	13	
奧	大	13	
奨	大	13	
奩	大	14	
奪	大	14	
奫	大	15	
奬	大	14	
奭	大	15	
奮	大	16	
奯	大	16	
奰	大	18	
奱	大	22	
奲	大	23	
女	女	3	
奴	女	5	
奵	女	5	
奶	女	5	
奷	女	6	
奸	女	6	
她	女	6	
奺	女	6	
奻	女	6	
奼	女	6	
好	女	6	
奾	女	6	
奿	女	6	
妀	女	6	
妁	女	6	
如	女	6	
妃	女	6	
妄	女	6	
妅	女	6	
妆	女	6	
妇	女	6	
妈	女	6	
妉	女	7	
妊	女	7	
妋	女	7	
妌	女	7	
妍	女	7	
妎	女	7	
妏	女	7	
妐	女	7	
妑	女	7	
妒	女	7	
妓	女	7	
妔	女	7	
妕	女	7	
妖	女	7	
妗	女	7	
妘	女	7	
妙	女	7	
妚	女	7	
妛	女	7	
妜	女	7	
妝	女	7	
妞	女	7	
妟	女	7	
妠	女	7	
妡	女	7	
妢	女	7	
妣	女	7	
妤	女	7	
妥	女	7	
妦	女	7	
妧	女	7	
妨	女	7	
妩	女	7	
妪	女	7	
妫	女	7	
妬	女	8	
妭	女	8	
妮	女	8	
妯	女	8	
妰	女	8	
妱	女	8	
妲	女	8	
妳	女	8	
妴	女	8	
妵	女	8	
妶	女	8	
妷	女	8	
妸	女	8	
妹	女	8	
妺	女	8	
妻	女	8	
妼	女	8	
妽	女	8	
妾	女	8	
妿	女	8	
姀	女	8	
姁	女	8	
姂	女	7	
姃	女	8	
姄	女	8	
姅	女	8	
姆	女	8	
姇	女	8	
姈	女	8	
姉	女	7	
姊	女	7	
始	女	8	
姌	女	8	
姍	女	8	
姎	女	8	
姏	女	8	
姐	女	8	
姑	女	8	
姒	女	7	
姓	女	8	
委	女	8	
姕	女	9	
姖	女	7	
姗	女	8	
姘	女	9	
姙	女	9	
姚	女	9	
姛	女	9	
姜	女	9	
姝	女	9	
姞	女	9	
姟	女	9	
姠	女	9	
姡	女	9	
姢	女	9	
姣	女	9	
姤	女	9	
姥	女	9	
姦	女	9	
姧	女	9	
姨	女	9	
姩	女	9	
姪	女	9	
姫	女	9	
姬	女	10	
姭	女	9	
姮	女	9	
姯	女	9	
姰	女	9	
姱	女	9	
姲	女	9	
姳	女	9	
姴	女	9	
姵	女	9	
姶	女	9	
姷	女	9	
姸	女	9	
姹	女	9	
姺	女	9	
姻	女	9	
姼	女	9	
姽	女	9	
姾	女	9	
姿	女	9	
娀	女	9	
威	女	9	
娂	女	9	
娃	女	9	
娄	米	9	
娅	女	9	
娆	女	9	
娇	女	9	
娈	女	9	
娉	女	10	
娊	女	10	
娋	女	10	
娌	女	10	
娍	女	9	
娎	女	10	
娏	女	10	
娐	女	10	
娑	女	10	
娒	女	10	
娓	女	10	
娔	女	10	
娕	女	10	
娖	女	10	
娗	女	9	
娘	女	10	
娙	女	10	
娚	女	10	
娛	女	10	
娜	女	9	
娝	女	10	
娞	女	10	
娟	女	10	
娠	女	10	
娡	女	10	
娢	女	10	
娣	女	10	
娤	女	10	
娥	女	10	
娦	女	10	
娧	女	10	
娨	女	10	
娩	女	10	
娪	女	10	
娫	女	9	
娬	女	11	
娭	女	10	
娮	女	10	
娯	女	10	
娰	女	9	
娱	女	10	
娲	女	10	
娳	女	10	
娴	女	10	
娵	女	11	
娶	女	11	
娷	女	11	
娸	女	11	
娹	女	11	
娺	女	11	
娻	女	11	
娼	女	11	
娽	女	11	
娾	女	11	
娿	女	10	
婀	女	10	
婁	女	11	
婂	女	11	
婃	女	11	
婄	女	11	
婅	女	11	
婆	女	11	
婇	女	11	
婈	女	11	
婉	女	11	
婊	女	11	
婋	女	11	
婌	女	11	
婍	女	11	
婎	女	11	
婏	女	11	
婐	女	11	
婑	女	11	
婒	女	11	
婓	女	11	
婔	女	11	
婕	女	11	
婖	女	11	
婗	女	11	
婘	女	11	
婙	女	9	
婚	女	11	
婛	女	11	
婜	女	11	
婝	女	11	
婞	女	11	
婟	女	11	
婠	女	11	
婡	女	11	
婢	女	11	
婣	女	12	
婤	女	11	
婥	女	11	
婦	女	11	
婧	女	11	
婨	女	11	
婩	女	11	
婪	女	11	
婫	女	11	
婬	女	11	
婭	女	11	
婮	女	11	
婯	女	11	
婰	女	11	
婱	女	11	
婲	女	10	
婳	女	11	
婴	女	11	
婵	女	11	
婶	女	11	
婷	女	12	
婸	女	12	
婹	女	12	
婺	女	12	
婻	女	12	
婼	女	11	
婽	女	12	
婾	女	12	
婿	女	12	
媀	女	12	
媁	女	12	
媂	女	12	
媃	女	12	
媄	女	12	
媅	女	12	
媆	女	12	
媇	女	12	
媈	女	12	
媉	女	12	
媊	女	12	
媋	女	12	
媌	女	11	
媍	女	12	
媎	女	11	
媏	女	12	
媐	女	13	
媑	女	12	
媒	女	12	
媓	女	12	
媔	女	12	
媕	女	12	
媖	女	11	
媗	女	12	
媘	女	12	
媙	女	12	
媚	女	12	
媛	女	12	
媜	女	12	
媝	女	12	
媞	女	12	
媟	女	12	
媠	女	12	
媡	女	12	
媢	女	12	
媣	女	12	
媤	女	12	
媥	女	12	
媦	女	12	
媧	女	11	
媨	女	12	
媩	女	12	
媪	女	12	
媫	女	12	
媬	女	12	
媭	女	12	
媮	女	12	
媯	女	12	
媰	女	13	
媱	女	13	
媲	女	13	
媳	女	13	
媴	女	13	
媵	女	13	
媶	女	12	
媷	女	13	
媸	女	13	
媹	女	13	
媺	女	13	
媻	女	13	
媼	女	13	
媽	女	13	
媾	女	13	
媿	女	12	
嫀	女	13	
嫁	女	13	
嫂	女	12	
嫃	女	13	
嫄	女	13	
嫅	女	12	
嫆	女	13	
嫇	女	13	
嫈	女	13	
嫉	女	13	
嫊	女	13	
嫋	女	13	
嫌	女	13	
嫍	女	13	
嫎	女	13	
嫏	女	11	
嫐	女	13	
嫑	女	13	
嫒	女	13	
嫓	女	13	
嫔	女	13	
嫕	女	14	
嫖	女	14	
嫗	女	14	
嫘	女	14	
嫙	女	14	
嫚	女	14	
嫛	女	14	
嫜	女	14	
嫝	女	14	
嫞	女	14	
嫟	女	13	
嫠	女	14	
嫡	女	14	
嫢	女	14	
嫣	女	14	
嫤	女	14	
嫥	女	14	
嫦	女	14	
嫧	女	14	
嫨	女	14	
嫩	女	14	
嫪	女	14	
嫫	女	13	
嫬	女	14	
嫭	女	14	
嫮	女	14	
嫯	女	13	
嫰	女	14	
嫱	女	14	
嫲	女	14	
嫳	女	14	
嫴	女	15	
嫵	女	15	
嫶	女	15	
嫷	女	14	
嫸	女	15	
嫹	女	14	
嫺	女	15	
嫻	女	15	
嫼	女	15	
嫽	女	15	
嫾	女	15	
嫿	女	15	
嬀	女	15	
嬁	女	15	
嬂	女	15	
嬃	女	15	
嬄	女	15	
嬅	女	13	
嬆	女	15	
嬇	女	15	
嬈	女	15	
嬉	女	15	
嬊	女	15	
嬋	女	15	
嬌	女	15	
嬍	女	15	
嬎	女	15	
嬏	女	15	
嬐	女	16	
嬑	女	16	
嬒	女	16	
嬓	女	16	
嬔	女	16	
嬕	女	16	
嬖	女	16	
嬗	女	16	
嬘	女	15	
嬙	女	16	
嬚	女	16	
嬛	女	16	
嬜	女	16	
嬝	女	16	
嬞	女	15	
嬟	女	16	
嬠	女	16	
嬡	女	16	
嬢	女	16	
嬣	女	17	
嬤	女	17	
嬥	女	17	
嬦	女	17	
嬧	女	17	
嬨	女	16	
嬩	女	16	
嬪	女	17	
嬫	女	17	
嬬	女	17	
嬭	女	17	
嬮	女	17	
嬯	女	17	
嬰	女	17	
嬱	女	17	
嬲	女	17	
嬳	女	16	
嬴	女	16	
嬵	女	17	
嬶	女	17	
嬷	女	17	
嬸	女	18	
嬹	女	19	
嬺	女	17	
嬻	女	18	
嬼	女	18	
嬽	女	19	
嬾	女	19	
嬿	女	19	
孀	女	20	
孁	女	20	
孂	女	20	
孃	女	20	
孄	女	20	
孅	女	20	
孆	女	20	
孇	女	21	
孈	女	21	
孉	女	20	
孊	女	22	
孋	女	22	
孌	女	22	
孍	女	22	
孎	女	24	
孏	女	23	
子	子	3	
孑	子	3	
孒	子	3	
孓	子	3	
孔	子	4	
孕	子	5	
孖	子	6	
字	子	6	
存	子	6	
孙	子	6	
孚	子	7	
孛	子	7	
孜	子	7	
孝	子	7	
孞	子	7	
孟	子	8	
孠	子	8	
孡	子	8	
孢	子	8	
季	子	8	
孤	子	8	
孥	子	8	
学	子	8	
孧	子	8	
孨	子	9	
孩	子	9	
孪	子	9	
孫	子	10	
孬	子	10	
孭	子	10	
孮	子	11	
孯	子	11	
孰	子	11	
孱	子	12	
孲	子	11	
孳	子	12	
孴	子	13	
孵	子	14	
孶	子	13	
孷	子	14	
學	子	16	
孹	子	16	
孺	子	17	
孻	子	17	
孼	子	19	
孽	子	19	
孾	子	20	
孿	子	22	
宀	宀	3	
宁	宀	5	
宂	宀	5	
它	宀	5	
宄	宀	5	
宅	宀	6	
宆	宀	6	
宇	宀	6	
守	宀	6	
安	宀	6	
宊	宀	7	
宋	宀	7	
完	宀	7	
宍	宀	7	
宎	宀	7	
宏	宀	7	
宐	宀	7	
宑	宀	7	
宒	宀	7	
宓	宀	8	
宔	宀	8	
宕	宀	8	
宖	宀	8	
宗	宀	8	
官	宀	8	
宙	宀	8	
定	宀	8	
宛	宀	8	
宜	宀	8	
宝	宀	8	
实	宀	8	
実	宀	8	
宠	宀	8	
审	宀	8	
客	宀	9	
宣	宀	9	
室	宀	9	
宥	宀	9	
宦	宀	9	
宧	宀	10	
宨	宀	9	
宩	宀	9	
宪	宀	9	
宫	宀	9	
宬	宀	9	
宭	宀	10	
宮	宀	10	
宯	宀	10	
宰	宀	10	
宱	宀	10	
宲	宀	10	
害	宀	10	
宴	宀	10	
宵	宀	10	
家	宀	10	
宷	宀	10	
宸	宀	10	
容	宀	10	
宺	宀	10	
宻	宀	10	
宼	宀	10	
宽	宀	10	
宾	宀	10	
宿	宀	11	
寀	宀	11	
寁	宀	11	
寂	宀	11	
寃	宀	11	
寄	宀	11	
寅	宀	11	
密	宀	11	
寇	宀	11	
寈	宀	11	
寉	宀	11	
寊	宀	12	
寋	宀	12	
富	宀	12	
寍	宀	12	
寎	宀	12	
寏	宀	12	
寐	宀	12	
寑	宀	12	
寒	宀	12	
寓	宀	12	
寔	宀	12	
寕	宀	12	
寖	宀	13	
寗	宀	13	
寘	宀	13	
寙	宀	13	
寚	宀	13	
寛	宀	13	
寜	宀	13	
寝	宀	13	
寞	宀	13	
察	宀	14	
寠	宀	14	
寡	宀	14	
寢	宀	14	
寣	宀	14	
寤	宀	14	
寥	宀	14	
實	宀	14	
寧	宀	14	
寨	宀	14	
審	宀	15	
寪	宀	15	
寫	宀	15	
寬	宀	14	
寭	宀	15	
寮	宀	15	
寯	宀	15	
寰	宀	16	
寱	宀	17	
寲	宀	17	
寳	宀	19	
寴	宀	19	
寵	宀	19	
寶	宀	20	
寷	宀	21	
寸	寸	3	
对	寸	5	
寺	寸	6	
寻	寸	6	
导	寸	6	
寽	寸	7	
対	寸	7	
寿	寸	7	
尀	寸	8	
封	寸	9	
専	寸	9	
尃	寸	10	
射	寸	10	
尅	寸	10	
将	寸	9	
將	寸	11	
專	寸	11	
尉	寸	11	
尊	寸	12	
尋	寸	12	
尌	寸	12	
對	寸	14	
導	寸	15	
小	小	3	
尐	小	4	
少	小	4	
尒	小	5	
尓	小	5	
尔	小	5	
尕	小	5	
尖	小	6	
尗	小	6	
尘	小	6	
尙	小	8	
尚	小	8	
尛	小	9	
尜	小	9	
尝	小	9	
尞	小	12	
尟	小	13	
尠	小	13	
尡	小	14	
尢	尢	3	
尣	尢	4	
尤	尢	4	
尥	尢	6	
尦	尢	7	
尧	尢	6	
尨	尢	7	
尩	尢	8	
尪	尢	7	
尫	尢	7	
尬	尢	7	
尭	尢	8	
尮	尢	9	
尯	尢	9	
尰	尢	12	
就	尢	12	
尲	尢	13	
尳	尢	12	
尴	尢	13	
尵	尢	15	
尶	尢	17	
尷	尢	17	
尸	尸	3	
尹	丿	4	
尺	尸	4	
尻	尸	5	
尼	尸	5	
尽	尸	6	
尾	尸	7	
尿	尸	7	
局	尸	7	
屁	尸	7	
层	尸	7	
屃	尸	7	
屄	尸	8	
居	尸	8	
屆	尸	8	
屇	尸	8	
屈	尸	8	
屉	尸	8	
届	尸	8	
屋	尸	9	
屌	尸	9	
屍	尸	9	
屎	尸	9	
屏	尸	9	
屐	尸	10	
屑	尸	10	
屒	尸	10	
屓	尸	10	
屔	尸	10	
展	尸	10	
屖	尸	10	
屗	尸	10	
屘	尸	10	
屙	尸	10	
屚	尸	11	
屛	尸	11	
屜	尸	11	
屝	尸	11	
属	尸	12	
屟	尸	12	
屠	尸	11	
屡	尸	12	
屢	尸	14	
屣	尸	14	
層	尸	15	
履	尸	15	
屦	尸	15	
屧	尸	15	
屨	尸	17	
屩	尸	18	
屪	尸	18	
屫	尸	19	
屬	尸	21	
屭	尸	24	
屮	屮	3	
屯	屮	4	
屰	屮	6	
山	山	3	
屲	山	4	
屳	山	5	
屴	山	5	
屵	山	5	
屶	山	5	
屷	山	5	
屸	山	6	
屹	山	6	
屺	山	6	
屻	山	6	
屼	山	6	
屽	山	6	
屾	山	6	
屿	山	6	
岀	山	6	
岁	山	6	
岂	山	6	
岃	山	6	
岄	山	7	
岅	山	7	
岆	山	7	
岇	山	7	
岈	山	7	
岉	山	7	
岊	山	7	
岋	山	6	
岌	山	6	
岍	山	7	
岎	山	7	
岏	山	7	
岐	山	7	
岑	山	7	
岒	山	7	
岓	山	7	
岔	山	7	
岕	山	7	
岖	山	7	
岗	山	7	
岘	山	7	
岙	山	7	
岚	山	7	
岛	山	7	
岜	山	7	
岝	山	8	
岞	山	8	
岟	山	8	
岠	山	7	
岡	山	8	
岢	山	8	
岣	山	8	
岤	山	8	
岥	山	8	
岦	山	8	
岧	山	8	
岨	山	8	
岩	山	8	
岪	山	8	
岫	山	8	
岬	山	8	
岭	山	8	
岮	山	8	
岯	山	8	
岰	山	8	
岱	山	8	
岲	山	8	
岳	山	8	
岴	山	8	
岵	山	8	
岶	山	8	
岷	山	8	
岸	山	8	
岹	山	8	
岺	山	8	
岻	山	8	
岼	山	8	
岽	山	8	
岾	山	8	
岿	山	8	
峀	山	8	
峁	山	8	
峂	山	8	
峃	山	8	
峄	山	8	
峅	山	8	
峆	山	9	
峇	山	9	
峈	山	9	
峉	山	9	
峊	山	9	
峋	山	9	
峌	山	9	
峍	山	9	
峎	山	9	
峏	山	9	
峐	山	9	
峑	山	9	
峒	山	9	
峓	山	9	
峔	山	9	
峕	山	9	
峖	山	9	
峗	山	9	
峘	山	9	
峙	山	9	
峚	山	9	
峛	山	9	
峜	山	9	
峝	山	9	
峞	山	9	
峟	山	9	
峠	山	9	
峡	山	9	
峢	山	9	
峣	山	9	
峤	山	9	
峥	山	9	
峦	山	9	
峧	山	9	
峨	山	10	
峩	山	10	
峪	山	10	
峫	山	9	
峬	山	10	
峭	山	10	
峮	山	10	
峯	山	10	
峰	山	10	
峱	山	10	
峲	山	10	
峳	山	10	
峴	山	10	
峵	山	10	
島	山	10	
峷	山	10	
峸	山	9	
峹	山	10	
峺	山	10	
峻	山	10	
峼	山	10	
峽	山	10	
峾	山	10	
峿	山	10	
崀	山	10	
崁	山	10	
崂	山	10	
崃	山	10	
崄	山	10	
崅	山	10	
崆	山	11	
崇	山	11	
崈	山	11	
崉	山	11	
崊	山	11	
崋	山	10	
崌	山	11	
崍	山	11	
崎	山	11	
崏	山	11	
崐	山	11	
崑	山	11	
崒	山	11	
崓	山	11	
崔	山	11	
崕	山	11	
崖	山	11	
崗	山	11	
崘	山	11	
崙	山	11	
崚	山	11	
崛	山	11	
崜	山	11	
崝	山	11	
崞	山	11	
崟	山	11	
崠	山	11	
崡	山	11	
崢	山	11	
崣	山	11	
崤	山	11	
崥	山	11	
崦	山	11	
崧	山	11	
崨	山	11	
崩	山	11	
崪	山	11	
崫	山	11	
崬	山	11	
崭	山	11	
崮	山	11	
崯	山	11	
崰	山	11	
崱	山	12	
崲	山	12	
崳	山	12	
崴	山	12	
崵	山	12	
崶	山	12	
崷	山	12	
崸	山	12	
崹	山	12	
崺	山	12	
崻	山	12	
崼	山	12	
崽	山	12	
崾	山	12	
崿	山	12	
嵀	山	12	
嵁	山	12	
嵂	山	12	
嵃	山	12	
嵄	山	12	
嵅	山	12	
嵆	山	12	
嵇	山	12	
嵈	山	12	
嵉	山	12	
嵊	山	13	
嵋	山	12	
嵌	山	12	
嵍	山	12	
嵎	山	12	
嵏	山	12	
嵐	山	12	
嵑	山	12	
嵒	山	12	
嵓	山	12	
嵔	山	12	
嵕	山	12	
嵖	山	12	
嵗	山	12	
嵘	山	12	
嵙	山	12	
嵚	山	12	
嵛	山	12	
嵜	山	12	
嵝	山	12	
嵞	山	13	
嵟	山	13	
嵠	山	13	
嵡	山	13	
嵢	山	13	
嵣	山	13	
嵤	山	13	
嵥	山	13	
嵦	山	13	
嵧	山	13	
嵨	山	13	
嵩	山	13	
嵪	山	13	
嵫	山	12	
嵬	山	12	
嵭	山	13	
嵮	山	13	
嵯	山	12	
嵰	山	13	
嵱	山	13	
嵲	山	13	
嵳	山	12	
嵴	山	13	
嵵	山	13	
嵶	山	13	
嵷	山	14	
嵸	山	14	
嵹	山	15	
嵺	山	14	
嵻	山	14	
嵼	山	14	
嵽	山	14	
嵾	山	14	
嵿	山	14	
嶀	山	14	
嶁	山	14	
嶂	山	14	
嶃	山	14	
嶄	山	14	
嶅	山	13	
嶆	山	14	
嶇	山	14	
嶈	山	14	
嶉	山	14	
嶊	山	14	
嶋	山	14	
嶌	山	14	
嶍	山	14	
嶎	山	14	
嶏	山	15	
嶐	山	14	
嶑	山	14	
嶒	山	15	
嶓	山	15	
嶔	山	15	
嶕	山	15	
嶖	山	15	
嶗	山	15	
嶘	山	15	
嶙	山	15	
嶚	山	15	
嶛	山	15	
嶜	山	15	
嶝	山	15	
嶞	山	14	
嶟	山	15	
嶠	山	15	
嶡	山	15	
嶢	山	15	
嶣	山	15	
嶤	山	15	
嶥	山	15	
嶦	山	16	
嶧	山	16	
嶨	山	16	
嶩	山	16	
嶪	山	16	
嶫	山	16	
嶬	山	16	
嶭	山	16	
嶮	山	16	
嶯	山	15	
嶰	山	16	
嶱	山	15	
嶲	山	15	
嶳	山	16	
嶴	山	15	
嶵	山	16	
嶶	山	16	
嶷	山	17	
嶸	山	17	
嶹	山	17	
嶺	山	17	
嶻	山	17	
嶼	山	16	
嶽	山	17	
嶾	山	17	
嶿	山	17	
巀	山	18	
巁	山	17	
巂	山	18	
巃	山	19	
巄	山	19	
巅	山	19	
巆	山	19	
巇	山	20	
巈	山	20	
巉	山	20	
巊	山	20	
巋	山	21	
巌	山	19	
巍	山	20	
巎	山	22	
巏	山	20	
巐	山	21	
巑	山	22	
巒	山	22	
巓	山	22	
巔	山	22	
巕	山	22	
巖	山	22	
巗	山	22	
巘	山	23	
巙	山	24	
巚	山	23	
巛	巛	3	
巜	巛	2	
川	巛	3	
州	巛	6	
巟	巛	6	
巠	巛	7	
巡	辵	6	
巢	巛	11	
巣	巛	11	
巤	巛	15	
工	工	3	
左	工	5	
巧	工	5	
巨	工	4	
巩	工	6	
巪	工	6	
巫	工	7	
巬	工	9	
巭	工	9	
差	工	9	
巯	工	12	
巰	工	14	
己	己	3	
已	己	3	
巳	己	3	
巴	己	4	
巵	己	7	
巶	己	8	
巷	己	9	
巸	己	10	
巹	己	9	
巺	己	9	
巻	己	9	
巼	己	10	
巽	己	12	
巾	巾	3	
巿	巾	4	
帀	巾	4	
币	巾	4	
市	巾	5	
布	巾	5	
帄	巾	5	
帅	巾	5	
帆	巾	6	
帇	巾	6	
师	巾	6	
帉	巾	7	
帊	巾	7	
帋	巾	7	
希	巾	7	
帍	巾	7	
帎	巾	7	
帏	巾	7	
帐	巾	7	
帑	巾	8	
帒	巾	8	
帓	巾	8	
帔	巾	8	
帕	巾	8	
帖	巾	8	
帗	巾	8	
帘	巾	8	
帙	巾	8	
帚	巾	8	
帛	巾	8	
帜	巾	8	
帝	巾	9	
帞	巾	9	
帟	巾	9	
帠	巾	9	
帡	巾	9	
帢	巾	9	
帣	巾	9	
帤	巾	9	
帥	巾	9	
带	巾	9	
帧	巾	9	
帨	巾	10	
帩	巾	10	
帪	巾	10	
師	巾	10	
帬	巾	10	
席	巾	10	
帮	巾	9	
帯	巾	10	
帰	巾	10	
帱	巾	10	
帲	巾	11	
帳	巾	11	
帴	巾	11	
帵	巾	11	
帶	巾	11	
帷	巾	11	
常	巾	11	
帹	巾	11	
帺	巾	11	
帻	巾	11	
帼	巾	11	
帽	巾	12	
帾	巾	11	
帿	巾	12	
幀	巾	12	
幁	巾	12	
幂	巾	12	
幃	巾	12	
幄	巾	12	
幅	巾	12	
幆	巾	12	
幇	巾	12	
幈	巾	12	
幉	巾	12	
幊	巾	13	
幋	巾	13	
幌	巾	13	
幍	巾	13	
幎	巾	13	
幏	巾	13	
幐	肉	13	
幑	巾	14	
幒	巾	14	
幓	巾	14	
幔	巾	14	
幕	巾	13	
幖	巾	14	
幗	巾	14	
幘	巾	14	
幙	巾	13	
幚	巾	14	
幛	巾	14	
幜	巾	15	
幝	巾	15	
幞	巾	15	
幟	巾	15	
幠	巾	15	
幡	巾	15	
幢	巾	15	
幣	巾	14	
幤	巾	15	
幥	巾	15	
幦	巾	16	
幧	巾	16	
幨	巾	16	
幩	巾	15	
幪	巾	16	
幫	巾	17	
幬	巾	17	
幭	巾	17	
幮	巾	18	
幯	巾	16	
幰	巾	19	
幱	巾	20	
干	干	3	
平	干	5	
年	干	6	
幵	干	6	
并	干	6	
幷	干	8	
幸	干	8	
幹	干	13	
幺	幺	3	
幻	幺	4	
幼	幺	5	
幽	幺	9	
幾	幺	12	
广	广	3	
庀	广	5	
庁	广	5	
庂	广	5	
広	广	5	
庄	广	6	
庅	广	6	
庆	广	6	
庇	广	7	
庈	广	7	
庉	广	7	
床	广	7	
庋	广	7	
庌	广	7	
庍	广	7	
庎	广	7	
序	广	7	
庐	广	7	
庑	广	7	
庒	广	7	
库	广	7	
应	广	7	
底	广	8	
庖	广	8	
店	广	8	
庘	广	8	
庙	广	8	
庚	广	8	
庛	广	9	
府	广	8	
庝	广	8	
庞	广	8	
废	广	8	
庠	广	9	
庡	广	9	
庢	广	9	
庣	广	9	
庤	广	9	
庥	广	9	
度	广	9	
座	广	10	
庨	广	10	
庩	广	10	
庪	广	10	
庫	广	10	
庬	广	10	
庭	广	9	
庮	广	10	
庯	广	10	
庰	广	9	
庱	广	11	
庲	广	11	
庳	广	11	
庴	广	11	
庵	广	11	
庶	广	11	
康	广	11	
庸	广	11	
庹	广	11	
庺	广	11	
庻	广	11	
庼	广	11	
庽	广	12	
庾	广	11	
庿	广	11	
廀	广	12	
廁	广	12	
廂	广	12	
廃	广	12	
廄	广	12	
廅	广	13	
廆	广	12	
廇	广	13	
廈	广	13	
廉	广	13	
廊	广	11	
廋	广	12	
廌	广	13	
廍	广	13	
廎	广	14	
廏	广	14	
廐	广	12	
廑	广	14	
廒	广	13	
廓	广	13	
廔	广	14	
廕	广	13	
廖	广	14	
廗	广	14	
廘	广	14	
廙	广	14	
廚	广	15	
廛	广	15	
廜	广	14	
廝	广	15	
廞	广	15	
廟	广	15	
廠	广	15	
廡	广	15	
廢	广	15	
廣	广	14	
廤	广	15	
廥	广	16	
廦	广	16	
廧	广	16	
廨	广	16	
廩	广	16	
廪	广	16	
廫	广	18	
廬	广	19	
廭	广	19	
廮	广	20	
廯	广	20	
廰	广	20	
廱	广	21	
廲	广	22	
廳	广	25	
廴	廴	3	
廵	廴	5	
延	廴	6	
廷	廴	6	
廸	廴	7	
廹	廴	7	
建	廴	8	
廻	廴	8	
廼	廴	8	
廽	廴	9	
廾	廾	3	
廿	廾	4	
开	廾	4	
弁	廾	5	
异	廾	6	
弃	廾	7	
弄	廾	7	
弅	廾	7	
弆	廾	8	
弇	廾	9	
弈	廾	9	
弉	廾	10	
弊	廾	14	
弋	弋	3	
弌	弋	4	
弍	弋	5	
弎	弋	6	
式	弋	6	
弐	弋	6	
弑	弋	12	
弒	弋	13	
弓	弓	3	
弔	弓	4	
引	弓	4	
弖	弓	4	
弗	弓	5	
弘	弓	5	
弙	弓	6	
弚	弓	6	
弛	弓	6	
弜	弓	6	
弝	弓	7	
弞	弓	7	
弟	弓	7	
张	弓	7	
弡	弓	7	
弢	弓	8	
弣	弓	8	
弤	弓	8	
弥	弓	8	
弦	弓	8	
弧	弓	8	
弨	弓	8	
弩	弓	8	
弪	弓	8	
弫	弓	9	
弬	弓	10	
弭	弓	9	
弮	弓	9	
弯	弓	9	
弰	弓	10	
弱	弓	10	
弲	弓	10	
弳	弓	10	
弴	弓	11	
張	弓	11	
弶	弓	11	
強	弓	11	
弸	弓	11	
弹	弓	11	
强	弓	12	
弻	弓	12	
弼	弓	12	
弽	弓	12	
弾	弓	12	
弿	弓	13	
彀	弓	13	
彁	弓	13	
彂	弓	13	
彃	弓	13	
彄	弓	14	
彅	弓	14	
彆	弓	14	
彇	弓	16	
彈	弓	15	
彉	弓	14	
彊	弓	16	
彋	弓	16	
彌	弓	17	
彍	弓	17	
彎	弓	22	
彏	弓	23	
彐	彐	3	
彑	彐	3	
归	彐	5	
当	彐	6	
彔	彐	8	
录	彐	8	
彖	彐	9	
彗	彐	11	
彘	彐	12	
彙	彐	13	
彚	彐	13	
彛	彐	16	
彜	彐	16	
彝	彐	18	
彞	彐	18	
彟	彐	19	
彠	彐	25	
彡	彡	3	
形	彡	7	
彣	彡	7	
彤	彡	7	
彥	彡	9	
彦	彡	9	
彧	彡	10	
彨	彡	10	
彩	彡	11	
彪	虍	11	
彫	彡	11	
彬	彡	11	
彭	彡	12	
彮	彡	13	
彯	彡	14	
彰	彡	14	
影	彡	15	
彲	彡	22	
彳	彳	3	
彴	彳	6	
彵	彳	6	
彶	彳	6	
彷	彳	7	
彸	彳	7	
役	彳	7	
彺	彳	7	
彻	彳	7	
彼	彳	8	
彽	彳	8	
彾	彳	8	
彿	彳	8	
往	彳	8	
征	彳	8	
徂	彳	8	
徃	彳	8	
径	彳	8	
待	彳	9	
徆	彳	9	
徇	彳	9	
很	彳	9	
徉	彳	9	
徊	彳	9	
律	彳	9	
後	彳	9	
徍	彳	9	
徎	彳	10	
徏	彳	10	
徐	彳	10	
徑	彳	10	
徒	彳	10	
従	彳	10	
徔	彳	9	
徕	彳	10	
徖	彳	11	
得	彳	11	
徘	彳	11	
徙	彳	11	
徚	彳	12	
徛	彳	11	
徜	彳	11	
徝	彳	11	
從	彳	11	
徟	彳	11	
徠	彳	11	
御	彳	12	
徢	彳	11	
徣	彳	11	
徤	彳	11	
徥	彳	12	
徦	彳	12	
徧	彳	12	
徨	彳	12	
復	彳	12	
循	彳	12	
徫	彳	12	
徬	彳	13	
徭	彳	13	
微	彳	13	
徯	彳	13	
徰	彳	13	
徱	彳	14	
徲	彳	15	
徳	彳	14	
徴	彳	14	
徵	彳	15	
徶	彳	14	
德	彳	15	
徸	彳	15	
徹	彳	15	
徺	彳	15	
徻	彳	16	
徼	彳	16	
徽	彳	17	
徾	彳	17	
徿	彳	19	
忀	彳	20	
忁	彳	20	
忂	彳	21	
心	心	4	
忄	心	3	
必	心	5	
忆	心	4	
忇	心	5	
忈	心	6	
忉	心	5	
忊	心	5	
忋	心	6	
忌	心	7	
忍	心	7	
忎	心	7	
忏	心	6	
忐	心	7	
忑	心	7	
忒	心	7	
忓	心	6	
忔	心	6	
忕	心	6	
忖	心	6	
志	心	7	
忘	心	7	
忙	心	6	
忚	心	6	
忛	心	6	
応	心	7	
忝	心	8	
忞	心	8	
忟	心	7	
忠	心	8	
忡	心	7	
忢	心	8	
忣	心	6	
忤	心	7	
忥	心	8	
忦	心	7	
忧	心	7	
忨	心	7	
忩	心	8	
忪	心	7	
快	心	7	
忬	心	7	
忭	心	7	
忮	心	7	
忯	心	7	
忰	心	7	
忱	心	7	
忲	心	7	
忳	心	7	
忴	心	7	
念	心	8	
忶	心	7	
忷	心	7	
忸	心	7	
忹	心	7	
忺	心	7	
忻	心	7	
忼	心	7	
忽	心	8	
忾	心	7	
忿	心	8	
怀	心	7	
态	心	8	
怂	心	8	
怃	心	7	
怄	心	7	
怅	心	7	
怆	心	7	
怇	心	7	
怈	心	8	
怉	心	8	
怊	心	8	
怋	心	8	
怌	心	8	
怍	心	8	
怎	心	9	
怏	心	8	
怐	心	8	
怑	心	8	
怒	心	9	
怓	心	8	
怔	心	8	
怕	心	8	
怖	心	8	
怗	心	8	
怘	心	9	
怙	心	8	
怚	心	8	
怛	心	8	
怜	心	8	
思	心	9	
怞	心	8	
怟	心	8	
怠	心	9	
怡	心	8	
怢	心	8	
怣	心	9	
怤	心	9	
急	心	9	
怦	心	8	
性	心	8	
怨	心	9	
怩	心	8	
怪	心	8	
怫	心	8	
怬	心	8	
怭	心	8	
怮	心	8	
怯	心	8	
怰	心	8	
怱	心	9	
怲	心	8	
怳	心	8	
怴	心	8	
怵	心	8	
怶	心	8	
怷	心	9	
怸	心	9	
怹	心	9	
怺	心	8	
总	心	9	
怼	心	9	
怽	心	8	
怾	心	8	
怿	心	8	
恀	心	9	
恁	心	10	
恂	心	9	
恃	心	9	
恄	心	9	
恅	心	9	
恆	心	9	
恇	心	9	
恈	心	9	
恉	心	9	
恊	心	9	
恋	心	10	
恌	心	9	
恍	心	9	
恎	心	9	
恏	心	10	
恐	心	10	
恑	心	9	
恒	心	9	忄亘
恓	心	9	
恔	心	9	
恕	心	10	
恖	心	10	
恗	心	9	
恘	心	9	
恙	心	10	
恚	心	10	
恛	心	9	
恜	心	9	
恝	心	10	
恞	心	9	
恟	心	9	
恠	心	9	
恡	心	9	
恢	心	9	
恣	心	10	
恤	心	9	
恥	心	10	
恦	心	9	
恧	心	10	
恨	心	9	
恩	心	10	
恪	心	9	
恫	心	9	
恬	心	9	
恭	心	10	
恮	心	9	
息	心	10	
恰	心	9	
恱	心	9	
恲	心	9	
恳	心	10	
恴	心	10	
恵	心	10	
恶	心	10	
恷	心	10	
恸	心	9	
恹	心	9	
恺	心	9	
恻	心	9	
恼	心	9	
恽	心	9	
恾	心	9	
恿	心	11	
悀	心	10	
悁	心	10	
悂	心	10	
悃	心	10	
悄	心	10	
悅	心	10	
悆	心	11	
悇	心	10	
悈	心	10	
悉	心	11	
悊	心	11	
悋	心	10	
悌	心	10	
悍	心	10	
悎	心	10	
悏	心	10	
悐	心	11	
悑	心	10	
悒	心	10	
悓	心	10	
悔	心	10	
悕	心	10	
悖	心	10	
悗	心	10	
悘	心	11	
悙	心	10	
悚	心	10	
悛	心	10	
悜	心	10	
悝	心	10	
悞	心	10	
悟	心	10	
悠	心	11	
悡	心	11	
悢	心	10	
患	心	11	
悤	心	11	
悥	心	11	
悦	心	10	
悧	心	10	
您	心	11	
悩	心	10	
悪	心	11	
悫	心	11	
悬	心	11	
悭	心	10	
悮	心	10	
悯	心	10	
悰	心	11	
悱	心	11	
悲	心	12	
悳	心	12	
悴	心	11	
悵	心	11	
悶	心	12	
悷	心	11	
悸	心	11	
悹	心	12	
悺	心	11	
悻	心	11	
悼	心	11	
悽	心	11	
悾	心	11	
悿	心	11	
惀	心	11	
惁	心	12	
惂	心	11	
惃	心	11	
惄	心	12	
情	心	11	
惆	心	11	
惇	心	11	
惈	心	11	
惉	心	12	
惊	心	11	
惋	心	11	
惌	心	12	
惍	心	11	
惎	心	12	
惏	心	11	
惐	心	11	
惑	心	12	
惒	心	12	
惓	心	11	
惔	心	11	
惕	心	11	
惖	心	12	
惗	心	11	
惘	心	11	
惙	心	11	
惚	心	11	
惛	心	11	
惜	心	11	
惝	心	11	
惞	心	11	
惟	心	11	
惠	心	12	
惡	心	12	
惢	心	12	
惣	心	12	
惤	心	11	
惥	心	12	
惦	心	11	
惧	心	11	
惨	心	11	
惩	心	12	
惪	心	12	
惫	心	12	
惬	心	11	
惭	心	11	
惮	心	11	
惯	心	11	
惰	心	12	
惱	心	12	
惲	心	12	
想	心	13	
惴	心	12	
惵	心	12	
惶	心	12	
惷	心	13	
惸	心	12	
惹	心	12	
惺	心	12	
惻	心	12	
惼	心	12	
惽	心	12	
惾	心	12	
惿	心	12	
愀	心	12	
愁	心	13	
愂	心	13	
愃	心	12	
愄	心	12	
愅	心	12	
愆	心	13	
愇	心	12	
愈	心	13	
愉	心	12	
愊	心	12	
愋	心	12	
愌	心	12	
愍	心	13	
愎	心	12	
意	心	13	
愐	心	12	
愑	心	12	
愒	心	12	
愓	心	12	
愔	心	12	
愕	心	12	
愖	心	12	
愗	心	13	
愘	心	12	
愙	心	13	
愚	心	13	
愛	心	13	
愜	心	12	
愝	心	12	
愞	心	12	
感	心	13	
愠	心	12	
愡	心	12	
愢	心	12	
愣	心	12	
愤	心	12	
愥	心	11	
愦	心	12	
愧	心	12	
愨	心	14	
愩	心	13	
愪	心	13	
愫	心	13	
愬	心	14	
愭	心	13	
愮	心	13	
愯	心	13	
愰	心	13	
愱	心	13	
愲	心	12	
愳	心	14	
愴	心	13	
愵	心	13	
愶	心	13	
愷	心	13	
愸	心	14	
愹	心	13	
愺	心	12	
愻	心	14	
愼	心	13	
愽	心	13	
愾	心	13	
愿	心	14	
慀	心	13	
慁	心	14	
慂	心	14	
慃	心	13	
慄	心	13	
慅	心	12	
慆	心	13	
慇	心	14	
慈	心	13	
慉	心	13	
慊	心	13	
態	心	14	
慌	心	12	
慍	心	13	
慎	心	13	
慏	心	13	
慐	心	14	
慑	心	13	
慒	心	14	
慓	心	14	
慔	心	13	
慕	心	14	
慖	心	14	
慗	心	15	
慘	心	14	
慙	心	15	
慚	心	14	
慛	心	14	
慜	心	15	
慝	心	14	
慞	心	14	
慟	心	14	
慠	心	13	
慡	心	14	
慢	心	14	
慣	心	14	
慤	心	15	
慥	心	13	
慦	心	15	
慧	心	15	
慨	心	12	
慩	心	13	
慪	心	14	
慫	心	15	
慬	心	14	
慭	心	15	
慮	心	15	
慯	心	14	
慰	心	15	
慱	心	14	
慲	心	14	
慳	心	14	
慴	心	14	
慵	心	14	
慶	心	15	
慷	心	14	
慸	心	15	
慹	心	15	
慺	心	14	
慻	心	14	
慼	心	15	
慽	心	14	
慾	心	15	
慿	心	15	
憀	心	14	
憁	心	14	
憂	心	15	
憃	心	15	
憄	心	15	
憅	心	15	
憆	心	14	
憇	心	15	
憈	心	14	
憉	心	15	
憊	心	16	
憋	心	15	
憌	心	16	
憍	心	15	
憎	心	15	
憏	心	14	
憐	心	15	
憑	心	16	
憒	心	15	
憓	心	15	
憔	心	15	
憕	心	15	
憖	心	16	
憗	心	16	
憘	心	15	
憙	心	16	
憚	心	15	
憛	心	15	
憜	心	14	
憝	心	16	
憞	心	15	
憟	心	15	
憠	心	16	
憡	心	15	
憢	心	15	
憣	心	15	
憤	心	15	
憥	心	16	
憦	心	15	
憧	心	15	
憨	心	15	
憩	心	16	
憪	心	15	
憫	心	15	
憬	心	15	
憭	心	15	
憮	心	15	
憯	心	15	
憰	心	15	
憱	心	15	
憲	心	16	
憳	心	15	
憴	心	16	
憵	心	17	
憶	心	16	
憷	心	16	
憸	心	16	
憹	心	16	
憺	心	16	
憻	心	16	
憼	心	16	
憽	心	15	
憾	心	16	
憿	心	16	
懀	心	16	
懁	心	16	
懂	心	15	
懃	心	17	
懄	心	16	
懅	心	16	
懆	心	16	
懇	心	17	
懈	心	16	
應	心	17	
懊	心	15	
懋	心	17	
懌	心	16	
懍	心	16	
懎	心	16	
懏	心	15	
懐	心	16	
懑	心	17	
懒	心	16	
懓	心	16	
懔	心	16	
懕	心	18	
懖	心	18	
懗	心	17	
懘	心	18	
懙	心	16	
懚	心	17	
懛	心	17	
懜	心	16	
懝	心	17	
懞	心	16	
懟	心	18	
懠	心	17	
懡	心	17	
懢	心	17	
懣	心	18	
懤	心	17	
懥	心	17	
懦	心	17	
懧	心	17	
懨	心	17	
懩	心	17	
懪	心	18	
懫	心	18	
懬	心	18	
懭	心	17	
懮	心	18	
懯	心	19	
懰	心	18	
懱	心	17	
懲	心	19	
懳	心	18	
懴	心	18	
懵	心	18	
懶	心	19	
懷	心	19	
懸	心	20	
懹	心	20	
懺	心	20	
懻	心	19	
懼	心	21	
懽	心	20	
懾	心	21	
懿	心	22	
戀	心	23	
戁	心	23	
戂	心	22	
戃	心	23	
戄	心	23	
戅	心	25	
戆	心	25	
戇	心	28	
戈	戈	4	
戉	戈	5	
戊	戈	5	
戋	戈	5	
戌	戈	6	
戍	戈	6	
戎	戈	6	
戏	戈	6	
成	戈	6	
我	戈	7	
戒	戈	7	
戓	戈	7	
戔	戈	8	
戕	戈	8	
或	戈	8	
戗	戈	8	
战	戈	9	
戙	戈	10	
戚	戈	11	
戛	戈	11	
戜	戈	11	
戝	戈	11	
戞	戈	12	
戟	戈	12	
戠	戈	12	
戡	戈	13	
戢	戈	12	
戣	戈	13	
戤	戈	13	
戥	戈	13	
戦	戈	13	
戧	戈	14	
戨	戈	14	
戩	戈	14	
截	戈	14	
戫	戈	14	
戬	戈	14	
戭	戈	15	
戮	戈	15	
戯	戈	15	
戰	戈	16	
戱	戈	16	
戲	戈	17	
戳	戈	18	
戴	戈	17	
戵	戈	22	
戶	戶	4	
户	戶	4	
戸	戶	4	
戹	戶	5	
戺	戶	7	
戻	戶	7	
戼	戶	7	
戽	戶	8	
戾	戶	8	
房	戶	8	
所	戶	8	
扁	戶	9	
扂	戶	9	
扃	戶	9	
扄	戶	10	
扅	戶	10	
扆	戶	10	
扇	戶	10	
扈	戶	11	
扉	戶	12	
扊	戶	12	
手	手	4	
扌	手	3	
才	手	3	
扎	手	4	
扏	手	5	
扐	手	5	
扑	手	5	
扒	手	5	
打	手	5	
扔	手	5	
払	手	5	
扖	手	5	
扗	手	6	
托	手	6	
扙	手	6	
扚	手	6	
扛	手	6	
扜	手	6	
扝	手	6	
扞	手	6	
扟	手	6	
扠	手	6	
扡	手	6	
扢	手	6	
扣	手	6	
扤	手	6	
扥	手	6	
扦	手	6	
执	手	6	
扨	手	6	
扩	手	6	
扪	手	6	
扫	手	6	
扬	手	6	
扭	手	7	
扮	手	7	
扯	手	7	
扰	手	7	
扱	手	6	
扲	手	7	
扳	手	7	
扴	手	7	
扵	手	7	
扶	手	7	
扷	手	7	
扸	手	7	
批	手	7	
扺	手	7	
扻	手	7	
扼	手	7	
扽	手	7	
找	手	7	
承	手	8	
技	手	7	
抁	手	7	
抂	手	7	
抃	手	7	
抄	手	7	
抅	手	7	
抆	手	7	
抇	手	7	
抈	手	7	
抉	手	7	
把	手	7	
抋	手	7	
抌	手	7	
抍	手	7	
抎	手	7	
抏	手	7	
抐	手	7	
抑	手	7	
抒	手	7	
抓	手	7	
抔	手	7	
投	手	7	
抖	手	7	
抗	手	7	
折	手	7	
抙	手	7	
抚	手	7	
抛	手	7	
抜	手	7	
抝	手	7	
択	手	7	
抟	手	7	
抠	手	7	
抡	手	7	
抢	手	7	
抣	手	7	
护	手	7	
报	手	7	
抦	手	8	
抧	手	8	
抨	手	8	
抩	手	8	
抪	手	8	
披	手	8	
抬	手	8	
抭	手	8	
抮	手	8	
抯	手	8	
抰	手	8	
抱	手	8	
抲	手	8	
抳	手	8	
抴	手	8	
抵	手	8	
抶	手	8	
抷	手	8	
抸	手	7	
抹	手	8	
抺	手	8	
抻	手	8	
押	手	8	
抽	手	8	
抾	手	8	
抿	手	8	
拀	手	8	
拁	手	8	
拂	手	8	
拃	手	8	
拄	手	8	
担	手	8	
拆	手	8	
拇	手	8	
拈	手	8	
拉	手	8	
拊	手	8	
拋	手	8	
拌	手	8	
拍	手	8	
拎	手	8	
拏	手	9	
拐	手	8	
拑	手	8	
拒	手	7	
拓	手	8	
拔	手	8	
拕	手	8	
拖	手	8	
拗	手	8	
拘	手	8	
拙	手	8	
拚	手	8	
招	手	8	
拜	手	9	
拝	手	8	
拞	手	8	
拟	手	7	
拠	手	8	
拡	手	8	
拢	手	8	
拣	手	8	
拤	手	8	
拥	手	8	
拦	手	8	
拧	手	8	
拨	手	8	
择	手	8	
拪	手	9	
拫	手	9	
括	手	9	
拭	手	9	
拮	手	9	
拯	手	9	
拰	手	9	
拱	手	9	
拲	手	10	
拳	手	10	
拴	手	9	
拵	手	9	
拶	手	9	
拷	手	9	
拸	手	9	
拹	手	9	
拺	手	9	
拻	手	9	
拼	手	9	
拽	手	9	
拾	手	9	
拿	手	10	
挀	手	9	
持	手	9	
挂	手	9	
挃	手	9	
挄	手	9	
挅	手	9	
挆	手	9	
指	手	9	
挈	手	10	
按	手	9	
挊	手	9	
挋	手	9	
挌	手	9	
挍	手	9	
挎	手	9	
挏	手	9	
挐	手	10	
挑	手	9	
挒	手	9	
挓	手	9	
挔	手	9	
挕	手	9	
挖	手	9	
挗	手	9	
挘	手	9	
挙	手	10	
挚	手	10	
挛	手	10	
挜	手	9	
挝	手	9	
挞	手	9	
挟	手	9	
挠	手	9	
挡	手	9	
挢	手	9	
挣	手	9	
挤	手	9	
挥	手	9	
挦	手	9	
挧	手	9	
挨	手	10	
挩	手	10	
挪	手	9	
挫	手	10	
挬	手	10	
挭	手	10	
挮	手	10	
振	手	10	
挰	手	10	
挱	手	10	
挲	手	11	
挳	手	10	
挴	手	10	
挵	手	10	
挶	手	10	
挷	手	9	
挸	手	10	
挹	手	10	
挺	手	9	
挻	手	9	
挼	手	10	
挽	手	10	
挾	手	10	
挿	手	10	
捀	手	10	
捁	手	10	
捂	手	10	
捃	手	10	
捄	手	10	
捅	手	10	
捆	手	10	
捇	手	10	
捈	手	10	
捉	手	10	
捊	手	10	
捋	手	10	
捌	手	10	
捍	手	10	
捎	手	10	
捏	手	10	
捐	手	10	
捑	手	10	
捒	手	10	
捓	手	9	
捔	手	10	
捕	手	10	
捖	手	10	
捗	手	10	
捘	手	10	
捙	手	10	
捚	手	10	
捛	手	9	
捜	手	10	
捝	手	10	
捞	手	10	
损	手	10	
捠	手	10	
捡	手	10	
换	手	10	
捣	手	10	
捤	手	10	
捥	手	11	
捦	手	11	
捧	手	11	
捨	手	11	
捩	手	11	
捪	手	11	
捫	手	11	
捬	手	11	
捭	手	11	
据	手	11	
捯	手	11	
捰	手	11	
捱	手	11	
捲	手	11	
捳	手	11	
捴	手	11	
捵	手	11	
捶	手	11	
捷	手	11	
捸	手	11	
捹	手	11	
捺	手	11	
捻	手	11	
捼	手	11	
捽	手	11	
捾	手	11	
捿	手	11	
掀	手	11	
掁	手	11	
掂	手	11	
掃	手	11	
掄	手	11	
掅	手	11	
掆	手	11	
掇	手	11	
授	手	11	
掉	手	11	
掊	手	11	
掋	手	11	
掌	手	12	
掍	手	11	
掎	手	11	
掏	手	11	
掐	手	11	
掑	手	11	
排	手	11	
掓	手	11	
掔	手	12	
掕	手	11	
掖	手	11	
掗	手	11	
掘	手	11	
掙	手	11	
掚	手	11	
掛	手	11	
掜	手	11	
掝	手	11	
掞	手	11	
掟	手	11	
掠	手	11	
採	手	11	
探	手	11	
掣	手	12	
掤	手	11	
接	手	11	
掦	手	11	
控	手	11	
推	手	11	
掩	手	11	
措	手	11	
掫	手	11	
掬	手	11	
掭	手	11	
掮	手	11	
掯	手	11	
掰	手	12	
掱	手	12	
掲	手	11	
掳	手	11	
掴	手	11	
掵	手	11	
掶	手	11	
掷	手	11	
掸	手	11	
掹	手	11	
掺	手	11	
掻	手	11	
掼	手	11	
掽	手	11	
掾	手	12	
掿	手	11	
揀	手	12	
揁	手	12	
揂	手	12	
揃	手	12	
揄	手	12	
揅	手	13	
揆	手	12	
揇	手	12	
揈	手	12	
揉	手	12	
揊	手	12	
揋	手	12	
揌	手	12	
揍	手	12	
揎	手	12	
描	手	11	
提	手	12	
揑	手	12	
插	手	12	
揓	手	12	
揔	手	12	
揕	手	12	
揖	手	12	
揗	手	12	
揘	手	12	
揙	手	12	
揚	手	12	
換	手	12	
揜	手	12	
揝	手	12	
揞	手	12	
揟	手	12	
揠	手	12	
握	手	12	
揢	手	12	
揣	手	12	
揤	手	10	
揥	手	12	
揦	手	12	
揧	手	13	
揨	手	12	
揩	手	12	
揪	手	12	
揫	手	13	
揬	手	12	
揭	手	12	
揮	手	12	
揯	手	12	
揰	手	12	
揱	手	13	
揲	手	12	
揳	手	12	
援	手	12	
揵	手	11	
揶	手	11	
揷	手	12	
揸	手	12	
揹	手	12	
揺	手	12	
揻	手	12	
揼	手	12	
揽	手	12	
揾	手	12	
揿	手	12	
搀	手	12	
搁	手	12	
搂	手	12	
搃	手	12	
搄	手	12	
搅	手	12	
搆	手	13	
搇	手	13	
搈	手	13	
搉	手	13	
搊	手	13	
搋	手	13	
搌	手	13	
損	手	13	
搎	手	13	
搏	手	13	
搐	手	13	
搑	手	12	
搒	手	13	
搓	手	12	
搔	手	12	
搕	手	13	
搖	手	13	
搗	手	13	
搘	手	13	
搙	手	13	
搚	手	13	
搛	手	13	
搜	手	12	
搝	手	13	
搞	手	13	
搟	手	13	
搠	手	13	
搡	手	13	
搢	手	13	
搣	手	13	
搤	手	13	
搥	手	12	
搦	手	13	
搧	手	13	
搨	手	13	
搩	手	13	
搪	手	13	
搫	手	14	
搬	手	13	
搭	手	12	
搮	手	13	
搯	手	13	
搰	手	12	
搱	手	13	
搲	手	13	
搳	手	13	
搴	手	14	
搵	手	13	
搶	手	13	
搷	手	13	
搸	手	13	
搹	手	13	
携	手	13	
搻	手	14	
搼	手	13	
搽	手	12	
搾	手	13	
搿	手	14	
摀	手	13	
摁	手	13	
摂	手	13	
摃	手	13	
摄	手	13	
摅	手	13	
摆	手	13	
摇	手	13	
摈	手	13	
摉	手	13	
摊	手	13	
摋	手	13	
摌	手	14	
摍	手	14	
摎	手	14	
摏	手	14	
摐	手	14	
摑	手	14	
摒	手	12	
摓	手	13	
摔	手	14	
摕	手	14	
摖	手	14	
摗	手	14	
摘	手	14	
摙	手	13	
摚	手	14	
摛	手	13	
摜	手	14	
摝	手	14	
摞	手	14	
摟	手	14	
摠	手	14	
摡	手	12	
摢	手	14	
摣	手	14	
摤	手	14	
摥	手	14	
摦	手	14	
摧	手	14	
摨	手	15	
摩	手	15	
摪	手	14	
摫	手	14	
摬	手	14	
摭	手	14	
摮	手	14	
摯	手	15	
摰	手	15	
摱	手	14	
摲	手	14	
摳	手	14	
摴	手	14	
摵	手	14	
摶	手	14	
摷	手	14	
摸	手	13	
摹	手	14	
摺	手	14	
摻	手	14	
摼	手	14	
摽	手	14	
摾	手	15	
摿	手	14	
撀	手	15	
撁	手	14	
撂	手	14	
撃	手	15	
撄	手	14	
撅	手	15	
撆	手	15	
撇	手	14	
撈	手	15	
撉	手	16	
撊	手	15	
撋	手	15	
撌	手	15	
撍	手	15	
撎	手	15	
撏	手	15	
撐	手	15	
撑	手	15	
撒	手	15	
撓	手	15	
撔	手	15	
撕	手	15	
撖	手	14	
撗	手	14	
撘	手	15	
撙	手	15	
撚	手	15	
撛	手	15	
撜	手	15	
撝	手	15	
撞	手	15	
撟	手	15	
撠	手	15	
撡	手	15	
撢	手	15	
撣	手	15	
撤	手	15	
撥	手	15	
撦	手	14	
撧	手	15	
撨	手	15	
撩	手	15	
撪	手	15	
撫	手	15	
撬	手	15	
播	手	15	
撮	手	15	
撯	手	14	
撰	手	15	
撱	手	14	
撲	手	15	
撳	手	15	
撴	手	15	
撵	手	15	
撶	手	13	
撷	手	15	
撸	手	15	
撹	手	15	
撺	手	15	
撻	手	15	
撼	手	16	
撽	手	16	
撾	手	14	
撿	手	16	
擀	手	16	
擁	手	16	
擂	手	16	
擃	手	16	
擄	手	16	
擅	手	16	
擆	手	14	
擇	手	16	
擈	手	16	
擉	手	16	
擊	手	17	
擋	手	16	
擌	手	16	
操	手	16	
擎	手	16	
擏	手	15	
擐	手	16	
擑	手	15	
擒	手	15	
擓	手	16	
擔	手	16	
擕	手	15	
擖	手	15	
擗	手	16	
擘	手	17	
擙	手	16	
據	手	16	
擛	手	15	
擜	手	16	
擝	手	16	
擞	手	16	
擟	手	17	
擠	手	17	
擡	手	17	
擢	手	17	
擣	手	17	
擤	手	17	
擥	手	18	
擦	手	17	
擧	手	17	
擨	手	17	
擩	手	17	
擪	手	18	
擫	手	17	
擬	手	17	
擭	手	16	
擮	手	17	
擯	手	17	
擰	手	17	
擱	手	17	
擲	手	17	
擳	手	16	
擴	手	17	
擵	手	18	
擶	手	18	
擷	手	18	
擸	手	18	
擹	手	18	
擺	手	18	
擻	手	18	
擼	手	18	
擽	手	18	
擾	手	18	
擿	手	17	
攀	手	19	
攁	手	17	
攂	手	18	
攃	手	17	
攄	手	18	
攅	手	18	
攆	手	18	
攇	手	19	
攈	手	19	
攉	手	19	
攊	手	19	
攋	手	19	
攌	手	19	
攍	手	19	
攎	手	19	
攏	手	19	
攐	手	19	
攑	手	19	
攒	手	19	
攓	手	20	
攔	手	20	
攕	手	20	
攖	手	20	
攗	手	20	
攘	手	20	
攙	手	20	
攚	手	19	
攛	手	21	
攜	手	21	
攝	手	21	
攞	手	22	
攟	手	22	
攠	手	22	
攡	手	21	
攢	手	22	
攣	手	23	
攤	手	22	
攥	手	23	
攦	手	22	
攧	手	22	
攨	手	23	
攩	手	23	
攪	手	23	
攫	手	23	
攬	手	24	
攭	手	24	
攮	手	25	
支	支	4	
攰	支	6	
攱	支	9	
攲	支	12	
攳	支	16	
攴	攴	4	
攵	攴	4	
收	攴	6	
攷	攴	6	
攸	攴	7	
改	攴	7	
攺	攴	7	
攻	攴	7	工攵
攼	攴	7	
攽	攴	8	
放	攴	8	
政	攴	9	
敀	攴	9	
敁	攴	9	
敂	攴	9	
敃	攴	9	
敄	攴	9	
故	攴	9	
敆	攴	10	
敇	攴	10	
效	攴	10	
敉	攴	10	
敊	攴	10	
敋	攴	10	
敌	攴	10	
敍	攴	11	
敎	攴	11	
敏	攴	11	
敐	攴	11	
救	攴	11	
敒	攴	11	
敓	攴	11	
敔	攴	11	
敕	攴	11	
敖	攴	10	
敗	攴	11	
敘	攴	11	
教	攴	11	
敚	攴	11	
敛	攴	11	
敜	攴	12	
敝	攴	11	
敞	攴	12	
敟	攴	12	
敠	攴	12	
敡	攴	12	
敢	攴	11	
散	攴	12	
敤	攴	12	
敥	攴	12	
敦	攴	12	
敧	攴	12	
敨	攴	12	
敩	攴	12	
敪	攴	12	
敫	攴	13	
敬	攴	12	
敭	攴	13	
敮	攴	13	
敯	攴	13	
数	攴	13	
敱	攴	14	
敲	攴	14	
敳	攴	14	
整	攴	16	
敵	攴	15	
敶	攴	14	
敷	攴	15	
數	攴	15	
敹	攴	15	
敺	攴	15	
敻	攴	15	
敼	攴	16	
敽	攴	16	
敾	攴	16	
敿	攴	16	
斀	攴	17	
斁	攴	17	
斂	攴	17	
斃	攴	17	
斄	攴	19	
斅	攴	20	
斆	攴	20	
文	文	4	文
斈	文	7	
斉	文	8	
斊	文	10	
斋	文	10	
斌	文	12	
斍	文	11	
斎	文	11	
斏	文	11	
斐	文	12	
斑	文	12	
斒	文	13	
斓	文	16	
斔	文	18	
斕	文	21	
斖	文	24	
斗	斗	4	
斘	斗	7	
料	斗	10	
斚	斗	10	
斛	斗	11	
斜	斗	11	
斝	斗	12	
斞	斗	12	
斟	斗	13	
斠	斗	14	
斡	斗	14	
斢	斗	15	
斣	斗	17	
斤	斤	4	
斥	斤	5	
斦	斤	8	
斧	斤	8	
斨	斤	8	
斩	斤	8	
斪	斤	9	
斫	斤	9	
斬	斤	11	
断	斤	11	
斮	斤	12	
斯	斤	12	
新	斤	13	
斱	斤	12	
斲	斤	14	
斳	斤	15	
斴	斤	16	
斵	斤	17	
斶	斤	17	
斷	斤	18	
斸	斤	25	
方	方	4	
斺	方	8	
斻	方	8	
於	方	8	
施	方	9	
斾	方	9	
斿	方	9	
旀	方	9	
旁	方	10	
旂	方	10	
旃	方	10	
旄	方	10	
旅	方	10	
旆	方	10	
旇	方	11	
旈	方	11	
旉	方	11	
旊	方	10	
旋	方	11	
旌	方	11	
旍	方	11	
旎	方	11	
族	方	11	
旐	方	12	
旑	方	12	
旒	方	13	
旓	方	13	
旔	方	12	
旕	方	13	
旖	方	14	
旗	方	14	
旘	方	16	
旙	方	16	
旚	方	17	
旛	方	18	
旜	方	19	
旝	方	19	
旞	方	18	
旟	方	19	
无	无	4	
旡	无	4	
既	无	9	
旣	无	11	
旤	无	12	
日	日	4	
旦	日	5	
旧	日	5	
旨	日	6	
早	日	6	
旪	日	6	
旫	日	6	
旬	日	6	
旭	日	6	
旮	日	6	
旯	日	6	
旰	日	7	
旱	日	7	
旲	日	7	
旳	日	7	
旴	日	7	
旵	日	7	
时	日	7	
旷	日	7	
旸	日	7	
旹	日	8	
旺	日	8	
旻	日	8	
旼	日	8	
旽	日	8	
旾	日	8	
旿	日	8	
昀	日	8	
昁	日	8	
昂	日	8	
昃	日	8	
昄	日	8	
昅	日	7	
昆	日	8	
昇	日	8	
昈	日	8	
昉	日	8	
昊	日	8	
昋	日	8	
昌	日	8	
昍	日	8	
明	日	8	
昏	日	8	
昐	日	8	
昑	日	8	
昒	日	8	
易	日	8	
昔	日	8	
昕	日	8	
昖	日	8	
昗	日	8	
昘	日	8	
昙	日	8	
昚	日	9	
昛	日	8	
昜	日	9	
昝	日	9	
昞	日	9	
星	日	9	日生
映	日	9	
昡	日	9	
昢	日	9	
昣	日	9	
昤	日	9	
春	日	9	
昦	日	9	
昧	日	9	
昨	日	9	
昩	日	9	
昪	日	9	
昫	日	9	
昬	日	9	
昭	日	9	
昮	日	9	
是	日	9	
昰	日	9	
昱	日	9	
昲	日	9	
昳	日	9	
昴	日	9	
昵	日	9	
昶	日	9	
昷	日	9	
昸	日	9	
昹	日	9	
昺	日	9	
昻	日	9	
昼	日	9	
昽	日	9	
显	日	9	
昿	日	9	
晀	日	10	
晁	日	10	
時	日	10	
晃	日	10	
晄	日	10	
晅	日	10	
晆	日	10	
晇	日	10	
晈	日	10	
晉	日	10	
晊	日	10	
晋	日	10	
晌	日	10	
晍	日	10	
晎	日	10	
晏	日	10	
晐	日	10	
晑	日	10	
晒	日	10	
晓	日	10	
晔	日	10	
晕	日	10	
晖	日	10	
晗	日	11	
晘	日	11	
晙	日	11	
晚	日	11	
晛	日	11	
晜	日	11	
晝	日	11	
晞	日	11	
晟	日	10	
晠	日	10	
晡	日	11	
晢	日	11	
晣	日	11	
晤	日	11	
晥	日	11	
晦	日	11	
晧	日	11	
晨	日	11	
晩	日	12	
晪	日	12	
晫	日	12	
晬	日	12	
晭	日	12	
普	日	12	
景	日	12	
晰	日	12	
晱	日	12	
晲	日	12	
晳	日	12	
晴	日	12	
晵	日	12	
晶	日	12	
晷	日	12	
晸	日	13	
晹	日	12	
智	日	12	
晻	日	12	
晼	日	12	
晽	日	12	
晾	日	12	
晿	日	12	
暀	日	12	
暁	日	12	
暂	日	12	
暃	日	12	
暄	日	13	
暅	日	13	
暆	日	13	
暇	日	13	
暈	日	13	
暉	日	13	
暊	日	13	
暋	日	13	
暌	日	13	
暍	日	13	
暎	日	12	
暏	日	12	
暐	日	13	
暑	日	12	
暒	日	13	
暓	日	13	
暔	日	13	
暕	日	13	
暖	日	13	
暗	日	13	
暘	日	13	
暙	日	13	
暚	日	14	
暛	日	13	
暜	日	14	
暝	日	14	
暞	日	14	
暟	日	14	
暠	日	14	
暡	日	14	
暢	日	14	
暣	日	14	
暤	日	14	
暥	日	14	
暦	日	14	
暧	日	14	
暨	日	14	
暩	日	15	
暪	日	15	
暫	日	15	
暬	日	15	
暭	日	15	
暮	日	14	
暯	日	14	
暰	日	15	
暱	日	14	
暲	日	15	
暳	日	15	
暴	日	15	
暵	日	15	
暶	日	15	
暷	日	15	
暸	日	16	
暹	日	15	
暺	日	16	
暻	日	16	
暼	日	15	
暽	日	16	
暾	日	16	
暿	日	16	
曀	日	16	
曁	日	16	
曂	日	15	
曃	日	15	
曄	日	14	
曅	日	14	
曆	日	16	
曇	日	16	
曈	日	16	
曉	日	16	
曊	日	16	
曋	日	16	
曌	日	16	
曍	日	16	
曎	日	17	
曏	日	15	
曐	日	17	
曑	日	17	
曒	日	17	
曓	日	17	
曔	日	16	
曕	日	17	
曖	日	17	
曗	日	17	
曘	日	18	
曙	日	17	
曚	日	17	
曛	日	18	
曜	日	18	
曝	日	19	
曞	日	18	
曟	日	19	
曠	日	18	
曡	日	19	
曢	日	19	
曣	日	20	
曤	日	20	
曥	日	20	
曦	日	20	
曧	日	20	
曨	日	20	
曩	日	21	
曪	日	23	
曫	日	23	
曬	日	23	
曭	日	24	
曮	日	23	
曯	日	25	
曰	曰	4	
曱	曰	5	
曲	曰	6	
曳	曰	6	
更	曰	7	一曰
曵	曰	7	
曶	曰	8	
曷	曰	9	
書	曰	10	聿曰
曹	曰	11	
曺	曰	10	
曻	曰	10	
曼	曰	11	
曽	日	11	
曾	曰	12	
替	曰	12	
最	冂	12	
朁	曰	12	
朂	曰	12	
會	曰	13	
朄	曰	14	
朅	曰	14	
朆	曰	16	
朇	曰	21	
月	月	4	
有	月	6	
朊	月	8	
朋	月	8	
朌	月	8	
服	月	8	
朎	月	9	
朏	月	9	
朐	月	9	
朑	肉	9	
朒	月	10	
朓	月	10	
朔	月	10	
朕	月	10	
朖	月	11	
朗	月	10	
朘	月	11	
朙	月	11	
朚	月	11	
望	月	11	
朜	月	12	
朝	月	12	
朞	月	12	
期	月	12	
朠	月	12	
朡	肉	13	
朢	月	14	
朣	月	16	
朤	月	16	
朥	肉	16	
朦	月	17	
朧	月	20	
木	木	4	木
朩	木	4	
未	木	5	
末	木	5	
本	木	5	木一
札	木	5	
朮	木	5	
术	木	5	
朰	木	5	
朱	木	6	
朲	木	6	
朳	木	6	
朴	木	6	
朵	木	6	
朶	木	6	
朷	木	6	
朸	木	6	
朹	木	6	
机	木	6	
朻	木	6	
朼	木	6	
朽	木	6	
朾	木	6	
朿	木	6	
杀	木	6	
杁	木	6	
杂	木	6	
权	木	6	
杄	木	7	
杅	木	7	
杆	木	7	
杇	木	7	
杈	木	7	
杉	木	7	
杊	木	7	
杋	木	7	
杌	木	7	
杍	木	7	
李	木	7	
杏	木	7	
材	木	7	
村	木	7	
杒	木	7	
杓	木	7	
杔	木	7	
杕	木	7	
杖	木	7	
杗	木	7	
杘	木	7	
杙	木	7	
杚	木	7	
杛	木	7	
杜	木	7	
杝	木	7	
杞	木	7	
束	木	7	
杠	木	7	
条	木	7	
杢	木	7	
杣	木	7	
杤	木	7	
来	木	7	
杦	木	7	
杧	木	7	
杨	木	7	
杩	木	7	
杪	木	8	
杫	木	8	
杬	木	8	
杭	木	8	
杮	木	8	
杯	木	8	
杰	木	8	
東	木	8	
杲	木	8	
杳	木	8	
杴	木	8	
杵	木	8	
杶	木	8	
杷	木	8	
杸	木	8	
杹	木	8	
杺	木	8	
杻	木	8	
杼	木	8	
杽	木	8	
松	木	8	
板	木	8	
枀	木	8	
极	木	7	
枂	木	8	
枃	木	8	
构	木	8	
枅	木	8	
枆	木	8	
枇	木	8	
枈	木	8	
枉	木	8	
枊	木	8	
枋	木	8	
枌	木	8	
枍	木	8	
枎	木	8	
枏	木	8	
析	木	8	
枑	木	8	
枒	木	8	
枓	木	8	
枔	木	8	
枕	木	8	
枖	木	8	
林	木	8	木
枘	木	8	
枙	木	8	
枚	木	8	
枛	木	8	
果	木	8	
枝	木	8	
枞	木	8	
枟	木	8	
枠	木	8	
枡	木	8	
枢	木	8	
枣	木	8	
枤	木	8	
枥	木	8	
枦	木	8	
枧	木	8	
枨	木	8	
枩	木	8	
枪	木	8	
枫	木	8	
枬	木	8	
枭	木	8	
枮	木	9	
枯	木	9	
枰	木	9	
枱	木	9	
枲	木	9	
枳	木	9	
枴	木	9	
枵	木	9	
架	木	9	
枷	木	9	
枸	木	9	
枹	木	9	
枺	木	9	
枻	木	9	
枼	木	9	
枽	木	10	
枾	木	9	
枿	木	9	
柀	木	9	
柁	木	9	
柂	木	9	
柃	木	9	
柄	木	9	
柅	木	9	
柆	木	9	
柇	木	9	
柈	木	9	
柉	木	8	
柊	木	9	
柋	木	9	
柌	木	9	
柍	木	9	
柎	木	9	
柏	木	9	
某	木	9	
柑	木	9	
柒	木	9	
染	木	9	
柔	木	9	
柕	木	9	
柖	木	9	
柗	木	9	
柘	木	9	
柙	木	9	
柚	木	9	
柛	木	9	
柜	木	8	
柝	木	9	
柞	木	9	
柟	木	9	
柠	木	9	
柡	木	10	
柢	木	9	
柣	木	9	
柤	木	9	
查	木	9	
柦	木	9	
柧	木	9	
柨	木	9	
柩	木	9	
柪	木	9	
柫	木	9	
柬	木	9	
柭	木	9	
柮	木	9	
柯	木	9	
柰	木	9	
柱	木	9	
柲	木	9	
柳	木	9	
柴	木	10	
柵	木	9	
柶	木	9	
柷	木	9	
柸	木	9	
柹	木	8	
柺	木	9	
査	木	9	
柼	木	9	
柽	木	9	
柾	木	9	
柿	木	9	
栀	木	9	
栁	木	9	
栂	木	9	
栃	木	9	
栄	木	9	
栅	木	9	
栆	木	9	
标	木	9	
栈	木	9	
栉	木	9	
栊	木	9	
栋	木	9	
栌	木	9	
栍	木	9	
栎	木	9	
栏	木	9	
栐	木	9	
树	木	9	
栒	木	10	
栓	木	10	
栔	木	10	
栕	木	10	
栖	木	10	
栗	木	10	
栘	木	10	
栙	木	10	
栚	木	10	
栛	木	10	
栜	木	10	
栝	木	10	
栞	木	10	
栟	木	10	
栠	木	10	
校	木	10	木交
栢	木	10	
栣	木	10	
栤	木	10	
栥	木	10	
栦	木	10	
栧	木	10	
栨	木	10	
栩	木	10	
株	木	10	
栫	木	10	
栬	木	10	
栭	木	10	
栮	木	10	
栯	木	10	
栰	木	10	
栱	木	10	
栲	木	10	
栳	木	10	
栴	木	10	
栵	木	10	
栶	木	10	
样	木	10	
核	木	10	
根	木	10	
栺	木	10	
栻	木	10	
格	木	10	
栽	木	10	
栾	木	10	
栿	木	10	
桀	木	10	
桁	木	10	
桂	木	10	
桃	木	10	
桄	木	10	
桅	木	10	
框	木	10	
桇	木	10	
案	木	10	
桉	木	10	
桊	木	10	
桋	木	10	
桌	木	10	
桍	木	10	
桎	木	10	
桏	木	9	
桐	木	10	
桑	木	10	
桒	木	9	
桓	木	10	
桔	木	10	
桕	木	10	
桖	木	10	
桗	木	10	
桘	木	10	
桙	木	10	
桚	木	10	
桛	木	10	
桜	木	10	木
桝	木	10	
桞	木	9	
桟	木	10	
桠	木	10	
桡	木	10	
桢	木	10	
档	木	10	
桤	木	10	
桥	木	10	
桦	木	10	
桧	木	10	
桨	木	10	
桩	木	10	
桪	木	10	
桫	木	11	
桬	木	11	
桭	木	11	
桮	木	11	
桯	木	11	
桰	木	11	
桱	木	11	
桲	木	11	
桳	木	11	
桴	木	11	
桵	木	11	
桶	木	11	
桷	木	11	
桸	木	11	
桹	木	11	
桺	木	11	
桻	木	11	
桼	木	11	
桽	木	11	
桾	木	11	
桿	木	11	
梀	木	11	
梁	木	11	
梂	木	11	
梃	木	10	
梄	木	11	
梅	木	11	
梆	木	10	
梇	木	11	
梈	木	11	
梉	木	11	
梊	木	11	
梋	木	11	
梌	木	11	
梍	木	11	
梎	木	11	
梏	木	11	
梐	木	11	
梑	木	11	
梒	木	11	
梓	木	11	
梔	木	11	
梕	木	11	
梖	木	11	
梗	木	11	
梘	木	11	
梙	木	11	
梚	木	11	
梛	木	10	
梜	木	11	
條	木	10	
梞	木	11	
梟	木	11	
梠	木	10	
梡	木	11	
梢	木	11	
梣	木	11	
梤	木	11	
梥	木	11	
梦	木	11	
梧	木	11	
梨	木	11	
梩	木	11	
梪	木	11	
梫	木	11	
梬	木	11	
梭	木	11	
梮	木	11	
梯	木	11	
械	木	11	
梱	木	11	
梲	木	11	
梳	木	11	
梴	木	10	
梵	木	11	
梶	木	11	
梷	木	11	
梸	木	11	
梹	木	11	
梺	木	11	
梻	木	11	
梼	木	11	
梽	木	11	
梾	木	11	
梿	木	11	
检	木	11	
棁	木	11	
棂	木	11	
棃	木	12	
棄	木	12	
棅	木	12	
棆	木	12	
棇	木	12	
棈	木	12	
棉	木	12	
棊	木	12	
棋	木	12	
棌	木	12	
棍	木	12	
棎	木	12	
棏	木	12	
棐	木	12	
棑	木	12	
棒	木	12	
棓	木	12	
棔	木	12	
棕	木	12	
棖	木	12	
棗	木	12	
棘	木	12	
棙	木	12	
棚	木	12	
棛	木	12	
棜	木	12	
棝	木	12	
棞	木	12	
棟	木	12	
棠	木	12	
棡	木	12	
棢	木	12	
棣	木	12	
棤	木	12	
棥	木	12	
棦	木	10	
棧	木	12	
棨	木	12	
棩	木	13	
棪	木	12	
棫	木	12	
棬	木	12	
棭	木	12	
森	木	12	木
棯	木	12	
棰	木	12	
棱	木	12	
棲	木	12	
棳	木	12	
棴	木	12	
棵	木	12	
棶	木	12	
棷	木	12	
棸	木	12	
棹	木	12	
棺	木	12	
棻	木	11	
棼	木	12	
棽	木	12	
棾	木	12	
棿	木	12	
椀	木	12	
椁	木	12	
椂	木	12	
椃	木	12	
椄	木	12	
椅	木	12	
椆	木	12	
椇	木	12	
椈	木	12	
椉	木	12	
椊	木	12	
椋	木	12	
椌	木	12	
植	木	12	
椎	木	12	
椏	木	12	
椐	木	12	
椑	木	12	
椒	木	12	
椓	木	12	
椔	木	12	
椕	木	12	
椖	木	12	
椗	木	12	
椘	木	11	
椙	木	12	
椚	木	12	
椛	木	11	
検	木	12	
椝	木	12	
椞	木	12	
椟	木	12	
椠	木	12	
椡	木	12	
椢	木	12	
椣	木	12	
椤	木	12	
椥	木	12	
椦	木	12	
椧	木	12	
椨	木	12	
椩	木	12	
椪	木	12	
椫	木	12	
椬	木	12	
椭	木	12	
椮	木	12	
椯	木	13	
椰	木	12	
椱	木	13	
椲	木	13	
椳	木	13	
椴	木	13	
椵	木	13	
椶	木	13	
椷	木	13	
椸	木	13	
椹	木	13	
椺	木	13	
椻	木	13	
椼	木	13	
椽	木	13	
椾	木	13	
椿	木	13	
楀	木	13	
楁	木	13	
楂	木	13	
楃	木	13	
楄	木	13	
楅	木	13	
楆	木	13	
楇	木	12	
楈	木	13	
楉	木	12	
楊	木	13	
楋	木	13	
楌	木	13	
楍	木	13	
楎	木	13	
楏	木	13	
楐	木	13	
楑	木	13	
楒	木	13	
楓	木	13	
楔	木	13	
楕	木	13	
楖	木	11	
楗	木	12	
楘	木	13	
楙	木	13	
楚	木	13	
楛	木	12	
楜	木	13	
楝	木	13	
楞	木	13	
楟	木	13	
楠	木	13	
楡	木	13	
楢	木	13	
楣	木	13	
楤	木	13	
楥	木	13	
楦	木	13	
楧	木	12	
楨	木	13	
楩	木	13	
楪	木	13	
楫	木	13	
楬	木	13	
業	木	13	
楮	木	12	
楯	木	13	
楰	木	12	
楱	木	13	
楲	木	13	
楳	木	13	
楴	木	13	
極	木	12	
楶	木	13	
楷	木	13	
楸	木	13	
楹	木	13	
楺	木	13	
楻	木	13	
楼	木	13	
楽	木	13	
楾	木	13	
楿	木	13	
榀	木	13	
榁	木	13	
概	木	13	
榃	木	13	
榄	木	13	
榅	木	13	
榆	木	13	
榇	木	13	
榈	木	13	
榉	木	13	
榊	木	13	
榋	木	13	
榌	木	13	
榍	木	14	
榎	木	14	
榏	木	14	
榐	木	14	
榑	木	14	
榒	木	14	
榓	木	14	
榔	木	12	
榕	木	14	
榖	木	14	
榗	木	14	
榘	木	13	
榙	木	13	
榚	木	14	
榛	木	14	
榜	木	14	
榝	木	14	
榞	木	14	
榟	木	14	
榠	木	14	
榡	木	14	
榢	木	14	
榣	木	14	
榤	木	14	
榥	木	14	
榦	木	14	
榧	木	14	
榨	木	14	
榩	木	14	
榪	木	14	
榫	木	14	
榬	木	14	
榭	木	14	
榮	木	14	
榯	木	14	
榰	木	14	
榱	木	14	
榲	木	14	
榳	木	13	
榴	木	14	
榵	木	13	
榶	木	14	
榷	木	14	
榸	木	14	
榹	木	14	
榺	木	14	
榻	木	14	
榼	木	14	
榽	木	14	
榾	木	13	
榿	木	14	
槀	木	14	
槁	木	14	
槂	木	14	
槃	木	14	
槄	木	14	
槅	木	14	
槆	木	13	
槇	木	14	
槈	木	14	
槉	木	14	
槊	木	14	
構	木	14	木冓
槌	木	13	
槍	木	14	
槎	木	13	
槏	木	14	
槐	木	13	
槑	木	14	
槒	木	14	
槓	木	14	
槔	木	14	
槕	木	14	
槖	木	14	
槗	木	14	
様	木	14	
槙	木	14	
槚	木	14	
槛	木	14	
槜	木	14	
槝	木	14	
槞	木	14	
槟	木	14	
槠	木	14	
槡	木	14	
槢	木	15	
槣	木	15	
槤	木	14	
槥	木	15	
槦	木	15	
槧	木	15	
槨	木	14	
槩	木	13	
槪	木	15	
槫	木	15	
槬	木	15	
槭	木	15	
槮	木	15	
槯	木	15	
槰	木	14	
槱	木	15	
槲	木	15	
槳	木	15	
槴	木	15	
槵	木	15	
槶	木	15	
槷	木	15	
槸	木	15	
槹	木	15	
槺	木	15	
槻	木	15	
槼	木	15	
槽	木	15	
槾	木	15	
槿	木	15	
樀	木	15	
樁	木	15	
樂	木	15	
樃	木	14	
樄	木	14	
樅	木	15	
樆	木	14	
樇	木	14	
樈	木	15	
樉	木	15	
樊	木	15	
樋	木	14	
樌	木	15	
樍	木	15	
樎	木	15	
樏	木	15	
樐	木	15	
樑	木	15	
樒	木	15	
樓	木	15	
樔	木	15	
樕	木	15	
樖	木	15	
樗	木	15	
樘	木	15	
標	木	15	
樚	木	15	
樛	木	15	
樜	木	15	
樝	木	15	
樞	木	15	
樟	木	15	
樠	木	15	
模	木	14	
樢	木	15	
樣	木	15	
樤	木	14	
樥	木	14	
樦	木	15	
樧	木	15	
樨	木	16	
権	木	15	
横	木	15	
樫	木	15	
樬	木	15	
樭	木	15	
樮	木	15	
樯	木	15	
樰	木	15	
樱	木	15	
樲	木	16	
樳	木	16	
樴	木	16	
樵	木	16	
樶	木	16	
樷	木	16	
樸	木	16	
樹	木	16	木尌
樺	木	14	
樻	木	16	
樼	木	16	
樽	木	16	
樾	木	16	
樿	木	16	
橀	木	16	
橁	木	16	
橂	木	16	
橃	木	16	
橄	木	15	
橅	木	16	
橆	木	16	
橇	木	16	
橈	木	16	
橉	木	16	
橊	木	16	
橋	木	16	
橌	木	16	
橍	木	16	
橎	木	16	
橏	木	16	
橐	木	16	
橑	木	16	
橒	木	16	
橓	木	16	
橔	木	16	
橕	木	16	
橖	木	16	
橗	木	15	
橘	木	16	
橙	木	16	
橚	木	17	
橛	木	16	
橜	木	16	
橝	木	16	
橞	木	16	
機	木	16	
橠	木	16	
橡	木	15	
橢	木	15	
橣	木	16	
橤	木	16	
橥	木	15	
橦	木	16	
橧	木	16	
橨	木	16	
橩	木	16	
橪	木	16	
橫	木	16	
橬	木	16	
橭	木	16	
橮	木	16	
橯	木	16	
橰	木	16	
橱	木	16	
橲	木	16	
橳	木	16	
橴	木	16	
橵	木	16	
橶	木	16	
橷	木	16	
橸	木	16	
橹	木	16	
橺	木	16	
橻	木	16	
橼	木	16	
橽	木	16	
橾	木	17	
橿	木	17	
檀	木	17	
檁	木	17	
檂	木	17	
檃	木	16	
檄	木	17	
檅	木	17	
檆	木	17	
檇	木	16	
檈	木	17	
檉	木	17	
檊	木	17	
檋	木	17	
檌	木	17	
檍	木	17	
檎	木	16	
檏	木	17	
檐	木	17	
檑	木	17	
檒	木	17	
檓	木	17	
檔	木	17	
檕	木	17	
檖	木	16	
檗	木	17	
檘	木	17	
檙	木	16	
檚	木	17	
檛	木	15	
檜	木	17	
檝	木	16	
檞	木	17	
檟	木	17	
檠	木	16	
檡	木	17	
檢	木	17	
檣	木	17	
檤	木	16	
檥	木	17	
檦	木	17	
檧	木	16	
檨	木	16	
檩	木	17	
檪	木	17	
檫	木	18	
檬	木	17	
檭	木	18	
檮	木	18	
檯	木	18	
檰	木	18	
檱	木	18	
檲	木	18	
檳	木	18	
檴	木	17	
檵	木	18	
檶	木	18	
檷	木	18	
檸	木	18	
檹	木	18	
檺	木	18	
檻	木	18	
檼	木	18	
檽	木	18	
檾	木	18	
檿	木	18	
櫀	木	18	
櫁	木	18	
櫂	木	18	
櫃	木	18	
櫄	木	18	
櫅	木	18	
櫆	木	17	
櫇	木	18	
櫈	木	18	
櫉	木	18	
櫊	木	18	
櫋	木	19	
櫌	木	19	
櫍	木	19	
櫎	木	18	
櫏	木	19	
櫐	木	19	
櫑	木	19	
櫒	木	18	
櫓	木	19	
櫔	木	18	
櫕	木	19	
櫖	木	19	
櫗	木	18	
櫘	木	19	
櫙	木	18	
櫚	木	18	
櫛	木	17	
櫜	木	19	
櫝	木	19	
櫞	木	19	
櫟	木	19	
櫠	木	19	
櫡	木	18	
櫢	木	19	
櫣	木	17	
櫤	木	19	
櫥	木	19	
櫦	木	19	
櫧	木	19	
櫨	木	20	
櫩	木	20	
櫪	木	20	
櫫	木	19	
櫬	木	20	
櫭	木	18	
櫮	木	20	
櫯	木	20	
櫰	木	20	
櫱	木	20	
櫲	木	19	
櫳	木	20	
櫴	木	20	
櫵	木	19	
櫶	木	20	
櫷	木	22	
櫸	木	20	
櫹	木	20	
櫺	木	21	
櫻	木	21	
櫼	木	21	
櫽	木	20	
櫾	木	21	
櫿	木	20	
欀	木	21	
欁	木	21	
欂	木	20	
欃	木	21	
欄	木	21	
欅	木	21	
欆	木	22	
欇	木	22	
欈	木	22	
欉	木	22	
權	木	21	
欋	木	22	
欌	木	21	
欍	木	21	
欎	木	22	
欏	木	23	
欐	木	23	
欑	木	23	
欒	木	23	
欓	木	24	
欔	木	24	
欕	木	23	
欖	木	25	
欗	木	24	
欘	木	25	
欙	木	25	
欚	木	25	
欛	木	25	
欜	木	26	
欝	木	25	
欞	木	28	
欟	木	28	
欠	欠	4	
次	欠	6	
欢	欠	6	
欣	欠	8	
欤	欠	7	
欥	欠	8	
欦	欠	8	
欧	欠	8	
欨	欠	9	
欩	欠	9	
欪	欠	9	
欫	欠	11	
欬	欠	10	
欭	欠	10	
欮	欠	10	
欯	欠	10	
欰	欠	10	
欱	欠	10	
欲	欠	11	
欳	欠	11	
欴	欠	10	
欵	欠	11	
欶	欠	11	
欷	欠	11	
欸	欠	11	
欹	欠	12	
欺	欠	12	
欻	欠	12	
欼	欠	12	
欽	欠	12	
款	欠	12	
欿	欠	12	
歀	欠	13	
歁	欠	13	
歂	欠	13	
歃	欠	13	
歄	欠	12	
歅	欠	13	
歆	欠	13	
歇	欠	13	
歈	欠	13	
歉	欠	14	
歊	欠	14	
歋	欠	14	
歌	欠	14	
歍	欠	14	
歎	欠	15	
歏	欠	15	
歐	欠	15	
歑	欠	15	
歒	欠	15	
歓	欠	15	
歔	欠	15	
歕	欠	16	
歖	欠	16	
歗	欠	17	
歘	欠	16	
歙	欠	16	
歚	欠	16	
歛	欠	17	
歜	欠	17	
歝	欠	17	
歞	欠	18	
歟	欠	17	
歠	欠	19	
歡	欠	21	
止	止	4	
正	止	5	一止
此	止	6	
步	止	7	
武	止	8	
歧	止	8	
歨	止	8	
歩	止	8	
歪	止	9	
歫	止	8	
歬	止	10	
歭	止	10	
歮	止	12	
歯	止	12	
歰	止	14	
歱	止	13	
歲	止	13	
歳	止	13	
歴	止	14	
歵	止	15	
歶	止	15	
歷	止	16	
歸	止	18	
歹	歹	4	
歺	歹	5	
死	歹	6	
歼	歹	7	
歽	歹	8	
歾	歹	8	
歿	歹	8	
殀	歹	8	
殁	歹	8	
殂	歹	9	
殃	歹	9	
殄	歹	9	
殅	歹	9	
殆	歹	9	
殇	歹	9	
殈	歹	10	
殉	歹	10	
殊	歹	10	
残	歹	9	
殌	歹	11	
殍	歹	11	
殎	歹	11	
殏	歹	11	
殐	歹	11	
殑	歹	11	
殒	歹	11	
殓	歹	11	
殔	歹	12	
殕	歹	12	
殖	歹	12	
殗	歹	12	
殘	歹	12	
殙	歹	12	
殚	歹	12	
殛	歹	12	
殜	歹	13	
殝	歹	14	
殞	歹	14	
殟	歹	13	
殠	歹	14	
殡	歹	14	
殢	歹	15	
殣	歹	15	
殤	歹	15	
殥	歹	15	
殦	歹	15	
殧	歹	16	
殨	歹	16	
殩	歹	16	
殪	歹	16	
殫	歹	16	
殬	歹	17	
殭	歹	17	
殮	歹	17	
殯	歹	18	
殰	歹	19	
殱	歹	19	
殲	歹	21	
殳	殳	4	
殴	殳	8	
段	殳	9	
殶	殳	9	
殷	殳	10	
殸	殳	11	
殹	殳	11	
殺	殳	10	
殻	殳	11	
殼	殳	12	
殽	殳	12	
殾	殳	12	
殿	殳	13	
毀	殳	13	
毁	殳	13	
毂	殳	13	
毃	殳	14	
毄	殳	14	
毅	殳	15	
毆	殳	15	
毇	殳	16	
毈	殳	16	
毉	殳	18	
毊	殳	23	
毋	毋	4	
毌	毋	4	
母	毋	5	
毎	毋	6	
每	毋	7	
毐	毋	7	
毑	毋	8	
毒	毋	9	
毓	毋	14	
比	比	4	
毕	比	6	
毖	比	9	
毗	比	9	
毘	比	9	
毙	比	10	
毚	比	17	
毛	毛	4	
毜	毛	7	
毝	毛	7	
毞	毛	8	
毟	毛	8	
毠	毛	9	
毡	毛	9	
毢	毛	10	
毣	毛	10	
毤	毛	10	
毥	毛	10	
毦	毛	10	
毧	毛	10	
毨	毛	10	
毩	毛	10	
毪	毛	10	
毫	毛	11	
毬	毛	11	
毭	毛	11	
毮	毛	11	
毯	毛	12	
毰	毛	12	
毱	毛	12	
毲	毛	12	
毳	毛	12	
毴	毛	12	
毵	毛	12	
毶	毛	12	
毷	毛	13	
毸	毛	13	
毹	毛	13	
毺	毛	13	
毻	毛	13	
毼	毛	13	
毽	毛	12	
毾	毛	14	
毿	毛	15	
氀	毛	15	
氁	毛	14	
氂	毛	15	
氃	毛	16	
氄	毛	16	
氅	毛	16	
氆	毛	16	
氇	毛	16	
氈	毛	17	
氉	毛	17	
氊	毛	17	
氋	毛	17	
氌	毛	19	
氍	毛	22	
氎	毛	26	
氏	氏	4	
氐	氏	5	
民	氏	5	
氒	氏	6	
氓	氏	8	
气	气	4	
氕	气	5	
氖	气	6	
気	气	6	
氘	气	6	
氙	气	7	
氚	气	7	
氛	气	8	
氜	气	8	
氝	气	8	
氞	气	9	
氟	气	9	
氠	气	9	
氡	气	9	
氢	气	9	
氣	气	10	
氤	气	10	
氥	气	10	
氦	气	10	
氧	气	10	
氨	气	10	
氩	气	10	
氪	气	11	
氫	气	11	
氬	气	12	
氭	气	12	
氮	气	12	
氯	气	12	
氰	气	12	
氱	气	13	
氲	气	13	
氳	气	14	
水	水	4	
氵	水	3	
氶	水	5	
氷	水	5	
永	水	5	
氹	水	5	
氺	水	5	
氻	水	5	
氼	水	6	
氽	入	6	
氾	水	5	
氿	水	5	
汀	水	5	
汁	水	5	
求	水	7	
汃	水	5	
汄	水	5	
汅	水	5	
汆	水	6	
汇	水	5	
汈	水	5	
汉	水	5	
汊	水	6	
汋	水	6	
汌	水	6	
汍	水	6	
汎	水	6	
汏	水	6	
汐	水	6	
汑	水	6	
汒	水	6	
汓	水	6	
汔	水	6	
汕	水	6	
汖	水	7	
汗	水	6	
汘	水	6	
汙	水	6	
汚	水	6	
汛	水	6	
汜	水	6	
汝	水	6	
汞	水	7	
江	水	6	
池	水	6	
污	水	6	
汢	水	6	
汣	水	6	
汤	水	6	
汥	水	7	
汦	水	7	
汧	水	7	
汨	水	7	
汩	水	7	
汪	水	7	
汫	水	7	
汬	水	8	
汭	水	7	
汮	水	7	
汯	水	7	
汰	水	7	
汱	水	7	
汲	水	6	
汳	水	7	
汴	水	7	
汵	水	7	
汶	水	7	
汷	水	6	
汸	水	7	
汹	水	7	
決	水	7	
汻	水	7	
汼	水	7	
汽	水	7	
汾	水	7	
汿	水	7	
沀	水	8	
沁	水	7	
沂	水	7	
沃	水	7	
沄	水	7	
沅	水	7	
沆	水	7	
沇	水	7	
沈	水	7	
沉	水	7	
沊	水	8	
沋	水	7	
沌	水	7	
沍	水	7	
沎	水	7	
沏	水	7	
沐	水	7	
沑	水	7	
沒	水	7	
沓	水	8	
沔	水	7	
沕	水	7	
沖	水	7	
沗	水	9	
沘	水	7	
沙	水	7	
沚	水	7	
沛	水	7	
沜	水	7	
沝	水	8	
沞	水	7	
沟	水	7	
沠	水	7	
没	水	7	
沢	水	7	
沣	水	7	
沤	水	7	
沥	水	7	
沦	水	7	
沧	水	7	
沨	水	7	
沩	水	7	
沪	水	7	
沫	水	8	
沬	水	8	
沭	水	8	
沮	水	8	
沯	水	9	
沰	水	8	
沱	水	8	
沲	水	8	
河	水	8	氵可
沴	水	8	
沵	水	8	
沶	水	8	
沷	水	8	
沸	水	8	
油	水	8	
沺	水	8	
治	水	8	
沼	水	8	
沽	水	8	
沾	水	8	
沿	水	8	
泀	水	8	
況	水	8	
泂	水	8	
泃	水	8	
泄	水	8	
泅	水	8	
泆	水	8	
泇	水	8	
泈	水	8	
泉	水	9	
泊	水	8	
泋	水	8	
泌	水	8	
泍	水	8	
泎	水	8	
泏	水	8	
泐	水	7	
泑	水	8	
泒	水	8	
泓	水	8	
泔	水	8	
法	水	8	
泖	水	8	
泗	水	8	
泘	水	8	
泙	水	8	
泚	水	9	
泛	水	7	
泜	水	8	
泝	水	8	
泞	水	8	
泟	水	8	
泠	水	8	
泡	水	8	
波	水	8	
泣	水	8	
泤	水	7	
泥	水	8	
泦	水	8	
泧	水	8	
注	水	8	
泩	水	8	
泪	水	8	
泫	水	8	
泬	水	8	
泭	水	8	
泮	水	8	
泯	水	8	
泰	水	10	
泱	水	8	
泲	水	7	
泳	水	8	
泴	水	9	
泵	石	9	
泶	水	9	
泷	水	8	
泸	水	8	
泹	水	8	
泺	水	8	
泻	水	8	
泼	水	8	
泽	水	8	
泾	水	8	
泿	水	9	
洀	水	9	
洁	水	9	
洂	水	9	
洃	水	9	
洄	水	9	
洅	水	9	
洆	水	9	
洇	水	9	
洈	水	9	
洉	水	9	
洊	水	9	
洋	水	9	
洌	水	9	
洍	水	10	
洎	水	9	
洏	水	9	
洐	水	9	
洑	水	9	
洒	水	9	
洓	水	9	
洔	水	9	
洕	水	9	
洖	水	10	
洗	水	9	
洘	水	9	
洙	水	9	
洚	水	9	
洛	水	9	
洜	水	10	
洝	水	9	
洞	水	9	
洟	水	9	
洠	水	9	
洡	水	9	
洢	水	9	
洣	水	9	
洤	水	9	
津	水	9	
洦	水	9	
洧	水	9	
洨	水	9	
洩	水	9	
洪	水	9	
洫	水	9	
洬	水	9	
洭	水	9	
洮	水	9	
洯	水	10	
洰	水	7	
洱	水	9	
洲	水	9	
洳	水	9	
洴	水	9	
洵	水	9	
洶	水	9	
洷	水	9	
洸	水	9	
洹	水	9	
洺	水	9	
活	水	9	
洼	水	9	
洽	水	9	
派	水	9	
洿	水	9	
浀	水	9	
流	水	10	
浂	水	9	
浃	水	9	
浄	水	9	
浅	水	8	
浆	水	10	
浇	水	9	
浈	水	9	
浉	水	9	
浊	水	9	
测	水	9	
浌	水	9	
浍	水	9	
济	水	9	
浏	水	9	
浐	水	9	
浑	水	9	
浒	水	9	
浓	水	9	
浔	水	9	
浕	水	9	
浖	水	10	
浗	水	10	
浘	水	10	
浙	水	10	
浚	水	10	
浛	水	10	
浜	水	10	
浝	水	10	
浞	水	10	
浟	水	10	
浠	水	10	
浡	水	10	
浢	水	10	
浣	水	10	
浤	水	10	
浥	水	10	
浦	水	10	
浧	水	10	
浨	水	10	
浩	水	10	
浪	水	10	
浫	水	10	
浬	水	10	
浭	水	10	
浮	水	10	
浯	水	10	
浰	水	10	
浱	水	10	
浲	水	10	
浳	水	10	
浴	水	10	
浵	水	10	
浶	水	10	
海	水	10	氵毎
浸	水	10	
浹	水	10	
浺	水	10	
浻	水	10	
浼	水	10	
浽	水	10	
浾	水	10	
浿	水	10	
涀	水	10	
涁	水	10	
涂	水	10	
涃	水	10	
涄	水	10	
涅	水	10	
涆	水	10	
涇	水	10	
消	水	10	
涉	水	10	
涊	水	10	
涋	水	10	
涌	水	10	
涍	水	10	
涎	水	9	
涏	水	9	
涐	水	10	
涑	水	10	
涒	水	10	
涓	水	10	
涔	水	10	
涕	水	10	
涖	水	10	
涗	水	10	
涘	水	10	
涙	水	10	
涚	水	10	
涛	水	10	
涜	水	10	
涝	水	10	
涞	水	10	
涟	水	10	
涠	水	10	
涡	水	10	
涢	水	10	
涣	水	10	
涤	水	10	
涥	水	10	
润	水	10	
涧	水	10	
涨	水	10	
涩	水	10	
涪	水	11	
涫	水	11	
涬	水	11	
涭	水	11	
涮	水	11	
涯	水	11	
涰	水	11	
涱	水	11	
液	水	11	
涳	水	11	
涴	水	11	
涵	水	11	
涶	水	11	
涷	水	11	
涸	水	11	
涹	水	11	
涺	水	11	
涻	水	11	
涼	水	11	
涽	水	11	
涾	水	11	
涿	水	11	
淀	水	11	
淁	水	11	
淂	水	11	
淃	水	11	
淄	水	11	
淅	水	11	
淆	水	11	
淇	水	11	
淈	水	11	
淉	水	11	
淊	水	11	
淋	水	11	
淌	水	11	
淍	水	11	
淎	水	11	
淏	水	11	
淐	水	11	
淑	水	11	
淒	水	11	
淓	水	10	
淔	水	11	
淕	水	11	
淖	水	11	
淗	水	11	
淘	水	11	
淙	水	11	
淚	水	11	
淛	水	11	
淜	水	11	
淝	水	11	
淞	水	11	
淟	水	11	
淠	水	11	
淡	水	11	
淢	水	11	
淣	水	11	
淤	水	11	
淥	水	11	
淦	水	11	
淧	水	11	
淨	水	11	
淩	水	11	
淪	水	11	
淫	水	11	
淬	水	11	
淭	水	11	
淮	水	11	
淯	水	11	
淰	水	11	
深	水	11	
淲	水	11	
淳	水	11	
淴	水	11	
淵	水	12	
淶	水	11	
混	水	11	
淸	水	11	
淹	水	11	
淺	水	11	
添	水	11	
淼	水	12	
淽	水	10	
淾	水	12	
淿	水	11	
渀	水	11	
渁	水	11	
渂	水	11	
渃	水	11	
渄	水	11	
清	水	11	氵青
渆	水	11	
渇	水	11	
済	水	11	氵斉
渉	水	11	
渊	水	11	
渋	水	11	
渌	水	11	
渍	水	11	
渎	水	11	
渏	水	11	
渐	水	11	
渑	水	11	
渒	水	11	
渓	水	11	
渔	水	11	
渕	水	11	
渖	水	11	
渗	水	11	
渘	水	12	
渙	水	12	
渚	水	11	
減	水	12	
渜	水	12	
渝	水	12	
渞	水	12	
渟	水	12	
渠	水	11	
渡	水	12	
渢	水	12	
渣	水	12	
渤	水	12	
渥	水	12	
渦	水	11	
渧	水	12	
渨	水	12	
温	水	12	
渪	水	12	
渫	水	12	
測	水	12	
渭	水	12	
渮	水	11	
港	水	12	
渰	水	12	
渱	水	12	
渲	水	12	
渳	水	12	
渴	水	12	
渵	水	11	
渶	水	11	
渷	水	12	
游	水	12	
渹	水	12	
渺	水	12	
渻	水	12	
渼	水	12	
渽	水	12	
渾	水	12	
渿	水	12	
湀	水	12	
湁	水	12	
湂	水	12	
湃	水	12	
湄	水	12	
湅	水	12	
湆	水	12	
湇	水	12	
湈	水	12	
湉	水	12	
湊	水	12	
湋	水	12	
湌	水	12	
湍	水	12	
湎	水	12	
湏	水	12	
湐	水	12	
湑	水	12	
湒	水	12	
湓	水	12	
湔	水	12	
湕	水	11	
湖	水	12	氵胡
湗	水	12	
湘	水	12	
湙	水	12	
湚	水	12	
湛	水	12	
湜	水	12	
湝	水	12	
湞	水	12	
湟	水	12	
湠	水	12	
湡	水	12	
湢	水	12	
湣	水	12	
湤	水	12	
湥	水	12	
湦	水	12	
湧	水	12	
湨	水	12	
湩	水	12	
湪	水	12	
湫	水	12	
湬	水	13	
湭	水	12	
湮	水	12	
湯	水	12	
湰	水	12	
湱	水	12	
湲	水	12	
湳	水	12	
湴	水	11	
湵	水	12	
湶	水	12	
湷	水	12	
湸	水	12	
湹	水	12	
湺	水	12	
湻	水	12	
湼	水	12	
湽	水	12	
湾	水	12	
湿	水	12	
満	水	12	
溁	水	12	
溂	水	12	
溃	水	12	
溄	水	12	
溅	水	12	
溆	水	12	
溇	水	12	
溈	水	12	
溉	水	12	
溊	水	12	
溋	水	12	
溌	水	12	
溍	水	13	
溎	水	13	
溏	水	13	
源	水	13	
溑	水	13	
溒	水	13	
溓	水	13	
溔	水	13	
溕	水	13	
準	水	13	
溗	水	13	
溘	水	13	
溙	水	13	
溚	水	12	
溛	水	13	
溜	水	13	
溝	水	13	
溞	水	12	
溟	水	13	
溠	水	12	
溡	水	13	
溢	水	13	
溣	水	13	
溤	水	13	
溥	水	13	
溦	水	13	
溧	水	13	
溨	水	13	
溩	水	13	
溪	水	13	
溫	水	13	
溬	水	12	
溭	水	13	
溮	水	13	
溯	水	13	
溰	水	13	
溱	水	13	
溲	水	12	
溳	水	13	
溴	水	13	
溵	水	13	
溶	水	13	
溷	水	13	
溸	水	13	
溹	水	13	
溺	水	13	
溻	水	13	
溼	水	13	
溽	水	13	
溾	水	12	
溿	水	13	
滀	水	13	
滁	水	12	
滂	水	13	
滃	水	13	
滄	水	13	
滅	水	13	
滆	水	13	
滇	水	13	
滈	水	13	
滉	水	13	
滊	水	13	
滋	水	12	
滌	水	13	
滍	水	13	
滎	水	14	
滏	水	13	
滐	水	13	
滑	水	12	
滒	水	13	
滓	水	13	
滔	水	13	
滕	水	15	
滖	水	13	
滗	水	13	
滘	水	13	
滙	水	13	
滚	水	13	
滛	水	13	
滜	水	13	
滝	水	13	
滞	水	12	
滟	水	13	
滠	水	13	
满	水	13	
滢	水	13	
滣	水	13	
滤	水	13	
滥	水	13	
滦	水	13	
滧	水	13	
滨	水	13	
滩	水	13	
滪	水	13	
滫	水	13	
滬	水	14	
滭	水	13	
滮	水	14	
滯	水	14	
滰	水	14	
滱	水	14	
滲	水	14	
滳	水	14	
滴	水	14	
滵	水	14	
滶	水	13	
滷	水	14	
滸	水	14	
滹	水	14	
滺	水	14	
滻	水	14	
滼	水	14	
滽	水	14	
滾	水	14	
滿	水	14	
漀	水	15	
漁	水	14	
漂	水	14	
漃	水	14	
漄	水	14	
漅	水	14	
漆	水	14	
漇	水	14	
漈	水	14	
漉	水	14	
漊	水	14	
漋	水	14	
漌	水	14	
漍	水	14	
漎	水	14	
漏	水	14	
漐	水	15	
漑	水	14	
漒	水	15	
漓	水	13	
演	水	14	
漕	水	14	
漖	水	14	
漗	水	14	
漘	水	14	
漙	水	14	
漚	水	14	
漛	水	14	
漜	水	14	
漝	水	14	
漞	水	14	
漟	水	14	
漠	水	13	
漡	水	14	
漢	水	14	
漣	水	13	
漤	水	14	
漥	水	14	
漦	水	15	
漧	水	14	
漨	水	13	
漩	水	14	
漪	水	14	
漫	水	14	
漬	水	14	
漭	水	13	
漮	水	14	
漯	水	14	
漰	水	14	
漱	水	14	
漲	水	14	
漳	水	14	
漴	水	14	
漵	水	14	
漶	水	14	
漷	水	13	
漸	水	14	
漹	水	14	
漺	水	14	
漻	水	14	
漼	水	14	
漽	水	15	
漾	水	14	
漿	水	15	
潀	水	14	
潁	水	15	
潂	水	14	
潃	水	13	
潄	水	14	
潅	水	14	
潆	水	14	
潇	水	14	
潈	水	14	
潉	水	14	
潊	水	14	
潋	水	14	
潌	水	14	
潍	水	14	
潎	水	14	
潏	水	15	
潐	水	15	
潑	水	15	
潒	水	14	
潓	水	15	
潔	水	15	
潕	水	15	
潖	水	15	
潗	水	15	
潘	水	15	
潙	水	15	
潚	水	16	
潛	水	15	
潜	水	15	
潝	水	15	
潞	水	16	
潟	水	15	
潠	水	15	
潡	水	15	
潢	水	14	
潣	水	15	
潤	水	15	
潥	水	15	
潦	水	15	
潧	水	15	
潨	水	15	
潩	水	14	
潪	水	15	
潫	水	15	
潬	水	15	
潭	水	15	
潮	水	15	
潯	水	15	
潰	水	15	
潱	水	15	
潲	水	15	
潳	水	14	
潴	水	14	
潵	水	15	
潶	水	15	
潷	水	15	
潸	水	15	
潹	水	15	
潺	水	15	
潻	水	15	
潼	水	15	
潽	水	15	
潾	水	15	
潿	水	15	
澀	水	17	
澁	水	15	
澂	水	15	
澃	水	16	
澄	水	15	
澅	水	15	
澆	水	15	
澇	水	15	
澈	水	15	
澉	水	14	
澊	水	15	
澋	水	15	
澌	水	15	
澍	水	15	
澎	水	15	
澏	水	15	
澐	水	15	
澑	水	15	
澒	水	15	
澓	水	15	
澔	水	15	
澕	水	13	
澖	水	15	
澗	水	15	
澘	水	15	
澙	水	15	
澚	水	14	
澛	水	15	
澜	水	15	
澝	水	15	
澞	水	16	
澟	水	16	
澠	水	16	
澡	水	16	
澢	水	16	
澣	水	16	
澤	水	16	
澥	水	16	
澦	水	16	
澧	水	16	
澨	水	16	
澩	水	17	
澪	水	16	
澫	水	15	
澬	水	16	
澭	水	16	
澮	水	16	
澯	水	16	
澰	水	16	
澱	水	16	
澲	水	16	
澳	水	15	
澴	水	16	
澵	水	16	
澶	水	16	
澷	水	16	
澸	水	16	
澹	水	16	
澺	水	16	
澻	水	15	
澼	水	16	
澽	水	16	
澾	水	15	
澿	水	16	
激	水	16	
濁	水	16	
濂	水	16	
濃	水	16	
濄	水	14	
濅	水	16	
濆	水	15	
濇	水	16	
濈	水	15	
濉	水	16	
濊	水	16	
濋	水	16	
濌	水	17	
濍	水	15	
濎	水	15	
濏	水	16	
濐	水	15	
濑	水	16	
濒	水	16	
濓	水	16	
濔	水	17	
濕	水	17	
濖	水	16	
濗	水	16	
濘	水	17	
濙	水	17	
濚	水	17	
濛	水	16	
濜	水	17	
濝	水	17	
濞	水	17	
濟	水	17	
濠	水	17	
濡	水	17	
濢	水	17	
濣	水	17	
濤	水	17	
濥	水	17	
濦	水	17	
濧	水	17	
濨	水	16	
濩	水	16	
濪	水	17	
濫	水	17	
濬	水	17	
濭	水	16	
濮	水	17	
濯	水	17	
濰	水	17	
濱	水	17	
濲	水	17	
濳	水	19	
濴	水	17	
濵	水	17	
濶	水	17	
濷	水	18	
濸	水	16	
濹	水	17	
濺	水	18	
濻	水	17	
濼	水	18	
濽	水	18	
濾	水	18	
濿	水	17	
瀀	水	18	
瀁	水	17	
瀂	水	18	
瀃	水	18	
瀄	水	16	
瀅	水	18	
瀆	水	18	
瀇	水	17	
瀈	水	18	
瀉	水	18	
瀊	水	18	
瀋	水	18	
瀌	水	18	
瀍	水	18	
瀎	水	17	
瀏	水	18	
瀐	水	18	
瀑	水	18	
瀒	水	18	
瀓	水	18	
瀔	水	18	
瀕	水	19	
瀖	水	19	
瀗	水	19	
瀘	水	19	
瀙	水	19	
瀚	水	19	
瀛	水	19	
瀜	水	19	
瀝	水	19	
瀞	水	17	
瀟	水	19	
瀠	水	19	
瀡	水	17	
瀢	水	18	
瀣	水	19	
瀤	水	19	
瀥	水	19	
瀦	水	18	
瀧	水	19	
瀨	水	19	
瀩	水	19	
瀪	水	20	
瀫	水	19	
瀬	水	19	
瀭	水	19	
瀮	水	19	
瀯	水	19	
瀰	水	20	
瀱	水	20	
瀲	水	20	
瀳	水	19	
瀴	水	20	
瀵	水	20	
瀶	水	20	
瀷	水	20	
瀸	水	20	
瀹	水	20	
瀺	水	20	
瀻	水	20	
瀼	水	20	
瀽	水	20	
瀾	水	20	
瀿	水	20	
灀	水	20	
灁	水	20	
灂	水	20	
灃	水	21	
灄	水	21	
灅	水	21	
灆	水	20	
灇	水	21	
灈	水	21	
灉	水	21	
灊	水	21	
灋	水	21	
灌	水	20	
灍	水	21	
灎	水	26	
灏	水	21	
灐	水	21	
灑	水	22	
灒	水	22	
灓	水	23	
灔	水	22	
灕	水	21	
灖	水	22	
灗	水	22	
灘	水	22	
灙	水	23	
灚	水	23	
灛	水	23	
灜	水	23	
灝	水	24	
灞	水	24	
灟	水	24	
灠	水	24	
灡	水	23	
灢	水	25	
灣	水	25	
灤	水	26	
灥	水	27	
灦	水	26	
灧	水	27	
灨	水	27	
灩	水	31	
灪	水	32	
火	火	4	
灬	火	4	灬
灭	火	5	
灮	火	6	
灯	火	6	
灰	火	6	
灱	火	6	
灲	火	6	
灳	火	6	
灴	火	7	
灵	火	7	
灶	火	7	
灷	火	7	
灸	火	7	
灹	火	7	
灺	火	7	
灻	火	7	
灼	火	7	
災	火	7	
灾	火	7	
灿	火	7	
炀	火	7	
炁	火	8	
炂	火	8	
炃	火	8	
炄	火	8	
炅	火	8	
炆	火	8	
炇	火	8	
炈	火	8	
炉	火	8	
炊	火	8	
炋	火	8	
炌	火	8	
炍	火	8	
炎	火	8	
炏	火	8	
炐	火	8	
炑	火	8	
炒	火	8	
炓	火	8	
炔	火	8	
炕	火	8	
炖	火	8	
炗	火	8	
炘	火	8	
炙	火	8	
炚	火	8	
炛	火	8	
炜	火	8	
炝	火	8	
炞	火	8	
炟	火	9	
炠	火	9	
炡	火	9	
炢	火	9	
炣	火	9	
炤	火	9	
炥	火	9	
炦	火	9	
炧	火	9	
炨	火	9	
炩	火	9	
炪	火	9	
炫	火	9	
炬	火	8	
炭	火	9	
炮	火	9	
炯	火	9	
炰	火	9	
炱	火	9	
炲	火	9	
炳	火	9	
炴	火	9	
炵	火	9	
炶	火	9	
炷	火	9	
炸	火	9	
点	火	9	
為	火	9	
炻	火	9	
炼	火	9	
炽	火	9	
炾	火	9	
炿	火	9	
烀	火	9	
烁	火	9	
烂	火	9	
烃	火	9	
烄	火	10	
烅	火	10	
烆	火	10	
烇	火	10	
烈	火	10	
烉	火	10	
烊	火	10	
烋	火	10	
烌	火	10	
烍	火	10	
烎	火	8	
烏	火	10	
烐	火	10	
烑	火	10	
烒	火	10	
烓	火	10	
烔	火	10	
烕	火	10	
烖	火	10	
烗	火	10	
烘	火	10	
烙	火	10	
烚	火	10	
烛	火	10	
烜	火	10	
烝	火	10	
烞	火	10	
烟	火	10	
烠	火	10	
烡	火	10	
烢	火	10	
烣	火	10	
烤	火	10	
烥	火	10	
烦	火	10	
烧	火	10	
烨	火	10	
烩	火	10	
烪	火	10	
烫	火	10	
烬	火	10	
热	火	10	
烮	火	10	
烯	火	11	
烰	火	11	
烱	火	11	
烲	火	11	
烳	火	11	
烴	火	11	
烵	火	10	
烶	火	10	
烷	火	11	
烸	火	11	
烹	火	11	
烺	火	11	
烻	火	10	
烼	火	11	
烽	火	11	
烾	火	11	
烿	火	11	
焀	火	11	
焁	火	11	
焂	火	11	
焃	火	11	
焄	火	11	
焅	火	11	
焆	火	11	
焇	火	11	
焈	火	11	
焉	火	11	
焊	火	11	
焋	火	11	
焌	火	11	
焍	火	11	
焎	火	11	
焏	火	11	
焐	火	11	
焑	火	11	
焒	火	10	
焓	火	11	
焔	火	11	
焕	火	11	
焖	火	11	
焗	火	11	
焘	火	11	
焙	火	12	
焚	火	12	
焛	火	12	
焜	火	12	
焝	火	12	
焞	火	12	
焟	火	12	
焠	火	12	
無	火	12	
焢	火	12	
焣	火	12	
焤	火	12	
焥	火	12	
焦	火	12	
焧	火	12	
焨	火	12	
焩	火	12	
焪	火	12	
焫	火	11	
焬	火	12	
焭	火	12	
焮	火	12	
焯	火	12	
焰	火	12	
焱	火	12	
焲	火	12	
焳	火	12	
焴	火	12	
焵	火	12	
然	火	12	
焷	火	12	
焸	火	12	
焹	火	12	
焺	火	12	
焻	火	12	
焼	火	12	
焽	火	12	
焾	火	12	
焿	火	12	
煀	火	12	
煁	火	13	
煂	火	13	
煃	火	13	
煄	火	13	
煅	火	13	
煆	火	13	
煇	火	13	
煈	火	13	
煉	火	13	
煊	火	13	
煋	火	13	
煌	火	13	
煍	火	13	
煎	火	13	
煏	火	13	
煐	火	12	
煑	火	12	
煒	火	13	
煓	火	13	
煔	火	13	
煕	火	14	
煖	火	13	
煗	火	13	
煘	火	13	
煙	火	13	
煚	火	12	
煛	火	14	
煜	火	13	
煝	火	13	
煞	火	13	
煟	火	13	
煠	火	13	
煡	火	12	
煢	火	13	
煣	火	13	
煤	火	13	
煥	火	13	
煦	火	13	
照	火	13	
煨	火	13	
煩	火	13	
煪	火	13	
煫	火	13	
煬	火	13	
煭	火	13	
煮	火	12	
煯	火	13	
煰	火	13	
煱	火	12	
煲	火	13	
煳	火	13	
煴	火	13	
煵	火	13	
煶	火	13	
煷	火	13	
煸	火	13	
煹	火	14	
煺	火	13	
煻	火	14	
煼	火	14	
煽	火	14	
煾	火	14	
煿	火	14	
熀	火	14	
熁	火	14	
熂	火	14	
熃	火	14	
熄	火	14	
熅	火	14	
熆	火	14	
熇	火	14	
熈	火	14	
熉	火	14	
熊	火	14	
熋	火	14	
熌	火	14	
熍	火	13	
熎	火	14	
熏	火	14	
熐	火	14	
熑	火	14	
熒	火	14	
熓	火	14	
熔	火	14	
熕	火	14	
熖	火	14	
熗	火	14	
熘	火	14	
熙	火	14	
熚	火	14	
熛	火	15	
熜	火	15	
熝	火	15	
熞	火	15	
熟	火	15	
熠	火	15	
熡	火	15	
熢	火	14	
熣	火	15	
熤	火	15	
熥	火	14	
熦	火	15	
熧	火	15	
熨	火	15	
熩	火	15	
熪	火	15	
熫	火	15	
熬	火	14	
熭	火	15	
熮	火	15	
熯	火	15	
熰	火	15	
熱	火	15	
熲	火	15	
熳	火	15	
熴	火	15	
熵	火	15	
熶	火	16	
熷	火	16	
熸	火	16	
熹	火	16	
熺	火	16	
熻	火	16	
熼	火	15	
熽	火	17	
熾	火	16	
熿	火	15	
燀	火	16	
燁	火	14	
燂	火	16	
燃	火	16	
燄	火	16	
燅	火	16	
燆	火	16	
燇	火	16	
燈	火	16	
燉	火	16	
燊	火	16	
燋	火	16	
燌	火	16	
燍	火	16	
燎	火	16	
燏	火	16	
燐	火	16	
燑	火	16	
燒	火	16	
燓	火	16	
燔	火	16	
燕	火	16	
燖	火	16	
燗	火	16	
燘	火	16	
燙	火	16	
燚	火	16	
燛	火	16	
燜	火	16	
燝	火	16	
燞	火	16	
營	火	16	
燠	火	16	
燡	火	17	
燢	火	17	
燣	火	17	
燤	火	16	
燥	火	17	
燦	火	17	
燧	火	16	
燨	火	17	
燩	火	17	
燪	火	16	
燫	火	17	
燬	火	17	
燭	火	17	
燮	火	17	
燯	火	17	
燰	火	17	
燱	火	17	
燲	火	17	
燳	火	17	
燴	火	17	
燵	火	16	
燶	火	17	
燷	火	17	
燸	火	18	
燹	火	18	
燺	火	18	
燻	火	18	
燼	火	18	
燽	火	18	
燾	火	18	
燿	火	18	
爀	火	18	
爁	火	18	
爂	火	19	
爃	火	18	
爄	火	18	
爅	火	19	
爆	火	19	
爇	火	18	
爈	火	19	
爉	火	19	
爊	火	19	
爋	火	20	
爌	火	18	
爍	火	19	
爎	火	19	
爏	火	20	
爐	火	20	
爑	火	19	
爒	火	20	
爓	火	20	
爔	火	20	
爕	火	19	
爖	火	20	
爗	火	18	
爘	火	20	
爙	火	21	
爚	火	21	
爛	火	21	
爜	火	22	
爝	火	21	
爞	火	22	
爟	火	21	
爠	火	22	
爡	火	22	
爢	火	23	
爣	火	24	
爤	火	24	
爥	火	25	
爦	火	25	
爧	火	28	
爨	火	30	
爩	火	33	
爪	爪	4	
爫	爪	4	
爬	爪	8	
爭	爪	8	
爮	爪	9	
爯	爪	9	
爰	爪	9	
爱	爪	10	
爲	爪	12	
爳	爪	14	
爴	爪	15	
爵	爪	17	
父	父	4	
爷	父	6	
爸	父	8	
爹	父	10	
爺	父	12	
爻	爻	4	
爼	爻	9	
爽	爻	11	
爾	爻	14	
爿	爿	4	
牀	爿	8	
牁	爿	9	
牂	爿	10	
牃	爿	13	
牄	爿	14	
牅	爿	15	
牆	爿	17	
片	片	4	
版	片	8	
牉	片	9	
牊	片	9	
牋	片	12	
牌	片	12	
牍	片	12	
牎	片	13	
牏	片	13	
牐	片	13	
牑	片	13	
牒	片	13	
牓	片	14	
牔	片	14	
牕	片	15	
牖	片	15	
牗	片	15	
牘	片	19	
牙	牙	4	
牚	牙	12	
牛	牛	4	
牜	牛	4	
牝	牛	6	
牞	牛	6	
牟	牛	6	
牠	牛	7	
牡	牛	7	
牢	牛	7	
牣	牛	7	
牤	牛	7	
牥	牛	8	
牦	牛	8	
牧	牛	8	
牨	牛	8	
物	牛	8	
牪	牛	8	
牫	牛	8	
牬	牛	8	
牭	牛	9	
牮	牛	9	
牯	牛	9	
牰	牛	9	
牱	牛	9	
牲	牛	9	
牳	牛	9	
牴	牛	9	
牵	牛	9	
牶	牛	10	
牷	牛	10	
牸	牛	10	
特	牛	10	
牺	牛	10	
牻	牛	11	
牼	牛	11	
牽	牛	11	
牾	牛	11	
牿	牛	11	
犀	牛	12	
犁	牛	11	
犂	牛	12	
犃	牛	12	
犄	牛	12	
犅	牛	12	
犆	牛	12	
犇	牛	12	
犈	牛	12	
犉	牛	12	
犊	牛	12	
犋	牛	12	
犌	牛	13	
犍	牛	12	
犎	牛	13	
犏	牛	13	
犐	牛	13	
犑	牛	13	
犒	牛	14	
犓	牛	14	
犔	牛	14	
犕	牛	14	
犖	牛	14	
犗	牛	14	
犘	牛	15	
犙	牛	15	
犚	牛	15	
犛	牛	15	
犜	牛	16	
犝	牛	16	
犞	牛	16	
犟	牛	16	
犠	牛	17	
犡	牛	18	
犢	牛	19	
犣	牛	19	
犤	牛	19	
犥	牛	19	
犦	牛	19	
犧	牛	20	
犨	牛	20	
犩	牛	21	
犪	牛	25	
犫	牛	27	
犬	犬	4	
犭	犬	3	
犮	犬	5	
犯	犬	5	
犰	犬	5	
犱	犬	6	
犲	犬	6	
犳	犬	6	
犴	犬	6	
犵	犬	6	
状	犬	7	
犷	犬	6	
犸	犬	6	
犹	犬	7	
犺	犬	7	
犻	犬	7	
犼	犬	7	
犽	犬	7	
犾	犬	7	
犿	犬	7	
狀	犬	8	
狁	犬	7	
狂	犬	7	
狃	犬	7	
狄	犬	7	
狅	犬	7	
狆	犬	7	
狇	犬	7	
狈	犬	7	
狉	犬	8	
狊	犬	9	
狋	犬	8	
狌	犬	8	
狍	犬	8	
狎	犬	8	
狏	犬	8	
狐	犬	8	
狑	犬	8	
狒	犬	8	
狓	犬	8	
狔	犬	8	
狕	犬	8	
狖	犬	8	
狗	犬	8	
狘	犬	8	
狙	犬	8	
狚	犬	8	
狛	犬	8	
狜	犬	8	
狝	犬	8	
狞	犬	8	
狟	犬	9	
狠	犬	9	
狡	犬	9	
狢	犬	9	
狣	犬	9	
狤	犬	9	
狥	犬	9	
狦	犬	9	
狧	犬	9	
狨	犬	9	
狩	犬	9	
狪	犬	9	
狫	犬	9	
独	犬	9	
狭	犬	9	
狮	犬	9	
狯	犬	9	
狰	犬	9	
狱	犬	9	
狲	犬	9	
狳	犬	10	
狴	犬	10	
狵	犬	10	
狶	犬	10	
狷	犬	10	
狸	犬	10	
狹	犬	10	
狺	犬	10	
狻	犬	10	
狼	犬	10	
狽	犬	10	
狾	犬	10	
狿	犬	9	
猀	犬	10	
猁	犬	10	
猂	犬	10	
猃	犬	10	
猄	犬	11	
猅	犬	11	
猆	犬	12	
猇	犬	11	
猈	犬	11	
猉	犬	11	
猊	犬	11	
猋	犬	12	
猌	犬	12	
猍	犬	11	
猎	犬	11	
猏	犬	11	
猐	犬	10	
猑	犬	11	
猒	犬	12	
猓	犬	11	
猔	犬	11	
猕	犬	11	
猖	犬	11	
猗	犬	11	
猘	犬	11	
猙	犬	11	
猚	犬	11	
猛	犬	11	
猜	犬	11	
猝	犬	11	
猞	犬	11	
猟	犬	11	
猠	犬	11	
猡	犬	11	
猢	犬	12	
猣	犬	12	
猤	犬	12	
猥	犬	12	
猦	犬	12	
猧	犬	11	
猨	犬	12	
猩	犬	12	
猪	犬	11	
猫	犬	11	
猬	犬	12	
猭	犬	12	
献	犬	13	
猯	犬	12	
猰	犬	12	
猱	犬	12	
猲	犬	12	
猳	犬	12	
猴	犬	12	
猵	犬	12	
猶	犬	12	
猷	犬	13	
猸	犬	12	
猹	犬	12	
猺	犬	13	
猻	犬	13	
猼	犬	13	
猽	犬	13	
猾	犬	12	
猿	犬	13	
獀	犬	12	
獁	犬	13	
獂	犬	13	
獃	犬	14	
獄	犬	14	
獅	犬	13	
獆	犬	13	
獇	犬	12	
獈	犬	13	
獉	犬	13	
獊	犬	13	
獋	犬	15	
獌	犬	14	
獍	犬	14	
獎	犬	15	
獏	犬	13	
獐	犬	14	
獑	犬	14	
獒	犬	14	
獓	犬	13	
獔	犬	14	
獕	犬	14	
獖	犬	15	
獗	犬	15	
獘	犬	15	
獙	犬	14	
獚	犬	14	
獛	犬	15	
獜	犬	15	
獝	犬	15	
獞	犬	15	
獟	犬	15	
獠	犬	15	
獡	犬	14	
獢	犬	15	
獣	犬	16	
獤	犬	15	
獥	犬	16	
獦	犬	15	
獧	犬	16	
獨	犬	16	
獩	犬	16	
獪	犬	16	
獫	犬	16	
獬	犬	16	
獭	犬	16	
獮	犬	17	
獯	犬	17	
獰	犬	17	
獱	犬	17	
獲	犬	16	
獳	犬	17	
獴	犬	16	
獵	犬	18	
獶	犬	18	
獷	犬	17	
獸	犬	19	
獹	犬	19	
獺	犬	19	
獻	犬	20	
獼	犬	20	
獽	犬	20	
獾	犬	20	
獿	犬	22	
玀	犬	22	
玁	犬	22	
玂	犬	22	
玃	犬	23	
玄	玄	5	
玅	玄	9	
玆	玄	10	
率	玄	11	
玈	玄	11	
玉	玉	5	
玊	玉	5	
王	玉	4	
玌	玉	5	
玍	玉	5	
玎	玉	6	
玏	玉	6	
玐	玉	6	
玑	玉	6	
玒	玉	7	
玓	玉	7	
玔	玉	7	
玕	玉	7	
玖	玉	7	
玗	玉	7	
玘	玉	7	
玙	玉	7	
玚	玉	7	
玛	玉	7	
玜	玉	8	
玝	玉	8	
玞	玉	8	
玟	玉	8	
玠	玉	8	
玡	玉	8	
玢	玉	8	
玣	玉	8	
玤	玉	8	
玥	玉	8	
玦	玉	8	
玧	玉	8	
玨	玉	8	
玩	玉	8	
玪	玉	8	
玫	玉	8	
玬	玉	8	
玭	玉	8	
玮	玉	8	
环	玉	8	
现	玉	8	
玱	玉	8	
玲	玉	9	
玳	玉	9	
玴	玉	9	
玵	玉	9	
玶	玉	9	
玷	玉	9	
玸	玉	9	
玹	玉	9	
玺	玉	10	
玻	玉	9	
玼	玉	10	
玽	玉	9	
玾	玉	9	
玿	玉	9	
珀	玉	9	
珁	玉	8	
珂	玉	9	
珃	玉	9	
珄	玉	9	
珅	玉	9	
珆	玉	9	
珇	玉	9	
珈	玉	9	
珉	玉	9	
珊	玉	9	
珋	玉	9	
珌	玉	9	
珍	玉	9	
珎	玉	9	
珏	玉	9	
珐	玉	9	
珑	玉	9	
珒	玉	10	
珓	玉	10	
珔	玉	10	
珕	玉	10	
珖	玉	10	
珗	玉	10	
珘	玉	10	
珙	玉	10	
珚	玉	10	
珛	玉	10	
珜	玉	10	
珝	玉	10	
珞	玉	10	
珟	玉	10	
珠	玉	10	
珡	玉	10	
珢	玉	10	
珣	玉	10	
珤	玉	10	
珥	玉	10	
珦	玉	10	
珧	玉	10	
珨	玉	10	
珩	玉	10	
珪	玉	10	
珫	玉	10	
珬	玉	10	
班	玉	10	
珮	玉	10	
珯	玉	10	
珰	玉	10	
珱	玉	10	
珲	玉	10	
珳	玉	11	
珴	玉	11	
珵	玉	11	
珶	玉	11	
珷	玉	12	
珸	玉	11	
珹	玉	10	
珺	玉	11	
珻	玉	11	
珼	玉	11	
珽	玉	10	
現	玉	11	
珿	玉	11	
琀	玉	11	
琁	玉	11	
琂	玉	11	
球	玉	11	
琄	玉	11	
琅	玉	11	
理	玉	11	
琇	玉	11	
琈	玉	11	
琉	玉	11	
琊	玉	10	
琋	玉	11	
琌	玉	11	
琍	玉	11	
琎	玉	11	
琏	玉	11	
琐	玉	11	
琑	玉	11	
琒	玉	11	
琓	玉	11	
琔	玉	12	
琕	玉	12	
琖	玉	12	
琗	玉	12	
琘	玉	12	
琙	玉	12	
琚	玉	12	
琛	玉	12	
琜	玉	12	
琝	玉	12	
琞	玉	13	
琟	玉	12	
琠	玉	12	
琡	玉	12	
琢	玉	12	
琣	玉	12	
琤	玉	10	
琥	玉	12	
琦	玉	12	
琧	玉	13	
琨	玉	12	
琩	玉	12	
琪	玉	12	
琫	玉	12	
琬	玉	12	
琭	玉	12	
琮	玉	12	
琯	玉	12	
琰	玉	12	
琱	玉	12	
琲	玉	12	
琳	玉	12	
琴	玉	12	
琵	玉	12	
琶	玉	12	
琷	玉	11	
琸	玉	12	
琹	玉	12	
琺	玉	12	
琻	玉	12	
琼	玉	12	
琽	玉	12	
琾	玉	13	
琿	玉	13	
瑀	玉	13	
瑁	玉	13	
瑂	玉	13	
瑃	玉	13	
瑄	玉	13	
瑅	玉	13	
瑆	玉	13	
瑇	玉	13	
瑈	玉	13	
瑉	玉	13	
瑊	玉	13	
瑋	玉	13	
瑌	玉	13	
瑍	玉	13	
瑎	玉	13	
瑏	玉	13	
瑐	玉	13	
瑑	玉	13	
瑒	玉	13	
瑓	玉	13	
瑔	玉	13	
瑕	玉	13	
瑖	玉	13	
瑗	玉	13	
瑘	玉	12	
瑙	玉	13	
瑚	玉	13	
瑛	玉	12	
瑜	玉	13	
瑝	玉	13	
瑞	玉	13	
瑟	玉	13	
瑠	玉	14	
瑡	玉	14	
瑢	玉	14	
瑣	玉	14	
瑤	玉	14	
瑥	玉	13	
瑦	玉	14	
瑧	玉	14	
瑨	玉	14	
瑩	玉	15	
瑪	玉	14	
瑫	玉	14	
瑬	玉	15	
瑭	玉	14	
瑮	玉	14	
瑯	玉	12	
瑰	玉	13	
瑱	玉	14	
瑲	玉	14	
瑳	玉	13	
瑴	玉	14	
瑵	玉	13	
瑶	玉	14	
瑷	玉	14	
瑸	玉	14	
瑹	玉	14	
瑺	玉	15	
瑻	玉	15	
瑼	玉	15	
瑽	玉	15	
瑾	玉	15	
瑿	玉	16	
璀	玉	15	
璁	玉	15	
璂	玉	15	
璃	玉	14	
璄	玉	15	
璅	玉	15	
璆	玉	15	
璇	玉	15	
璈	玉	14	
璉	玉	14	
璊	玉	15	
璋	玉	15	
璌	玉	15	
璍	玉	14	
璎	玉	15	
璏	玉	16	
璐	玉	17	
璑	玉	16	
璒	玉	16	
璓	玉	14	
璔	玉	16	
璕	玉	16	
璖	玉	15	
璗	玉	17	
璘	玉	16	
璙	玉	16	
璚	玉	16	
璛	玉	17	
璜	玉	15	
璝	玉	16	
璞	玉	16	
璟	玉	16	
璠	玉	16	
璡	玉	15	
璢	玉	16	
璣	玉	16	
璤	玉	16	
璥	玉	16	
璦	玉	17	
璧	玉	18	
璨	玉	17	
璩	玉	17	
璪	玉	17	
璫	玉	17	
璬	玉	17	
璭	玉	16	
璮	玉	17	
璯	玉	17	
環	玉	17	
璱	玉	17	
璲	玉	16	
璳	玉	17	
璴	玉	17	
璵	玉	17	
璶	玉	18	
璷	玉	19	
璸	玉	18	
璹	玉	18	
璺	玉	20	
璻	玉	18	
璼	玉	18	
璽	玉	19	
璾	玉	18	
璿	玉	18	
瓀	玉	18	
瓁	玉	17	
瓂	玉	17	
瓃	玉	19	
瓄	玉	19	
瓅	玉	19	
瓆	玉	19	
瓇	玉	19	
瓈	玉	19	
瓉	玉	19	
瓊	玉	18	
瓋	玉	18	
瓌	玉	20	
瓍	玉	18	
瓎	玉	20	
瓏	玉	20	
瓐	玉	20	
瓑	玉	20	
瓒	玉	20	
瓓	玉	21	
瓔	玉	21	
瓕	玉	22	
瓖	玉	21	
瓗	玉	22	
瓘	玉	21	
瓙	玉	22	
瓚	玉	23	
瓛	玉	24	
瓜	瓜	5	
瓝	瓜	8	
瓞	瓜	10	
瓟	瓜	10	
瓠	瓜	11	
瓡	瓜	13	
瓢	瓜	16	
瓣	瓜	19	
瓤	瓜	22	
瓥	瓜	24	
瓦	瓦	4	
瓧	瓦	7	
瓨	瓦	7	
瓩	瓦	7	
瓪	瓦	8	
瓫	瓦	8	
瓬	瓦	8	
瓭	瓦	8	
瓮	瓦	8	
瓯	瓦	8	
瓰	瓦	8	
瓱	瓦	9	
瓲	瓦	8	
瓳	瓦	9	
瓴	瓦	9	
瓵	瓦	9	
瓶	瓦	10	
瓷	瓦	10	
瓸	瓦	11	
瓹	瓦	11	
瓺	瓦	11	
瓻	瓦	11	
瓼	瓦	11	
瓽	瓦	12	
瓾	瓦	12	
瓿	瓦	12	
甀	瓦	12	
甁	瓦	12	
甂	瓦	13	
甃	瓦	13	
甄	瓦	13	
甅	瓦	13	
甆	瓦	13	
甇	瓦	14	
甈	瓦	14	
甉	瓦	14	
甊	瓦	15	
甋	瓦	15	
甌	瓦	15	
甍	瓦	14	
甎	瓦	15	
甏	瓦	16	
甐	瓦	16	
甑	瓦	16	
甒	瓦	16	
甓	瓦	17	
甔	瓦	17	
甕	瓦	17	
甖	瓦	18	
甗	瓦	20	
甘	甘	5	
甙	甘	8	
甚	甘	9	
甛	甘	11	
甜	甘	11	
甝	甘	13	
甞	甘	13	
生	生	5	生
甠	生	9	
甡	生	10	
產	生	11	
産	生	11	
甤	生	12	
甥	生	12	
甦	生	12	
甧	生	14	
用	用	5	
甩	用	5	
甪	用	6	
甫	用	7	
甬	用	7	
甭	用	9	
甮	用	9	
甯	用	12	
田	田	5	
由	田	5	
甲	田	5	
申	田	5	
甴	田	5	
电	田	5	
甶	田	6	
男	田	7	
甸	田	7	
甹	田	7	
町	田	7	
画	田	8	
甼	田	7	
甽	田	8	
甾	田	8	
甿	田	8	
畀	田	8	
畁	田	8	
畂	田	8	
畃	田	8	
畄	田	8	
畅	田	8	
畆	田	9	
畇	田	9	
畈	田	9	
畉	田	9	
畊	田	9	
畋	田	9	
界	田	9	
畍	田	9	
畎	田	9	
畏	田	9	
畐	田	9	
畑	田	9	
畒	田	9	
畓	田	9	
畔	田	10	
畕	田	10	
畖	田	10	
畗	田	10	
畘	田	10	
留	田	10	
畚	田	10	
畛	田	10	
畜	田	10	
畝	田	10	
畞	田	10	
畟	田	10	
畠	白	10	
畡	田	11	
畢	田	10	
畣	田	11	
畤	田	11	
略	田	11	
畦	田	11	
畧	田	11	
畨	米	11	
畩	田	11	
番	田	12	
畫	田	12	
畬	田	12	
畭	田	12	
畮	田	12	
畯	田	12	
異	田	11	
畱	田	12	
畲	田	12	
畳	田	12	
畴	田	12	
畵	田	13	
當	田	13	
畷	田	13	
畸	田	13	
畹	田	13	
畺	田	13	
畻	田	14	
畼	田	14	
畽	田	14	
畾	田	15	
畿	田	15	
疀	田	16	
疁	田	16	
疂	田	16	
疃	田	17	
疄	田	17	
疅	田	18	
疆	田	19	
疇	田	19	
疈	田	20	
疉	田	20	
疊	田	22	
疋	疋	5	
疌	疋	8	
疍	疋	10	
疎	疋	12	
疏	疋	12	
疐	疋	14	
疑	疋	14	
疒	疒	5	
疓	疒	7	
疔	疒	7	
疕	疒	7	
疖	疒	7	
疗	疒	7	
疘	疒	8	
疙	疒	8	
疚	疒	8	
疛	疒	8	
疜	疒	8	
疝	疒	8	
疞	疒	8	
疟	疒	8	
疠	疒	8	
疡	疒	8	
疢	疒	9	
疣	疒	9	
疤	疒	9	
疥	疒	9	
疦	疒	9	
疧	疒	9	
疨	疒	9	
疩	疒	9	
疪	疒	9	
疫	疒	9	
疬	疒	9	
疭	疒	9	
疮	疒	9	
疯	疒	9	
疰	疒	10	
疱	疒	10	
疲	疒	10	
疳	疒	10	
疴	疒	10	
疵	疒	11	
疶	疒	10	
疷	疒	10	
疸	疒	10	
疹	疒	10	
疺	疒	9	
疻	疒	10	
疼	疒	10	
疽	疒	10	
疾	疒	10	
疿	疒	10	
痀	疒	10	
痁	疒	10	
痂	疒	10	
痃	疒	10	
痄	疒	10	
病	疒	10	
痆	疒	10	
症	疒	10	
痈	疒	10	
痉	疒	10	
痊	疒	11	
痋	疒	11	
痌	疒	11	
痍	疒	11	
痎	疒	11	
痏	疒	11	
痐	疒	11	
痑	疒	11	
痒	疒	11	
痓	疒	11	
痔	疒	11	
痕	疒	11	
痖	疒	11	
痗	疒	12	
痘	疒	12	
痙	疒	12	
痚	疒	12	
痛	疒	12	
痜	疒	12	
痝	疒	12	
痞	疒	12	
痟	疒	12	
痠	疒	12	
痡	疒	12	
痢	疒	12	
痣	疒	12	
痤	疒	12	
痥	疒	12	
痦	疒	12	
痧	疒	12	
痨	疒	12	
痩	疒	12	
痪	疒	12	
痫	疒	12	
痬	疒	13	
痭	疒	13	
痮	疒	13	
痯	疒	13	
痰	疒	13	
痱	疒	13	
痲	疒	13	
痳	疒	13	
痴	疒	13	
痵	疒	13	
痶	疒	13	
痷	疒	13	
痸	疒	13	
痹	疒	13	
痺	疒	13	
痻	疒	13	
痼	疒	13	
痽	疒	13	
痾	疒	12	
痿	疒	13	
瘀	疒	13	
瘁	疒	13	
瘂	疒	13	
瘃	疒	13	
瘄	疒	13	
瘅	疒	13	
瘆	疒	13	
瘇	疒	14	
瘈	疒	14	
瘉	疒	14	
瘊	疒	14	
瘋	疒	14	
瘌	疒	14	
瘍	疒	14	
瘎	疒	14	
瘏	疒	13	
瘐	疒	13	
瘑	疒	13	
瘒	疒	14	
瘓	疒	14	
瘔	疒	13	
瘕	疒	14	
瘖	疒	14	
瘗	疒	14	
瘘	疒	14	
瘙	疒	14	
瘚	疒	15	
瘛	疒	15	
瘜	疒	15	
瘝	疒	15	
瘞	疒	15	
瘟	疒	14	
瘠	疒	15	
瘡	疒	15	
瘢	疒	15	
瘣	疒	14	
瘤	疒	15	
瘥	疒	14	
瘦	疒	14	
瘧	疒	14	
瘨	疒	15	
瘩	疒	14	
瘪	疒	15	
瘫	疒	15	
瘬	疒	16	
瘭	疒	16	
瘮	疒	16	
瘯	疒	16	
瘰	疒	16	
瘱	疒	16	
瘲	疒	16	
瘳	疒	16	
瘴	疒	16	
瘵	疒	16	
瘶	疒	16	
瘷	疒	16	
瘸	疒	16	
瘹	疒	16	
瘺	疒	16	
瘻	疒	16	
瘼	疒	15	
瘽	疒	16	
瘾	疒	16	
瘿	疒	16	
癀	疒	16	
癁	疒	17	
療	疒	17	
癃	疒	16	
癄	疒	17	
癅	疒	17	
癆	疒	17	
癇	疒	17	
癈	疒	17	
癉	疒	17	
癊	疒	15	
癋	疒	17	
癌	疒	17	
癍	疒	17	
癎	疒	17	
癏	疒	18	
癐	疒	18	
癑	疒	18	
癒	疒	18	
癓	疒	18	
癔	疒	18	
癕	疒	18	
癖	疒	18	
癗	疒	18	
癘	疒	17	
癙	疒	18	
癚	疒	18	
癛	疒	18	
癜	疒	18	
癝	疒	18	
癞	疒	18	
癟	疒	19	
癠	疒	19	
癡	疒	19	
癢	疒	19	
癣	疒	19	
癤	疒	18	
癥	疒	20	
癦	疒	20	
癧	疒	21	
癨	疒	21	
癩	疒	21	
癪	疒	21	
癫	疒	21	
癬	疒	22	
癭	疒	22	
癮	疒	21	
癯	疒	23	
癰	疒	23	
癱	疒	24	
癲	疒	24	
癳	疒	26	
癴	疒	28	
癵	疒	30	
癶	癶	5	
癷	癶	8	
癸	癶	9	
癹	癶	9	
発	癶	9	
登	癶	12	
發	癶	12	
白	白	5	
百	白	6	
癿	白	6	
皀	白	7	
皁	白	7	
皂	白	7	
皃	白	7	
的	白	8	
皅	白	9	
皆	白	9	
皇	白	9	
皈	白	9	
皉	白	11	
皊	白	10	
皋	白	10	
皌	白	10	
皍	白	9	
皎	白	11	
皏	白	11	
皐	白	11	
皑	白	11	
皒	白	12	
皓	白	12	
皔	白	12	
皕	白	12	
皖	白	12	
皗	白	13	
皘	白	13	
皙	白	13	
皚	白	15	
皛	白	15	
皜	白	15	
皝	白	15	
皞	白	15	
皟	白	16	
皠	白	16	
皡	白	16	
皢	白	17	
皣	白	15	
皤	白	17	
皥	白	17	
皦	白	18	
皧	白	18	
皨	白	18	
皩	白	19	
皪	白	20	
皫	白	20	
皬	白	21	
皭	白	22	
皮	皮	5	
皯	皮	8	
皰	皮	10	
皱	皮	10	
皲	皮	11	
皳	皮	12	
皴	皮	12	
皵	皮	13	
皶	皮	14	
皷	皮	14	
皸	皮	14	
皹	皮	14	
皺	皮	15	
皻	皮	16	
皼	皮	17	
皽	皮	18	
皾	皮	20	
皿	皿	5	
盀	皿	7	
盁	皿	7	
盂	皿	8	
盃	皿	9	
盄	皿	9	
盅	皿	9	
盆	皿	9	
盇	皿	9	
盈	皿	9	
盉	皿	10	
益	皿	10	
盋	皿	10	
盌	皿	10	
盍	皿	10	
盎	皿	10	
盏	皿	10	
盐	皿	10	
监	皿	10	
盒	皿	11	
盓	皿	11	
盔	皿	11	
盕	皿	11	
盖	皿	11	
盗	皿	11	
盘	皿	11	
盙	皿	12	
盚	皿	12	
盛	皿	11	
盜	皿	12	
盝	皿	13	
盞	皿	13	
盟	皿	13	
盠	皿	14	
盡	皿	14	
盢	皿	14	
監	皿	14	
盤	皿	15	
盥	皿	16	
盦	皿	16	
盧	皿	16	
盨	皿	17	
盩	皿	17	
盪	皿	17	
盫	皿	18	
盬	皿	18	
盭	皿	20	
目	目	5	
盯	目	7	
盰	目	8	
盱	目	8	
盲	目	8	
盳	目	8	
直	目	8	
盵	目	8	
盶	目	9	
盷	目	9	
相	目	9	木目
盹	目	9	
盺	目	9	
盻	目	9	
盼	目	9	
盽	目	9	
盾	目	9	
盿	目	9	
眀	目	9	
省	目	9	
眂	目	9	
眃	目	9	
眄	目	9	
眅	目	9	
眆	目	9	
眇	目	9	
眈	目	9	
眉	目	9	
眊	目	9	
看	目	9	
県	目	9	
眍	目	9	
眎	目	10	
眏	目	10	
眐	目	10	
眑	目	10	
眒	目	10	
眓	目	10	
眔	目	10	
眕	目	10	
眖	目	10	
眗	目	10	
眘	目	10	
眙	目	10	
眚	目	10	
眛	目	10	
眜	目	10	
眝	目	10	
眞	目	10	
真	目	10	
眠	目	10	
眡	目	10	
眢	目	10	
眣	目	10	
眤	目	10	
眥	目	11	
眦	目	11	
眧	目	10	
眨	目	9	
眩	目	10	
眪	目	10	
眫	目	10	
眬	目	10	
眭	目	11	
眮	目	11	
眯	目	11	
眰	目	11	
眱	目	11	
眲	目	11	
眳	目	11	
眴	目	11	
眵	目	11	
眶	目	11	
眷	目	11	
眸	目	11	
眹	目	11	
眺	目	11	
眻	目	11	
眼	目	11	
眽	目	11	
眾	目	11	
眿	目	10	
着	目	11	
睁	目	11	
睂	目	12	
睃	目	12	
睄	目	12	
睅	目	12	
睆	目	12	
睇	目	12	
睈	目	12	
睉	目	12	
睊	目	12	
睋	目	12	
睌	目	12	
睍	目	12	
睎	目	12	
睏	目	12	
睐	目	12	
睑	目	12	
睒	目	13	
睓	目	13	
睔	目	13	
睕	目	13	
睖	目	13	
睗	目	13	
睘	目	13	
睙	目	13	
睚	目	13	
睛	目	13	
睜	目	13	
睝	目	13	
睞	目	13	
睟	目	13	
睠	目	13	
睡	目	13	
睢	目	13	
督	目	13	
睤	目	13	
睥	目	13	
睦	目	13	
睧	目	13	
睨	目	13	
睩	目	13	
睪	目	13	
睫	目	13	
睬	目	13	
睭	目	13	
睮	目	14	
睯	目	14	
睰	目	13	
睱	目	14	
睲	目	14	
睳	目	14	
睴	目	14	
睵	目	14	
睶	目	14	
睷	目	13	
睸	目	14	
睹	目	13	
睺	目	14	
睻	目	14	
睼	目	14	
睽	目	14	
睾	目	14	
睿	目	14	
瞀	目	14	
瞁	目	14	
瞂	目	14	
瞃	目	14	
瞄	目	13	
瞅	目	14	
瞆	目	14	
瞇	目	14	
瞈	目	15	
瞉	目	15	
瞊	目	15	
瞋	目	15	
瞌	目	15	
瞍	目	14	
瞎	目	15	
瞏	目	15	
瞐	目	15	
瞑	目	15	
瞒	目	15	
瞓	目	15	
瞔	目	16	
瞕	目	16	
瞖	目	16	
瞗	目	16	
瞘	目	16	
瞙	目	15	
瞚	目	16	
瞛	目	16	
瞜	目	16	
瞝	目	15	
瞞	目	16	
瞟	目	16	
瞠	目	16	
瞡	目	16	
瞢	目	15	
瞣	目	16	
瞤	目	17	
瞥	目	16	
瞦	目	17	
瞧	目	17	
瞨	目	17	
瞩	目	17	
瞪	目	17	
瞫	目	17	
瞬	目	17	
瞭	目	17	
瞮	目	17	
瞯	目	17	
瞰	目	16	
瞱	目	15	
瞲	目	17	
瞳	目	17	
瞴	目	17	
瞵	目	17	
瞶	目	17	
瞷	目	17	
瞸	目	17	
瞹	目	18	
瞺	目	18	
瞻	目	18	
瞼	目	18	
瞽	目	18	
瞾	目	18	
瞿	目	18	
矀	目	18	
矁	目	18	
矂	目	18	
矃	目	19	
矄	目	19	
矅	目	19	
矆	目	18	
矇	目	18	
矈	目	19	
矉	目	19	
矊	目	19	
矋	目	19	
矌	目	19	
矍	目	20	
矎	目	19	
矏	目	20	
矐	目	21	
矑	目	21	
矒	目	20	
矓	目	21	
矔	目	22	
矕	目	24	
矖	目	24	
矗	目	24	
矘	目	25	
矙	目	24	
矚	目	26	
矛	矛	5	
矜	矛	9	
矝	矛	10	
矞	矛	12	
矟	矛	12	
矠	矛	13	
矡	矛	25	
矢	矢	5	
矣	矢	7	
矤	矢	8	
知	矢	8	
矦	矢	9	
矧	矢	9	
矨	矢	9	
矩	矢	9	
矪	矢	11	
矫	矢	11	
矬	矢	12	
短	矢	12	
矮	矢	13	
矯	矢	17	
矰	矢	17	
矱	矢	18	
矲	矢	20	
石	石	5	
矴	石	7	
矵	石	7	
矶	石	7	
矷	石	8	
矸	石	8	
矹	石	8	
矺	石	8	
矻	石	8	
矼	石	8	
矽	石	8	
矾	石	8	
矿	石	8	
砀	石	8	
码	石	8	
砂	石	9	
砃	石	9	
砄	石	9	
砅	石	9	
砆	石	9	
砇	石	9	
砈	石	9	
砉	石	9	
砊	石	9	
砋	石	9	
砌	石	9	
砍	石	9	
砎	石	9	
砏	石	9	
砐	石	8	
砑	石	9	
砒	石	9	
砓	石	9	
研	石	9	
砕	石	9	
砖	石	9	
砗	石	9	
砘	石	9	
砙	石	9	
砚	石	9	
砛	石	9	
砜	石	9	
砝	石	10	
砞	石	10	
砟	石	10	
砠	石	10	
砡	石	10	
砢	石	10	
砣	石	10	
砤	石	10	
砥	石	10	
砦	石	11	
砧	石	10	
砨	石	10	
砩	石	10	
砪	石	10	
砫	石	10	
砬	石	10	
砭	石	9	
砮	石	10	
砯	石	10	
砰	石	10	
砱	石	10	
砲	石	10	
砳	石	10	
破	石	10	
砵	石	10	
砶	石	10	
砷	石	10	
砸	石	10	
砹	石	10	
砺	石	10	
砻	石	10	
砼	石	10	
砽	石	10	
砾	石	10	
砿	石	10	
础	石	10	
硁	石	10	
硂	石	11	
硃	石	11	
硄	石	11	
硅	石	11	
硆	石	11	
硇	石	11	
硈	石	11	
硉	石	11	
硊	石	11	
硋	石	11	
硌	石	11	
硍	石	11	
硎	石	11	
硏	石	11	
硐	石	11	
硑	石	11	
硒	石	11	
硓	石	11	
硔	石	11	
硕	石	11	
硖	石	11	
硗	石	11	
硘	石	11	
硙	石	11	
硚	石	11	
硛	石	11	
硜	石	12	
硝	石	12	
硞	石	12	
硟	石	11	
硠	石	12	
硡	石	12	
硢	石	12	
硣	石	12	
硤	石	12	
硥	石	12	
硦	石	12	
硧	石	12	
硨	石	12	
硩	石	12	
硪	石	12	
硫	石	12	
硬	石	12	
硭	石	11	
确	石	12	
硯	石	12	
硰	石	12	
硱	石	12	
硲	石	12	
硳	石	12	
硴	石	12	
硵	石	12	
硶	石	12	
硷	石	12	
硸	石	13	
硹	石	13	
硺	石	13	
硻	石	13	
硼	石	13	
硽	石	13	
硾	石	13	
硿	石	13	
碀	石	11	
碁	石	13	
碂	石	13	
碃	石	13	
碄	石	13	
碅	石	13	
碆	石	13	
碇	石	13	
碈	石	13	
碉	石	13	
碊	石	13	
碋	石	13	
碌	石	13	
碍	石	13	
碎	石	13	
碏	石	13	
碐	石	13	
碑	石	13	
碒	石	13	
碓	石	13	
碔	石	13	
碕	石	13	
碖	石	13	
碗	石	13	
碘	石	13	
碙	石	13	
碚	石	13	
碛	石	13	
碜	石	13	
碝	石	14	
碞	石	14	
碟	石	14	
碠	石	14	
碡	石	14	
碢	石	13	
碣	石	14	
碤	石	13	
碥	石	14	
碦	石	14	
碧	石	14	
碨	石	14	
碩	石	14	
碪	石	14	
碫	石	14	
碬	石	14	
碭	石	14	
碮	石	14	
碯	石	14	
碰	石	13	
碱	石	14	
碲	石	14	
碳	石	14	
碴	石	14	
碵	石	14	
碶	石	14	
碷	石	14	
碸	石	14	
碹	石	14	
確	石	15	
碻	石	15	
碼	石	15	
碽	石	15	
碾	石	15	
碿	石	15	
磀	石	14	
磁	石	14	
磂	石	15	
磃	石	15	
磄	石	15	
磅	石	15	
磆	石	14	
磇	石	15	
磈	石	14	
磉	石	15	
磊	石	15	
磋	石	14	
磌	石	15	
磍	石	15	
磎	石	15	
磏	石	15	
磐	石	15	
磑	石	15	
磒	石	15	
磓	石	14	
磔	石	15	
磕	石	15	
磖	石	16	
磗	石	15	
磘	石	15	
磙	石	15	
磚	石	16	
磛	石	16	
磜	石	16	
磝	石	15	
磞	石	16	
磟	石	16	
磠	石	16	
磡	石	16	
磢	石	16	
磣	石	16	
磤	石	15	
磥	石	16	
磦	石	16	
磧	石	16	
磨	石	16	
磩	石	16	
磪	石	16	
磫	石	16	
磬	石	16	
磭	石	16	
磮	石	16	
磯	石	17	
磰	石	17	
磱	石	17	
磲	石	16	
磳	石	17	
磴	石	17	
磵	石	17	
磶	石	17	
磷	石	17	
磸	石	17	
磹	石	17	
磺	石	16	
磻	石	17	
磼	石	17	
磽	石	17	
磾	石	17	
磿	石	17	
礀	石	17	
礁	石	17	
礂	石	17	
礃	石	17	
礄	石	17	
礅	石	17	
礆	石	18	
礇	石	17	
礈	石	17	
礉	石	18	
礊	石	18	
礋	石	18	
礌	石	18	
礍	石	17	
礎	石	18	
礏	石	18	
礐	石	18	
礑	石	18	
礒	石	18	
礓	石	18	
礔	石	18	
礕	石	18	
礖	石	18	
礗	石	19	
礘	石	19	
礙	石	19	
礚	石	18	
礛	石	19	
礜	石	18	
礝	石	19	
礞	石	18	
礟	石	19	
礠	石	18	
礡	石	18	
礢	石	19	
礣	石	19	
礤	石	19	
礥	石	20	
礦	石	19	
礧	石	20	
礨	石	20	
礩	石	20	
礪	石	19	
礫	石	20	
礬	石	20	
礭	石	21	
礮	石	21	
礯	石	21	
礰	石	21	
礱	石	21	
礲	石	21	
礳	石	21	
礴	石	21	
礵	石	22	
礶	石	22	
礷	石	22	
礸	石	24	
礹	石	24	
示	示	5	
礻	示	4	
礼	示	5	
礽	示	6	
社	示	7	
礿	示	7	
祀	示	7	
祁	示	6	
祂	示	7	
祃	示	7	
祄	示	8	
祅	示	8	
祆	示	8	
祇	示	8	
祈	示	8	
祉	示	8	
祊	示	8	
祋	示	8	
祌	示	8	
祍	示	9	
祎	示	8	
祏	示	9	
祐	示	9	
祑	示	9	
祒	示	9	
祓	示	9	
祔	示	9	
祕	示	9	
祖	示	9	
祗	示	9	
祘	示	10	
祙	示	9	
祚	示	9	
祛	示	9	
祜	示	9	
祝	示	9	
神	示	9	
祟	示	10	
祠	示	9	
祡	示	11	
祢	示	9	
祣	示	10	
祤	示	10	
祥	示	10	
祦	示	11	
祧	示	10	
票	示	11	
祩	示	10	
祪	示	10	
祫	示	10	
祬	示	10	
祭	示	11	
祮	示	10	
祯	示	10	
祰	示	11	
祱	示	11	
祲	示	11	
祳	示	11	
祴	示	11	
祵	示	11	
祶	示	11	
祷	示	11	
祸	示	11	
祹	示	12	
祺	示	12	
祻	示	12	
祼	示	12	
祽	示	12	
祾	示	12	
祿	示	12	
禀	示	13	
禁	示	13	
禂	示	12	
禃	示	12	
禄	示	12	
禅	示	12	
禆	示	12	
禇	示	12	
禈	示	13	
禉	示	13	
禊	示	13	
禋	示	13	
禌	示	13	
禍	示	12	
禎	示	13	
福	示	13	
禐	示	13	
禑	示	13	
禒	示	13	
禓	示	13	
禔	示	13	
禕	示	13	
禖	示	13	
禗	示	13	
禘	示	13	
禙	示	13	
禚	示	14	
禛	示	14	
禜	示	15	
禝	示	14	
禞	示	14	
禟	示	14	
禠	示	14	
禡	示	14	
禢	示	14	
禣	示	14	
禤	示	15	
禥	示	15	
禦	示	17	
禧	示	16	
禨	示	16	
禩	示	15	
禪	示	16	
禫	示	16	
禬	示	17	
禭	示	16	
禮	示	17	
禯	示	17	
禰	示	18	
禱	示	18	
禲	示	18	
禳	示	21	
禴	示	21	
禵	示	22	
禶	示	23	
禷	示	23	
禸	禸	4	
禹	禸	9	
禺	禸	9	
离	禸	10	
禼	禸	11	
禽	禸	12	
禾	禾	5	
禿	禾	7	
秀	禾	7	
私	禾	7	
秂	禾	7	
秃	禾	7	
秄	禾	8	
秅	禾	8	
秆	禾	8	
秇	禾	8	
秈	禾	8	
秉	禾	8	
秊	禾	8	
秋	禾	9	
秌	禾	9	
种	禾	9	
秎	禾	9	
秏	禾	9	
秐	禾	9	
科	禾	9	
秒	禾	9	
秓	禾	9	
秔	禾	9	
秕	禾	9	
秖	禾	9	
秗	禾	9	
秘	禾	10	
秙	禾	10	
秚	禾	10	
秛	禾	10	
秜	禾	10	
秝	禾	10	
秞	禾	10	
租	禾	10	
秠	禾	10	
秡	禾	10	
秢	禾	10	
秣	禾	10	
秤	禾	10	
秥	禾	10	
秦	禾	10	
秧	禾	10	
秨	禾	10	
秩	禾	10	
秪	禾	10	
秫	禾	10	
秬	禾	9	
秭	禾	9	
秮	禾	10	
积	禾	10	
称	禾	10	
秱	禾	11	
秲	禾	11	
秳	禾	11	
秴	禾	11	
秵	禾	11	
秶	禾	11	
秷	禾	11	
秸	禾	11	
秹	禾	11	
秺	禾	11	
移	禾	11	
秼	禾	11	
秽	禾	11	
秾	禾	11	
秿	禾	12	
稀	禾	12	
稁	禾	12	
稂	禾	12	
稃	禾	12	
稄	禾	12	
稅	禾	12	
稆	禾	11	
稇	禾	12	
稈	禾	12	
稉	禾	12	
稊	禾	12	
程	禾	12	
稌	禾	12	
稍	禾	12	
税	禾	12	
稏	禾	13	
稐	禾	13	
稑	禾	13	
稒	禾	13	
稓	禾	13	
稔	禾	13	
稕	禾	13	
稖	禾	13	
稗	禾	13	
稘	禾	13	
稙	禾	13	
稚	禾	13	
稛	禾	13	
稜	禾	13	
稝	禾	13	
稞	禾	13	
稟	禾	13	
稠	禾	13	
稡	禾	13	
稢	禾	13	
稣	禾	13	
稤	禾	13	
稥	禾	13	
稦	禾	14	
稧	禾	14	
稨	禾	14	
稩	禾	14	
稪	禾	14	
稫	禾	14	
稬	禾	14	
稭	禾	14	
種	禾	14	
稯	禾	14	
稰	禾	14	
稱	禾	14	
稲	禾	14	
稳	禾	14	
稴	禾	15	
稵	禾	14	
稶	禾	15	
稷	禾	15	
稸	禾	15	
稹	禾	15	
稺	禾	15	
稻	禾	15	
稼	禾	15	
稽	禾	15	
稾	禾	15	
稿	禾	15	
穀	禾	15	
穁	禾	14	
穂	禾	15	
穃	禾	15	
穄	禾	16	
穅	禾	16	
穆	禾	16	
穇	禾	16	
穈	禾	16	
穉	禾	17	
穊	禾	14	
穋	禾	16	
穌	禾	16	
積	禾	16	
穎	禾	16	
穏	禾	16	
穐	禾	16	
穑	禾	16	
穒	禾	16	
穓	禾	16	
穔	禾	16	
穕	禾	17	
穖	禾	17	
穗	禾	17	
穘	禾	17	
穙	禾	17	
穚	禾	17	
穛	禾	17	
穜	禾	17	
穝	禾	17	
穞	禾	17	
穟	禾	17	
穠	禾	18	
穡	禾	18	
穢	禾	18	
穣	禾	18	
穤	禾	19	
穥	禾	18	
穦	禾	19	
穧	禾	19	
穨	禾	19	
穩	禾	19	
穪	禾	19	
穫	禾	18	
穬	禾	19	
穭	禾	20	
穮	禾	20	
穯	禾	20	
穰	禾	22	
穱	禾	22	
穲	禾	24	
穳	禾	24	
穴	穴	5	
穵	穴	6	
究	穴	7	
穷	穴	7	
穸	穴	8	
穹	穴	8	
空	穴	8	
穻	穴	8	
穼	穴	9	
穽	穴	9	
穾	穴	9	
穿	穴	9	
窀	穴	9	
突	穴	9	
窂	穴	9	
窃	穴	9	
窄	穴	10	
窅	穴	10	
窆	穴	9	
窇	穴	10	
窈	穴	10	
窉	穴	10	
窊	穴	10	
窋	穴	10	
窌	穴	10	
窍	穴	10	
窎	穴	10	
窏	穴	11	
窐	穴	11	
窑	穴	11	
窒	穴	11	
窓	穴	11	
窔	穴	11	
窕	穴	11	
窖	穴	12	
窗	穴	12	
窘	穴	12	
窙	穴	12	
窚	穴	11	
窛	穴	12	
窜	穴	12	
窝	穴	12	
窞	穴	13	
窟	穴	13	
窠	穴	13	
窡	穴	13	
窢	穴	13	
窣	穴	13	
窤	穴	13	
窥	穴	13	
窦	穴	13	
窧	穴	13	
窨	穴	14	
窩	穴	13	
窪	穴	14	
窫	穴	14	
窬	穴	14	
窭	穴	14	
窮	穴	15	
窯	穴	15	
窰	穴	15	
窱	穴	15	
窲	穴	15	
窳	穴	15	
窴	穴	15	
窵	穴	16	
窶	穴	16	
窷	穴	16	
窸	穴	16	
窹	穴	16	
窺	穴	16	
窻	穴	16	
窼	穴	16	
窽	穴	16	
窾	穴	17	
窿	穴	16	
竀	穴	17	
竁	穴	17	
竂	穴	17	
竃	穴	17	
竄	穴	18	
竅	穴	18	
竆	穴	18	
竇	穴	20	
竈	穴	21	
竉	穴	21	
竊	穴	22	
立	立	5	
竌	立	7	
竍	立	7	
竎	立	8	
竏	立	8	
竐	立	9	
竑	立	9	
竒	立	9	
竓	立	9	
竔	立	9	
竕	立	9	
竖	立	9	
竗	立	9	
竘	立	10	
站	立	10	
竚	立	10	
竛	立	10	
竜	立	10	
竝	立	10	
竞	立	10	
竟	音	11	
章	音	11	立早
竡	立	11	
竢	立	12	
竣	立	12	
竤	立	12	
童	立	12	
竦	立	12	
竧	立	12	
竨	立	13	
竩	立	13	
竪	立	13	
竫	立	11	
竬	立	14	
竭	立	14	
竮	立	14	
端	立	14	
竰	立	14	
竱	立	16	
竲	立	17	
竳	立	17	
竴	立	17	
竵	立	18	
競	立	20	
竷	立	20	
竸	立	22	
竹	竹	6	
竺	竹	8	
竻	竹	8	
竼	竹	9	
竽	竹	9	
竾	竹	9	
竿	竹	9	
笀	竹	9	
笁	竹	9	
笂	竹	9	
笃	竹	9	
笄	竹	10	
笅	竹	10	
笆	竹	10	
笇	竹	10	
笈	竹	9	
笉	竹	10	
笊	竹	10	
笋	竹	10	
笌	竹	10	
笍	竹	10	
笎	竹	10	
笏	竹	10	
笐	竹	10	
笑	竹	10	
笒	竹	10	
笓	竹	10	
笔	竹	10	
笕	竹	10	
笖	竹	10	
笗	竹	11	
笘	竹	11	
笙	竹	11	
笚	竹	11	
笛	竹	11	
笜	竹	11	
笝	竹	11	
笞	竹	11	
笟	竹	11	
笠	竹	11	
笡	竹	11	
笢	竹	11	
笣	竹	11	
笤	竹	11	
笥	竹	11	
符	竹	11	
笧	竹	11	
笨	竹	11	
笩	竹	11	
笪	竹	11	
笫	竹	10	
第	竹	11	
笭	竹	11	
笮	竹	11	
笯	竹	11	
笰	竹	11	
笱	竹	11	
笲	竹	11	
笳	竹	11	
笴	竹	11	
笵	竹	11	
笶	竹	11	
笷	竹	11	
笸	竹	11	
笹	竹	11	
笺	竹	11	
笻	竹	11	
笼	竹	11	
笽	竹	11	
笾	竹	11	
笿	竹	12	
筀	竹	12	
筁	竹	12	
筂	竹	12	
筃	竹	12	
筄	竹	12	
筅	竹	12	
筆	竹	12	
筇	竹	11	
筈	竹	12	
等	竹	12	
筊	竹	12	
筋	竹	12	
筌	竹	12	
筍	竹	12	
筎	竹	12	
筏	竹	12	
筐	竹	12	
筑	竹	12	
筒	竹	12	
筓	竹	12	
答	竹	12	
筕	竹	12	
策	竹	12	
筗	竹	12	
筘	竹	12	
筙	竹	12	
筚	竹	12	
筛	竹	12	
筜	竹	12	
筝	竹	12	
筞	竹	13	
筟	竹	13	
筠	竹	13	
筡	竹	13	
筢	竹	13	
筣	竹	13	
筤	竹	13	
筥	竹	12	
筦	竹	13	
筧	竹	13	
筨	竹	13	
筩	竹	13	
筪	竹	13	
筫	竹	13	
筬	竹	12	
筭	竹	13	
筮	竹	13	
筯	竹	13	
筰	竹	13	
筱	竹	13	
筲	竹	13	
筳	竹	12	
筴	竹	13	
筵	竹	12	
筶	竹	13	
筷	竹	13	
筸	竹	13	
筹	竹	13	
筺	竹	13	
筻	竹	13	
筼	竹	13	
筽	竹	13	
签	竹	13	
筿	竹	13	
简	竹	13	
箁	竹	14	
箂	竹	14	
箃	竹	14	
箄	竹	14	
箅	竹	14	
箆	竹	14	
箇	竹	14	
箈	竹	14	
箉	竹	14	
箊	竹	14	
箋	竹	14	
箌	竹	14	
箍	竹	14	
箎	竹	14	
箏	竹	14	
箐	竹	14	
箑	竹	14	
箒	竹	14	
箓	竹	14	
箔	竹	14	
箕	竹	14	
箖	竹	14	
算	竹	14	
箘	竹	14	
箙	竹	14	
箚	竹	14	
箛	竹	14	
箜	竹	14	
箝	竹	14	
箞	竹	14	
箟	竹	14	
箠	竹	14	
管	竹	14	
箢	竹	14	
箣	竹	14	
箤	竹	14	
箥	竹	14	
箦	竹	14	
箧	竹	14	
箨	竹	14	
箩	竹	14	
箪	竹	14	
箫	竹	14	
箬	竹	14	
箭	竹	15	
箮	竹	15	
箯	竹	15	
箰	竹	15	
箱	竹	15	
箲	竹	15	
箳	竹	15	
箴	竹	15	
箵	竹	15	
箶	竹	15	
箷	竹	15	
箸	竹	14	
箹	竹	15	
箺	竹	15	
箻	竹	15	
箼	竹	15	
箽	竹	15	
箾	竹	15	
箿	竹	15	
節	竹	13	
篁	竹	15	
篂	竹	15	
篃	竹	15	
範	竹	15	
篅	竹	15	
篆	竹	15	
篇	竹	15	
篈	竹	15	
築	竹	16	
篊	竹	15	
篋	竹	15	
篌	竹	15	
篍	竹	15	
篎	竹	15	
篏	竹	15	
篐	竹	15	
篑	竹	15	
篒	竹	15	
篓	竹	15	
篔	竹	16	
篕	竹	16	
篖	竹	16	
篗	竹	16	
篘	竹	16	
篙	竹	16	
篚	竹	16	
篛	竹	16	
篜	竹	16	
篝	竹	16	
篞	竹	16	
篟	竹	16	
篠	竹	16	
篡	竹	16	
篢	竹	16	
篣	竹	16	
篤	竹	16	
篥	竹	16	
篦	竹	16	
篧	竹	16	
篨	竹	15	
篩	竹	16	
篪	竹	16	
篫	竹	16	
篬	竹	16	
篭	竹	16	
篮	竹	16	
篯	竹	16	
篰	竹	16	
篱	竹	16	
篲	竹	17	
篳	竹	16	
篴	竹	16	
篵	竹	17	
篶	竹	17	
篷	竹	16	
篸	竹	17	
篹	竹	16	
篺	竹	17	
篻	竹	17	
篼	竹	17	
篽	竹	18	
篾	竹	17	
篿	竹	17	
簀	竹	17	
簁	竹	17	
簂	竹	17	
簃	竹	17	
簄	竹	17	
簅	竹	17	
簆	竹	17	
簇	竹	17	
簈	竹	17	
簉	竹	16	
簊	竹	17	
簋	竹	17	
簌	竹	17	
簍	竹	17	
簎	竹	17	
簏	竹	17	
簐	竹	17	
簑	竹	16	
簒	竹	17	
簓	竹	17	
簔	竹	17	
簕	竹	17	
簖	竹	17	
簗	竹	17	
簘	竹	17	
簙	竹	18	
簚	竹	18	
簛	竹	18	
簜	竹	18	
簝	竹	18	
簞	竹	18	
簟	竹	18	
簠	竹	18	
簡	竹	18	
簢	竹	18	
簣	竹	18	
簤	竹	18	
簥	竹	18	
簦	竹	18	
簧	竹	17	
簨	竹	18	
簩	竹	18	
簪	竹	18	
簫	竹	19	
簬	竹	19	
簭	竹	18	
簮	竹	18	
簯	竹	18	
簰	竹	18	
簱	竹	18	
簲	竹	18	
簳	竹	19	
簴	竹	19	
簵	竹	19	
簶	竹	18	
簷	竹	19	
簸	竹	19	
簹	竹	19	
簺	竹	19	
簻	竹	17	
簼	竹	19	
簽	竹	19	
簾	竹	19	
簿	竹	19	
籀	竹	19	
籁	竹	19	
籂	竹	19	
籃	竹	20	
籄	竹	20	
籅	竹	19	
籆	竹	19	
籇	竹	20	
籈	竹	19	
籉	竹	20	
籊	竹	20	
籋	竹	20	
籌	竹	20	
籍	竹	20	
籎	竹	20	
籏	竹	20	
籐	竹	21	
籑	竹	21	
籒	竹	21	
籓	竹	21	
籔	竹	21	
籕	竹	20	
籖	竹	21	
籗	竹	22	
籘	竹	22	
籙	竹	22	
籚	竹	22	
籛	竹	22	
籜	竹	22	
籝	竹	22	
籞	竹	23	
籟	竹	22	
籠	竹	22	
籡	竹	22	
籢	竹	23	
籣	竹	23	
籤	竹	23	
籥	竹	23	
籦	竹	23	
籧	竹	22	
籨	竹	23	
籩	竹	24	
籪	竹	24	
籫	竹	25	
籬	竹	24	
籭	竹	25	
籮	竹	25	
籯	竹	26	
籰	竹	26	
籱	竹	30	
籲	竹	32	
米	米	6	
籴	米	8	
籵	米	8	
籶	米	8	
籷	米	9	
籸	米	9	
籹	米	9	
籺	米	9	
类	米	9	
籼	米	9	
籽	米	9	
籾	米	9	
籿	米	9	
粀	米	9	
粁	米	9	
粂	米	9	
粃	米	10	
粄	米	10	
粅	米	10	
粆	米	10	
粇	米	10	
粈	米	10	
粉	米	10	
粊	米	10	
粋	米	10	
粌	米	10	
粍	米	10	
粎	米	10	
粏	米	10	
粐	米	10	
粑	米	10	
粒	米	11	
粓	米	11	
粔	米	10	
粕	米	11	
粖	米	11	
粗	米	11	
粘	米	11	
粙	米	11	
粚	米	11	
粛	米	11	
粜	米	11	
粝	米	11	
粞	米	12	
粟	米	12	
粠	米	12	
粡	米	12	
粢	米	12	
粣	米	11	
粤	米	12	
粥	米	12	
粦	米	12	
粧	米	12	
粨	米	12	
粩	米	12	
粪	米	12	
粫	米	12	
粬	米	12	
粭	米	12	
粮	米	13	
粯	米	13	
粰	米	13	
粱	米	13	
粲	米	13	
粳	米	13	
粴	米	13	
粵	米	13	
粶	米	14	
粷	米	14	
粸	米	14	
粹	米	14	
粺	米	14	
粻	米	14	
粼	米	14	
粽	米	14	
精	米	14	
粿	米	14	
糀	米	13	
糁	米	14	
糂	米	15	
糃	米	15	
糄	米	15	
糅	米	15	
糆	米	15	
糇	米	15	
糈	米	15	
糉	米	15	
糊	米	15	
糋	米	15	
糌	米	15	
糍	米	15	
糎	米	15	
糏	米	16	
糐	米	16	
糑	米	16	
糒	米	16	
糓	米	16	
糔	米	15	
糕	米	16	
糖	米	16	
糗	米	16	
糘	米	16	
糙	米	16	
糚	米	16	
糛	米	17	
糜	米	17	
糝	米	17	
糞	米	17	
糟	米	17	
糠	米	17	
糡	米	17	
糢	米	16	
糣	米	18	
糤	米	18	
糥	米	18	
糦	米	18	
糧	米	18	
糨	米	18	
糩	米	19	
糪	米	19	
糫	米	19	
糬	米	19	
糭	米	19	
糮	米	20	
糯	米	20	
糰	米	20	
糱	米	22	
糲	米	20	
糳	米	26	
糴	米	22	
糵	米	22	
糶	米	25	
糷	米	26	
糸	糸	6	
糹	糸	6	
糺	糸	7	
系	糸	7	
糼	糸	8	
糽	糸	8	
糾	糸	8	
糿	糸	8	
紀	糸	9	
紁	糸	9	
紂	糸	9	
紃	糸	9	
約	糸	9	
紅	糸	9	
紆	糸	9	
紇	糸	9	
紈	糸	9	
紉	糸	9	
紊	糸	10	
紋	糸	10	
紌	糸	10	
納	糸	10	
紎	糸	10	
紏	糸	10	
紐	糸	10	
紑	糸	10	
紒	糸	10	
紓	糸	10	
純	糸	10	
紕	糸	10	
紖	糸	10	
紗	糸	10	
紘	糸	10	
紙	糸	10	
級	糸	9	
紛	糸	10	
紜	糸	10	
紝	糸	10	
紞	糸	10	
紟	糸	10	
素	糸	10	
紡	糸	10	
索	糸	10	
紣	糸	10	
紤	糸	10	
紥	糸	10	
紦	糸	10	
紧	糸	10	
紨	糸	11	
紩	糸	11	
紪	糸	12	
紫	糸	12	
紬	糸	11	
紭	糸	11	
紮	糸	11	
累	糸	11	
細	糸	11	
紱	糸	11	
紲	糸	11	
紳	糸	11	
紴	糸	11	
紵	糸	11	
紶	糸	11	
紷	糸	11	
紸	糸	11	
紹	糸	11	
紺	糸	11	
紻	糸	11	
紼	糸	11	
紽	糸	11	
紾	糸	11	
紿	糸	11	
絀	糸	11	
絁	糸	11	
終	糸	11	
絃	糸	11	
組	糸	11	
絅	糸	11	
絆	糸	11	
絇	糸	11	
絈	糸	11	
絉	糸	11	
絊	糸	11	
絋	糸	11	
経	糸	11	
絍	糸	12	
絎	糸	12	
絏	糸	12	
結	糸	12	
絑	糸	12	
絒	糸	12	
絓	糸	12	
絔	糸	12	
絕	糸	12	
絖	糸	12	
絗	糸	12	
絘	糸	12	
絙	糸	12	
絚	糸	12	
絛	糸	12	
絜	糸	12	
絝	糸	12	
絞	糸	12	
絟	糸	12	
絠	糸	12	
絡	糸	12	
絢	糸	12	
絣	糸	12	
絤	糸	12	
絥	糸	12	
給	糸	12	
絧	糸	12	
絨	糸	12	
絩	糸	12	
絪	糸	12	
絫	糸	12	
絬	糸	12	
絭	糸	12	
絮	糸	12	
絯	糸	12	
絰	糸	12	
統	糸	12	
絲	糸	12	
絳	糸	12	
絴	糸	12	
絵	糸	12	
絶	糸	12	
絷	糸	12	
絸	糸	13	
絹	糸	13	
絺	糸	13	
絻	糸	13	
絼	糸	13	
絽	糸	12	
絾	糸	12	
絿	糸	13	
綀	糸	13	
綁	糸	12	
綂	糸	13	
綃	糸	13	
綄	糸	13	
綅	糸	13	
綆	糸	13	
綇	糸	13	
綈	糸	13	
綉	糸	13	
綊	糸	13	
綋	糸	13	
綌	糸	13	
綍	糸	13	
綎	糸	12	
綏	糸	13	
綐	糸	13	
綑	糸	13	
綒	糸	13	
經	糸	13	
綔	糸	13	
綕	糸	13	
綖	糸	12	
綗	糸	13	
綘	糸	13	
継	糸	13	
続	糸	13	
綛	糸	13	
綜	糸	14	
綝	糸	14	
綞	糸	14	
綟	糸	14	
綠	糸	14	
綡	糸	14	
綢	糸	14	
綣	糸	14	
綤	糸	13	
綥	糸	14	
綦	糸	14	
綧	糸	14	
綨	糸	14	
綩	糸	14	
綪	糸	14	
綫	糸	14	
綬	糸	14	
維	糸	14	
綮	糸	14	
綯	糸	14	
綰	糸	14	
綱	糸	14	
網	糸	14	
綳	糸	14	
綴	糸	14	
綵	糸	14	
綶	糸	14	
綷	糸	14	
綸	糸	14	
綹	糸	14	
綺	糸	14	
綻	糸	14	
綼	糸	14	
綽	糸	14	
綾	糸	14	
綿	糸	14	
緀	糸	14	
緁	糸	14	
緂	糸	14	
緃	糸	14	
緄	糸	14	
緅	糸	14	
緆	糸	14	
緇	糸	14	
緈	糸	14	
緉	糸	14	
緊	糸	14	
緋	糸	14	
緌	糸	14	
緍	糸	14	
緎	糸	14	
総	糸	14	
緐	糸	14	
緑	糸	14	
緒	糸	14	
緓	糸	14	
緔	糸	14	
緕	糸	14	
緖	糸	15	
緗	糸	15	
緘	糸	15	
緙	糸	15	
線	糸	15	
緛	糸	15	
緜	糸	15	
緝	糸	15	
緞	糸	15	
緟	糸	15	
締	糸	15	
緡	糸	15	
緢	糸	14	
緣	糸	15	
緤	糸	15	
緥	糸	15	
緦	糸	15	
緧	糸	15	
編	糸	15	
緩	糸	15	
緪	糸	15	
緫	糸	15	
緬	糸	15	
緭	糸	15	
緮	糸	15	
緯	糸	15	
緰	糸	15	
緱	糸	15	
緲	糸	15	
緳	糸	15	
練	糸	15	
緵	糸	15	
緶	糸	15	
緷	糸	15	
緸	糸	15	
緹	糸	15	
緺	糸	14	
緻	糸	16	
緼	糸	15	
緽	糸	15	
緾	糸	15	
緿	糸	15	
縀	糸	15	
縁	糸	15	
縂	糸	15	
縃	糸	15	
縄	糸	15	
縅	糸	15	
縆	糸	15	
縇	糸	15	
縈	糸	16	
縉	糸	16	
縊	糸	16	
縋	糸	15	
縌	糸	15	
縍	糸	16	
縎	糸	15	
縏	糸	16	
縐	糸	16	
縑	糸	16	
縒	糸	15	
縓	糸	16	
縔	糸	16	
縕	糸	16	
縖	糸	16	
縗	糸	16	
縘	糸	16	
縙	糸	15	
縚	糸	16	
縛	糸	16	
縜	糸	16	
縝	糸	16	
縞	糸	16	
縟	糸	16	
縠	糸	16	
縡	糸	16	
縢	糸	16	
縣	糸	16	
縤	糸	16	
縥	糸	16	
縦	糸	16	
縧	糸	16	
縨	糸	16	
縩	糸	17	
縪	糸	16	
縫	糸	16	
縬	糸	17	
縭	糸	16	
縮	糸	17	
縯	糸	17	
縰	糸	17	
縱	糸	17	
縲	糸	17	
縳	糸	17	
縴	糸	17	
縵	糸	17	
縶	糸	17	
縷	糸	17	
縸	糸	16	
縹	糸	17	
縺	糸	16	
縻	糸	17	
縼	糸	17	
總	糸	17	
績	糸	17	
縿	糸	17	
繀	糸	17	
繁	糸	17	
繂	糸	17	
繃	糸	17	
繄	糸	17	
繅	糸	17	
繆	糸	17	
繇	糸	17	
繈	糸	17	
繉	糸	17	
繊	糸	17	
繋	糸	17	
繌	糸	17	
繍	糸	17	
繎	糸	18	
繏	糸	18	
繐	糸	18	
繑	糸	18	
繒	糸	18	
繓	糸	18	
織	糸	18	
繕	糸	18	
繖	糸	18	
繗	糸	18	
繘	糸	18	
繙	糸	18	
繚	糸	18	
繛	糸	18	
繜	糸	18	
繝	糸	18	
繞	糸	18	
繟	糸	18	
繠	糸	18	
繡	糸	19	
繢	糸	18	
繣	糸	18	
繤	糸	17	
繥	糸	18	
繦	糸	18	
繧	糸	18	
繨	糸	18	
繩	糸	19	
繪	糸	19	
繫	糸	19	
繬	糸	19	
繭	糸	18	
繮	糸	19	
繯	糸	19	
繰	糸	19	
繱	糸	18	
繲	糸	19	
繳	糸	19	
繴	糸	19	
繵	糸	19	
繶	糸	19	
繷	糸	19	
繸	糸	18	
繹	糸	19	
繺	糸	19	
繻	糸	20	
繼	糸	20	
繽	糸	20	
繾	糸	19	
繿	糸	20	
纀	糸	20	
纁	糸	20	
纂	糸	20	
纃	糸	20	
纄	糸	19	
纅	糸	21	
纆	糸	21	
纇	糸	21	
纈	糸	21	
纉	糸	21	
纊	糸	20	
纋	糸	21	
續	糸	21	
纍	糸	21	
纎	糸	21	
纏	糸	21	
纐	糸	21	
纑	糸	22	
纒	糸	22	
纓	糸	23	
纔	糸	23	
纕	糸	23	
纖	糸	23	
纗	糸	24	
纘	糸	25	
纙	糸	25	
纚	糸	25	
纛	糸	25	
纜	糸	27	
纝	糸	27	
纞	糸	29	
纟		3	
纠		5	
纡		6	
红		6	
纣		6	
纤		6	
纥		6	
约		6	
级		6	
纨		6	
纩		6	
纪		6	
纫		6	
纬		7	
纭		7	
纮		7	
纯		7	
纰		7	
纱		7	
纲		7	
纳		7	
纴		7	
纵		7	
纶		7	
纷		7	
纸		7	
纹		7	
纺		7	
纻		7	
纼		7	
纽		7	
纾		7	
线		8	
绀		8	
绁		8	
绂		8	
练		8	
组		8	
绅		8	
细		8	
织		8	
终		8	
绉		8	
绊		8	
绋		8	
绌		8	
绍		8	
绎		8	
经		8	
绐		8	
绑		9	
绒		9	
结		9	
绔		9	
绕		9	
绖		9	
绗		9	
绘		9	
给		9	
绚		9	
绛		9	
络		9	
绝		9	
绞		9	
统		9	
绠		10	
绡		10	
绢		10	
绣		10	
绤		10	
绥		10	
绦		10	
继		10	
绨		10	
绩		11	
绪		11	
绫		11	
绬		11	
续		11	
绮		11	
绯		11	
绰		11	
绱		11	
绲		11	
绳		11	
维		11	
绵		11	
绶		11	
绷		11	
绸		11	
绹		11	
绺		11	
绻		11	
综		11	
绽		11	
绾		11	
绿		11	
缀		11	
缁		11	
缂		12	
缃		12	
缄		12	
缅		12	
缆		12	
缇		12	
缈		12	
缉		12	
缊		12	
缋		12	
缌		12	
缍		11	
缎		12	
缏		12	
缐		12	
缑		12	
缒		12	
缓		12	
缔		12	
缕		12	
编		12	
缗		12	
缘		12	
缙		13	
缚		13	
缛		13	
缜		13	
缝		13	
缞		13	
缟		13	
缠		13	
缡		13	
缢		13	
缣		13	
缤		13	
缥		14	
缦		14	
缧		14	
缨		14	
缩		14	
缪		14	
缫		14	
缬		15	
缭		15	
缮		15	
缯		15	
缰		16	
缱		16	
缲		16	
缳		16	
缴		16	
缵		19	
缶	缶	6	
缷	缶	8	
缸	缶	9	
缹	缶	10	
缺	缶	10	
缻	缶	10	
缼	缶	10	
缽	缶	11	
缾	缶	12	
缿	缶	12	
罀	缶	12	
罁	缶	14	
罂	缶	14	
罃	缶	16	
罄	缶	17	
罅	缶	17	
罆	缶	17	
罇	缶	18	
罈	缶	18	
罉	缶	18	
罊	缶	19	
罋	缶	19	
罌	缶	20	
罍	缶	21	
罎	缶	22	
罏	缶	22	
罐	缶	23	
网	网	6	
罒	网	5	
罓	网	4	
罔	网	8	
罕	网	7	
罖	网	8	
罗	网	8	
罘	网	9	
罙	网	8	
罚	网	9	
罛	网	10	
罜	网	10	
罝	网	10	
罞	网	10	
罟	网	10	
罠	网	10	
罡	网	10	
罢	网	10	
罣	网	11	
罤	网	12	
罥	网	12	
罦	网	12	
罧	网	13	
罨	网	13	
罩	网	13	
罪	网	13	
罫	网	13	
罬	网	13	
罭	网	13	
置	网	13	
罯	网	14	
罰	网	14	
罱	网	14	
署	网	13	
罳	网	14	
罴	网	14	
罵	网	15	
罶	网	15	
罷	网	15	
罸	网	15	
罹	网	16	
罺	网	16	
罻	网	16	
罼	网	15	
罽	网	17	
罾	网	17	
罿	网	17	
羀	网	18	
羁	网	17	
羂	网	18	
羃	网	18	
羄	网	19	
羅	网	19	
羆	网	19	
羇	网	22	
羈	网	24	
羉	网	24	
羊	羊	6	
羋	羊	8	
羌	羊	7	
羍	羊	9	
美	羊	9	
羏	羊	9	
羐	羊	10	
羑	羊	9	
羒	羊	10	
羓	羊	10	
羔	羊	10	
羕	羊	11	
羖	羊	10	
羗	羊	9	
羘	羊	10	
羙	羊	10	
羚	羊	11	
羛	羊	11	
羜	羊	11	
羝	羊	11	
羞	羊	10	
羟	羊	11	
羠	羊	12	
羡	羊	12	
羢	羊	12	
羣	羊	13	
群	羊	13	
羥	羊	13	
羦	羊	13	
羧	羊	13	
羨	羊	13	
義	羊	13	
羪	羊	13	
羫	羊	14	
羬	羊	15	
羭	羊	15	
羮	羊	15	
羯	羊	15	
羰	羊	15	
羱	羊	16	
羲	羊	16	
羳	羊	18	
羴	羊	18	
羵	羊	18	
羶	羊	19	
羷	羊	19	
羸	羊	19	
羹	羊	19	
羺	羊	20	
羻	羊	21	
羼	羊	21	
羽	羽	6	
羾	羽	9	
羿	羽	9	
翀	羽	10	
翁	羽	10	
翂	羽	10	
翃	羽	10	
翄	羽	10	
翅	羽	10	
翆	羽	10	
翇	羽	11	
翈	羽	11	
翉	羽	11	
翊	羽	11	
翋	羽	11	
翌	羽	11	
翍	羽	11	
翎	羽	11	
翏	羽	11	
翐	羽	11	
翑	羽	11	
習	羽	11	
翓	羽	12	
翔	羽	12	
翕	羽	12	
翖	羽	12	
翗	羽	12	
翘	羽	12	
翙	羽	12	
翚	羽	12	
翛	羽	12	
翜	羽	13	
翝	羽	13	
翞	羽	14	
翟	羽	14	
翠	羽	14	
翡	羽	14	
翢	羽	14	
翣	羽	14	
翤	羽	14	
翥	羽	14	
翦	羽	15	
翧	羽	15	
翨	羽	15	
翩	羽	15	
翪	羽	15	
翫	羽	15	
翬	羽	15	
翭	羽	15	
翮	羽	16	
翯	羽	16	
翰	羽	16	
翱	羽	16	
翲	羽	17	
翳	羽	17	
翴	羽	16	
翵	羽	17	
翶	羽	17	
翷	羽	18	
翸	羽	18	
翹	羽	18	
翺	羽	18	
翻	羽	18	
翼	羽	17	
翽	羽	19	
翾	羽	19	
翿	羽	20	
耀	羽	20	
老	老	6	
耂	老	4	
考	老	6	
耄	老	10	
者	老	8	
耆	老	10	
耇	老	9	
耈	老	11	
耉	老	9	
耊	老	10	
耋	老	12	
而	而	6	
耍	而	9	
耎	而	9	
耏	而	9	
耐	而	9	
耑	而	9	
耒	耒	6	
耓	耒	8	
耔	耒	9	
耕	耒	10	
耖	耒	10	
耗	耒	10	
耘	耒	10	
耙	耒	10	
耚	耒	11	
耛	耒	11	
耜	耒	11	
耝	耒	11	
耞	耒	11	
耟	耒	10	
耠	耒	12	
耡	耒	13	
耢	耒	13	
耣	耒	14	
耤	耒	14	
耥	耒	14	
耦	耒	15	
耧	耒	15	
耨	耒	16	
耩	耒	16	
耪	耒	16	
耫	耒	17	
耬	耒	17	
耭	耒	18	
耮	耒	18	
耯	耒	19	
耰	耒	21	
耱	耒	22	
耲	耒	22	
耳	耳	6	
耴	耳	7	
耵	耳	8	
耶	耳	8	
耷	耳	9	
耸	耳	10	
耹	耳	10	
耺	耳	10	
耻	耳	10	
耼	耳	10	
耽	耳	10	
耾	耳	10	
耿	耳	10	
聀	耳	10	
聁	耳	10	
聂	耳	10	
聃	耳	11	
聄	耳	11	
聅	耳	11	
聆	耳	11	
聇	耳	11	
聈	耳	11	
聉	耳	11	
聊	耳	11	
聋	耳	11	
职	耳	11	
聍	耳	11	
聎	耳	12	
聏	耳	12	
聐	耳	12	
聑	耳	12	
聒	耳	12	
聓	耳	12	
联	耳	12	
聕	耳	13	
聖	耳	13	
聗	耳	13	
聘	耳	13	
聙	耳	14	
聚	耳	14	
聛	耳	14	
聜	耳	14	
聝	耳	14	
聞	耳	14	
聟	耳	14	
聠	耳	12	
聡	耳	14	
聢	耳	14	
聣	耳	14	
聤	耳	15	
聥	耳	15	
聦	耳	15	
聧	耳	15	
聨	耳	15	
聩	耳	15	
聪	耳	15	
聫	耳	15	
聬	耳	16	
聭	耳	15	
聮	耳	16	
聯	耳	17	
聰	耳	17	
聱	耳	16	
聲	耳	17	
聳	耳	17	
聴	耳	17	
聵	耳	18	
聶	耳	18	
職	耳	18	
聸	耳	19	
聹	耳	20	
聺	耳	20	
聻	耳	20	
聼	耳	19	
聽	耳	22	
聾	耳	22	
聿	聿	6	
肀	聿	4	
肁	聿	10	
肂	聿	10	
肃	聿	8	
肄	聿	13	
肅	聿	13	
肆	聿	13	
肇	聿	14	
肈	聿	14	
肉	肉	6	
肊	肉	5	
肋	肉	6	
肌	肉	6	
肍	肉	6	
肎	肉	6	
肏	肉	8	
肐	肉	7	
肑	肉	7	
肒	肉	7	
肓	肉	7	
肔	肉	7	
肕	肉	7	
肖	肉	7	
肗	肉	7	
肘	肉	7	
肙	肉	7	
肚	肉	7	
肛	肉	7	
肜	肉	7	
肝	肉	7	
肞	肉	7	
肟	肉	7	
肠	肉	7	
股	肉	8	
肢	肉	8	
肣	肉	8	
肤	肉	8	
肥	肉	8	
肦	肉	8	
肧	肉	8	
肨	肉	8	
肩	肉	8	
肪	肉	8	
肫	肉	8	
肬	肉	8	
肭	肉	8	
肮	肉	8	
肯	肉	8	
肰	肉	8	
肱	肉	8	
育	肉	8	
肳	肉	8	
肴	肉	8	
肵	肉	8	
肶	肉	8	
肷	肉	8	
肸	肉	8	
肹	肉	8	
肺	肉	8	
肻	肉	8	
肼	肉	8	
肽	肉	8	
肾	肉	8	
肿	肉	8	
胀	肉	8	
胁	肉	8	
胂	肉	9	
胃	肉	9	
胄	肉	9	
胅	肉	9	
胆	肉	9	
胇	肉	9	
胈	肉	9	
胉	肉	9	
胊	肉	9	
胋	肉	9	
背	肉	9	
胍	肉	9	
胎	肉	9	
胏	肉	8	
胐	肉	9	
胑	肉	9	
胒	肉	9	
胓	肉	9	
胔	肉	12	
胕	肉	9	
胖	肉	9	
胗	肉	9	
胘	肉	9	
胙	肉	9	
胚	肉	9	
胛	肉	9	
胜	肉	9	
胝	肉	9	
胞	肉	9	
胟	肉	9	
胠	肉	9	
胡	肉	9	
胢	肉	9	
胣	肉	9	
胤	肉	9	
胥	肉	9	
胦	肉	9	
胧	肉	9	
胨	肉	9	
胩	肉	9	
胪	肉	9	
胫	肉	9	
胬	肉	11	
胭	肉	10	
胮	肉	10	
胯	肉	10	
胰	肉	10	
胱	肉	10	
胲	肉	10	
胳	肉	10	
胴	肉	10	
胵	肉	10	
胶	肉	10	
胷	肉	10	
胸	肉	10	
胹	肉	10	
胺	肉	10	
胻	肉	10	
胼	肉	10	
能	肉	10	
胾	肉	12	
胿	肉	10	
脀	肉	10	
脁	肉	10	
脂	肉	10	
脃	肉	10	
脄	肉	10	
脅	肉	10	
脆	肉	10	
脇	肉	10	
脈	肉	10	
脉	肉	9	
脊	肉	10	
脋	肉	10	
脌	肉	10	
脍	肉	10	
脎	肉	10	
脏	肉	10	
脐	肉	10	
脑	肉	10	
脒	肉	10	
脓	肉	10	
脔	肉	12	
脕	肉	11	
脖	肉	11	
脗	肉	11	
脘	肉	11	
脙	肉	11	
脚	肉	11	
脛	肉	11	
脜	肉	11	
脝	肉	11	
脞	肉	11	
脟	肉	11	
脠	肉	10	
脡	肉	10	
脢	肉	11	
脣	肉	11	
脤	肉	11	
脥	肉	11	
脦	肉	11	
脧	肉	11	
脨	肉	11	
脩	肉	10	
脪	肉	11	
脫	肉	11	
脬	肉	11	
脭	肉	11	
脮	肉	11	
脯	肉	11	
脰	肉	11	
脱	肉	11	
脲	肉	11	
脳	肉	11	
脴	肉	11	
脵	肉	11	
脶	肉	11	
脷	肉	11	
脸	肉	11	
脹	肉	12	
脺	肉	12	
脻	肉	12	
脼	肉	12	
脽	肉	12	
脾	肉	12	
脿	肉	12	
腀	肉	12	
腁	肉	12	
腂	肉	12	
腃	肉	12	
腄	肉	12	
腅	肉	12	
腆	肉	12	
腇	肉	12	
腈	肉	12	
腉	肉	12	
腊	肉	12	
腋	肉	12	
腌	肉	12	
腍	肉	12	
腎	肉	12	
腏	肉	12	
腐	肉	14	
腑	肉	12	
腒	肉	12	
腓	肉	12	
腔	肉	12	
腕	肉	12	
腖	肉	12	
腗	肉	12	
腘	肉	12	
腙	肉	12	
腚	肉	12	
腛	肉	13	
腜	肉	13	
腝	肉	13	
腞	肉	13	
腟	肉	13	
腠	肉	13	
腡	肉	12	
腢	肉	13	
腣	肉	13	
腤	肉	13	
腥	肉	13	
腦	肉	13	
腧	肉	13	
腨	肉	13	
腩	肉	13	
腪	肉	13	
腫	肉	13	
腬	肉	13	
腭	肉	13	
腮	肉	13	
腯	肉	13	
腰	肉	13	
腱	肉	12	
腲	肉	13	
腳	肉	13	
腴	肉	12	
腵	肉	13	
腶	肉	13	
腷	肉	13	
腸	肉	13	
腹	肉	13	
腺	肉	13	
腻	肉	13	
腼	肉	13	
腽	肉	13	
腾	肉	13	
腿	肉	13	
膀	肉	14	
膁	肉	14	
膂	肉	14	
膃	肉	14	
膄	肉	13	
膅	肉	14	
膆	肉	14	
膇	肉	13	
膈	肉	14	
膉	肉	14	
膊	肉	14	
膋	肉	14	
膌	肉	14	
膍	肉	14	
膎	肉	14	
膏	肉	14	
膐	肉	16	
膑	肉	14	
膒	肉	15	
膓	肉	15	
膔	肉	15	
膕	肉	15	
膖	肉	14	
膗	肉	15	
膘	肉	15	
膙	肉	16	
膚	肉	15	
膛	肉	15	
膜	肉	14	
膝	肉	15	
膞	肉	15	
膟	肉	15	
膠	肉	15	
膡	肉	15	
膢	肉	15	
膣	肉	15	
膤	月	15	
膥	肉	17	
膦	肉	16	
膧	肉	16	
膨	肉	16	
膩	肉	16	
膪	肉	16	
膫	肉	16	
膬	肉	16	
膭	肉	16	
膮	肉	16	
膯	肉	16	
膰	肉	16	
膱	肉	16	
膲	肉	16	
膳	肉	16	
膴	肉	16	
膵	肉	15	
膶	肉	16	
膷	肉	15	
膸	肉	17	
膹	肉	16	
膺	肉	17	
膻	肉	17	
膼	肉	15	
膽	肉	17	
膾	肉	17	
膿	肉	17	
臀	肉	17	
臁	肉	17	
臂	肉	17	
臃	肉	17	
臄	肉	17	
臅	肉	17	
臆	肉	17	
臇	肉	16	
臈	肉	16	
臉	肉	17	
臊	肉	17	
臋	肉	19	
臌	肉	17	
臍	肉	18	
臎	肉	18	
臏	肉	18	
臐	肉	18	
臑	肉	18	
臒	肉	17	
臓	肉	18	
臔	肉	19	
臕	肉	19	
臖	肉	20	
臗	肉	18	
臘	肉	19	
臙	肉	20	
臚	肉	20	
臛	肉	20	
臜	肉	20	
臝	肉	21	
臞	肉	22	
臟	肉	21	
臠	肉	25	
臡	肉	25	
臢	肉	23	
臣	臣	6	
臤	臣	8	
臥	臣	8	
臦	臣	12	
臧	臣	14	
臨	臣	17	
臩	臣	17	
自	自	6	
臫	自	7	
臬	自	10	
臭	自	10	
臮	自	12	
臯	自	12	
臰	自	12	
臱	自	15	
臲	自	16	
至	至	6	
致	至	10	
臵	至	12	
臶	至	12	
臷	至	12	
臸	至	12	
臹	至	12	
臺	至	14	
臻	至	16	
臼	臼	6	
臽	臼	8	
臾	臼	8	
臿	臼	9	
舀	臼	10	
舁	臼	9	
舂	臼	11	
舃	臼	12	
舄	臼	12	
舅	臼	13	
舆	臼	14	
與	臼	13	
興	臼	16	
舉	臼	16	
舊	臼	17	
舋	臼	20	
舌	舌	6	
舍	舌	8	
舎	舌	8	
舏	舌	8	
舐	舌	10	
舑	舌	11	
舒	舌	12	
舓	舌	14	
舔	舌	14	
舕	舌	14	
舖	舌	15	
舗	舌	15	
舘	舌	16	
舙	舌	18	
舚	舌	19	
舛	舛	6	
舜	舛	12	
舝	舛	13	
舞	舛	14	
舟	舟	6	
舠	舟	8	
舡	舟	9	
舢	舟	9	
舣	舟	9	
舤	舟	9	
舥	舟	10	
舦	舟	10	
舧	舟	10	
舨	舟	10	
舩	舟	10	
航	舟	10	
舫	舟	10	
般	舟	10	
舭	舟	10	
舮	舟	10	
舯	舟	10	
舰	舟	10	
舱	舟	10	
舲	舟	11	
舳	舟	11	
舴	舟	11	
舵	舟	11	
舶	舟	11	
舷	舟	11	
舸	舟	11	
船	舟	11	
舺	舟	11	
舻	舟	11	
舼	舟	12	
舽	舟	12	
舾	舟	12	
舿	舟	12	
艀	舟	13	
艁	舟	13	
艂	舟	13	
艃	舟	13	
艄	舟	13	
艅	舟	13	
艆	舟	13	
艇	舟	12	
艈	舟	13	
艉	舟	13	
艊	舟	14	
艋	舟	14	
艌	舟	14	
艍	舟	14	
艎	舟	15	
艏	舟	15	
艐	舟	15	
艑	舟	15	
艒	舟	15	
艓	舟	15	
艔	舟	15	
艕	舟	16	
艖	舟	15	
艗	舟	16	
艘	舟	15	
艙	舟	16	
艚	舟	17	
艛	舟	17	
艜	舟	17	
艝	舟	17	
艞	舟	18	
艟	舟	18	
艠	舟	18	
艡	舟	19	
艢	舟	19	
艣	舟	19	
艤	舟	19	
艥	舟	18	
艦	舟	20	
艧	舟	19	
艨	舟	19	
艩	舟	20	
艪	舟	21	
艫	舟	22	
艬	舟	23	
艭	舟	24	
艮	艮	6	
良	艮	7	
艰	艮	8	
艱	艮	17	
色	色	6	
艳	色	10	
艴	色	11	
艵	色	12	
艶	色	19	
艷	色	24	
艸	艸	6	
艹	艸	3	
艺	艸	4	
艻	艸	5	
艼	艸	5	
艽	艸	5	
艾	艸	5	
艿	艸	5	
芀	艸	5	
芁	艸	5	
节	艸	5	
芃	艸	6	
芄	艸	6	
芅	艸	6	
芆	艸	6	
芇	艸	6	
芈	艸	7	
芉	艸	6	
芊	艸	6	
芋	艸	6	
芌	艸	6	
芍	艸	6	
芎	艸	6	
芏	艸	6	
芐	艸	6	
芑	艸	6	
芒	艸	6	
芓	艸	6	
芔	艸	9	
芕	艸	6	
芖	艸	6	
芗	艸	6	
芘	艸	7	
芙	艸	7	
芚	艸	7	
芛	艸	7	
芜	艸	7	
芝	艸	6	
芞	艸	7	
芟	艸	7	
芠	艸	7	
芡	艸	7	
芢	艸	7	
芣	艸	7	
芤	艸	7	
芥	艸	7	
芦	艸	7	
芧	艸	7	
芨	艸	6	
芩	艸	7	
芪	艸	7	
芫	艸	7	
芬	艸	7	
芭	艸	7	
芮	艸	7	
芯	艸	7	
芰	艸	7	
花	艸	7	
芲	艸	7	
芳	艸	7	
芴	艸	7	
芵	艸	7	
芶	艸	7	
芷	艸	7	
芸	艸	7	
芹	艸	7	
芺	艸	7	
芻	艸	10	
芼	艸	7	
芽	艸	7	
芾	艸	7	
芿	艸	7	
苀	艸	7	
苁	艸	7	
苂	艸	7	
苃	艸	7	
苄	艸	7	
苅	艸	7	
苆	艸	7	
苇	艸	7	
苈	艸	7	
苉	艸	7	
苊	艸	7	
苋	艸	7	
苌	艸	7	
苍	艸	7	
苎	艸	7	
苏	艸	7	
苐	艸	8	
苑	艸	8	
苒	艸	8	
苓	艸	8	
苔	艸	8	
苕	艸	8	
苖	艸	8	
苗	艸	8	
苘	艸	8	
苙	艸	8	
苚	艸	8	
苛	艸	8	
苜	艸	8	
苝	艸	8	
苞	艸	8	
苟	艸	8	
苠	艸	8	
苡	艸	7	
苢	艸	8	
苣	艸	7	
苤	艸	8	
若	艸	8	
苦	艸	8	
苧	艸	8	
苨	艸	8	
苩	艸	8	
苪	艸	8	
苫	艸	8	
苬	艸	8	
苭	艸	8	
苮	艸	8	
苯	艸	8	
苰	艸	8	
英	艸	8	
苲	艸	8	
苳	艸	8	
苴	艸	8	
苵	艸	8	
苶	艸	8	
苷	艸	8	
苸	艸	8	
苹	艸	8	
苺	艸	8	
苻	艸	8	
苼	艸	8	
苽	艸	8	
苾	艸	8	
苿	艸	8	
茀	艸	8	
茁	艸	8	
茂	艸	8	
范	艸	8	
茄	艸	8	
茅	艸	8	
茆	艸	8	
茇	艸	8	
茈	艸	9	
茉	艸	8	
茊	艸	8	
茋	艸	8	
茌	艸	8	
茍	艸	9	
茎	艸	8	
茏	艸	8	
茐	艸	8	
茑	艸	8	
茒	艸	12	
茓	艸	8	
茔	艸	8	
茕	艸	8	
茖	艸	9	
茗	艸	9	
茘	艸	9	
茙	艸	9	
茚	艸	8	
茛	艸	9	
茜	艸	9	
茝	艸	10	
茞	艸	9	
茟	艸	9	
茠	艸	9	
茡	艸	9	
茢	艸	9	
茣	艸	10	
茤	艸	9	
茥	艸	9	
茦	艸	9	
茧	艸	9	
茨	艸	9	
茩	艸	9	
茪	艸	9	
茫	艸	9	
茬	艸	9	
茭	艸	9	
茮	艸	9	
茯	艸	9	
茰	艸	9	
茱	艸	9	
茲	艸	9	
茳	艸	9	
茴	艸	9	
茵	艸	9	
茶	艸	9	
茷	艸	9	
茸	艸	9	
茹	艸	9	
茺	艸	9	
茻	艸	12	
茼	艸	9	
茽	艸	9	
茾	艸	7	
茿	艸	9	
荀	艸	9	
荁	艸	9	
荂	艸	9	
荃	艸	9	
荄	艸	9	
荅	艸	9	
荆	艸	9	
荇	艸	9	
荈	艸	9	
草	艸	9	
荊	艸	9	
荋	艸	9	
荌	艸	9	
荍	艸	9	
荎	艸	9	
荏	艸	9	
荐	艸	9	
荑	艸	9	
荒	艸	9	
荓	艸	9	
荔	艸	9	
荕	艸	9	
荖	艸	9	
荗	艸	9	
荘	艸	9	
荙	艸	9	
荚	艸	9	
荛	艸	9	
荜	艸	9	
荝	艸	9	
荞	艸	9	
荟	艸	9	
荠	艸	9	
荡	艸	9	
荢	艸	9	
荣	艸	9	
荤	艸	9	
荥	艸	9	
荦	艸	9	
荧	艸	9	
荨	艸	9	
荩	艸	9	
荪	艸	9	
荫	艸	9	
荬	艸	9	
荭	艸	9	
荮	艸	9	
药	艸	9	
荰	艸	10	
荱	艸	10	
荲	艸	10	
荳	艸	10	
荴	艸	10	
荵	艸	10	
荶	艸	10	
荷	艸	10	
荸	艸	10	
荹	艸	10	
荺	艸	10	
荻	艸	10	
荼	艸	10	
荽	艸	10	
荾	艸	10	
荿	艸	9	
莀	艸	10	
莁	艸	10	
莂	艸	10	
莃	艸	10	
莄	艸	10	
莅	艸	10	
莆	艸	10	
莇	艸	10	
莈	艸	10	
莉	艸	10	
莊	艸	10	
莋	艸	10	
莌	艸	10	
莍	艸	10	
莎	艸	10	
莏	艸	10	
莐	艸	10	
莑	艸	10	
莒	艸	9	
莓	艸	10	
莔	艸	10	
莕	艸	10	
莖	艸	10	
莗	艸	10	
莘	艸	10	
莙	艸	10	
莚	艸	9	
莛	艸	9	
莜	艸	10	
莝	艸	10	
莞	艸	10	
莟	艸	10	
莠	艸	10	
莡	艸	10	
莢	艸	10	
莣	艸	10	
莤	艸	10	
莥	艸	10	
莦	艸	10	
莧	艸	10	
莨	艸	10	
莩	艸	10	
莪	艸	10	
莫	艸	10	
莬	艸	10	
莭	艸	10	
莮	艸	10	
莯	艸	10	
莰	艸	10	
莱	艸	10	
莲	艸	10	
莳	艸	10	
莴	艸	10	
莵	艸	10	
莶	艸	10	
获	艸	10	
莸	艸	10	
莹	艸	10	
莺	艸	10	
莻	艸	13	
莼	艸	10	
莽	艸	10	
莾	艸	11	
莿	艸	11	
菀	艸	11	
菁	艸	11	
菂	艸	11	
菃	艸	10	
菄	艸	11	
菅	艸	11	
菆	艸	11	
菇	艸	11	
菈	艸	11	
菉	艸	11	
菊	艸	11	
菋	艸	11	
菌	艸	11	
菍	艸	11	
菎	艸	11	
菏	艸	11	
菐	艸	12	
菑	艸	11	
菒	艸	11	
菓	艸	11	
菔	艸	11	
菕	艸	11	
菖	艸	11	
菗	艸	11	
菘	艸	11	
菙	艸	11	
菚	艸	11	
菛	艸	11	
菜	艸	11	
菝	艸	11	
菞	艸	11	
菟	艸	11	
菠	艸	11	
菡	艸	11	
菢	艸	11	
菣	艸	11	
菤	艸	11	
菥	艸	11	
菦	艸	10	
菧	艸	11	
菨	艸	11	
菩	艸	11	
菪	艸	11	
菫	艸	11	
菬	艸	11	
菭	艸	11	
菮	艸	11	
華	艸	10	
菰	艸	11	
菱	艸	11	
菲	艸	11	
菳	艸	11	
菴	艸	11	
菵	艸	11	
菶	艸	11	
菷	艸	11	
菸	艸	11	
菹	艸	11	
菺	艸	11	
菻	艸	11	
菼	艸	11	
菽	艸	11	
菾	艸	11	
菿	艸	11	
萀	艸	11	
萁	艸	11	
萂	艸	11	
萃	艸	11	
萄	艸	11	
萅	艸	11	
萆	艸	11	
萇	艸	11	
萈	艸	11	
萉	艸	11	
萊	艸	11	
萋	艸	11	
萌	艸	11	
萍	艸	11	
萎	艸	11	
萏	艸	11	
萐	艸	11	
萑	艸	11	
萒	艸	11	
萓	艸	11	
萔	艸	11	
萕	艸	11	
萖	艸	11	
萗	艸	11	
萘	艸	11	
萙	艸	11	
萚	艸	11	
萛	艸	11	
萜	艸	11	
萝	艸	11	
萞	艸	11	
萟	艸	11	
萠	艸	11	
萡	艸	11	
萢	艸	11	
萣	艸	11	
萤	艸	11	
营	艸	11	
萦	艸	11	
萧	艸	11	
萨	艸	11	
萩	艸	12	
萪	艸	12	
萫	艸	12	
萬	禸	12	
萭	艸	12	
萮	艸	12	
萯	艸	12	
萰	艸	12	
萱	艸	12	
萲	艸	12	
萳	艸	12	
萴	艸	12	
萵	艸	11	
萶	艸	12	
萷	艸	12	
萸	艸	11	
萹	艸	12	
萺	艸	12	
萻	艸	12	
萼	艸	12	
落	艸	12	
萾	艸	12	
萿	艸	12	
葀	艸	12	
葁	艸	12	
葂	艸	12	
葃	艸	12	
葄	艸	12	
葅	艸	12	
葆	艸	12	
葇	艸	12	
葈	艸	12	
葉	艸	12	
葊	艸	12	
葋	艸	12	
葌	艸	12	
葍	艸	12	
葎	艸	12	
葏	艸	12	
葐	艸	12	
葑	艸	12	
葒	艸	12	
葓	艸	12	
葔	艸	12	
葕	艸	12	
葖	艸	12	
著	艸	11	
葘	艸	12	
葙	艸	12	
葚	艸	12	
葛	艸	12	
葜	艸	12	
葝	艸	12	
葞	艸	12	
葟	艸	12	
葠	艸	12	
葡	艸	12	
葢	艸	12	
董	艸	12	
葤	艸	12	
葥	艸	12	
葦	艸	12	
葧	艸	12	
葨	艸	12	
葩	艸	12	
葪	艸	12	
葫	艸	12	
葬	艸	12	
葭	艸	12	
葮	艸	12	
葯	艸	12	
葰	艸	12	
葱	艸	12	
葲	艸	12	
葳	艸	12	
葴	艸	12	
葵	艸	12	
葶	艸	12	
葷	艸	12	
葸	艸	12	
葹	艸	12	
葺	艸	12	
葻	艸	12	
葼	艸	12	
葽	艸	12	
葾	艸	12	
葿	艸	12	
蒀	艸	12	
蒁	艸	11	
蒂	艸	12	
蒃	艸	12	
蒄	艸	12	
蒅	艸	12	
蒆	艸	12	
蒇	艸	12	
蒈	艸	12	
蒉	艸	12	
蒊	艸	15	
蒋	艸	12	
蒌	艸	12	
蒍	艸	12	
蒎	艸	12	
蒏	艸	12	
蒐	艸	12	
蒑	艸	13	
蒒	艸	13	
蒓	艸	13	
蒔	艸	13	
蒕	艸	13	
蒖	艸	13	
蒗	艸	13	
蒘	艸	13	
蒙	艸	13	
蒚	艸	13	
蒛	艸	13	
蒜	艸	13	
蒝	艸	13	
蒞	艸	13	
蒟	艸	13	
蒠	艸	13	
蒡	艸	13	
蒢	艸	12	
蒣	艸	13	
蒤	艸	13	
蒥	艸	13	
蒦	艸	13	
蒧	艸	13	
蒨	艸	13	
蒩	艸	13	
蒪	艸	13	
蒫	艸	12	
蒬	艸	13	
蒭	艸	13	
蒮	艸	13	
蒯	艸	13	
蒰	艸	13	
蒱	艸	13	
蒲	艸	13	
蒳	艸	13	
蒴	艸	13	
蒵	艸	13	
蒶	艸	13	
蒷	艸	13	
蒸	火	13	
蒹	艸	13	
蒺	艸	13	
蒻	艸	13	
蒼	艸	13	
蒽	艸	13	
蒾	艸	12	
蒿	艸	13	
蓀	艸	13	
蓁	艸	13	
蓂	艸	13	
蓃	艸	12	
蓄	艸	13	
蓅	艸	13	
蓆	艸	13	
蓇	艸	12	
蓈	艸	11	
蓉	艸	13	
蓊	艸	13	
蓋	艸	13	
蓌	艸	13	
蓍	艸	13	
蓎	艸	13	
蓏	艸	13	
蓐	艸	13	
蓑	艸	13	
蓒	艸	13	
蓓	艸	13	
蓔	艸	13	
蓕	艸	13	
蓖	艸	13	
蓗	艸	13	
蓘	艸	13	
蓙	艸	13	
蓚	艸	12	
蓛	艸	13	
蓜	艸	13	
蓝	艸	13	
蓞	艸	16	
蓟	艸	13	
蓠	艸	13	
蓡	艸	13	
蓢	艸	13	
蓣	艸	13	
蓤	艸	13	
蓥	艸	13	
蓦	艸	13	
蓧	艸	13	
蓨	艸	13	
蓩	艸	13	
蓪	艸	13	
蓫	艸	13	
蓬	艸	13	
蓭	艸	14	
蓮	艸	13	
蓯	艸	14	
蓰	艸	14	
蓱	艸	12	
蓲	艸	14	
蓳	艸	14	
蓴	艸	14	
蓵	艸	14	
蓶	艸	14	
蓷	艸	14	
蓸	艸	14	
蓹	艸	15	
蓺	艸	14	
蓻	艸	14	
蓼	艸	14	
蓽	艸	13	
蓾	艸	14	
蓿	艸	14	
蔀	艸	13	
蔁	艸	14	
蔂	艸	14	
蔃	艸	15	
蔄	艸	14	
蔅	艸	14	
蔆	艸	14	
蔇	艸	12	
蔈	艸	14	
蔉	艸	14	
蔊	艸	14	
蔋	艸	14	
蔌	艸	14	
蔍	艸	14	
蔎	艸	14	
蔏	艸	14	
蔐	艸	14	
蔑	艸	14	
蔒	艸	14	
蔓	艸	14	
蔔	艸	14	
蔕	艸	14	
蔖	艸	14	
蔗	艸	14	
蔘	艸	14	
蔙	艸	14	
蔚	艸	14	
蔛	艸	14	
蔜	艸	13	
蔝	艸	14	
蔞	艸	14	
蔟	艸	14	
蔠	艸	14	
蔡	艸	14	
蔢	艸	14	
蔣	艸	14	
蔤	艸	14	
蔥	艸	14	
蔦	艸	14	
蔧	艸	14	
蔨	艸	14	
蔩	艸	14	
蔪	艸	14	
蔫	艸	14	
蔬	艸	15	
蔭	艸	13	
蔮	艸	14	
蔯	艸	13	
蔰	艸	14	
蔱	艸	13	
蔲	艸	14	
蔳	艸	14	
蔴	艸	14	
蔵	艸	14	
蔶	艸	14	
蔷	艸	14	
蔸	艸	14	
蔹	艸	14	
蔺	艸	14	
蔻	艸	14	
蔼	艸	14	
蔽	艸	14	
蔾	艸	15	
蔿	艸	15	
蕀	艸	15	
蕁	艸	15	
蕂	艸	15	
蕃	艸	15	
蕄	艸	15	
蕅	艸	15	
蕆	艸	15	
蕇	艸	15	
蕈	艸	15	
蕉	艸	15	
蕊	艸	15	
蕋	艸	15	
蕌	艸	15	
蕍	艸	15	
蕎	艸	15	
蕏	艸	14	
蕐	艸	15	
蕑	艸	15	
蕒	艸	15	
蕓	艸	15	
蕔	艸	15	
蕕	艸	15	
蕖	艸	14	
蕗	艸	16	
蕘	艸	15	
蕙	艸	15	
蕚	艸	15	
蕛	艸	15	
蕜	艸	15	
蕝	艸	15	
蕞	艸	15	
蕟	艸	15	
蕠	艸	15	
蕡	艸	15	
蕢	艸	15	
蕣	艸	15	
蕤	艸	15	
蕥	艸	15	
蕦	艸	15	
蕧	艸	15	
蕨	艸	15	
蕩	艸	15	
蕪	艸	15	
蕫	艸	15	
蕬	艸	15	
蕭	艸	16	
蕮	艸	15	
蕯	艸	14	
蕰	艸	15	
蕱	艸	15	
蕲	艸	15	
蕳	艸	15	
蕴	艸	15	
蕵	艸	15	
蕶	艸	16	
蕷	艸	16	
蕸	艸	15	
蕹	艸	16	
蕺	艸	15	
蕻	艸	16	
蕼	艸	16	
蕽	艸	16	
蕾	艸	16	
蕿	艸	16	
薀	艸	16	
薁	艸	15	
薂	艸	16	
薃	艸	16	
薄	艸	16	
薅	艸	16	
薆	艸	16	
薇	艸	16	
薈	艸	16	
薉	艸	16	
薊	艸	16	
薋	艸	16	
薌	艸	14	
薍	艸	16	
薎	艸	16	
薏	艸	16	
薐	艸	16	
薑	艸	16	
薒	艸	16	
薓	艸	16	
薔	艸	16	
薕	艸	16	
薖	艸	14	
薗	艸	16	
薘	艸	15	
薙	艸	16	
薚	艸	16	
薛	艸	16	
薜	艸	16	
薝	艸	16	
薞	艸	16	
薟	艸	16	
薠	艸	16	
薡	艸	15	
薢	艸	16	
薣	艸	16	
薤	艸	16	
薥	艸	16	
薦	艸	16	
薧	艸	16	
薨	艸	16	
薩	艸	16	
薪	艸	16	
薫	艸	16	
薬	艸	16	
薭	艸	16	
薮	艸	16	
薯	艸	16	
薰	艸	17	
薱	艸	17	
薲	艸	17	
薳	艸	16	
薴	艸	17	
薵	艸	17	
薶	艸	17	
薷	艸	17	
薸	艸	17	
薹	艸	17	
薺	艸	17	
薻	艸	17	
薼	艸	17	
薽	艸	16	
薾	艸	17	
薿	艸	17	
藀	艸	17	
藁	艸	17	
藂	艸	17	
藃	艸	17	
藄	艸	17	
藅	艸	17	
藆	艸	17	
藇	艸	16	
藈	艸	17	
藉	艸	17	
藊	艸	17	
藋	艸	17	
藌	艸	17	
藍	艸	17	
藎	艸	17	
藏	艸	17	
藐	艸	17	
藑	艸	17	
藒	艸	17	
藓	艸	17	
藔	艸	21	
藕	艸	18	
藖	艸	18	
藗	艸	17	
藘	艸	18	
藙	艸	18	
藚	艸	18	
藛	艸	18	
藜	艸	18	
藝	艸	18	
藞	艸	18	
藟	艸	18	
藠	艸	18	
藡	艸	17	
藢	艸	18	
藣	艸	18	
藤	艸	18	
藥	艸	18	
藦	艸	18	
藧	艸	18	
藨	艸	18	
藩	艸	18	
藪	艸	18	
藫	艸	18	
藬	艸	17	
藭	艸	18	
藮	艸	19	
藯	艸	18	
藰	艸	18	
藱	艸	17	
藲	艸	18	
藳	艸	18	
藴	艸	18	
藵	艸	18	
藶	艸	19	
藷	艸	18	
藸	艸	18	
藹	艸	19	
藺	艸	19	
藻	艸	19	
藼	艸	19	
藽	艸	19	
藾	艸	19	
藿	艸	19	
蘀	艸	19	
蘁	艸	19	
蘂	艸	19	
蘃	艸	19	
蘄	艸	19	
蘅	艸	19	
蘆	艸	19	
蘇	艸	19	
蘈	艸	19	
蘉	艸	19	
蘊	艸	19	
蘋	艸	19	
蘌	艸	20	
蘍	艸	19	
蘎	艸	19	
蘏	艸	19	
蘐	艸	19	
蘑	艸	19	
蘒	艸	19	
蘓	艸	19	
蘔	艸	19	
蘕	艸	19	
蘖	艸	20	
蘗	艸	20	
蘘	艸	20	
蘙	艸	20	
蘚	艸	20	
蘛	艸	20	
蘜	艸	20	
蘝	艸	20	
蘞	艸	20	
蘟	艸	19	
蘠	艸	20	
蘡	艸	20	
蘢	艸	19	
蘣	艸	19	
蘤	艸	20	
蘥	艸	20	
蘦	艸	20	
蘧	艸	19	
蘨	艸	20	
蘩	艸	20	
蘪	艸	20	
蘫	艸	20	
蘬	艸	21	
蘭	艸	20	
蘮	艸	20	
蘯	艸	20	
蘰	艸	20	
蘱	艸	22	
蘲	艸	21	
蘳	艸	20	
蘴	艸	21	
蘵	艸	21	
蘶	艸	20	
蘷	艸	21	
蘸	艸	22	
蘹	艸	22	
蘺	艸	21	
蘻	艸	22	
蘼	艸	22	
蘽	艸	22	
蘾	艸	22	
蘿	艸	22	
虀	艸	22	
虁	艸	24	
虂	艸	24	
虃	艸	23	
虄	艸	26	
虅	艸	23	
虆	艸	24	
虇	艸	23	
虈	艸	24	
虉	艸	24	
虊	艸	26	
虋	艸	29	
虌	艸	27	
虍	虍	6	
虎	虍	8	
虏	虍	8	
虐	虍	9	
虑	虍	10	
虒	厂	10	
虓	虍	10	
虔	虍	10	
處	虍	11	
虖	虍	11	
虗	虍	11	
虘	虍	11	
虙	虍	11	
虚	虍	11	
虛	虍	12	
虜	虍	13	
虝	虍	12	
虞	虍	13	
號	虍	13	
虠	虍	14	
虡	虍	13	
虢	虍	15	
虣	虍	16	
虤	虍	16	
虥	虍	16	
虦	虍	16	
虧	虍	17	
虨	虍	17	
虩	虍	18	
虪	虍	26	
虫	虫	6	
虬	虫	7	
虭	虫	8	
虮	虫	8	
虯	虫	8	
虰	虫	8	
虱	虫	8	
虲	虫	8	
虳	虫	9	
虴	虫	9	
虵	虫	9	
虶	虫	9	
虷	虫	9	
虸	虫	9	
虹	虫	9	
虺	虫	9	
虻	虫	9	
虼	虫	9	
虽	虫	9	
虾	虫	9	
虿	虫	9	
蚀	虫	9	
蚁	虫	9	
蚂	虫	9	
蚃	虫	9	
蚄	虫	10	
蚅	虫	10	
蚆	虫	10	
蚇	虫	10	
蚈	虫	10	
蚉	虫	10	
蚊	虫	10	
蚋	虫	10	
蚌	虫	10	
蚍	虫	10	
蚎	虫	10	
蚏	虫	10	
蚐	虫	10	
蚑	虫	10	
蚒	虫	10	
蚓	虫	10	
蚔	虫	10	
蚕	虫	10	
蚖	虫	10	
蚗	虫	10	
蚘	虫	10	
蚙	虫	10	
蚚	虫	10	
蚛	虫	10	
蚜	虫	10	
蚝	虫	10	
蚞	虫	10	
蚟	虫	10	
蚠	虫	10	
蚡	虫	10	
蚢	虫	10	
蚣	虫	10	
蚤	虫	9	
蚥	虫	10	
蚦	虫	10	
蚧	虫	10	
蚨	虫	10	
蚩	虫	10	
蚪	虫	10	
蚫	虫	11	
蚬	虫	10	
蚭	虫	11	
蚮	虫	11	
蚯	虫	11	
蚰	虫	11	
蚱	虫	11	
蚲	虫	11	
蚳	虫	11	
蚴	虫	11	
蚵	虫	11	
蚶	虫	11	
蚷	虫	10	
蚸	虫	11	
蚹	虫	11	
蚺	虫	11	
蚻	虫	11	
蚼	虫	11	
蚽	虫	11	
蚾	虫	11	
蚿	虫	11	
蛀	虫	11	
蛁	虫	11	
蛂	虫	11	
蛃	虫	11	
蛄	虫	11	
蛅	虫	11	
蛆	虫	11	
蛇	虫	11	
蛈	虫	11	
蛉	虫	11	
蛊	虫	11	
蛋	虫	11	
蛌	虫	11	
蛍	虫	11	
蛎	虫	11	
蛏	虫	11	
蛐	虫	12	
蛑	虫	12	
蛒	虫	12	
蛓	虫	12	
蛔	虫	12	
蛕	虫	12	
蛖	虫	13	
蛗	虫	12	
蛘	虫	12	
蛙	虫	12	
蛚	虫	12	
蛛	虫	12	
蛜	虫	12	
蛝	虫	12	
蛞	虫	12	
蛟	虫	12	
蛠	虫	12	
蛡	虫	12	
蛢	虫	12	
蛣	虫	12	
蛤	虫	12	
蛥	虫	12	
蛦	虫	12	
蛧	虫	12	
蛨	虫	12	
蛩	虫	12	
蛪	虫	12	
蛫	虫	12	
蛬	虫	12	
蛭	虫	12	
蛮	虫	12	
蛯	虫	12	
蛰	虫	12	
蛱	虫	12	
蛲	虫	12	
蛳	虫	12	
蛴	虫	12	
蛵	虫	13	
蛶	虫	13	
蛷	虫	13	
蛸	虫	13	
蛹	虫	13	
蛺	虫	13	
蛻	虫	13	
蛼	虫	13	
蛽	虫	13	
蛾	虫	13	
蛿	虫	13	
蜀	虫	13	
蜁	虫	13	
蜂	虫	13	
蜃	虫	13	
蜄	虫	13	
蜅	虫	13	
蜆	虫	13	
蜇	虫	13	
蜈	虫	13	
蜉	虫	13	
蜊	虫	13	
蜋	虫	13	
蜌	虫	13	
蜍	虫	13	
蜎	虫	13	
蜏	虫	13	
蜐	虫	13	
蜑	虫	12	
蜒	虫	12	
蜓	虫	12	
蜔	虫	13	
蜕	虫	13	
蜖	虫	13	
蜗	虫	13	
蜘	虫	14	
蜙	虫	14	
蜚	虫	14	
蜛	虫	14	
蜜	虫	14	
蜝	虫	14	
蜞	虫	14	
蜟	虫	14	
蜠	虫	14	
蜡	虫	14	
蜢	虫	14	
蜣	虫	13	
蜤	虫	14	
蜥	虫	14	
蜦	虫	14	
蜧	虫	14	
蜨	虫	14	
蜩	虫	14	
蜪	虫	14	
蜫	虫	14	
蜬	虫	14	
蜭	虫	14	
蜮	虫	14	
蜯	虫	14	
蜰	虫	14	
蜱	虫	14	
蜲	虫	14	
蜳	虫	14	
蜴	虫	14	
蜵	虫	15	
蜶	虫	14	
蜷	虫	14	
蜸	虫	14	
蜹	虫	13	
蜺	虫	14	
蜻	虫	14	
蜼	虫	14	
蜽	虫	14	
蜾	虫	14	
蜿	虫	14	
蝀	虫	14	
蝁	虫	14	
蝂	虫	14	
蝃	虫	14	
蝄	虫	14	
蝅	虫	14	
蝆	虫	13	
蝇	虫	14	
蝈	虫	14	
蝉	虫	14	
蝊	虫	14	
蝋	虫	14	
蝌	虫	15	
蝍	虫	13	
蝎	虫	15	
蝏	虫	15	
蝐	虫	15	
蝑	虫	15	
蝒	虫	15	
蝓	虫	15	
蝔	虫	15	
蝕	虫	14	
蝖	虫	15	
蝗	虫	15	
蝘	虫	15	
蝙	虫	15	
蝚	虫	15	
蝛	虫	15	
蝜	虫	15	
蝝	虫	15	
蝞	虫	15	
蝟	虫	15	
蝠	虫	15	
蝡	虫	15	
蝢	虫	15	
蝣	虫	15	
蝤	虫	15	
蝥	虫	15	
蝦	虫	15	
蝧	虫	14	
蝨	虫	15	
蝩	虫	15	
蝪	虫	15	
蝫	虫	14	
蝬	虫	15	
蝭	虫	15	
蝮	虫	15	
蝯	虫	15	
蝰	虫	15	
蝱	虫	15	
蝲	虫	15	
蝳	虫	15	
蝴	虫	15	
蝵	虫	15	
蝶	虫	15	
蝷	虫	15	
蝸	虫	14	
蝹	虫	15	
蝺	虫	15	
蝻	虫	15	
蝼	虫	15	
蝽	虫	15	
蝾	虫	15	
蝿	虫	15	
螀	虫	15	
螁	虫	15	
螂	虫	14	
螃	虫	16	
螄	虫	16	
螅	虫	16	
螆	虫	15	
螇	虫	16	
螈	虫	16	
螉	虫	16	
螊	虫	16	
螋	虫	15	
螌	虫	16	
融	虫	16	
螎	虫	16	
螏	虫	16	
螐	虫	16	
螑	虫	16	
螒	虫	16	
螓	虫	16	
螔	虫	16	
螕	虫	16	
螖	虫	15	
螗	虫	16	
螘	虫	16	
螙	虫	16	
螚	虫	16	
螛	虫	16	
螜	虫	16	
螝	虫	15	
螞	虫	16	
螟	虫	16	
螠	虫	16	
螡	虫	16	
螢	虫	16	
螣	虫	16	
螤	虫	16	
螥	虫	16	
螦	虫	16	
螧	虫	16	
螨	虫	16	
螩	虫	16	
螪	虫	17	
螫	虫	17	
螬	虫	17	
螭	虫	16	
螮	虫	17	
螯	虫	16	
螰	虫	17	
螱	虫	17	
螲	虫	17	
螳	虫	17	
螴	虫	16	
螵	虫	17	
螶	虫	16	
螷	虫	17	
螸	虫	17	
螹	虫	17	
螺	虫	17	
螻	虫	17	
螼	虫	17	
螽	虫	17	
螾	虫	17	
螿	虫	17	
蟀	虫	17	
蟁	虫	17	
蟂	虫	17	
蟃	虫	17	
蟄	虫	17	
蟅	虫	17	
蟆	虫	16	
蟇	虫	16	
蟈	虫	17	
蟉	虫	17	
蟊	虫	17	
蟋	虫	17	
蟌	虫	17	
蟍	虫	17	
蟎	虫	17	
蟏	虫	17	
蟐	虫	17	
蟑	虫	17	
蟒	虫	16	
蟓	虫	17	
蟔	虫	18	
蟕	虫	19	
蟖	虫	18	
蟗	虫	18	
蟘	虫	18	
蟙	虫	18	
蟚	虫	18	
蟛	虫	18	
蟜	虫	18	
蟝	虫	17	
蟞	虫	17	
蟟	虫	18	
蟠	虫	18	
蟡	虫	18	
蟢	虫	18	
蟣	虫	18	
蟤	虫	18	
蟥	虫	17	
蟦	虫	18	
蟧	虫	18	
蟨	虫	18	
蟩	虫	18	
蟪	虫	18	
蟫	虫	18	
蟬	虫	18	
蟭	虫	18	
蟮	虫	18	
蟯	虫	18	
蟰	虫	19	
蟱	虫	18	
蟲	虫	18	
蟳	虫	18	
蟴	虫	18	
蟵	虫	18	
蟶	虫	19	
蟷	虫	19	
蟸	虫	19	
蟹	虫	19	
蟺	虫	19	
蟻	虫	19	
蟼	虫	18	
蟽	虫	18	
蟾	虫	19	
蟿	虫	19	
蠀	虫	19	
蠁	虫	17	
蠂	虫	18	
蠃	虫	19	
蠄	虫	18	
蠅	虫	19	
蠆	虫	18	
蠇	虫	18	
蠈	虫	19	
蠉	虫	19	
蠊	虫	19	
蠋	虫	19	
蠌	虫	19	
蠍	虫	19	
蠎	虫	17	
蠏	虫	19	
蠐	虫	20	
蠑	虫	20	
蠒	虫	20	
蠓	虫	19	
蠔	虫	20	
蠕	虫	20	
蠖	虫	19	
蠗	虫	20	
蠘	虫	20	
蠙	虫	20	
蠚	虫	20	
蠛	虫	20	
蠜	虫	21	
蠝	虫	21	
蠞	虫	19	
蠟	虫	21	
蠠	虫	21	
蠡	虫	21	
蠢	虫	21	
蠣	虫	20	
蠤	虫	21	
蠥	虫	22	
蠦	虫	22	
蠧	虫	22	
蠨	虫	22	
蠩	虫	21	
蠪	虫	22	
蠫	虫	21	
蠬	虫	22	
蠭	虫	22	
蠮	虫	23	
蠯	虫	23	
蠰	虫	23	
蠱	虫	23	
蠲	虫	23	
蠳	虫	23	
蠴	虫	22	
蠵	虫	24	
蠶	虫	24	
蠷	虫	24	
蠸	虫	23	
蠹	虫	24	
蠺	虫	24	
蠻	虫	25	
蠼	虫	26	
蠽	虫	27	
蠾	虫	27	
蠿	虫	27	
血	血	6	
衁	血	9	
衂	血	9	
衃	血	10	
衄	血	10	
衅	血	11	
衆	血	12	
衇	血	12	
衈	血	12	
衉	血	12	
衊	血	20	
衋	血	24	
行	行	6	
衍	行	9	
衎	行	9	
衏	行	10	
衐	行	10	
衑	行	11	
衒	行	11	
術	行	11	
衔	行	11	
衕	行	12	
衖	行	12	
街	行	12	
衘	行	13	
衙	行	13	
衚	行	15	
衛	行	15	
衜	行	15	
衝	行	15	
衞	行	16	
衟	行	16	
衠	行	16	
衡	行	16	
衢	行	24	
衣	衣	6	
衤	衣	5	
补	衣	7	
衦	衣	8	
衧	衣	8	
表	衣	8	
衩	衣	8	
衪	衣	8	
衫	衣	8	
衬	衣	8	
衭	衣	9	
衮	衣	10	
衯	衣	9	
衰	衣	10	
衱	衣	8	
衲	衣	9	
衳	衣	9	
衴	衣	9	
衵	衣	9	
衶	衣	9	
衷	衣	10	
衸	衣	9	
衹	衣	9	
衺	衣	10	
衻	衣	9	
衼	衣	9	
衽	衣	9	
衾	衣	10	
衿	衣	9	
袀	衣	9	
袁	衣	10	
袂	衣	9	
袃	衣	10	
袄	衣	9	
袅	衣	10	
袆	衣	9	
袇	衣	9	
袈	衣	11	
袉	衣	10	
袊	衣	10	
袋	衣	11	
袌	衣	11	
袍	衣	10	
袎	衣	10	
袏	衣	10	
袐	衣	10	
袑	衣	10	
袒	衣	10	
袓	衣	10	
袔	衣	10	
袕	衣	10	
袖	衣	10	
袗	衣	10	
袘	衣	10	
袙	衣	10	
袚	衣	10	
袛	衣	10	
袜	衣	10	
袝	衣	10	
袞	衣	11	
袟	衣	10	
袠	衣	11	
袡	衣	10	
袢	衣	10	
袣	衣	10	
袤	衣	11	
袥	衣	10	
袦	衣	10	
袧	衣	10	
袨	衣	10	
袩	衣	10	
袪	衣	10	
被	衣	10	
袬	衣	11	
袭	衣	11	
袮	衣	10	
袯	衣	10	
袰	衣	11	
袱	衣	11	
袲	衣	12	
袳	衣	11	
袴	衣	11	
袵	衣	11	
袶	衣	11	
袷	衣	11	
袸	衣	11	
袹	衣	11	
袺	衣	11	
袻	衣	11	
袼	衣	11	
袽	衣	11	
袾	衣	11	
袿	衣	11	
裀	衣	11	
裁	衣	12	
裂	衣	12	
裃	衣	11	
裄	衣	11	
装	衣	12	
裆	衣	11	
裇	衣	12	
裈	衣	11	
裉	衣	11	
裊	衣	13	
裋	衣	12	
裌	衣	12	
裍	衣	12	
裎	衣	12	
裏	衣	13	
裐	衣	12	
裑	衣	12	
裒	衣	12	
裓	衣	12	
裔	衣	13	
裕	衣	12	
裖	衣	12	
裗	衣	12	
裘	衣	13	
裙	衣	12	
裚	衣	13	
裛	衣	13	
補	衣	12	
裝	衣	13	
裞	衣	12	
裟	衣	13	
裠	衣	13	
裡	衣	12	
裢	衣	12	
裣	衣	12	
裤	衣	12	
裥	衣	12	
裦	衣	14	
裧	衣	13	
裨	衣	13	
裩	衣	13	
裪	衣	13	
裫	衣	14	
裬	衣	13	
裭	衣	13	
裮	衣	13	
裯	衣	13	
裰	衣	13	
裱	衣	13	
裲	衣	13	
裳	衣	14	
裴	衣	14	
裵	衣	14	
裶	衣	13	
裷	衣	13	
裸	衣	13	
裹	衣	14	
裺	衣	13	
裻	衣	14	
裼	衣	13	
製	衣	14	
裾	衣	13	
裿	衣	13	
褀	衣	13	
褁	衣	12	
褂	衣	13	
褃	衣	13	
褄	衣	13	
褅	衣	14	
褆	衣	14	
複	衣	14	
褈	衣	14	
褉	衣	14	
褊	衣	14	
褋	衣	14	
褌	衣	14	
褍	衣	14	
褎	衣	14	
褏	衣	14	
褐	衣	14	
褑	衣	14	
褒	衣	15	
褓	衣	14	
褔	衣	14	
褕	衣	14	
褖	衣	14	
褗	衣	14	
褘	衣	14	
褙	衣	14	
褚	衣	13	
褛	衣	14	
褜	衣	15	
褝	衣	14	
褞	衣	14	
褟	衣	15	
褠	衣	15	
褡	衣	14	
褢	衣	15	
褣	衣	15	
褤	衣	15	
褥	衣	15	
褦	衣	15	
褧	衣	16	
褨	衣	14	
褩	衣	16	
褪	衣	14	
褫	衣	15	
褬	衣	15	
褭	衣	16	
褮	衣	16	
褯	衣	15	
褰	衣	16	
褱	衣	16	
褲	衣	15	
褳	衣	15	
褴	衣	15	
褵	衣	15	
褶	衣	16	
褷	衣	16	
褸	衣	16	
褹	衣	16	
褺	衣	17	
褻	衣	17	
褼	衣	17	
褽	衣	17	
褾	衣	16	
褿	衣	16	
襀	衣	16	
襁	衣	17	
襂	衣	16	
襃	衣	16	
襄	衣	17	
襅	衣	15	
襆	衣	17	
襇	衣	17	
襈	衣	17	
襉	衣	17	
襊	衣	17	
襋	衣	17	
襌	衣	17	
襍	衣	17	
襎	衣	17	
襏	衣	17	
襐	衣	16	
襑	衣	17	
襒	衣	16	
襓	衣	17	
襔	衣	16	
襕	衣	17	
襖	衣	17	
襗	衣	18	
襘	衣	18	
襙	衣	18	
襚	衣	17	
襛	衣	18	
襜	衣	18	
襝	衣	18	
襞	衣	19	
襟	衣	18	
襠	衣	18	
襡	衣	18	
襢	衣	18	
襣	衣	19	
襤	衣	19	
襥	衣	19	
襦	衣	19	
襧	衣	19	
襨	衣	20	
襩	衣	20	
襪	衣	19	
襫	衣	20	
襬	衣	20	
襭	衣	20	
襮	衣	20	
襯	衣	21	
襰	衣	21	
襱	衣	21	
襲	衣	22	
襳	衣	22	
襴	衣	22	
襵	衣	23	
襶	衣	22	
襷	衣	22	
襸	衣	24	
襹	衣	24	
襺	衣	23	
襻	衣	24	
襼	衣	23	
襽	衣	25	
襾	襾	6	
西	襾	6	
覀	襾	6	
要	襾	9	
覂	襾	10	
覃	襾	12	
覄	襾	12	
覅	襾	13	
覆	襾	18	
覇	襾	19	
覈	襾	19	
覉	襾	23	
覊	襾	25	
見	見	7	
覌	見	9	
覍	見	10	
覎	見	10	
規	見	11	
覐	見	11	
覑	見	11	
覒	見	11	
覓	見	11	
覔	見	11	
覕	見	12	
視	示	11	
覗	見	12	
覘	見	12	
覙	見	12	
覚	見	12	
覛	見	13	
覜	見	13	
覝	見	14	
覞	見	14	
覟	見	14	
覠	見	14	
覡	見	14	
覢	見	15	
覣	見	15	
覤	見	15	
覥	見	15	
覦	見	16	
覧	見	16	
覨	見	16	
覩	見	15	
親	見	16	
覫	見	17	
覬	見	17	
覭	見	17	
覮	見	17	
覯	見	17	
覰	見	18	
覱	見	18	
覲	見	18	
観	見	18	
覴	見	19	
覵	見	19	
覶	見	19	
覷	見	18	
覸	見	19	
覹	見	20	
覺	見	20	
覻	見	20	
覼	見	21	
覽	見	21	
覾	見	22	
覿	見	22	
觀	見	24	
见		4	
观		6	
觃		7	
规		8	
觅		8	
视	示	8	
觇		9	
览		9	
觉		9	
觊		10	
觋		11	
觌		12	
觍		12	
觎		13	
觏		14	
觐		15	
觑		15	
角	角	7	
觓	角	9	
觔	角	9	
觕	角	11	
觖	角	11	
觗	角	11	
觘	角	11	
觙	角	10	
觚	角	12	
觛	角	12	
觜	角	13	
觝	角	12	
觞	角	12	
觟	角	13	
觠	角	13	
觡	角	13	
觢	角	13	
解	角	13	
觤	角	13	
觥	角	13	
触	角	13	
觧	角	13	
觨	角	14	
觩	角	14	
觪	角	14	
觫	角	14	
觬	角	15	
觭	角	15	
觮	角	15	
觯	角	15	
觰	角	15	
觱	角	16	
觲	角	17	
觳	角	17	
觴	角	18	
觵	角	18	
觶	角	19	
觷	角	20	
觸	角	20	
觹	角	19	
觺	角	21	
觻	角	22	
觼	角	21	
觽	角	22	
觾	角	23	
觿	角	25	
言	言	7	
訁	言	7	
訂	言	9	
訃	言	9	
訄	言	9	
訅	言	9	
訆	言	9	
訇	言	9	
計	言	9	
訉	言	10	
訊	言	10	
訋	言	10	
訌	言	10	
訍	言	10	
討	言	10	
訏	言	10	
訐	言	10	
訑	言	10	
訒	言	10	
訓	言	10	
訔	言	10	
訕	言	10	
訖	言	10	
託	言	10	
記	言	10	
訙	言	10	
訚	言	10	
訛	言	11	
訜	言	11	
訝	言	11	
訞	言	11	
訟	言	11	
訠	言	11	
訡	言	11	
訢	言	11	
訣	言	11	
訤	言	11	
訥	言	11	
訦	言	11	
訧	言	11	
訨	言	11	
訩	言	11	
訪	言	11	
訫	言	11	
訬	言	11	
設	言	11	
訮	言	11	
訯	言	10	
訰	言	11	
許	言	11	
訲	言	11	
訳	言	11	
訴	言	12	
訵	言	12	
訶	言	12	
訷	言	12	
訸	言	12	
訹	言	12	
診	言	12	
註	言	12	
証	言	12	
訽	言	12	
訾	言	13	
訿	言	13	
詀	言	12	
詁	言	12	
詂	言	12	
詃	言	12	
詄	言	12	
詅	言	12	
詆	言	12	
詇	言	12	
詈	言	12	
詉	言	12	
詊	言	12	
詋	言	12	
詌	言	12	
詍	言	12	
詎	言	11	
詏	言	12	
詐	言	12	
詑	言	12	
詒	言	12	
詓	言	12	
詔	言	12	
評	言	12	
詖	言	12	
詗	言	12	
詘	言	12	
詙	言	12	
詚	言	12	
詛	言	12	
詜	言	12	
詝	言	12	
詞	言	12	
詟	言	12	
詠	言	12	
詡	言	13	
詢	言	13	
詣	言	13	
詤	言	13	
詥	言	13	
試	言	13	
詧	言	13	
詨	言	13	
詩	言	13	
詪	言	13	
詫	言	13	
詬	言	13	
詭	言	13	
詮	言	13	
詯	言	13	
詰	言	13	
話	言	13	言舌
該	言	13	
詳	言	13	
詴	言	13	
詵	言	13	
詶	言	13	
詷	言	13	
詸	言	13	
詹	言	13	
詺	言	13	
詻	言	13	
詼	言	13	
詽	言	13	
詾	言	13	
詿	言	13	
誀	言	13	
誁	言	13	
誂	言	13	
誃	言	13	
誄	言	13	
誅	言	13	
誆	言	13	
誇	言	13	
誈	言	13	
誉	言	13	
誊	言	13	
誋	言	14	
誌	言	14	
認	言	14	
誎	言	14	
誏	言	14	
誐	言	14	
誑	言	14	
誒	言	14	
誓	言	14	
誔	言	13	
誕	言	13	
誖	言	14	
誗	言	14	
誘	言	14	
誙	言	14	
誚	言	14	
誛	言	14	
誜	言	14	
誝	言	14	
語	言	14	言吾
誟	言	14	
誠	言	13	
誡	言	14	
誢	言	14	
誣	言	14	
誤	言	14	
誥	言	14	
誦	言	14	
誧	言	14	
誨	言	14	
誩	言	14	
說	言	14	
誫	言	14	
説	言	14	言兑
読	言	14	言売
誮	言	14	
誯	言	15	
誰	言	15	
誱	言	15	
課	言	15	
誳	言	15	
誴	言	15	
誵	言	15	
誶	言	15	
誷	言	15	
誸	言	15	
誹	言	15	
誺	言	15	
誻	言	15	
誼	言	15	
誽	言	15	
誾	言	15	
調	言	15	
諀	言	15	
諁	言	15	
諂	言	15	
諃	言	15	
諄	言	15	
諅	言	15	
諆	言	15	
談	言	15	
諈	言	15	
諉	言	15	
諊	言	15	
請	言	15	
諌	言	15	
諍	言	13	
諎	言	15	
諏	言	15	
諐	言	15	
諑	言	15	
諒	言	15	
諓	言	15	
諔	言	15	
諕	言	15	
論	言	15	
諗	言	15	
諘	言	15	
諙	言	15	
諚	言	15	
諛	言	15	
諜	言	16	
諝	言	16	
諞	言	16	
諟	言	16	
諠	言	16	
諡	言	16	
諢	言	16	
諣	言	15	
諤	言	16	
諥	言	16	
諦	言	16	
諧	言	16	
諨	言	16	
諩	言	15	
諪	言	16	
諫	言	16	
諬	言	16	
諭	言	16	
諮	言	16	
諯	言	16	
諰	言	16	
諱	言	16	
諲	言	16	
諳	言	16	
諴	言	16	
諵	言	16	
諶	言	16	
諷	言	16	
諸	言	15	
諹	言	16	
諺	言	16	
諻	言	16	
諼	言	16	
諽	言	16	
諾	言	15	
諿	言	16	
謀	言	16	
謁	言	16	
謂	言	16	
謃	言	16	
謄	言	17	
謅	言	17	
謆	言	17	
謇	言	17	
謈	言	17	
謉	言	16	
謊	言	16	
謋	言	17	
謌	言	17	
謍	言	17	
謎	言	16	
謏	言	16	
謐	言	17	
謑	言	17	
謒	言	17	
謓	言	17	
謔	言	16	
謕	言	17	
謖	言	17	
謗	言	17	
謘	言	17	
謙	言	17	
謚	言	17	
講	言	17	
謜	言	17	
謝	言	17	
謞	言	17	
謟	言	17	
謠	言	17	
謡	言	17	
謢	言	17	
謣	言	18	
謤	言	18	
謥	言	18	
謦	言	18	
謧	言	17	
謨	言	17	
謩	言	17	
謪	言	18	
謫	言	18	
謬	言	18	
謭	言	18	
謮	言	18	
謯	言	18	
謰	言	17	
謱	言	18	
謲	言	18	
謳	言	18	
謴	言	18	
謵	言	18	
謶	言	18	
謷	言	17	
謸	言	17	
謹	言	18	
謺	言	18	
謻	言	18	
謼	言	18	
謽	言	19	
謾	言	18	
謿	言	19	
譀	言	18	
譁	言	17	
譂	言	19	
譃	言	18	
譄	言	19	
譅	言	21	
譆	言	19	
譇	言	18	
譈	言	19	
證	言	19	
譊	言	19	
譋	言	19	
譌	言	19	
譍	言	20	
譎	言	19	
譏	言	19	
譐	言	19	
譑	言	19	
譒	言	19	
譓	言	19	
譔	言	19	
譕	言	19	
譖	言	19	
譗	言	19	
識	言	19	
譙	言	19	
譚	言	19	
譛	言	19	
譜	言	19	
譝	言	20	
譞	言	20	
譟	言	20	
譠	言	20	
譡	言	20	
譢	言	19	
譣	言	20	
譤	言	20	
譥	言	20	
警	言	19	
譧	言	20	
譨	言	20	
譩	言	20	
譪	言	19	
譫	言	20	
譬	言	20	
譭	言	20	
譮	言	20	
譯	言	20	
議	言	20	
譱	言	20	
譲	言	20	
譳	言	21	
譴	言	20	
譵	言	21	
譶	言	21	
護	言	20	
譸	言	21	
譹	言	21	
譺	言	21	
譻	言	21	
譼	言	21	
譽	言	20	
譾	言	22	
譿	言	22	
讀	言	22	
讁	言	21	
讂	言	21	
讃	言	22	
讄	言	22	
讅	言	22	
讆	言	22	
讇	言	23	
讈	言	23	
讉	言	22	
變	言	23	
讋	言	23	
讌	言	23	
讍	言	23	
讎	言	23	
讏	言	23	
讐	言	23	
讑	言	24	
讒	言	24	
讓	言	24	
讔	言	23	
讕	言	24	
讖	言	24	
讗	言	25	
讘	言	25	
讙	言	24	
讚	言	26	
讛	言	25	
讜	言	27	
讝	言	26	
讞	言	27	
讟	言	29	
讠		2	
计		4	
订		4	
讣		4	
认		4	
讥		4	
讦		5	
讧		5	
讨		5	
让		5	
讪		5	
讫		5	
讬		5	
训		5	
议		5	
讯		5	
记		5	
讱		5	
讲		6	
讳		6	
讴		6	
讵		6	
讶		6	
讷		6	
许		6	
讹		6	
论		6	
讻		6	
讼		6	
讽		6	
设		6	
访		6	
诀		6	
证		7	
诂		7	
诃		7	
评		7	
诅		7	
识		7	
诇		7	
诈		7	
诉		7	
诊		7	
诋		7	
诌		7	
词		7	
诎		7	
诏		7	
诐		7	
译		7	
诒		7	
诓		8	
诔		8	
试		8	
诖		8	
诗		8	
诘		8	
诙		8	
诚		8	
诛		8	
诜		8	
话		8	
诞		8	
诟		8	
诠		8	
诡		8	
询		8	
诣		8	
诤		8	
该		8	
详		8	
诧		8	
诨		8	
诩		8	
诪		9	
诫		9	
诬		9	
语		9	
诮		9	
误		9	
诰		9	
诱		9	
诲		9	
诳		9	
说		9	
诵		9	
诶		9	
请		10	
诸		10	
诹		10	
诺		10	
读		10	
诼		10	
诽		10	
课		10	
诿		10	
谀		10	
谁		10	
谂		10	
调		10	
谄		10	
谅		10	
谆		10	
谇		10	
谈		10	
谉		10	
谊		10	
谋		11	
谌		11	
谍		11	
谎		11	
谏		11	
谐		11	
谑		11	
谒		11	
谓		11	
谔		11	
谕		11	
谖		11	
谗		11	
谘		11	
谙		11	
谚		11	
谛		11	
谜		11	
谝		11	
谞		11	
谟		12	
谠		12	
谡		12	
谢		12	
谣		12	
谤		12	
谥		12	
谦		12	
谧		12	
谨		13	
谩		13	
谪		13	
谫		13	
谬		13	
谭		14	
谮		14	
谯		14	
谰		14	
谱		14	
谲		14	
谳		15	
谴		15	
谵		15	
谶		19	
谷	谷	7	
谸	谷	10	
谹	谷	11	
谺	谷	11	
谻	谷	11	
谼	谷	13	
谽	谷	14	
谾	谷	15	
谿	谷	17	
豀	谷	17	
豁	谷	17	
豂	谷	18	
豃	谷	18	
豄	谷	22	
豅	谷	23	
豆	豆	7	
豇	豆	10	
豈	豆	10	
豉	豆	11	
豊	豆	13	
豋	豆	13	
豌	豆	15	
豍	豆	15	
豎	豆	15	
豏	豆	17	
豐	豆	18	
豑	豆	20	
豒	豆	25	
豓	豆	27	
豔	豆	28	
豕	豕	7	
豖	豕	8	
豗	豕	10	
豘	豕	11	
豙	豕	11	
豚	豕	11	
豛	豕	11	
豜	豕	11	
豝	豕	11	
豞	豕	12	
豟	豕	12	
豠	豕	12	
象	豕	11	
豢	豕	13	
豣	豕	13	
豤	豕	13	
豥	豕	13	
豦	豕	13	
豧	豕	14	
豨	豕	14	
豩	豕	14	
豪	豕	14	
豫	豕	15	
豬	豕	15	
豭	豕	16	
豮	豕	16	
豯	豕	17	
豰	豕	17	
豱	豕	16	
豲	豕	17	
豳	豕	17	
豴	豕	18	
豵	豕	18	
豶	豕	19	
豷	豕	19	
豸	豸	7	
豹	豸	10	
豺	豸	10	
豻	豸	10	
豼	豸	11	
豽	豸	11	
豾	豸	12	
豿	豸	12	
貀	豸	12	
貁	豸	12	
貂	豸	12	
貃	豸	12	
貄	豸	13	
貅	豸	13	
貆	豸	13	
貇	豸	13	
貈	豸	13	
貉	豸	13	
貊	豸	13	
貋	豸	14	
貌	豸	14	
貍	豸	14	
貎	豸	15	
貏	豸	15	
貐	豸	16	
貑	豸	16	
貒	豸	16	
貓	豸	15	
貔	豸	17	
貕	豸	17	
貖	豸	17	
貗	豸	18	
貘	豸	17	
貙	豸	18	
貚	豸	19	
貛	豸	24	
貜	豸	27	
貝	貝	7	
貞	貝	9	
貟	貝	9	
負	貝	9	
財	貝	10	
貢	貝	10	
貣	貝	10	
貤	貝	10	
貥	貝	11	
貦	貝	11	
貧	貝	11	
貨	貝	11	
販	貝	11	
貪	貝	11	
貫	貝	11	
責	貝	11	
貭	貝	11	
貮	貝	11	
貯	貝	12	
貰	貝	12	
貱	貝	12	
貲	貝	13	
貳	貝	12	
貴	貝	12	
貵	貝	12	
貶	貝	11	
買	貝	12	
貸	貝	12	
貹	貝	12	
貺	貝	12	
費	貝	12	
貼	貝	12	
貽	貝	12	
貾	貝	12	
貿	貝	12	
賀	貝	12	
賁	貝	12	
賂	貝	13	
賃	貝	13	
賄	貝	13	
賅	貝	13	
賆	貝	13	
資	貝	13	
賈	貝	13	
賉	貝	13	
賊	貝	13	
賋	貝	13	
賌	貝	13	
賍	貝	13	
賎	貝	13	
賏	貝	14	
賐	貝	14	
賑	貝	14	
賒	貝	14	
賓	貝	14	
賔	貝	14	
賕	貝	14	
賖	貝	14	
賗	貝	14	
賘	貝	14	
賙	貝	15	
賚	貝	15	
賛	貝	15	
賜	貝	15	
賝	貝	15	
賞	貝	15	
賟	貝	15	
賠	貝	15	
賡	貝	15	
賢	貝	15	
賣	貝	15	
賤	貝	15	
賥	貝	15	
賦	貝	15	
賧	貝	15	
賨	貝	15	
賩	貝	15	
質	貝	15	
賫	貝	15	
賬	貝	15	
賭	貝	15	
賮	貝	16	
賯	貝	16	
賰	貝	16	
賱	貝	16	
賲	貝	16	
賳	貝	16	
賴	貝	16	
賵	貝	16	
賶	貝	17	
賷	貝	17	
賸	貝	17	
賹	貝	17	
賺	貝	17	
賻	貝	17	
購	貝	17	
賽	貝	17	
賾	貝	18	
賿	貝	18	
贀	貝	18	
贁	攴	18	
贂	貝	18	
贃	貝	18	
贄	貝	18	
贅	貝	17	
贆	貝	19	
贇	貝	19	
贈	貝	19	
贉	貝	19	
贊	貝	19	
贋	貝	19	
贌	貝	19	
贍	貝	20	
贎	貝	19	
贏	貝	20	
贐	貝	21	
贑	貝	21	
贒	貝	21	
贓	貝	21	
贔	貝	21	
贕	貝	22	
贖	貝	22	
贗	貝	22	
贘	貝	22	
贙	貝	23	
贚	貝	23	
贛	貝	24	
贜	貝	24	
贝		4	
贞		6	
负		6	
贠		6	
贡		7	
财		7	
责		8	
贤		8	
败		8	
账		8	
货		8	
质		8	
贩		8	
贪		8	
贫		8	
贬		8	
购		8	
贮		8	
贯		8	
贰		9	
贱		9	
贲		9	
贳		9	
贴		9	
贵		9	
贶		9	
贷		9	
贸		9	
费		9	
贺		9	
贻		9	
贼		10	
贽		10	
贾		10	
贿		10	
赀		10	
赁		10	
赂		10	
赃		10	
资		10	
赅		10	
赆		10	
赇		11	
赈		11	
赉		11	
赊		11	
赋		12	
赌		12	
赍		12	
赎		12	
赏		12	
赐		12	
赑		12	
赒		12	
赓		12	
赔		12	
赕		12	
赖		13	
赗		13	
赘		14	
赙		14	
赚		14	
赛		14	
赜		15	
赝		16	
赞		16	
赟		16	
赠		16	
赡		17	
赢		17	
赣		21	
赤	赤	7	
赥	赤	11	
赦	赤	11	
赧	赤	11	
赨	赤	13	
赩	赤	13	
赪	赤	13	
赫	赤	14	
赬	赤	16	
赭	赤	15	
赮	赤	16	
赯	赤	17	
走	走	7	
赱	走	6	
赲	走	9	
赳	走	9	
赴	走	9	
赵	走	9	
赶	走	10	
起	走	10	
赸	走	10	
赹	走	11	
赺	走	11	
赻	走	11	
赼	走	11	
赽	走	11	
赾	走	11	
赿	走	11	
趀	走	11	
趁	走	12	
趂	走	12	
趃	走	12	
趄	走	12	
超	走	12	
趆	走	12	
趇	走	12	
趈	走	12	
趉	走	12	
越	走	12	
趋	走	12	
趌	走	13	
趍	走	13	
趎	走	13	
趏	走	13	
趐	走	13	
趑	走	13	
趒	走	13	
趓	走	13	
趔	走	13	
趕	走	14	
趖	走	14	
趗	走	14	
趘	走	14	
趙	走	14	
趚	走	14	
趛	走	15	
趜	走	15	
趝	走	15	
趞	走	15	
趟	走	15	
趠	走	15	
趡	走	15	
趢	走	15	
趣	走	15	
趤	走	15	
趥	走	16	
趦	走	16	
趧	走	16	
趨	走	17	
趩	走	18	
趪	走	18	
趫	走	19	
趬	走	19	
趭	走	19	
趮	走	20	
趯	走	21	
趰	走	21	
趱	走	23	
趲	走	26	
足	足	7	
趴	足	9	
趵	足	10	
趶	足	10	
趷	足	10	
趸	足	10	
趹	足	11	
趺	足	11	
趻	足	11	
趼	足	11	
趽	足	11	
趾	足	11	
趿	足	10	
跀	足	11	
跁	足	11	
跂	足	11	
跃	足	11	
跄	足	11	
跅	足	12	
跆	足	12	
跇	足	12	
跈	足	12	
跉	足	12	
跊	足	12	
跋	足	12	
跌	足	12	
跍	足	12	
跎	足	12	
跏	足	12	
跐	足	13	
跑	足	12	
跒	足	12	
跓	足	12	
跔	足	12	
跕	足	12	
跖	足	12	
跗	足	12	
跘	足	12	
跙	足	12	
跚	足	12	
跛	足	12	
跜	足	12	
距	足	11	
跞	足	12	
跟	足	13	
跠	足	13	
跡	足	13	
跢	足	13	
跣	足	13	
跤	足	13	
跥	足	13	
跦	足	13	
跧	足	13	
跨	足	13	
跩	足	13	
跪	足	13	
跫	足	13	
跬	足	13	
跭	足	13	
跮	足	13	
路	足	13	
跰	足	13	
跱	足	13	
跲	足	13	
跳	足	13	
跴	足	13	
践	足	12	
跶	足	13	
跷	足	13	
跸	足	13	
跹	足	13	
跺	足	13	
跻	足	13	
跼	足	14	
跽	足	14	
跾	足	14	
跿	足	14	
踀	足	14	
踁	足	14	
踂	足	14	
踃	足	14	
踄	足	14	
踅	足	14	
踆	足	14	
踇	足	14	
踈	足	14	
踉	足	14	
踊	足	14	
踋	足	14	
踌	足	14	
踍	足	14	
踎	足	14	
踏	足	15	
踐	足	15	
踑	足	15	
踒	足	15	
踓	足	15	
踔	足	15	
踕	足	15	
踖	足	15	
踗	足	15	
踘	足	15	
踙	足	15	
踚	足	15	
踛	足	15	
踜	足	15	
踝	足	15	
踞	足	15	
踟	足	15	
踠	足	15	
踡	足	15	
踢	足	15	
踣	足	15	
踤	足	15	
踥	足	15	
踦	足	15	
踧	足	15	
踨	足	15	
踩	足	15	
踪	足	15	
踫	足	15	
踬	足	15	
踭	足	13	
踮	足	15	
踯	足	15	
踰	足	16	
踱	足	16	
踲	足	16	
踳	足	16	
踴	足	16	
踵	足	16	
踶	足	16	
踷	足	15	
踸	足	16	
踹	足	16	
踺	足	15	
踻	足	15	
踼	足	16	
踽	足	16	
踾	足	16	
踿	足	16	
蹀	足	16	
蹁	足	16	
蹂	足	16	
蹃	足	15	
蹄	足	16	
蹅	足	16	
蹆	足	16	
蹇	足	17	
蹈	足	17	
蹉	足	16	
蹊	足	17	
蹋	足	17	
蹌	足	17	
蹍	足	17	
蹎	足	17	
蹏	足	17	
蹐	足	17	
蹑	足	17	
蹒	足	17	
蹓	足	17	
蹔	足	18	
蹕	足	17	
蹖	足	18	
蹗	足	18	
蹘	足	18	
蹙	足	18	
蹚	足	18	
蹛	足	18	
蹜	足	18	
蹝	足	18	
蹞	足	18	
蹟	足	18	
蹠	足	18	
蹡	足	18	
蹢	足	18	
蹣	足	18	
蹤	足	18	
蹥	足	17	
蹦	足	18	
蹧	足	18	
蹨	足	19	
蹩	足	18	
蹪	足	19	
蹫	足	19	
蹬	足	19	
蹭	足	19	
蹮	足	19	
蹯	足	19	
蹰	足	19	
蹱	足	19	
蹲	足	19	
蹳	足	19	
蹴	足	19	
蹵	足	19	
蹶	足	19	
蹷	足	19	
蹸	足	19	
蹹	足	19	
蹺	足	19	
蹻	足	19	
蹼	足	19	
蹽	足	19	
蹾	足	19	
蹿	足	19	
躀	足	18	
躁	足	20	
躂	足	19	
躃	足	20	
躄	足	20	
躅	足	20	
躆	足	20	
躇	足	18	
躈	足	20	
躉	足	19	
躊	足	21	
躋	足	21	
躌	足	21	
躍	足	21	
躎	足	21	
躏	足	21	
躐	足	22	
躑	足	21	
躒	足	22	
躓	足	22	
躔	足	22	
躕	足	22	
躖	足	22	
躗	足	22	
躘	足	23	
躙	足	23	
躚	足	22	
躛	足	23	
躜	足	23	
躝	足	24	
躞	足	24	
躟	足	24	
躠	足	23	
躡	足	25	
躢	足	25	
躣	足	25	
躤	足	24	
躥	足	25	
躦	足	26	
躧	足	26	
躨	足	28	
躩	足	27	
躪	足	26	
身	身	7	
躬	身	10	
躭	身	11	
躮	身	11	
躯	身	11	
躰	身	12	
躱	身	13	
躲	身	13	
躳	身	13	
躴	身	14	
躵	身	14	
躶	身	15	
躷	身	15	
躸	身	15	
躹	身	15	
躺	身	15	
躻	身	15	
躼	身	15	
躽	身	16	
躾	身	16	
躿	身	18	
軀	身	18	
軁	身	18	
軂	身	19	
軃	身	19	
軄	身	19	
軅	身	19	
軆	身	20	
軇	身	21	
軈	身	24	
軉	身	27	
車	車	7	
軋	車	8	
軌	車	9	
軍	車	9	
軎	車	10	
軏	車	10	
軐	車	10	
軑	車	10	
軒	車	10	
軓	車	10	
軔	車	10	
軕	車	10	
軖	車	11	
軗	車	11	
軘	車	11	
軙	車	11	
軚	車	11	
軛	車	11	
軜	車	11	
軝	車	11	
軞	車	11	
軟	車	11	
軠	車	11	
軡	車	11	
転	車	11	
軣	車	11	
軤	車	12	
軥	車	12	
軦	車	12	
軧	車	12	
軨	車	12	
軩	車	12	
軪	車	12	
軫	車	12	
軬	車	12	
軭	車	13	
軮	車	12	
軯	車	12	
軰	車	12	
軱	車	12	
軲	車	12	
軳	車	12	
軴	車	12	
軵	車	12	
軶	車	12	
軷	車	12	
軸	車	12	
軹	車	12	
軺	車	12	
軻	車	12	
軼	車	12	
軽	車	12	
軾	車	13	
軿	車	13	
輀	車	13	
輁	車	13	
輂	車	13	
較	車	13	
輄	車	13	
輅	車	13	
輆	車	13	
輇	車	13	
輈	車	13	
載	車	13	
輊	車	13	
輋	車	13	
輌	車	13	
輍	車	14	
輎	車	14	
輏	車	14	
輐	車	14	
輑	車	14	
輒	車	14	
輓	車	14	
輔	車	14	
輕	車	14	
輖	車	15	
輗	車	15	
輘	車	15	
輙	車	15	
輚	車	15	
輛	車	15	
輜	車	15	
輝	車	15	
輞	車	15	
輟	車	15	
輠	車	15	
輡	車	15	
輢	車	15	
輣	車	15	
輤	車	15	
輥	車	15	
輦	車	15	
輧	車	15	
輨	車	15	
輩	車	15	
輪	車	15	
輫	車	15	
輬	車	15	
輭	車	16	
輮	車	16	
輯	車	16	
輰	車	16	
輱	車	16	
輲	車	16	
輳	車	16	
輴	車	16	
輵	車	16	
輶	車	16	
輷	車	16	
輸	車	16	
輹	車	16	
輺	車	16	
輻	車	16	
輼	車	16	
輽	車	17	
輾	車	17	
輿	車	17	
轀	車	17	
轁	車	17	
轂	車	17	
轃	車	17	
轄	車	17	
轅	車	17	
轆	車	18	
轇	車	18	
轈	車	18	
轉	車	18	
轊	車	18	
轋	車	17	
轌	車	18	
轍	車	19	
轎	車	19	
轏	車	19	
轐	車	19	
轑	車	19	
轒	車	19	
轓	車	19	
轔	車	19	
轕	車	19	
轖	車	20	
轗	車	20	
轘	車	20	
轙	車	20	
轚	車	20	
轛	車	21	
轜	車	21	
轝	車	20	
轞	車	21	
轟	車	21	
轠	車	22	
轡	車	22	
轢	車	22	
轣	車	23	
轤	車	23	
轥	車	26	
车		4	
轧		5	
轨		6	
轩		7	
轪		7	
轫		7	
转		8	
轭		8	
轮		8	
软		8	
轰		8	
轱		9	
轲		9	
轳		9	
轴		9	
轵		9	
轶		9	
轷		9	
轸		9	
轹		9	
轺		9	
轻		9	
轼		10	
载		10	
轾		10	
轿		10	
辀		10	
辁		10	
辂		10	
较		10	
辄		11	
辅		11	
辆		11	
辇		12	
辈		12	
辉		12	
辊		12	
辋		12	
辌		12	
辍		12	
辎		12	
辏		13	
辐		13	
辑		13	
辒		13	
输		13	
辔		13	
辕		14	
辖		14	
辗		14	
辘		15	
辙		16	
辚		16	
辛	辛	7	
辜	辛	12	
辝	辛	12	
辞	辛	13	
辟	辛	13	
辠	辛	13	
辡	辛	14	
辢	辛	14	
辣	辛	14	
辤	辛	15	
辥	辛	16	
辦	辛	16	
辧	辛	16	
辨	辛	16	
辩	辛	16	
辪	辛	16	
辫	辛	17	
辬	辛	18	
辭	辛	19	
辮	辛	20	
辯	辛	21	
辰	辰	7	
辱	辰	10	
農	辰	13	
辳	辰	15	
辴	辰	19	
辵	辵	7	
辶	辵	3	
辷	辵	4	
辸	辵	5	
边	辵	5	
辺	辵	5	
辻	辵	5	
込	辵	5	
辽	辵	5	
达	辵	6	
辿	辵	6	
迀	辵	6	
迁	辵	6	
迂	辵	6	
迃	辵	6	
迄	辵	6	
迅	辵	6	
迆	辵	6	
过	辵	6	
迈	辵	6	
迉	辵	6	
迊	辵	7	
迋	辵	7	
迌	辵	7	
迍	辵	7	
迎	辵	7	
迏	辵	7	
运	辵	7	
近	辵	7	
迒	辵	7	
迓	辵	7	
返	辵	7	
迕	辵	7	
迖	辵	7	
迗	辵	7	
还	辵	7	
这	辵	7	
迚	辵	7	
进	辵	7	
远	辵	7	
违	辵	7	
连	辵	7	
迟	辵	7	
迠	辵	8	
迡	辵	8	
迢	辵	8	
迣	辵	8	
迤	辵	8	
迥	辵	8	
迦	辵	8	
迧	辵	8	
迨	辵	8	
迩	辵	8	
迪	辵	8	
迫	辵	8	
迬	辵	8	
迭	辵	8	
迮	辵	8	
迯	辵	8	
述	辵	8	
迱	辵	8	
迲	辵	8	
迳	辵	8	
迴	辵	9	
迵	辵	9	
迶	辵	9	
迷	辵	9	
迸	辵	9	
迹	辵	9	
迺	辵	9	
迻	辵	9	
迼	辵	9	
追	辵	9	
迾	辵	9	
迿	辵	9	
退	辵	9	
送	辵	9	
适	辵	9	
逃	辵	9	
逄	辵	9	
逅	辵	9	
逆	辵	9	
逇	辵	9	
逈	辵	9	
选	辵	9	
逊	辵	9	
逋	辵	10	
逌	辵	10	
逍	辵	10	
逎	辵	10	
透	辵	10	
逐	辵	10	
逑	辵	10	
递	辵	10	
逓	辵	10	
途	辵	10	
逕	辵	10	
逖	辵	10	
逗	辵	10	
逘	辵	10	
這	辵	10	
通	辵	10	
逛	辵	10	
逜	辵	10	
逝	辵	10	
逞	辵	10	
速	辵	10	
造	辵	10	
逡	辵	10	
逢	辵	10	
連	辵	10	
逤	辵	10	
逥	辵	10	
逦	辵	10	
逧	辵	10	
逨	辵	11	
逩	辵	11	
逪	辵	11	
逫	辵	11	
逬	辵	11	
逭	辵	11	
逮	辵	11	
逯	辵	11	
逰	辵	11	
週	辵	11	
進	辵	11	
逳	辵	11	
逴	辵	11	
逵	辵	11	
逶	辵	11	
逷	辵	11	
逸	辵	11	
逹	辵	11	
逺	辵	11	
逻	辵	11	
逼	辵	12	
逽	辵	11	
逾	辵	12	
逿	辵	12	
遀	辵	12	
遁	辵	12	
遂	辵	12	
遃	辵	12	
遄	辵	12	
遅	辵	12	
遆	辵	12	
遇	辵	12	
遈	辵	12	
遉	辵	12	
遊	辵	12	
運	辵	12	
遌	辵	12	
遍	辵	12	
過	辵	11	
遏	辵	12	
遐	辵	12	
遑	辵	12	
遒	辵	12	
道	辵	12	
達	辵	12	
違	辵	12	
遖	辵	12	
遗	辵	12	
遘	辵	13	
遙	辵	13	
遚	辵	12	
遛	辵	13	
遜	辵	13	
遝	辵	13	
遞	辵	13	
遟	辵	13	
遠	辵	13	
遡	辵	13	
遢	辵	13	
遣	辵	13	
遤	辵	13	
遥	辵	13	
遦	辵	14	
遧	辵	14	
遨	辵	13	
適	辵	14	
遪	辵	14	
遫	辵	14	
遬	辵	14	
遭	辵	14	
遮	辵	14	
遯	辵	14	
遰	辵	14	
遱	辵	14	
遲	辵	15	
遳	辵	13	
遴	辵	15	
遵	辵	15	
遶	辵	15	
遷	辵	15	
選	辵	15	
遹	辵	15	
遺	辵	15	
遻	辵	15	
遼	辵	15	
遽	辵	16	
遾	辵	16	
避	辵	16	
邀	辵	16	
邁	辵	15	
邂	辵	16	
邃	辵	17	
還	辵	16	
邅	辵	16	
邆	辵	15	
邇	辵	17	
邈	辵	17	
邉	辵	17	
邊	辵	18	
邋	辵	18	
邌	辵	18	
邍	辵	19	
邎	辵	21	
邏	辵	22	
邐	辵	22	
邑	邑	7	
邒	邑	4	
邓	邑	4	
邔	邑	5	
邕	邑	10	
邖	邑	5	
邗	邑	5	
邘	邑	5	
邙	邑	5	
邚	邑	5	
邛	邑	5	
邜	邑	5	
邝	邑	5	
邞	邑	6	
邟	邑	6	
邠	邑	6	
邡	邑	6	
邢	邑	6	
那	邑	6	
邤	邑	6	
邥	邑	6	
邦	邑	6	
邧	邑	6	
邨	邑	6	
邩	邑	6	
邪	邑	6	
邫	邑	11	
邬	邑	6	
邭	邑	7	
邮	邑	7	
邯	邑	7	
邰	邑	7	
邱	邑	7	
邲	邑	7	
邳	邑	7	
邴	邑	7	
邵	邑	7	
邶	邑	7	
邷	邑	6	
邸	邑	7	
邹	邑	7	
邺	邑	7	
邻	邑	7	
邼	邑	8	
邽	邑	8	
邾	邑	8	
邿	邑	8	
郀	邑	8	
郁	邑	8	
郂	邑	8	
郃	邑	8	
郄	邑	8	
郅	邑	8	
郆	邑	8	
郇	邑	8	
郈	邑	8	
郉	邑	8	
郊	邑	8	
郋	邑	8	
郌	邑	13	
郍	邑	8	
郎	邑	8	
郏	邑	8	
郐	邑	8	
郑	邑	8	
郒	邑	13	
郓	邑	8	
郔	邑	8	
郕	邑	8	
郖	邑	9	
郗	邑	9	
郘	邑	8	
郙	邑	9	
郚	邑	9	
郛	邑	9	
郜	邑	9	
郝	邑	9	
郞	邑	9	
郟	邑	9	
郠	邑	9	
郡	邑	9	
郢	邑	9	
郣	邑	9	
郤	邑	9	
郥	邑	9	
郦	邑	9	
郧	邑	9	
部	邑	10	
郩	邑	10	
郪	邑	10	
郫	邑	10	
郬	邑	10	
郭	邑	10	
郮	邑	10	
郯	邑	10	
郰	邑	10	
郱	邑	8	
郲	邑	10	
郳	邑	10	
郴	邑	10	
郵	邑	10	
郶	邑	15	
郷	邑	10	
郸	邑	10	
郹	邑	11	
郺	邑	16	
郻	邑	11	
郼	邑	11	
都	邑	10	
郾	邑	11	
郿	邑	11	
鄀	邑	10	
鄁	邑	11	
鄂	邑	11	
鄃	邑	11	
鄄	邑	11	
鄅	邑	11	
鄆	邑	11	
鄇	邑	11	
鄈	邑	11	
鄉	邑	11	
鄊	邑	11	
鄋	邑	11	
鄌	邑	12	
鄍	邑	12	
鄎	邑	12	
鄏	邑	12	
鄐	邑	12	
鄑	邑	12	
鄒	邑	12	
鄓	邑	12	
鄔	邑	12	
鄕	邑	12	
鄖	邑	12	
鄗	邑	12	
鄘	邑	13	
鄙	邑	13	
鄚	邑	12	
鄛	邑	13	
鄜	邑	13	
鄝	邑	13	
鄞	邑	13	
鄟	邑	13	
鄠	邑	13	
鄡	邑	13	
鄢	邑	13	
鄣	邑	13	
鄤	邑	13	
鄥	邑	13	
鄦	邑	14	
鄧	邑	14	
鄨	邑	18	
鄩	邑	14	
鄪	邑	14	
鄫	邑	14	
鄬	邑	14	
鄭	邑	14	
鄮	邑	14	
鄯	邑	14	
鄰	邑	14	
鄱	邑	14	
鄲	邑	14	
鄳	邑	15	
鄴	邑	15	
鄵	邑	15	
鄶	邑	15	
鄷	邑	15	
鄸	邑	15	
鄹	邑	16	
鄺	邑	16	
鄻	邑	17	
鄼	邑	17	
鄽	邑	17	
鄾	邑	17	
鄿	邑	17	
酀	邑	18	
酁	邑	19	
酂	邑	18	
酃	邑	19	
酄	邑	19	
酅	邑	20	
酆	邑	20	
酇	邑	21	
酈	邑	21	
酉	酉	7	
酊	酉	9	
酋	酉	9	
酌	酉	10	
配	酉	10	
酎	酉	10	
酏	酉	10	
酐	酉	10	
酑	酉	10	
酒	酉	10	
酓	酉	11	
酔	酉	11	
酕	酉	11	
酖	酉	11	
酗	酉	11	
酘	酉	11	
酙	酉	11	
酚	酉	11	
酛	酉	11	
酜	酉	11	
酝	酉	11	
酞	酉	11	
酟	酉	12	
酠	酉	12	
酡	酉	12	
酢	酉	12	
酣	酉	12	
酤	酉	12	
酥	酉	12	
酦	酉	12	
酧	酉	13	
酨	酉	13	
酩	酉	13	
酪	酉	13	
酫	酉	13	
酬	酉	13	
酭	酉	13	
酮	酉	13	
酯	酉	13	
酰	酉	13	
酱	酉	13	
酲	酉	14	
酳	酉	14	
酴	酉	14	
酵	酉	14	
酶	酉	14	
酷	酉	14	
酸	酉	14	
酹	酉	14	
酺	酉	14	
酻	酉	14	
酼	酉	14	
酽	酉	14	
酾	酉	14	
酿	酉	14	
醀	酉	15	
醁	酉	15	
醂	酉	15	
醃	酉	15	
醄	酉	15	
醅	酉	15	
醆	酉	15	
醇	酉	15	
醈	酉	15	
醉	酉	15	
醊	酉	15	
醋	酉	15	
醌	酉	15	
醍	酉	16	
醎	酉	16	
醏	酉	15	
醐	酉	16	
醑	酉	16	
醒	酉	16	
醓	酉	16	
醔	酉	16	
醕	酉	16	
醖	酉	16	
醗	酉	16	
醘	酉	17	
醙	酉	16	
醚	酉	16	
醛	酉	16	
醜	酉	16	
醝	酉	16	
醞	酉	17	
醟	酉	17	
醠	酉	17	
醡	酉	17	
醢	酉	17	
醣	酉	17	
醤	酉	17	
醥	酉	18	
醦	酉	18	
醧	酉	18	
醨	酉	17	
醩	酉	18	
醪	酉	18	
醫	酉	18	
醬	酉	18	
醭	酉	19	
醮	酉	19	
醯	酉	19	
醰	酉	19	
醱	酉	19	
醲	酉	20	
醳	酉	20	
醴	酉	20	
醵	酉	20	
醶	酉	20	
醷	酉	20	
醸	酉	20	
醹	酉	21	
醺	酉	21	
醻	酉	21	
醼	酉	23	
醽	酉	24	
醾	酉	24	
醿	酉	24	
釀	酉	24	
釁	酉	26	
釂	酉	24	
釃	酉	26	
釄	酉	26	
釅	酉	26	
釆	釆	7	
采	釆	8	
釈	釆	11	
釉	釆	12	
释	釆	12	
釋	釆	20	
里	里	7	
重	里	9	
野	里	11	
量	里	12	
釐	里	18	
金	金	8	
釒	金	8	
釓	金	9	
釔	金	9	
釕	金	10	
釖	金	10	
釗	金	10	
釘	金	10	
釙	金	10	
釚	金	10	
釛	金	10	
釜	金	10	
針	金	10	
釞	金	10	
釟	金	10	
釠	金	10	
釡	金	10	
釢	金	10	
釣	金	11	
釤	金	11	
釥	金	11	
釦	金	11	
釧	金	11	
釨	金	11	
釩	金	11	
釪	金	11	
釫	金	11	
釬	金	11	
釭	金	11	
釮	金	11	
釯	金	11	
釰	金	11	
釱	金	11	
釲	金	11	
釳	金	11	
釴	金	11	
釵	金	11	
釶	金	11	
釷	金	11	
釸	金	11	
釹	金	11	
釺	金	11	
釻	金	11	
釼	金	11	
釽	金	12	
釾	金	12	
釿	金	12	
鈀	金	12	
鈁	金	12	
鈂	金	12	
鈃	金	12	
鈄	金	12	
鈅	金	12	
鈆	金	12	
鈇	金	12	
鈈	金	12	
鈉	金	12	
鈊	金	12	
鈋	金	12	
鈌	金	12	
鈍	金	12	
鈎	金	12	
鈏	金	12	
鈐	金	12	
鈑	金	12	
鈒	金	11	
鈓	金	12	
鈔	金	12	
鈕	金	12	
鈖	金	12	
鈗	金	12	
鈘	金	12	
鈙	金	12	
鈚	金	12	
鈛	金	12	
鈜	金	12	
鈝	金	12	
鈞	金	12	
鈟	金	12	
鈠	金	12	
鈡	金	12	
鈢	金	12	
鈣	金	12	
鈤	金	12	
鈥	金	12	
鈦	金	12	
鈧	金	12	
鈨	金	12	
鈩	金	12	
鈪	金	12	
鈫	金	12	
鈬	金	12	
鈭	金	14	
鈮	金	13	
鈯	金	13	
鈰	金	13	
鈱	金	13	
鈲	金	13	
鈳	金	13	
鈴	金	13	
鈵	金	13	
鈶	金	13	
鈷	金	13	
鈸	金	13	
鈹	金	13	
鈺	金	13	
鈻	金	13	
鈼	金	13	
鈽	金	13	
鈾	金	13	
鈿	金	13	
鉀	金	13	
鉁	金	13	
鉂	金	13	
鉃	金	13	
鉄	金	13	
鉅	金	12	
鉆	金	13	
鉇	金	13	
鉈	金	13	
鉉	金	13	
鉊	金	13	
鉋	金	13	
鉌	金	13	
鉍	金	13	
鉎	金	13	
鉏	金	13	
鉐	金	13	
鉑	金	13	
鉒	金	13	
鉓	金	13	
鉔	金	13	
鉕	金	13	
鉖	金	13	
鉗	金	13	
鉘	金	13	
鉙	金	13	
鉚	金	13	
鉛	金	13	
鉜	金	13	
鉝	金	13	
鉞	金	13	
鉟	金	13	
鉠	金	13	
鉡	金	13	
鉢	金	13	
鉣	金	13	
鉤	金	13	
鉥	金	13	
鉦	金	13	
鉧	金	13	
鉨	金	13	
鉩	金	13	
鉪	金	13	
鉫	金	13	
鉬	金	13	
鉭	金	13	
鉮	金	13	
鉯	金	12	
鉰	金	13	
鉱	金	13	
鉲	金	13	
鉳	金	13	
鉴	金	13	
鉵	金	14	
鉶	金	14	
鉷	金	14	
鉸	金	14	
鉹	金	14	
鉺	金	14	
鉻	金	14	
鉼	金	14	
鉽	金	14	
鉾	金	14	
鉿	金	14	
銀	金	14	
銁	金	14	
銂	金	14	
銃	金	14	
銄	金	14	
銅	金	14	
銆	金	14	
銇	金	14	
銈	金	14	
銉	金	14	
銊	金	14	
銋	金	14	
銌	金	14	
銍	金	14	
銎	金	14	
銏	金	13	
銐	金	14	
銑	金	14	
銒	金	14	
銓	金	14	
銔	金	14	
銕	金	14	
銖	金	14	
銗	金	14	
銘	金	14	
銙	金	14	
銚	金	14	
銛	金	14	
銜	金	14	
銝	金	14	
銞	金	14	
銟	金	14	
銠	金	14	
銡	金	14	
銢	金	14	
銣	金	14	
銤	金	14	
銥	金	14	
銦	金	14	
銧	金	14	
銨	金	14	
銩	金	14	
銪	金	14	
銫	金	14	
銬	金	14	
銭	金	14	
銮	金	14	
銯	金	14	
銰	金	14	
銱	金	14	
銲	金	15	
銳	金	15	
銴	金	15	
銵	金	15	
銶	金	15	
銷	金	15	
銸	金	15	
銹	金	15	
銺	金	15	
銻	金	15	
銼	金	15	
銽	金	15	
銾	金	15	
銿	金	15	
鋀	金	15	
鋁	金	14	
鋂	金	15	
鋃	金	15	
鋄	金	15	
鋅	金	15	
鋆	金	15	
鋇	金	15	
鋈	金	15	
鋉	金	15	
鋊	金	15	
鋋	金	14	
鋌	金	14	
鋍	金	15	
鋎	金	15	
鋏	金	15	
鋐	金	15	
鋑	金	15	
鋒	金	15	
鋓	金	15	
鋔	金	15	
鋕	金	15	
鋖	金	15	
鋗	金	15	
鋘	金	15	
鋙	金	15	
鋚	金	15	
鋛	金	15	
鋜	金	15	
鋝	金	15	
鋞	金	15	
鋟	金	15	
鋠	金	15	
鋡	金	15	
鋢	金	15	
鋣	金	14	
鋤	金	15	
鋥	金	15	
鋦	金	15	
鋧	金	15	
鋨	金	15	
鋩	金	14	
鋪	金	15	
鋫	金	15	
鋬	金	15	
鋭	金	15	
鋮	金	14	
鋯	金	15	
鋰	金	15	
鋱	金	15	
鋲	金	15	
鋳	金	15	
鋴	金	15	
鋵	金	15	
鋶	金	15	
鋷	金	16	
鋸	金	16	
鋹	金	16	
鋺	金	16	
鋻	金	16	
鋼	金	16	
鋽	金	16	
鋾	金	16	
鋿	金	16	
錀	金	16	
錁	金	16	
錂	金	16	
錃	金	16	
錄	金	16	
錅	金	16	
錆	金	16	
錇	金	16	
錈	金	16	
錉	金	16	
錊	金	16	
錋	金	16	
錌	金	16	
錍	金	16	
錎	金	16	
錏	金	16	
錐	金	16	
錑	金	16	
錒	金	15	
錓	金	15	
錔	金	16	
錕	金	16	
錖	金	16	
錗	金	16	
錘	金	16	
錙	金	16	
錚	金	14	
錛	金	16	
錜	金	16	
錝	金	16	
錞	金	16	
錟	金	16	
錠	金	16	
錡	金	16	
錢	金	16	
錣	金	16	
錤	金	16	
錥	金	16	
錦	金	16	
錧	金	16	
錨	金	16	
錩	金	16	
錪	金	16	
錫	金	16	
錬	金	16	
錭	金	16	
錮	金	16	
錯	金	16	
錰	金	16	
錱	金	16	
録	金	16	
錳	金	16	
錴	金	16	
錵	金	15	
錶	金	16	
錷	金	16	
錸	金	16	
錹	金	16	
錺	金	15	
錻	金	16	
錼	金	16	
錽	金	16	
錾	金	16	
錿	金	16	
鍀	金	16	
鍁	金	16	
鍂	金	16	
鍃	金	16	
鍄	金	16	
鍅	金	16	
鍆	金	16	
鍇	金	17	
鍈	金	16	
鍉	金	17	
鍊	金	17	
鍋	金	16	
鍌	金	17	
鍍	金	17	
鍎	金	17	
鍏	金	17	
鍐	金	17	
鍑	金	17	
鍒	金	17	
鍓	金	17	
鍔	金	17	
鍕	金	17	
鍖	金	17	
鍗	金	17	
鍘	金	17	
鍙	金	17	
鍚	金	17	
鍛	金	17	
鍜	金	17	
鍝	金	17	
鍞	金	17	
鍟	金	17	
鍠	金	17	
鍡	金	17	
鍢	金	17	
鍣	金	16	
鍤	金	17	
鍥	金	17	
鍦	金	17	
鍧	金	17	
鍨	金	17	
鍩	金	16	
鍪	金	17	
鍫	金	17	
鍬	金	17	
鍭	金	17	
鍮	金	17	
鍯	金	17	
鍰	金	17	
鍱	金	17	
鍲	金	17	
鍳	金	17	
鍴	金	17	
鍵	金	16	
鍶	金	17	
鍷	金	17	
鍸	金	17	
鍹	金	17	
鍺	金	16	
鍻	金	17	
鍼	金	17	
鍽	金	17	
鍾	金	17	
鍿	金	17	
鎀	金	17	
鎁	金	16	
鎂	金	17	
鎃	金	17	
鎄	金	17	
鎅	金	17	
鎆	金	17	
鎇	金	17	
鎈	金	17	
鎉	金	18	
鎊	金	18	
鎋	金	18	
鎌	金	18	
鎍	金	18	
鎎	金	18	
鎏	金	18	
鎐	金	18	
鎑	金	18	
鎒	金	18	
鎓	金	18	
鎔	金	18	
鎕	金	18	
鎖	金	18	
鎗	金	18	
鎘	金	18	
鎙	金	18	
鎚	金	17	
鎛	金	18	
鎜	金	18	
鎝	金	17	
鎞	金	18	
鎟	金	18	
鎠	金	18	
鎡	金	17	
鎢	金	18	
鎣	金	18	
鎤	金	18	
鎥	金	18	
鎦	金	18	
鎧	金	18	
鎨	金	18	
鎩	金	18	
鎪	金	17	
鎫	金	18	
鎬	金	18	
鎭	金	18	
鎮	金	18	
鎯	金	16	
鎰	金	18	
鎱	金	18	
鎲	金	18	
鎳	金	18	
鎴	金	18	
鎵	金	18	
鎶	金	18	
鎷	金	18	
鎸	金	18	
鎹	金	17	
鎺	金	17	
鎻	金	18	
鎼	金	18	
鎽	金	18	
鎾	金	17	
鎿	金	18	
鏀	金	19	
鏁	金	19	
鏂	金	19	
鏃	金	19	
鏄	金	19	
鏅	金	18	
鏆	金	19	
鏇	金	19	
鏈	金	18	
鏉	金	19	
鏊	金	18	
鏋	金	19	
鏌	金	18	
鏍	金	19	
鏎	金	18	
鏏	金	19	
鏐	金	19	
鏑	金	19	
鏒	金	19	
鏓	金	19	
鏔	金	19	
鏕	金	19	
鏖	金	19	
鏗	金	19	
鏘	金	19	
鏙	金	19	
鏚	金	19	
鏛	金	19	
鏜	金	19	
鏝	金	19	
鏞	金	19	
鏟	金	19	
鏠	金	18	
鏡	金	19	
鏢	金	19	
鏣	金	19	
鏤	金	19	
鏥	金	19	
鏦	金	19	
鏧	金	19	
鏨	金	19	
鏩	金	19	
鏪	金	19	
鏫	金	19	
鏬	金	19	
鏭	金	19	
鏮	金	19	
鏯	金	19	
鏰	金	19	
鏱	金	19	
鏲	金	19	
鏳	金	20	
鏴	金	21	
鏵	金	18	
鏶	金	20	
鏷	金	20	
鏸	金	20	
鏹	金	20	
鏺	金	20	
鏻	金	20	
鏼	金	20	
鏽	金	21	
鏾	金	20	
鏿	金	20	
鐀	金	20	
鐁	金	20	
鐂	金	20	
鐃	金	20	
鐄	金	19	
鐅	金	19	
鐆	金	19	
鐇	金	20	
鐈	金	20	
鐉	金	20	
鐊	金	19	
鐋	金	20	
鐌	金	19	
鐍	金	20	
鐎	金	20	
鐏	金	20	
鐐	金	20	
鐑	金	20	
鐒	金	20	
鐓	金	20	
鐔	金	20	
鐕	金	20	
鐖	金	20	
鐗	金	20	
鐘	金	20	
鐙	金	20	
鐚	金	20	
鐛	金	20	
鐜	金	20	
鐝	金	20	
鐞	金	20	
鐟	金	20	
鐠	金	20	
鐡	金	20	
鐢	金	20	
鐣	金	20	
鐤	金	20	
鐥	金	20	
鐦	金	20	
鐧	金	20	
鐨	金	20	
鐩	金	20	
鐪	金	21	
鐫	金	20	
鐬	金	21	
鐭	金	20	
鐮	金	21	
鐯	金	19	
鐰	金	21	
鐱	金	21	
鐲	金	21	
鐳	金	21	
鐴	金	21	
鐵	金	21	
鐶	金	21	
鐷	金	20	
鐸	金	21	
鐹	金	19	
鐺	金	21	
鐻	金	21	
鐼	金	20	
鐽	金	20	
鐾	金	21	
鐿	金	21	
鑀	金	21	
鑁	金	21	
鑂	金	22	
鑃	金	22	
鑄	金	22	
鑅	金	22	
鑆	金	22	
鑇	金	22	
鑈	金	22	
鑉	金	21	
鑊	金	21	
鑋	金	22	
鑌	金	22	
鑍	金	22	
鑎	金	22	
鑏	金	22	
鑐	金	22	
鑑	金	22	
鑒	金	22	
鑓	金	21	
鑔	金	22	
鑕	金	23	
鑖	金	22	
鑗	金	23	
鑘	金	23	
鑙	金	23	
鑚	金	23	
鑛	金	22	
鑜	金	23	
鑝	金	21	
鑞	金	23	
鑟	金	23	
鑠	金	23	
鑡	金	23	
鑢	金	23	
鑣	金	23	
鑤	金	23	
鑥	金	23	
鑦	金	23	
鑧	金	22	
鑨	金	24	
鑩	金	24	
鑪	金	24	
鑫	金	24	
鑬	金	24	
鑭	金	25	
鑮	金	24	
鑯	金	25	
鑰	金	25	
鑱	金	25	
鑲	金	25	
鑳	金	25	
鑴	金	26	
鑵	金	25	
鑶	金	25	
鑷	金	26	
鑸	金	26	
鑹	金	26	
鑺	金	26	
鑻	金	27	
鑼	金	27	
鑽	金	27	
鑾	金	27	
鑿	金	28	
钀	金	28	
钁	金	28	
钂	金	28	
钃	金	29	
钄	金	28	
钅		5	
钆		6	
钇		6	
针		7	
钉		7	
钊		7	
钋		7	
钌		7	
钍		8	
钎		8	
钏		8	
钐		8	
钑		8	
钒		8	
钓		8	
钔		8	
钕		8	
钖		8	
钗		8	
钘		9	
钙		9	
钚		9	
钛		9	
钜		9	
钝		9	
钞		9	
钟		9	
钠		9	
钡		9	
钢		9	
钣		9	
钤		9	
钥		9	
钦		9	
钧		9	
钨		9	
钩		9	
钪		9	
钫		9	
钬		9	
钭		9	
钮		9	
钯		9	
钰		10	
钱		10	
钲		10	
钳		10	
钴		10	
钵		10	
钶		10	
钷		10	
钸		10	
钹		10	
钺		10	
钻		10	
钼		10	
钽		10	
钾		10	
钿		10	
铀		10	
铁		10	
铂		10	
铃		10	
铄		10	
铅		10	
铆		10	
铇		10	
铈		10	
铉		10	
铊		10	
铋		10	
铌		10	
铍		10	
铎		10	
铏		11	
铐		11	
铑		11	
铒		11	
铓		11	
铔		11	
铕		11	
铖		11	
铗		11	
铘		11	
铙		11	
铚		11	
铛		11	
铜		11	
铝		11	
铞		11	
铟		11	
铠		11	
铡		11	
铢		11	
铣		11	
铤		11	
铥		11	
铦		11	
铧		11	
铨		11	
铩		11	
铪		11	
铫		11	
铬		11	
铭		11	
铮		11	
铯		11	
铰		11	
铱		11	
铲		11	
铳		11	
铴		11	
铵		11	
银		11	
铷		11	
铸		12	
铹		12	
铺		12	
铻		12	
铼		12	
铽		12	
链		12	
铿		12	
销		12	
锁		12	
锂		12	
锃		12	
锄		12	
锅		12	
锆		12	
锇		12	
锈		12	
锉		12	
锊		12	
锋		12	
锌		12	
锍		12	
锎		12	
锏		12	
锐		12	
锑		12	
锒		12	
锓		12	
锔		12	
锕		12	
锖		13	
锗		13	
锘		13	
错		13	
锚		13	
锛		13	
锜		13	
锝		13	
锞		13	
锟		13	
锠		13	
锡		13	
锢		13	
锣		13	
锤		13	
锥		13	
锦		13	
锧		13	
锨		13	
锩		13	
锪		13	
锫		13	
锬		13	
锭		13	
键		13	
锯		13	
锰		13	
锱		13	
锲		14	
锳		13	
锴		14	
锵		14	
锶		14	
锷		14	
锸		14	
锹		14	
锺		14	
锻		14	
锼		14	
锽		14	
锾		14	
锿		14	
镀		14	
镁		14	
镂		14	
镃		14	
镄		14	
镅		14	
镆		15	
镇		15	
镈		15	
镉		15	
镊		15	
镋		15	
镌		15	
镍		15	
镎		15	
镏		15	
镐		15	
镑		15	
镒		15	
镓		15	
镔		15	
镕		15	
镖		16	
镗		16	
镘		16	
镙		16	
镚		16	
镛		16	
镜		16	
镝		16	
镞		16	
镟		16	
镠		16	
镡		17	
镢		17	
镣		17	
镤		17	
镥		17	
镦		17	
镧		17	
镨		17	
镩		17	
镪		17	
镫		17	
镬		18	
镭		18	
镮		18	
镯		18	
镰		18	
镱		18	
镲		19	
镳		20	
镴		20	
镵		22	
镶		22	
長	長	8	
镸	長	7	
镹	長	10	
镺	長	11	
镻	長	12	
镼	長	15	
镽	長	19	
镾	長	21	
长		4	
門	門	8	
閁	門	9	
閂	門	9	
閃	門	10	
閄	門	10	
閅	門	10	
閆	門	11	
閇	門	11	
閈	門	11	
閉	門	11	
閊	門	11	
開	門	12	
閌	門	12	
閍	門	12	
閎	門	12	
閏	門	12	
閐	門	12	
閑	門	12	
閒	門	12	
間	門	12	
閔	門	12	
閕	門	12	
閖	門	12	
閗	門	12	
閘	門	13	
閙	門	13	
閚	門	13	
閛	門	13	
閜	門	13	
閝	門	13	
閞	門	13	
閟	門	13	
閠	門	13	
閡	門	14	
関	門	14	
閣	門	14	
閤	門	14	
閥	門	14	
閦	門	14	
閧	門	14	
閨	門	14	
閩	門	14	
閪	門	14	
閫	門	15	
閬	門	15	
閭	門	14	
閮	門	14	
閯	門	15	
閰	門	14	
閱	門	15	
閲	門	15	
閳	門	15	
閴	門	15	
閵	門	16	
閶	門	16	
閷	門	16	
閸	門	16	
閹	門	16	
閺	門	16	
閻	門	16	
閼	門	16	
閽	門	16	
閾	門	16	
閿	門	16	
闀	門	17	
闁	門	16	
闂	門	16	
闃	門	17	
闄	門	17	
闅	門	17	
闆	門	17	
闇	門	17	
闈	門	17	
闉	門	17	
闊	門	17	
闋	門	17	
闌	門	17	
闍	門	16	
闎	門	17	
闏	門	17	
闐	門	18	
闑	門	18	
闒	門	18	
闓	門	18	
闔	門	18	
闕	門	18	
闖	門	18	
闗	門	18	
闘	門	18	
闙	門	19	
闚	門	19	
闛	門	19	
關	門	19	
闝	門	19	
闞	門	19	
闟	門	20	
闠	門	20	
闡	門	20	
闢	門	21	
闣	門	21	
闤	門	21	
闥	門	20	
闦	門	21	
闧	門	22	
门		3	
闩		4	
闪		5	
闫		6	
闬		6	
闭		6	
问		6	
闯		6	
闰		7	
闱		7	
闲		7	
闳		7	
间		7	
闵		7	
闶		7	
闷		7	
闸		8	
闹		8	
闺		9	
闻		9	
闼		9	
闽		9	
闾		9	
闿		9	
阀		9	
阁		9	
阂		9	
阃		10	
阄		10	
阅		10	
阆		10	
阇		11	
阈		11	
阉		11	
阊		11	
阋		11	
阌		11	
阍		11	
阎		11	
阏		11	
阐		11	
阑		12	
阒		12	
阓		12	
阔		12	
阕		12	
阖		13	
阗		13	
阘		13	
阙		13	
阚		14	
阛		16	
阜	阜	8	
阝	阜	2	
阞	阜	4	
队	阜	4	
阠	阜	5	
阡	阜	5	
阢	阜	5	
阣	阜	5	
阤	阜	5	
阥	阜	6	
阦	阜	6	
阧	阜	6	
阨	阜	6	
阩	阜	6	
阪	阜	6	
阫	阜	6	
阬	阜	6	
阭	阜	6	
阮	阜	6	
阯	阜	6	
阰	阜	6	
阱	阜	6	
防	阜	6	
阳	阜	6	
阴	阜	6	
阵	阜	6	
阶	阜	6	
阷	阜	7	
阸	阜	7	
阹	阜	7	
阺	阜	7	
阻	阜	7	
阼	阜	7	
阽	阜	7	
阾	阜	7	
阿	阜	7	
陀	阜	7	
陁	阜	7	
陂	阜	7	
陃	阜	7	
附	阜	7	
际	阜	7	
陆	阜	7	
陇	阜	7	
陈	阜	7	
陉	阜	7	
陊	阜	8	
陋	阜	8	
陌	阜	8	
降	阜	8	
陎	阜	8	
陏	阜	8	
限	阜	8	
陑	阜	8	
陒	阜	8	
陓	阜	8	
陔	阜	8	
陕	阜	8	
陖	阜	9	
陗	阜	9	
陘	阜	9	
陙	阜	9	
陚	阜	10	
陛	阜	9	
陜	阜	9	
陝	阜	9	
陞	阜	9	
陟	阜	9	
陠	阜	9	
陡	阜	9	
院	阜	9	
陣	阜	9	
除	阜	9	
陥	阜	9	
陦	阜	9	
陧	阜	9	
陨	阜	9	
险	阜	9	
陪	阜	10	
陫	阜	10	
陬	阜	10	
陭	阜	10	
陮	阜	10	
陯	阜	10	
陰	阜	10	
陱	阜	10	
陲	阜	10	
陳	阜	10	
陴	阜	10	
陵	阜	10	
陶	阜	10	
陷	阜	10	
陸	阜	10	
陹	阜	10	
険	阜	10	
陻	阜	11	
陼	阜	10	
陽	阜	11	
陾	阜	11	
陿	阜	11	
隀	阜	11	
隁	阜	11	
隂	阜	11	
隃	阜	11	
隄	阜	11	
隅	阜	11	
隆	阜	11	
隇	阜	11	
隈	阜	11	
隉	阜	11	
隊	阜	11	
隋	阜	11	
隌	阜	11	
隍	阜	11	
階	阜	11	
随	阜	11	
隐	阜	11	
隑	阜	12	
隒	阜	12	
隓	阜	12	
隔	阜	12	
隕	阜	12	
隖	阜	12	
隗	阜	11	
隘	阜	12	
隙	阜	12	
隚	阜	13	
際	阜	13	
障	阜	13	
隝	阜	13	
隞	阜	12	
隟	阜	13	
隠	阜	13	
隡	阜	13	
隢	阜	14	
隣	阜	14	
隤	阜	14	
隥	阜	14	
隦	阜	15	
隧	阜	14	
隨	阜	14	
隩	阜	14	
險	阜	15	
隫	阜	14	
隬	阜	16	
隭	阜	16	
隮	阜	16	
隯	阜	16	
隰	阜	16	
隱	阜	16	
隲	阜	16	
隳	阜	17	
隴	阜	18	
隵	阜	19	
隶	隶	8	
隷	隶	16	
隸	隶	17	
隹	隹	8	
隺	隹	10	
隻	隹	10	
隼	隹	10	
隽	隹	10	
难	隹	10	
隿	隹	11	
雀	隹	11	
雁	隹	12	
雂	隹	12	
雃	隹	12	
雄	隹	12	
雅	隹	12	
集	隹	12	
雇	隹	12	
雈	隹	12	
雉	隹	13	
雊	隹	13	
雋	隹	12	
雌	隹	14	
雍	隹	13	
雎	隹	13	
雏	隹	13	
雐	隹	14	
雑	隹	14	
雒	隹	14	
雓	隹	15	
雔	隹	16	
雕	隹	16	
雖	隹	17	
雗	隹	18	
雘	隹	17	
雙	隹	18	
雚	隹	17	
雛	隹	18	
雜	隹	18	
雝	隹	18	
雞	隹	18	
雟	隹	18	
雠	隹	18	
雡	隹	19	
離	隹	18	
難	隹	19	
雤	隹	21	
雥	隹	24	
雦	隹	24	
雧	隹	28	
雨	雨	8	
雩	雨	11	
雪	雨	11	
雫	雨	11	
雬	雨	12	
雭	雨	11	
雮	雨	12	
雯	雨	12	
雰	雨	12	
雱	雨	12	
雲	雨	12	
雳	雨	12	
雴	雨	13	
雵	雨	13	
零	雨	13	
雷	雨	13	
雸	雨	13	
雹	雨	13	
雺	雨	13	
電	雨	13	
雼	雨	13	
雽	雨	13	
雾	雨	13	
雿	雨	14	
需	雨	14	
霁	雨	14	
霂	雨	15	
霃	雨	15	
霄	雨	15	
霅	雨	15	
霆	雨	14	
震	雨	15	
霈	雨	15	
霉	雨	15	
霊	雨	15	
霋	雨	16	
霌	雨	16	
霍	雨	16	
霎	雨	16	
霏	雨	16	
霐	雨	16	
霑	雨	16	
霒	雨	16	
霓	雨	16	
霔	雨	16	
霕	雨	16	
霖	雨	16	
霗	雨	16	
霘	雨	17	
霙	雨	16	
霚	雨	17	
霛	雨	17	
霜	雨	17	
霝	雨	17	
霞	雨	17	
霟	雨	17	
霠	雨	17	
霡	雨	17	
霢	雨	18	
霣	雨	18	
霤	雨	18	
霥	雨	18	
霦	雨	19	
霧	雨	18	
霨	雨	19	
霩	雨	18	
霪	雨	19	
霫	雨	19	
霬	雨	19	
霭	雨	19	
霮	雨	20	
霯	雨	20	
霰	雨	20	
霱	雨	20	
露	雨	21	
霳	雨	19	
霴	雨	20	
霵	雨	20	
霶	雨	21	
霷	雨	21	
霸	雨	21	
霹	雨	21	
霺	雨	21	
霻	雨	21	
霼	雨	22	
霽	雨	22	
霾	雨	22	
霿	雨	21	
靀	雨	21	
靁	雨	23	
靂	雨	24	
靃	雨	24	
靄	雨	24	
靅	雨	24	
靆	雨	23	
靇	雨	24	
靈	雨	24	
靉	雨	25	
靊	雨	26	
靋	雨	27	
靌	雨	27	
靍	雨	27	
靎	雨	27	
靏	雨	29	
靐	雨	39	
靑	靑	8	
青	靑	8	
靓	靑	12	
靔	靑	12	
靕	靑	13	
靖	靑	13	
靗	靑	14	
靘	靑	14	
静	靑	14	
靚	靑	15	
靛	靑	16	
靜	靑	16	
靝	靑	18	
非	非	8	
靟	非	12	
靠	非	15	
靡	非	19	
面	面	9	
靣	面	8	
靤	面	14	
靥	面	15	
靦	面	16	
靧	面	21	
靨	面	23	
革	革	9	
靪	革	11	
靫	革	12	
靬	革	12	
靭	革	12	
靮	革	12	
靯	革	12	
靰	革	12	
靱	革	12	
靲	革	13	
靳	革	13	
靴	革	13	
靵	革	13	
靶	革	13	
靷	革	13	
靸	革	12	
靹	革	13	
靺	革	14	
靻	革	14	
靼	革	14	
靽	革	14	
靾	革	14	
靿	革	14	
鞀	革	14	
鞁	革	14	
鞂	革	14	
鞃	革	14	
鞄	革	14	
鞅	革	14	
鞆	革	14	
鞇	革	15	
鞈	革	15	
鞉	革	15	
鞊	革	15	
鞋	革	15	
鞌	革	15	
鞍	革	15	
鞎	革	15	
鞏	革	15	
鞐	革	15	
鞑	革	15	
鞒	革	15	
鞓	革	16	
鞔	革	16	
鞕	革	16	
鞖	革	16	
鞗	革	15	
鞘	革	16	
鞙	革	16	
鞚	革	17	
鞛	革	17	
鞜	革	17	
鞝	革	17	
鞞	革	17	
鞟	革	17	
鞠	革	17	
鞡	革	17	
鞢	革	18	
鞣	革	18	
鞤	革	18	
鞥	革	18	
鞦	革	18	
鞧	革	18	
鞨	革	18	
鞩	革	18	
鞪	革	18	
鞫	革	18	
鞬	革	17	
鞭	革	18	
鞮	革	18	
鞯	革	18	
鞰	革	18	
鞱	革	19	
鞲	革	19	
鞳	革	18	
鞴	革	19	
鞵	革	19	
鞶	革	19	
鞷	革	19	
鞸	革	19	
鞹	革	19	
鞺	革	20	
鞻	革	20	
鞼	革	21	
鞽	革	21	
鞾	革	19	
鞿	革	21	
韀	革	22	
韁	革	22	
韂	革	22	
韃	革	21	
韄	革	22	
韅	革	23	
韆	革	24	
韇	革	24	
韈	革	23	
韉	革	25	
韊	革	29	
韋	韋	9	
韌	韋	12	
韍	韋	14	
韎	韋	14	
韏	韋	15	
韐	韋	15	
韑	韋	15	
韒	韋	16	
韓	韋	17	
韔	韋	17	
韕	韋	17	
韖	韋	18	
韗	韋	18	
韘	韋	18	
韙	韋	18	
韚	韋	18	
韛	韋	19	
韜	韋	19	
韝	韋	19	
韞	韋	18	
韟	韋	19	
韠	韋	19	
韡	韋	19	
韢	韋	21	
韣	韋	22	
韤	韋	23	
韥	韋	24	
韦		4	
韧		7	
韨		9	
韩		12	
韪		13	
韫		13	
韬		14	
韭	韭	9	
韮	韭	12	
韯	韭	15	
韰	韭	16	
韱	韭	17	
韲	韭	19	
音	音	9	
韴	音	13	
韵	音	13	
韶	音	14	
韷	音	14	
韸	音	16	
韹	音	18	
韺	音	17	
韻	音	19	
韼	音	19	
韽	音	20	
韾	音	20	
響	音	20	
頀	音	22	
頁	頁	9	
頂	頁	11	
頃	頁	11	
頄	頁	11	
項	頁	12	
順	頁	12	
頇	頁	12	
須	頁	12	
頉	頁	13	
頊	頁	13	
頋	頁	13	
頌	頁	13	
頍	頁	13	
頎	頁	13	
頏	頁	13	
預	頁	13	
頑	頁	13	
頒	頁	13	
頓	頁	13	
頔	頁	14	
頕	頁	14	
頖	頁	14	
頗	頁	14	
領	頁	14	
頙	頁	14	
頚	頁	14	
頛	頁	15	
頜	頁	15	
頝	頁	15	
頞	頁	15	
頟	頁	15	
頠	頁	15	
頡	頁	15	
頢	頁	15	
頣	頁	15	
頤	頁	16	
頥	頁	16	
頦	頁	15	
頧	頁	15	
頨	頁	15	
頩	頁	15	
頪	頁	15	
頫	頁	15	
頬	頁	15	
頭	頁	16	
頮	頁	16	
頯	頁	16	
頰	頁	16	
頱	頁	16	
頲	頁	15	
頳	頁	16	
頴	頁	16	
頵	頁	16	
頶	頁	16	
頷	頁	16	
頸	頁	16	
頹	頁	16	
頺	頁	16	
頻	頁	16	
頼	頁	16	
頽	頁	16	
頾	頁	18	
頿	頁	18	
顀	頁	17	
顁	頁	17	
顂	頁	17	
顃	頁	17	
顄	頁	17	
顅	頁	17	
顆	頁	17	
顇	頁	17	
顈	頁	17	
顉	頁	17	
顊	頁	17	
顋	頁	18	
題	頁	18	
額	頁	18	
顎	頁	18	
顏	頁	18	
顐	頁	18	
顑	頁	18	
顒	頁	18	
顓	頁	18	
顔	頁	18	
顕	頁	18	
顖	頁	19	
顗	頁	19	
願	頁	19	
顙	頁	19	
顚	頁	19	
顛	頁	19	
顜	頁	19	
顝	頁	18	
類	頁	19	
顟	頁	20	
顠	頁	20	
顡	頁	20	
顢	頁	20	
顣	頁	20	
顤	頁	21	
顥	頁	21	
顦	頁	21	
顧	頁	21	
顨	頁	21	
顩	頁	22	
顪	頁	22	
顫	頁	22	
顬	頁	23	
顭	頁	22	
顮	頁	23	
顯	頁	23	
顰	頁	24	
顱	頁	25	
顲	頁	25	
顳	頁	27	
顴	頁	26	
页		6	
顶		8	
顷		8	
顸		9	
项		9	
顺		9	
须		9	
顼		10	
顽		10	
顾		10	
顿		10	
颀		10	
颁		10	
颂		10	
颃		10	
预		10	
颅		11	
领		11	
颇		11	
颈		11	
颉		12	
颊		12	
颋		12	
颌		12	
颍		12	
颎		12	
颏		12	
颐		13	
频		13	
颒		13	
颓		13	
颔		13	
颕		13	
颖		13	
颗		14	
题		15	
颙		15	
颚		15	
颛		15	
颜		15	
额		15	
颞		16	
颟		16	
颠		16	
颡		16	
颢		18	
颣		18	
颤		19	
颥		20	
颦		21	
颧		23	
風	風	9	
颩	風	12	
颪	風	12	
颫	風	13	
颬	風	13	
颭	風	14	
颮	風	14	
颯	風	14	
颰	風	14	
颱	風	14	
颲	風	15	
颳	風	15	
颴	風	16	
颵	風	16	
颶	風	17	
颷	風	17	
颸	風	18	
颹	風	18	
颺	風	18	
颻	風	19	
颼	風	18	
颽	風	19	
颾	風	18	
颿	風	19	
飀	風	19	
飁	風	20	
飂	風	20	
飃	風	20	
飄	風	20	
飅	風	21	
飆	風	21	
飇	風	21	
飈	風	21	
飉	風	21	
飊	風	21	
飋	風	22	
飌	風	26	
飍	風	27	
风		4	
飏		7	
飐		9	
飑		9	
飒		9	
飓		12	
飔		13	
飕		13	
飖		14	
飗		14	
飘		15	
飙		16	
飚		16	
飛	飛	9	
飜	飛	21	
飝	飛	27	
飞		3	
食	食	9	
飠	食	8	
飡	食	11	
飢	食	10	
飣	食	10	
飤	食	10	
飥	食	11	
飦	食	11	
飧	食	12	
飨	食	12	
飩	食	12	
飪	食	12	
飫	食	12	
飬	食	13	
飭	食	12	
飮	食	13	
飯	食	12	
飰	食	12	
飱	食	13	
飲	食	12	
飳	食	13	
飴	食	13	
飵	食	13	
飶	食	13	
飷	食	13	
飸	食	14	
飹	食	13	
飺	食	15	
飻	食	13	
飼	食	13	
飽	食	13	
飾	食	13	
飿	食	13	
餀	食	13	
餁	食	14	
餂	食	14	
餃	食	14	
餄	食	14	
餅	食	14	
餆	食	14	
餇	食	14	
餈	食	15	
餉	食	14	
養	食	14	
餋	食	15	
餌	食	14	
餍	食	15	
餎	食	14	
餏	食	14	
餐	食	16	
餑	食	15	
餒	食	15	
餓	食	15	
餔	食	15	
餕	食	15	
餖	食	15	
餗	食	15	
餘	食	15	
餙	食	15	
餚	食	16	
餛	食	16	
餜	食	16	
餝	食	15	
餞	食	16	
餟	食	16	
餠	食	16	
餡	食	16	
餢	食	16	
餣	食	16	
餤	食	16	
餥	食	17	
餦	食	16	
餧	食	16	
館	食	16	
餩	食	16	
餪	食	17	
餫	食	17	
餬	食	17	
餭	食	17	
餮	食	18	
餯	食	17	
餰	食	17	
餱	食	17	
餲	食	17	
餳	食	17	
餴	食	16	
餵	食	17	
餶	食	17	
餷	食	17	
餸	食	17	
餹	食	18	
餺	食	18	
餻	食	18	
餼	食	18	
餽	食	17	
餾	食	18	
餿	食	17	
饀	食	18	
饁	食	18	
饂	食	17	
饃	食	18	
饄	食	19	
饅	食	19	
饆	食	18	
饇	食	19	
饈	食	18	
饉	食	19	
饊	食	20	
饋	食	20	
饌	食	20	
饍	食	20	
饎	食	20	
饏	食	20	
饐	食	20	
饑	食	20	
饒	食	20	
饓	食	20	
饔	食	22	
饕	食	22	
饖	食	21	
饗	食	20	
饘	食	21	
饙	食	20	
饚	食	21	
饛	食	21	
饜	食	23	
饝	食	24	
饞	食	25	
饟	食	25	
饠	食	27	
饡	食	27	
饢	食	30	
饣		3	
饤		5	
饥		5	
饦		6	
饧		6	
饨		7	
饩		7	
饪		7	
饫		7	
饬		7	
饭		7	
饮		7	
饯		8	
饰		8	
饱		8	
饲		8	
饳		8	
饴		8	
饵		9	
饶		9	
饷		9	
饸		9	
饹		9	
饺		9	
饻		9	
饼		9	
饽		10	
饾		10	
饿		10	
馀		10	
馁		10	
馂		10	
馃		11	
馄		11	
馅		11	
馆		11	
馇		12	
馈		12	
馉		12	
馊		12	
馋		12	
馌		13	
馍		13	
馎		13	
馏		13	
馐		13	
馑		14	
馒		14	
馓		15	
馔		15	
馕		25	
首	首	9	
馗	首	11	
馘	首	17	
香	香	9	
馚	香	13	
馛	香	14	
馜	香	14	
馝	香	14	
馞	香	16	
馟	香	16	
馠	香	16	
馡	香	17	
馢	香	17	
馣	香	17	
馤	香	18	
馥	香	18	
馦	香	19	
馧	香	18	
馨	香	20	
馩	香	21	
馪	香	23	
馫	香	27	
馬	馬	10	
馭	馬	12	
馮	馬	12	
馯	馬	13	
馰	馬	13	
馱	馬	13	
馲	馬	13	
馳	馬	13	
馴	馬	13	
馵	馬	13	
馶	馬	14	
馷	馬	14	
馸	馬	14	
馹	馬	14	
馺	馬	13	
馻	馬	14	
馼	馬	14	
馽	馬	14	
馾	馬	14	
馿	馬	14	
駀	馬	14	
駁	馬	14	
駂	馬	14	
駃	馬	14	
駄	馬	14	
駅	馬	14	
駆	馬	14	
駇	馬	14	
駈	馬	15	
駉	馬	15	
駊	馬	15	
駋	馬	15	
駌	馬	15	
駍	馬	15	
駎	馬	15	
駏	馬	14	
駐	馬	15	
駑	馬	15	
駒	馬	15	
駓	馬	15	
駔	馬	15	
駕	馬	15	
駖	馬	15	
駗	馬	15	
駘	馬	15	
駙	馬	15	
駚	馬	15	
駛	馬	15	
駜	馬	15	
駝	馬	15	
駞	馬	15	
駟	馬	15	
駠	馬	15	
駡	馬	16	
駢	馬	16	
駣	馬	16	
駤	馬	16	
駥	馬	16	
駦	馬	16	
駧	馬	16	
駨	馬	16	
駩	馬	16	
駪	馬	16	
駫	馬	16	
駬	馬	16	
駭	馬	16	
駮	馬	16	
駯	馬	16	
駰	馬	16	
駱	馬	16	
駲	馬	16	
駳	馬	16	
駴	馬	17	
駵	馬	17	
駶	馬	17	
駷	馬	17	
駸	馬	17	
駹	馬	17	
駺	馬	17	
駻	馬	17	
駼	馬	17	
駽	馬	17	
駾	馬	17	
駿	馬	17	
騀	馬	17	
騁	馬	17	
騂	馬	17	
騃	馬	17	
騄	馬	18	
騅	馬	18	
騆	馬	18	
騇	馬	18	
騈	馬	18	
騉	馬	18	
騊	馬	18	
騋	馬	18	
騌	馬	18	
騍	馬	18	
騎	馬	18	
騏	馬	18	
騐	馬	18	
騑	馬	18	
騒	馬	18	
験	馬	18	
騔	馬	19	
騕	馬	19	
騖	馬	19	
騗	馬	19	
騘	馬	19	
騙	馬	19	
騚	馬	19	
騛	馬	19	
騜	馬	19	
騝	馬	18	
騞	馬	19	
騟	馬	19	
騠	馬	19	
騡	馬	19	
騢	馬	19	
騣	馬	19	
騤	馬	19	
騥	馬	19	
騦	馬	19	
騧	馬	18	
騨	馬	19	
騩	馬	19	
騪	馬	19	
騫	馬	20	
騬	馬	20	
騭	馬	19	
騮	馬	20	
騯	馬	20	
騰	馬	20	
騱	馬	20	
騲	馬	19	
騳	馬	20	
騴	馬	20	
騵	馬	20	
騶	馬	20	
騷	馬	19	
騸	馬	20	
騹	馬	21	
騺	馬	21	
騻	馬	21	
騼	馬	21	
騽	馬	21	
騾	馬	21	
騿	馬	21	
驀	馬	20	
驁	馬	20	
驂	馬	21	
驃	馬	21	
驄	馬	21	
驅	馬	21	
驆	馬	20	
驇	馬	21	
驈	馬	22	
驉	馬	21	
驊	馬	20	
驋	馬	22	
驌	馬	23	
驍	馬	22	
驎	馬	22	
驏	馬	22	
驐	馬	22	
驑	馬	22	
驒	馬	22	
驓	馬	22	
驔	馬	22	
驕	馬	22	
驖	馬	23	
驗	馬	23	
驘	馬	23	
驙	馬	23	
驚	馬	22	
驛	馬	23	
驜	馬	23	
驝	馬	24	
驞	馬	24	
驟	馬	24	
驠	馬	26	
驡	馬	26	
驢	馬	26	
驣	馬	26	
驤	馬	27	
驥	馬	26	
驦	馬	27	
驧	馬	27	
驨	馬	28	
驩	馬	27	
驪	馬	29	
驫	馬	30	
马		3	
驭		5	
驮		6	
驯		6	
驰		6	
驱		7	
驲		7	
驳		7	
驴		7	
驵		8	
驶		8	
驷		8	
驸		8	
驹		8	
驺		8	
驻		8	
驼		8	
驽		8	
驾		8	
驿		8	
骀		8	
骁		9	
骂		9	
骃		9	
骄		9	
骅		9	
骆		9	
骇		9	
骈		9	
骉		9	
骊		10	
骋		10	
验		10	
骍		10	
骎		10	
骏		10	
骐		11	
骑		11	
骒		11	
骓		11	
骔		11	
骕		11	
骖		11	
骗		12	
骘		12	
骙		12	
骚		12	
骛		12	
骜		13	
骝		13	
骞		13	
骟		13	
骠		14	
骡		14	
骢		14	
骣		15	
骤		17	
骥		19	
骦		20	
骧		20	
骨	骨	9	
骩	骨	11	
骪	骨	12	
骫	骨	12	
骬	骨	12	
骭	骨	12	
骮	骨	12	
骯	骨	13	
骰	骨	13	
骱	骨	13	
骲	骨	14	
骳	骨	14	
骴	骨	15	
骵	骨	14	
骶	骨	14	
骷	骨	14	
骸	骨	15	
骹	骨	15	
骺	骨	15	
骻	骨	15	
骼	骨	15	
骽	骨	16	
骾	骨	16	
骿	骨	15	
髀	骨	17	
髁	骨	17	
髂	骨	18	
髃	骨	18	
髄	骨	18	
髅	骨	18	
髆	骨	19	
髇	骨	19	
髈	骨	19	
髉	骨	19	
髊	骨	18	
髋	骨	19	
髌	骨	19	
髍	骨	20	
髎	骨	20	
髏	骨	20	
髐	骨	21	
髑	骨	22	
髒	骨	21	
髓	骨	21	
體	骨	22	
髕	骨	23	
髖	骨	23	
髗	骨	25	
高	高	10	
髙	高	11	
髚	高	14	
髛	高	15	
髜	高	18	
髝	高	22	
髞	高	23	
髟	髟	10	
髠	髟	12	
髡	髟	13	
髢	髟	13	
髣	髟	14	
髤	髟	14	
髥	髟	14	
髦	髟	14	
髧	髟	14	
髨	髟	14	
髩	髟	14	
髪	髟	14	
髫	髟	15	
髬	髟	15	
髭	髟	16	
髮	髟	15	
髯	髟	15	
髰	髟	15	
髱	髟	15	
髲	髟	15	
髳	髟	15	
髴	髟	15	
髵	髟	16	
髶	髟	16	
髷	髟	16	
髸	髟	16	
髹	髟	16	
髺	髟	16	
髻	髟	16	
髼	髟	17	
髽	髟	17	
髾	髟	17	
髿	髟	17	
鬀	髟	17	
鬁	髟	17	
鬂	髟	17	
鬃	髟	18	
鬄	髟	18	
鬅	髟	18	
鬆	髟	18	
鬇	髟	16	
鬈	髟	18	
鬉	髟	19	
鬊	髟	19	
鬋	髟	19	
鬌	髟	19	
鬍	髟	19	
鬎	髟	19	
鬏	髟	19	
鬐	髟	20	
鬑	髟	20	
鬒	髟	20	
鬓	髟	20	
鬔	髟	20	
鬕	髟	20	
鬖	髟	21	
鬗	髟	21	
鬘	髟	21	
鬙	髟	22	
鬚	髟	22	
鬛	髟	22	
鬜	髟	22	
鬝	髟	22	
鬞	髟	23	
鬟	髟	23	
鬠	髟	23	
鬡	髟	24	
鬢	髟	24	
鬣	髟	25	
鬤	髟	27	
鬥	鬥	10	
鬦	鬥	14	
鬧	鬥	15	
鬨	鬥	16	
鬩	鬥	18	
鬪	鬥	20	
鬫	鬥	21	
鬬	鬥	25	
鬭	鬥	24	
鬮	鬥	27	
鬯	鬯	10	
鬰	鬯	27	
鬱	鬯	29	
鬲	鬲	10	
鬳	鬲	16	
鬴	鬲	17	
鬵	鬲	18	
鬶	鬲	18	
鬷	鬲	19	
鬸	鬲	20	
鬹	鬲	21	
鬺	鬲	21	
鬻	鬲	22	
鬼	鬼	9	
鬽	鬼	12	
鬾	鬼	13	
鬿	鬼	13	
魀	鬼	13	
魁	鬼	13	
魂	鬼	13	
魃	鬼	14	
魄	鬼	14	
魅	鬼	14	
魆	鬼	14	
魇	鬼	15	
魈	鬼	16	
魉	鬼	16	
魊	鬼	17	
魋	鬼	17	
魌	鬼	17	
魍	鬼	17	
魎	鬼	17	
魏	鬼	17	
魐	鬼	19	
魑	鬼	19	
魒	鬼	20	
魓	鬼	19	
魔	鬼	20	
魕	鬼	21	
魖	鬼	20	
魗	鬼	23	
魘	鬼	23	
魙	鬼	23	
魚	魚	11	
魛	魚	13	
魜	魚	13	
魝	魚	13	
魞	魚	13	
魟	魚	14	
魠	魚	14	
魡	魚	14	
魢	魚	14	
魣	魚	15	
魤	魚	15	
魥	魚	14	
魦	魚	15	
魧	魚	15	
魨	魚	15	
魩	魚	15	
魪	魚	15	
魫	魚	15	
魬	魚	15	
魭	魚	15	
魮	魚	15	
魯	魚	15	
魰	魚	15	
魱	魚	15	
魲	魚	15	
魳	魚	15	
魴	魚	15	
魵	魚	15	
魶	魚	15	
魷	魚	15	
魸	魚	15	
魹	魚	15	
魺	魚	16	
魻	魚	16	
魼	魚	16	
魽	魚	16	
魾	魚	16	
魿	魚	16	
鮀	魚	16	
鮁	魚	16	
鮂	魚	16	
鮃	魚	16	
鮄	魚	16	
鮅	魚	16	
鮆	魚	17	
鮇	魚	16	
鮈	魚	16	
鮉	魚	16	
鮊	魚	16	
鮋	魚	16	
鮌	魚	16	
鮍	魚	16	
鮎	魚	16	
鮏	魚	16	
鮐	魚	16	
鮑	魚	16	
鮒	魚	16	
鮓	魚	16	
鮔	魚	15	
鮕	魚	16	
鮖	魚	16	
鮗	魚	16	
鮘	魚	16	
鮙	魚	17	
鮚	魚	17	
鮛	魚	17	
鮜	魚	17	
鮝	魚	17	
鮞	魚	17	
鮟	魚	17	
鮠	魚	17	
鮡	魚	17	
鮢	魚	17	
鮣	魚	16	
鮤	魚	17	
鮥	魚	17	
鮦	魚	17	
鮧	魚	17	
鮨	魚	17	
鮩	魚	17	
鮪	魚	17	
鮫	魚	17	
鮬	魚	17	
鮭	魚	17	
鮮	魚	17	
鮯	魚	17	
鮰	魚	17	
鮱	魚	17	
鮲	魚	17	
鮳	魚	17	
鮴	魚	17	
鮵	魚	18	
鮶	魚	18	
鮷	魚	18	
鮸	魚	18	
鮹	魚	18	
鮺	魚	17	
鮻	魚	18	
鮼	魚	18	
鮽	魚	18	
鮾	魚	18	
鮿	魚	18	
鯀	魚	18	
鯁	魚	18	
鯂	魚	18	
鯃	魚	18	
鯄	魚	18	
鯅	魚	17	
鯆	魚	18	
鯇	魚	18	
鯈	魚	17	
鯉	魚	18	
鯊	魚	18	
鯋	魚	18	
鯌	魚	18	
鯍	魚	18	
鯎	魚	17	
鯏	魚	18	
鯐	魚	18	
鯑	魚	18	
鯒	魚	18	
鯓	魚	18	
鯔	魚	19	
鯕	魚	19	
鯖	魚	19	
鯗	魚	18	
鯘	魚	19	
鯙	魚	19	
鯚	魚	19	
鯛	魚	19	
鯜	魚	19	
鯝	魚	19	
鯞	魚	19	
鯟	魚	19	
鯠	魚	19	
鯡	魚	19	
鯢	魚	19	
鯣	魚	19	
鯤	魚	19	
鯥	魚	19	
鯦	魚	19	
鯧	魚	19	
鯨	魚	19	
鯩	魚	19	
鯪	魚	19	
鯫	魚	19	
鯬	魚	19	
鯭	魚	19	
鯮	魚	19	
鯯	魚	19	
鯰	魚	19	
鯱	魚	19	
鯲	魚	19	
鯳	魚	19	
鯴	魚	19	
鯵	魚	19	
鯶	魚	20	
鯷	魚	20	
鯸	魚	20	
鯹	魚	20	
鯺	魚	19	
鯻	魚	20	
鯼	魚	20	
鯽	魚	18	
鯾	魚	20	
鯿	魚	20	
鰀	魚	20	
鰁	魚	20	
鰂	魚	20	
鰃	魚	20	
鰄	魚	20	
鰅	魚	20	
鰆	魚	20	
鰇	魚	20	
鰈	魚	20	
鰉	魚	20	
鰊	魚	20	
鰋	魚	20	
鰌	魚	20	
鰍	魚	20	
鰎	魚	19	
鰏	魚	20	
鰐	魚	20	
鰑	魚	20	
鰒	魚	20	
鰓	魚	20	
鰔	魚	20	
鰕	魚	20	
鰖	魚	20	
鰗	魚	20	
鰘	魚	20	
鰙	魚	19	
鰚	魚	20	
鰛	魚	20	
鰜	魚	21	
鰝	魚	21	
鰞	魚	21	
鰟	魚	21	
鰠	魚	20	
鰡	魚	21	
鰢	魚	21	
鰣	魚	21	
鰤	魚	21	
鰥	魚	21	
鰦	魚	20	
鰧	魚	21	
鰨	魚	21	
鰩	魚	21	
鰪	魚	21	
鰫	魚	21	
鰬	魚	21	
鰭	魚	21	
鰮	魚	21	
鰯	魚	21	
鰰	魚	20	
鰱	魚	21	
鰲	魚	21	
鰳	魚	22	
鰴	魚	22	
鰵	魚	22	
鰶	魚	22	
鰷	魚	21	
鰸	魚	22	
鰹	魚	22	
鰺	魚	22	
鰻	魚	22	
鰼	魚	22	
鰽	魚	22	
鰾	魚	22	
鰿	魚	22	
鱀	魚	20	
鱁	魚	21	
鱂	魚	22	
鱃	魚	21	
鱄	魚	22	
鱅	魚	22	
鱆	魚	22	
鱇	魚	22	
鱈	魚	22	
鱉	魚	22	
鱊	魚	23	
鱋	魚	22	
鱌	魚	22	
鱍	魚	23	
鱎	魚	23	
鱏	魚	23	
鱐	魚	24	
鱑	魚	22	
鱒	魚	23	
鱓	魚	23	
鱔	魚	23	
鱕	魚	23	
鱖	魚	23	
鱗	魚	23	
鱘	魚	23	
鱙	魚	23	
鱚	魚	23	
鱛	魚	23	
鱜	魚	22	
鱝	魚	23	
鱞	魚	24	
鱟	魚	24	
鱠	魚	24	
鱡	魚	24	
鱢	魚	24	
鱣	魚	24	
鱤	魚	24	
鱥	魚	24	
鱦	魚	24	
鱧	魚	24	
鱨	魚	25	
鱩	魚	24	
鱪	魚	23	
鱫	魚	24	
鱬	魚	25	
鱭	魚	25	
鱮	魚	24	
鱯	魚	24	
鱰	魚	24	
鱱	魚	25	
鱲	魚	26	
鱳	魚	26	
鱴	魚	25	
鱵	魚	26	
鱶	魚	25	
鱷	魚	27	
鱸	魚	27	
鱹	魚	28	
鱺	魚	30	
鱻	魚	33	
鱼		8	
鱽		10	
鱾		11	
鱿		12	
鲀		12	
鲁		12	
鲂		12	
鲃		12	
鲄		13	
鲅		13	
鲆		13	
鲇		13	
鲈		13	
鲉		13	
鲊		13	
鲋		13	
鲌		13	
鲍		13	
鲎		13	
鲏		13	
鲐		13	
鲑		14	
鲒		14	
鲓		14	
鲔		14	
鲕		14	
鲖		14	
鲗		14	
鲘		14	
鲙		14	
鲚		14	
鲛		14	
鲜		14	
鲝		14	
鲞		14	
鲟		14	
鲠		15	
鲡		15	
鲢		15	
鲣		15	
鲤		15	
鲥		15	
鲦		15	
鲧		15	
鲨		15	
鲩		15	
鲪		15	
鲫		15	
鲬		15	
鲭		16	
鲮		16	
鲯		16	
鲰		16	
鲱		16	
鲲		16	
鲳		16	
鲴		16	
鲵		16	
鲶		16	
鲷		16	
鲸		16	
鲹		16	
鲺		16	
鲻		16	
鲼		17	
鲽		17	
鲾		17	
鲿		17	
鳀		17	
鳁		17	
鳂		17	
鳃		17	
鳄		17	
鳅		17	
鳆		17	
鳇		17	
鳈		17	
鳉		17	
鳊		17	
鳋		17	
鳌		18	
鳍		18	
鳎		18	
鳏		18	
鳐		18	
鳑		18	
鳒		18	
鳓		19	
鳔		19	
鳕		19	
鳖		19	
鳗		19	
鳘		19	
鳙		19	
鳚		19	
鳛		19	
鳜		20	
鳝		20	
鳞		20	
鳟		20	
鳠		21	
鳡		21	
鳢		21	
鳣		21	
鳤		22	
鳥	鳥	11	
鳦	鳥	12	
鳧	鳥	13	
鳨	鳥	13	
鳩	鳥	13	
鳪	鳥	13	
鳫	鳥	13	
鳬	鳥	9	
鳭	鳥	13	
鳮	鳥	13	
鳯	鳥	13	
鳰	鳥	13	
鳱	鳥	14	
鳲	鳥	14	
鳳	鳥	14	
鳴	鳥	14	
鳵	鳥	14	
鳶	鳥	14	
鳷	鳥	15	
鳸	鳥	15	
鳹	鳥	15	
鳺	鳥	15	
鳻	鳥	15	
鳼	鳥	15	
鳽	鳥	15	
鳾	鳥	15	
鳿	鳥	15	
鴀	鳥	15	
鴁	鳥	15	
鴂	鳥	15	
鴃	鳥	15	
鴄	鳥	15	
鴅	鳥	15	
鴆	鳥	15	
鴇	鳥	15	
鴈	鳥	15	
鴉	鳥	15	
鴊	鳥	16	
鴋	鳥	15	
鴌	鳥	15	
鴍	鳥	15	
鴎	鳥	15	
鴏	鳥	16	
鴐	鳥	16	
鴑	鳥	16	
鴒	鳥	16	
鴓	鳥	16	
鴔	鳥	15	
鴕	鳥	16	
鴖	鳥	16	
鴗	鳥	16	
鴘	鳥	16	
鴙	鳥	16	
鴚	鳥	16	
鴛	鳥	16	
鴜	鳥	17	
鴝	鳥	16	
鴞	鳥	16	
鴟	鳥	16	
鴠	鳥	16	
鴡	鳥	16	
鴢	鳥	16	
鴣	鳥	16	
鴤	鳥	16	
鴥	鳥	16	
鴦	鳥	16	
鴧	鳥	16	
鴨	鳥	16	
鴩	鳥	16	
鴪	鳥	16	
鴫	鳥	16	
鴬	鳥	16	
鴭	鳥	17	
鴮	鳥	17	
鴯	鳥	17	
鴰	鳥	17	
鴱	鳥	16	
鴲	鳥	17	
鴳	鳥	17	
鴴	鳥	17	
鴵	鳥	17	
鴶	鳥	17	
鴷	鳥	17	
鴸	鳥	17	
鴹	鳥	17	
鴺	鳥	17	
鴻	鳥	17	
鴼	鳥	17	
鴽	鳥	17	
鴾	鳥	17	
鴿	鳥	17	
鵀	鳥	17	
鵁	鳥	17	
鵂	鳥	17	
鵃	鳥	17	
鵄	鳥	17	
鵅	鳥	17	
鵆	鳥	17	
鵇	鳥	17	
鵈	鳥	17	
鵉	鳥	17	
鵊	鳥	18	
鵋	鳥	18	
鵌	鳥	18	
鵍	鳥	18	
鵎	鳥	18	
鵏	鳥	18	
鵐	鳥	18	
鵑	鳥	18	
鵒	鳥	18	
鵓	鳥	18	
鵔	鳥	18	
鵕	鳥	18	
鵖	鳥	16	
鵗	鳥	18	
鵘	鳥	18	
鵙	鳥	18	
鵚	鳥	18	
鵛	鳥	18	
鵜	鳥	18	
鵝	鳥	18	
鵞	鳥	18	
鵟	鳥	18	
鵠	鳥	18	
鵡	鳥	19	
鵢	鳥	18	
鵣	鳥	18	
鵤	角	18	
鵥	鳥	18	
鵦	鳥	19	
鵧	鳥	17	
鵨	鳥	19	
鵩	鳥	19	
鵪	鳥	19	
鵫	鳥	19	
鵬	鳥	19	
鵭	鳥	19	
鵮	鳥	19	
鵯	鳥	19	
鵰	鳥	19	
鵱	鳥	19	
鵲	鳥	19	
鵳	鳥	19	
鵴	鳥	19	
鵵	鳥	19	
鵶	鳥	19	
鵷	鳥	19	
鵸	鳥	19	
鵹	鳥	19	
鵺	鳥	19	
鵻	鳥	19	
鵼	鳥	19	
鵽	鳥	19	
鵾	鳥	19	
鵿	鳥	19	
鶀	鳥	19	
鶁	鳥	19	
鶂	鳥	19	
鶃	鳥	19	
鶄	鳥	19	
鶅	鳥	19	
鶆	鳥	19	
鶇	鳥	19	
鶈	鳥	19	
鶉	鳥	19	
鶊	鳥	19	
鶋	鳥	19	
鶌	鳥	19	
鶍	鳥	19	
鶎	鳥	19	
鶏	鳥	19	
鶐	鳥	19	
鶑	鳥	19	
鶒	鳥	20	
鶓	鳥	19	
鶔	鳥	20	
鶕	鳥	20	
鶖	鳥	20	
鶗	鳥	20	
鶘	鳥	20	
鶙	鳥	20	
鶚	鳥	20	
鶛	鳥	20	
鶜	鳥	19	
鶝	鳥	20	
鶞	鳥	20	
鶟	鳥	20	
鶠	鳥	20	
鶡	鳥	20	
鶢	鳥	20	
鶣	鳥	20	
鶤	鳥	20	
鶥	鳥	20	
鶦	鳥	20	
鶧	鳥	19	
鶨	鳥	20	
鶩	鳥	20	
鶪	鳥	20	
鶫	鳥	20	
鶬	鳥	21	
鶭	鳥	21	
鶮	鳥	21	
鶯	鳥	21	
鶰	鳥	21	
鶱	鳥	21	
鶲	鳥	21	
鶳	鳥	21	
鶴	鳥	21	
鶵	鳥	21	
鶶	鳥	21	
鶷	鳥	21	
鶸	鳥	21	
鶹	鳥	21	
鶺	鳥	21	
鶻	鳥	20	
鶼	鳥	21	
鶽	鳥	21	
鶾	鳥	21	
鶿	鳥	20	
鷀	鳥	20	
鷁	鳥	21	
鷂	鳥	21	
鷃	鳥	21	
鷄	鳥	21	
鷅	鳥	21	
鷆	鳥	21	
鷇	鳥	21	
鷈	鳥	21	
鷉	鳥	21	
鷊	鳥	21	
鷋	鳥	21	
鷌	鳥	21	
鷍	鳥	21	
鷎	鳥	21	
鷏	鳥	21	
鷐	鳥	22	
鷑	鳥	22	
鷒	鳥	22	
鷓	鳥	22	
鷔	鳥	21	
鷕	鳥	22	
鷖	鳥	22	
鷗	鳥	22	
鷘	鳥	22	
鷙	鳥	22	
鷚	鳥	22	
鷛	鳥	22	
鷜	鳥	22	
鷝	鳥	21	
鷞	鳥	22	
鷟	鳥	22	
鷠	魚	22	
鷡	鳥	23	
鷢	鳥	23	
鷣	鳥	23	
鷤	鳥	23	
鷥	鳥	23	
鷦	鳥	23	
鷧	鳥	23	
鷨	鳥	21	
鷩	鳥	22	
鷪	鳥	23	
鷫	鳥	24	
鷬	鳥	22	
鷭	鳥	23	
鷮	鳥	23	
鷯	鳥	23	
鷰	鳥	23	
鷱	鳥	23	
鷲	鳥	23	
鷳	鳥	23	
鷴	鳥	23	
鷵	鳥	22	
鷶	鳥	23	
鷷	鳥	23	
鷸	鳥	23	
鷹	鳥	24	
鷺	鳥	24	
鷻	鳥	23	
鷼	鳥	23	
鷽	鳥	24	
鷾	鳥	24	
鷿	鳥	24	
鸀	鳥	24	
鸁	鳥	24	
鸂	鳥	24	
鸃	鳥	24	
鸄	鳥	24	
鸅	鳥	24	
鸆	鳥	24	
鸇	鳥	24	
鸈	鳥	24	
鸉	鳥	24	
鸊	鳥	24	
鸋	鳥	25	
鸌	鳥	24	
鸍	鳥	25	
鸎	鳥	25	
鸏	鳥	24	
鸐	鳥	25	
鸑	鳥	25	
鸒	鳥	24	
鸓	鳥	26	
鸔	鳥	26	
鸕	鳥	27	
鸖	鳥	27	
鸗	鳥	27	
鸘	鳥	28	
鸙	鳥	28	
鸚	鳥	28	
鸛	鳥	28	
鸜	鳥	29	
鸝	鳥	30	
鸞	鳥	30	
鸟		5	
鸠		7	
鸡		7	
鸢		8	
鸣		8	
鸤		8	
鸥		9	
鸦		9	
鸧		9	
鸨		9	
鸩		9	
鸪		10	
鸫		10	
鸬		10	
鸭		10	
鸮		10	
鸯		10	
鸰		10	
鸱		10	
鸲		10	
鸳		10	
鸴		10	
鸵		10	
鸶		10	
鸷		11	
鸸		11	
鸹		11	
鸺		11	
鸻		11	
鸼		11	
鸽		11	
鸾		11	
鸿		11	
鹀		12	
鹁		12	
鹂		12	
鹃		12	
鹄		12	
鹅		12	
鹆		12	
鹇		12	
鹈		12	
鹉		13	
鹊		13	
鹋		13	
鹌		13	
鹍		13	
鹎		13	
鹏		13	
鹐		13	
鹑		13	
鹒		13	
鹓		13	
鹔		13	
鹕		14	
鹖		14	
鹗		14	
鹘		14	
鹙		14	
鹚		14	
鹛		14	
鹜		14	
鹝		15	
鹞		15	
鹟		15	
鹠		15	
鹡		15	
鹢		15	
鹣		15	
鹤		15	
鹥		16	
鹦		16	
鹧		16	
鹨		16	
鹩		17	
鹪		17	
鹫		17	
鹬		17	
鹭		18	
鹮		18	
鹯		18	
鹰		18	
鹱		18	
鹲		18	
鹳		22	
鹴		22	
鹵	鹵	11	
鹶	鹵	15	
鹷	鹵	16	
鹸	鹵	19	
鹹	鹵	20	
鹺	鹵	20	
鹻	鹵	21	
鹼	鹵	24	
鹽	鹵	24	
鹾		16	
鹿	鹿	11	
麀	鹿	13	
麁	鹿	13	
麂	鹿	13	
麃	鹿	15	
麄	鹿	15	
麅	鹿	16	
麆	鹿	16	
麇	鹿	16	
麈	鹿	16	
麉	鹿	17	
麊	鹿	17	
麋	鹿	17	
麌	鹿	18	
麍	鹿	18	
麎	鹿	18	
麏	鹿	18	
麐	鹿	18	
麑	鹿	19	
麒	鹿	19	
麓	鹿	19	
麔	鹿	19	
麕	鹿	19	
麖	鹿	19	
麗	鹿	19	
麘	鹿	20	
麙	鹿	20	
麚	鹿	20	
麛	鹿	20	
麜	鹿	21	
麝	鹿	21	
麞	鹿	22	
麟	鹿	23	
麠	鹿	24	
麡	鹿	25	
麢	鹿	28	
麣	鹿	30	
麤	鹿	33	
麥	麥	11	
麦		7	
麧	麥	14	
麨	麥	15	
麩	麥	15	
麪	麥	15	
麫	麥	15	
麬	麥	16	
麭	麥	16	
麮	麥	16	
麯	麥	17	
麰	麥	17	
麱	麥	18	
麲	麥	18	
麳	麥	19	
麴	麥	19	
麵	麥	20	
麶	麥	21	
麷	麥	29	
麸		11	
麹		15	
麺		16	
麻	麻	11	
麼	麻	14	
麽	麻	14	
麾	麻	15	
麿	麻	17	
黀	麻	19	
黁	麻	20	
黂	麻	23	
黃	黃	12	
黄	黃	11	
黅	黃	15	
黆	黃	15	
黇	黃	16	
黈	黃	16	
黉	黃	16	
黊	黃	17	
黋	黃	17	
黌	黃	24	
黍	黍	12	
黎	黍	15	
黏	黍	17	
黐	黍	22	
黑	黑	12	
黒	黑	11	
黓	黑	15	
黔	黑	16	
黕	黑	16	
黖	黑	16	
黗	黑	16	
默	黑	16	
黙	火	15	
黚	黑	17	
黛	黑	17	
黜	黑	17	
黝	黑	17	
點	黑	17	
黟	黑	18	
黠	黑	18	
黡	黑	18	
黢	黑	19	
黣	黑	19	
黤	黑	20	
黥	黑	20	
黦	黑	20	
黧	黑	20	
黨	黑	20	
黩	黑	20	
黪	黑	20	
黫	黑	21	
黬	黑	21	
黭	黑	21	
黮	黑	21	
黯	黑	21	
黰	黑	22	
黱	黑	22	
黲	黑	23	
黳	黑	23	
黴	黑	23	
黵	黑	25	
黶	黑	26	
黷	黑	27	
黸	黑	28	
黹	黹	12	
黺	黹	16	
黻	黹	17	
黼	黹	19	
黽	黽	13	
黾		8	
黿	黽	17	
鼀	黽	18	
鼁	黽	18	
鼂	黽	18	
鼃	黽	19	
鼄	黽	19	
鼅	黽	21	
鼆	黽	23	
鼇	黽	23	
鼈	黽	24	
鼉	黽	25	
鼊	黽	26	
鼋		12	
鼌		13	
鼍		20	
鼎	鼎	12	
鼏	鼎	14	
鼐	鼎	14	
鼑	鼎	14	
鼒	鼎	15	
鼓	鼓	13	
鼔	鼓	13	
鼕	鼓	18	
鼖	鼓	18	
鼗	鼓	19	
鼘	鼓	22	
鼙	鼓	21	
鼚	鼓	21	
鼛	鼓	21	
鼜	鼓	22	
鼝	鼓	25	
鼞	鼓	24	
鼟	鼓	25	
鼠	鼠	13	
鼡		8	
鼢	鼠	17	
鼣	鼠	17	
鼤	鼠	17	
鼥	鼠	18	
鼦	鼠	18	
鼧	鼠	18	
鼨	鼠	18	
鼩	鼠	18	
鼪	鼠	18	
鼫	鼠	18	
鼬	鼠	18	
鼭	鼠	19	
鼮	鼠	19	
鼯	鼠	20	
鼰	鼠	20	
鼱	鼠	21	
鼲	鼠	22	
鼳	鼠	22	
鼴	鼠	22	
鼵	鼠	22	
鼶	鼠	23	
鼷	鼠	23	
鼸	鼠	23	
鼹	鼠	23	
鼺	鼠	28	
鼻	鼻	14	
鼼	鼻	16	
鼽	鼻	16	
鼾	鼻	17	
鼿	鼻	17	
齀	鼻	18	
齁	鼻	19	
齂	鼻	22	
齃	鼻	23	
齄	鼻	23	
齅	鼻	24	
齆	鼻	24	
齇	鼻	25	
齈	鼻	27	
齉	鼻	36	
齊	齊	14	
齋	齊	17	
齌	齊	18	
齍	齊	19	
齎	齊	21	
齏	齊	23	
齐		6	
齑		15	
齒	齒	15	
齓	齒	16	
齔	齒	17	
齕	齒	18	
齖	齒	19	
齗	齒	19	
齘	齒	19	
齙	齒	20	
齚	齒	20	
齛	齒	20	
齜	齒	21	
齝	齒	20	
齞	齒	20	
齟	齒	20	
齠	齒	20	
齡	齒	20	
齢		17	
齣	齒	20	
齤	齒	21	
齥	齒	21	
齦	齒	21	
齧	齒	21	
齨	齒	21	
齩	齒	21	
齪	齒	22	
齫	齒	22	
齬	齒	22	
齭	齒	23	
齮	齒	23	
齯	齒	23	
齰	齒	23	
齱	齒	23	
齲	齒	24	
齳	齒	24	
齴	齒	24	
齵	齒	24	
齶	齒	24	
齷	齒	24	
齸	齒	25	
齹	齒	24	
齺	齒	25	
齻	齒	25	
齼	齒	28	
齽	齒	28	
齾	齒	35	
齿		8	
龀		10	
龁		11	
龂		12	
龃		13	
龄		13	
龅		13	
龆		13	
龇		14	
龈		14	
龉		15	
龊		15	
龋		17	
龌		17	
龍	龍	16	
龎	龍	18	
龏	龍	19	
龐	广	19	
龑	龍	20	
龒	龍	21	
龓	龍	22	
龔	龍	22	
龕	龍	22	
龖	龍	32	
龗	龍	33	
龘	龍	48	
龙		5	
龚		11	
龛		11	
龜	龜	17	
龝	龜	22	
龞	龜	28	
龟		7	
龠	龠	17	
龡	龠	21	
龢	龠	22	
龣	龠	25	
龤	龠	26	
龥	龠	26	
龦	火	15	
龧	日	16	
龨	匚	10	
龩	艸	17	
龪	走	9	
龫	車	12	
龬	金	16	
龭	馬	21	
龮	馬	27	
龯	金	13	
龰	止	4	
龱	囗	5	
龲	金	18	
龳	土	16	
龴	乙	2	
龵	手	3	
龶	土	4	
龷	艸	5	
龸	小	5	
龹	八	6	
龺	十	8	
龻	言	19	
龼	土	17	
龽	火	15	
龾	皮	13	
龿	艸	11	
鿀	艸	21	
鿁	言	13	
鿂	車	18	
鿃	目	12	
鿄	木	10	
鿅	示	17	
鿆	示	8	
鿇	人	8	
鿈	彳	7	
鿉	彳	7	
鿊	艸	11	
鿋	衣	17	
鿌	水	12	
鿍	土	9	
鿎	石	11	
鿏		12	
鿐	魚	21	
鿑	冫	7	
鿒	艸	9	
鿓	艸	12	
鿔		15	
鿕		12	
鿖	一	7	
鿗	一	9	
鿘	人	12	
鿙	人	13	
鿚	人	16	
鿛	冫	24	
鿜	手	22	
鿝	木	27	
鿞	歹	20	
鿟	禾	12	
鿠	禾	21	
鿡	网	33	
鿢	耳	14	
鿣	耳	15	
鿤	耳	18	
鿥	艮	22	
鿦	艸	23	
鿧	阜	25	
鿨	雨	27	
鿩	魚	29	
鿪	火	17	
鿫	气	16	
鿬	石	10	
鿭		10	
鿮	广	13	
鿯	米	16	
鿰	水	15	
鿱	玉	8	
鿲	豆	14	
鿳	魚	22	
鿴		13	
鿵		15	
鿶		15	
鿷		17	
鿸		19	
鿹		19	
鿺		12	
鿻	鼠	18	
鿼	鼠	18	
鿽	口	13	
鿾	土	12	
鿿	水	14	
豈	豆	10	
更	曰	7	
車	車	7	
賈	貝	13	
滑	水	12	
串	丨	7	
句	口	5	
龜	龜	16	
龜	龜	16	
契	大	9	
金	金	8	
喇	口	12	
奈	大	8	
懶	心	19	
癩	疒	21	
羅	网	19	
蘿	艸	22	
螺	虫	17	
裸	衣	13	
邏	辵	22	
樂	木	15	
洛	水	9	
烙	火	10	
珞	玉	10	
落	艸	12	
酪	酉	13	
駱	馬	16	
亂	乙	13	
卵	卩	7	
欄	木	21	
爛	火	21	
蘭	艸	20	
鸞	鳥	30	
嵐	山	12	
濫	水	17	
藍	艸	17	
襤	衣	19	
拉	手	8	
臘	肉	19	
蠟	虫	21	
廊	广	13	
朗	月	11	
浪	水	10	
狼	犬	10	
郎	邑	9	
來	人	8	
冷	冫	7	
勞	力	12	
擄	手	16	
櫓	木	19	
爐	火	20	
盧	皿	16	
老	老	6	
蘆	艸	19	
虜	虍	12	
路	足	13	
露	雨	21	
魯	魚	15	
鷺	鳥	24	
碌	石	13	
祿	示	13	
綠	糸	14	
菉	艸	11	
錄	金	16	
鹿	鹿	11	
論	言	15	
壟	土	19	
弄	廾	7	
籠	竹	22	
聾	耳	22	
牢	牛	7	
磊	石	15	
賂	貝	13	
雷	雨	13	
壘	土	18	
屢	尸	14	
樓	木	15	
淚	水	11	
漏	水	14	
累	糸	11	
縷	糸	17	
陋	阜	9	
勒	力	11	
肋	肉	6	
凜	冫	15	
凌	冫	10	
稜	禾	13	
綾	糸	14	
菱	艸	11	
陵	阜	11	
讀	言	22	
拏	手	9	
樂	木	15	
諾	言	15	
丹	丶	4	
寧	宀	14	
怒	心	9	
率	玄	11	
異	田	11	
北	匕	5	
磻	石	17	
便	人	9	
復	彳	12	
不	一	4	
泌	水	8	
數	攴	15	
索	糸	10	
參	厶	11	
塞	土	13	
省	目	9	
葉	艸	12	
說	言	14	
殺	殳	11	
辰	辰	7	
沈	水	7	
拾	手	9	
若	艸	8	
掠	手	11	
略	田	11	
亮	亠	9	
兩	入	8	
凉	冫	10	
梁	木	11	
糧	米	18	
良	艮	7	
諒	言	15	
量	里	12	
勵	力	16	
呂	口	7	
女	女	3	
廬	广	19	
旅	方	10	
濾	水	18	
礪	石	19	
閭	門	15	
驪	馬	29	
麗	鹿	19	
黎	黍	15	
力	力	2	
曆	日	16	
歷	止	16	
轢	車	22	
年	干	6	
憐	心	15	
戀	心	23	
撚	手	15	
漣	水	13	
煉	火	13	
璉	玉	14	
秊	禾	8	
練	糸	15	
聯	耳	17	
輦	車	15	
蓮	艸	13	
連	辵	10	
鍊	金	17	
列	刀	6	
劣	力	6	
咽	口	9	
烈	火	10	
裂	衣	12	
說	言	14	
廉	广	13	
念	心	8	
捻	手	11	
殮	歹	17	
簾	竹	19	
獵	犬	18	
令	人	5	
囹	囗	8	
寧	宀	14	
嶺	山	17	
怜	心	8	
玲	玉	9	
瑩	玉	15	
羚	羊	11	
聆	耳	11	
鈴	金	13	
零	雨	13	
靈	雨	24	
領	頁	14	
例	人	8	
禮	示	18	
醴	酉	20	
隸	隶	17	
惡	心	12	
了	亅	2	
僚	人	14	
寮	宀	15	
尿	尸	7	
料	斗	10	
樂	木	15	
燎	火	16	
療	疒	17	
蓼	艸	14	
遼	辵	15	
龍	龍	16	
暈	日	13	
阮	阜	7	
劉	刀	15	
杻	木	8	
柳	木	9	
流	水	9	
溜	水	13	
琉	玉	10	
留	田	10	
硫	石	11	
紐	糸	10	
類	頁	19	
六	八	4	
戮	戈	15	
陸	阜	11	
倫	人	10	
崙	山	11	
淪	水	11	
輪	車	15	
律	彳	9	
慄	心	13	
栗	木	10	
率	玄	11	
隆	阜	12	
利	刀	7	
吏	口	6	
履	尸	15	
易	日	8	
李	木	7	
梨	木	11	
泥	水	8	
理	玉	11	
痢	疒	12	
罹	网	16	
裏	衣	13	
裡	衣	12	
里	里	7	
離	隹	18	
匿	匸	10	
溺	水	13	
吝	口	7	
燐	火	16	
璘	玉	16	
藺	艸	19	
隣	阜	15	
鱗	魚	23	
麟	鹿	23	
林	木	8	
淋	水	11	
臨	臣	17	
立	立	5	
笠	竹	11	
粒	米	11	
狀	犬	8	
炙	火	8	
識	言	19	
什	人	4	
茶	艸	9	
刺	刀	8	
切	刀	4	
度	广	8	
拓	手	8	
糖	米	16	
宅	宀	6	
洞	水	9	
暴	日	15	
輻	車	16	
行	行	6	
降	阜	9	
見	見	7	
廓	广	14	
兀	儿	3	
嗀	口	13	
﨎	又	14	
﨏	土	10	
塚	土	13	
﨑	山	12	
晴	日	12	
﨓	木	12	
﨔	木	14	
凞	冫	15	
猪	犬	12	
益	皿	10	
礼	示	6	
神	示	10	
祥	示	11	
福	示	14	
靖	靑	13	
精	米	14	
羽	羽	6	
﨟	艸	16	
蘒	艸	24	
﨡	虫	11	
諸	言	16	
﨣	走	11	
﨤	辵	6	
逸	辵	11	
都	邑	12	
﨧	金	15	
﨨	金	16	
﨩	阜	13	
飯	食	13	
飼	食	14	
館	食	17	
鶴	鳥	22	
郞	邑	10	
隷	隶	16	
侮	人	9	
僧	人	14	
免	儿	7	
勉	力	9	
勤	力	12	
卑	十	8	
喝	口	12	
嘆	口	13	
器	口	16	
塀	土	14	
墨	土	15	
層	尸	15	
屮	屮	3	
悔	心	10	
慨	心	14	
憎	心	15	
懲	心	19	
敏	攴	11	
既	无	11	
暑	日	13	
梅	木	11	
海	水	10	
渚	水	12	
漢	水	13	
煮	火	13	
爫	爪	4	
琢	玉	12	
碑	石	13	
社	示	8	
祉	示	9	
祈	示	9	
祐	示	10	
祖	示	10	
祝	示	10	
禍	示	13	
禎	示	14	
穀	禾	15	
突	穴	9	
節	竹	14	
練	糸	15	
縉	糸	16	
繁	糸	17	
署	网	14	
者	老	9	
臭	自	10	
艹	艸	4	
艹	艸	4	
著	艸	12	
褐	衣	14	
視	見	12	
謁	言	16	
謹	言	17	
賓	貝	14	
贈	貝	19	
辶	辵	3	
逸	辵	11	
難	隹	18	
響	音	22	
頻	頁	16	
恵	心	11	
𤋮	火	13	
舘	口	16	
並	一	9	
况	冫	7	
全	入	6	
侀	人	10	
充	儿	5	
冀	八	16	
勇	力	9	
勺	勹	3	
喝	口	11	
啕	口	11	
喙	口	12	
嗢	口	12	
塚	土	12	
墳	土	16	
奄	大	8	
奔	大	9	
婢	女	10	
嬨	女	17	
廒	广	13	
廙	广	14	
彩	彡	10	
徭	彳	12	
惘	心	11	
慎	心	12	
愈	心	13	
憎	心	14	
慠	心	13	
懲	心	18	
戴	戈	17	
揄	手	12	
搜	手	12	
摒	手	12	
敖	攴	10	
晴	日	12	
朗	月	10	
望	月	11	
杖	木	8	
歹	歹	4	
殺	殳	10	
流	水	9	
滛	水	12	
滋	水	13	
漢	水	13	
瀞	水	19	
煮	火	12	
瞧	目	17	
爵	爪	17	
犯	犬	6	
猪	犬	11	
瑱	玉	14	
甆	瓦	14	
画	田	8	
瘝	疒	14	
瘟	疒	14	
益	皿	10	
盛	皿	12	
直	目	8	
睊	目	11	
着	目	11	
磌	石	15	
窱	穴	15	
節	竹	13	
类	米	10	
絛	糸	12	
練	糸	14	
缾	缶	14	
者	老	8	
荒	艸	9	
華	艸	9	
蝹	虫	16	
襁	衣	16	
覆	襾	18	
視	示	11	
調	言	15	
諸	言	15	
請	言	15	
謁	言	15	
諾	言	16	
諭	言	16	
謹	言	16	
變	言	22	
贈	貝	18	
輸	車	16	
遲	辵	14	
醙	酉	16	
鉶	金	16	
陼	阜	11	
難	隹	18	
靖	靑	13	
韛	韋	19	
響	音	20	
頋	頁	14	
頻	頁	17	
鬒	髟	20	
龜	龜	15	
𢡊	心	15	
𢡄	心	15	
𣏕	木	9	
㮝	木	14	
䀘	目	11	
䀹	目	12	
𥉉	目	15	
𥳐	竹	20	
𧻓	走	15	
齃	鼻	22	
龎	龍	18	
𠀀	一	2	
𠀁	一	2	
𠀂	一	2	
𠀃	一	3	
𠀄	一	3	
𠀅	一	3	
𠀆	一	3	
𠀇	一	4	
𠀈	一	4	
𠀉	一	4	
𠀊	一	4	
𠀋	一	4	
𠀌	一	4	
𠀍	一	5	
𠀎	一	5	
𠀏	一	5	
𠀐	一	5	
𠀑	一	5	
𠀒	一	5	
𠀓	一	5	
𠀔	一	5	
𠀕	一	5	
𠀖	一	5	
𠀗	一	5	
𠀘	一	6	
𠀙	一	6	
𠀚	一	6	
𠀛	大	6	
𠀜	一	6	
𠀝	卜	6	
𠀞	一	6	
𠀟	一	6	
𠀠	一	6	
𠀡	一	7	
𠀢	一	7	
𠀣	一	7	
𠀤	一	7	
𠀥	二	7	
𠀦	一	7	
𠀧	一	7	
𠀨	一	7	
𠀩	亅	6	
𠀪	一	7	
𠀫	一	7	
𠀬	一	8	
𠀭	一	8	
𠀮	一	8	
𠀯	囗	8	
𠀰	一	8	
𠀱	一	8	
𠀲	一	8	
𠀳	一	8	
𠀴	一	8	
𠀵	一	9	
𠀶	一	9	
𠀷	口	9	
𠀸	一	9	
𠀹	口	9	
𠀺	一	9	
𠀻	一	9	
𠀼	夊	10	
𠀽	一	10	
𠀾	一	10	
𠀿	一	10	
𠁀	一	10	
𠁁	一	11	
𠁂	一	11	
𠁃	一	11	
𠁄	一	11	
𠁅	一	11	
𠁆	一	12	
𠁇	一	12	
𠁈	一	12	
𠁉	几	12	
𠁊	一	12	
𠁋	一	12	
𠁌	一	13	
𠁍	一	13	
𠁎	一	14	
𠁏	一	14	
𠁐	一	14	
𠁑	一	14	
𠁒	一	14	
𠁓	一	15	
𠁔	一	15	
𠁕	一	16	
𠁖	一	17	
𠁗	一	16	
𠁘	一	16	
𠁙	一	16	
𠁚	一	16	
𠁛	一	16	
𠁜	八	17	
𠁝	一	16	
𠁞	日	17	
𠁟	一	18	
𠁠	一	20	
𠁡	丨	2	
𠁢	丨	2	
𠁣	丨	4	
𠁤	囗	5	
𠁥	丨	5	
𠁦	丨	6	
𠁧	丨	7	
𠁨	丨	7	
𠁩	丨	8	
𠁪	丨	8	
𠁫	丨	8	
𠁬	丨	8	
𠁭	丨	9	
𠁮	丨	9	
𠁯	丨	9	
𠁰	丨	10	
𠁱	丨	10	
𠁲	阜	6	
𠁳	丨	11	
𠁴	丨	12	
𠁵	丨	12	
𠁶	丨	14	
𠁷	口	14	
𠁸	丨	15	
𠁹	丨	18	
𠁺	丨	19	
𠁻	丨	22	
𠁼	丶	3	
𠁽	丶	3	
𠁾	乙	4	
𠁿	丶	4	
𠂀	丶	5	
𠂁	丶	5	
𠂂	丶	6	
𠂃	丶	10	
𠂄	丶	13	
𠂅	丶	16	
𠂆	丿	2	
𠂇	丿	2	
𠂈	丿	2	
𠂉	丿	2	
𠂊	丿	2	
𠂋	丿	3	
𠂌	丿	3	
𠂍	丿	3	
𠂎	丿	3	
𠂏	丿	4	
𠂐	丿	4	
𠂑	丿	4	
𠂒	丿	4	
𠂓	丿	4	
𠂔	丿	5	
𠂕	丿	5	
𠂖	丿	5	
𠂗	丿	5	
𠂘	丿	5	
𠂙	丿	5	
𠂚	丿	5	
𠂛	丿	5	
𠂜	丿	5	
𠂝	丿	5	
𠂞	丿	5	
𠂟	丿	5	
𠂠	丿	5	
𠂡	丿	5	
𠂢	丿	6	
𠂣	丿	6	
𠂤	丿	6	
𠂥	丿	6	
𠂦	丿	6	
𠂧	丿	6	
𠂨	舟	6	
𠂩	丿	6	
𠂪	丿	6	
𠂫	丿	6	
𠂬	厂	6	
𠂭	丿	6	
𠂮	厂	6	
𠂯	丿	7	
𠂰	厂	7	
𠂱	比	7	
𠂲	丿	8	
𠂳	丿	8	
𠂴	丿	9	
𠂵	用	8	
𠂶	丿	8	
𠂷	丿	9	
𠂸	乙	9	
𠂹	丿	10	
𠂺	丿	10	
𠂻	丿	10	
𠂼	丿	10	
𠂽	丿	10	
𠂾	丿	10	
𠂿	丿	11	
𠃀	丿	11	
𠃁	丿	11	
𠃂	丿	11	
𠃃	丿	12	
𠃄	丿	12	
𠃅	丿	14	
𠃆	丿	13	
𠃇	丿	15	
𠃈	丿	23	
𠃉	乙	1	
𠃊	乙	1	
𠃋	乙	1	
𠃌	乙	1	
𠃍	乙	1	
𠃎	乙	1	
𠃏	乙	2	
𠃐	乙	2	
𠃑	乙	1	
𠃒	乙	3	
𠃓	乙	3	
𠃔	乙	3	
𠃕	乙	4	
𠃖	乙	4	
𠃗	乙	4	
𠃘	乙	4	
𠃙	乙	4	
𠃚	乙	4	
𠃛	乙	4	
𠃜	乙	4	
𠃝	乙	4	
𠃞	乙	5	
𠃟	乙	5	
𠃠	乙	5	
𠃡	乙	5	
𠃢	乙	5	
𠃣	乙	5	
𠃤	乙	6	
𠃥	乙	6	
𠃦	乙	6	
𠃧	乙	6	
𠃨	乙	6	
𠃩	乙	7	
𠃪	乙	7	
𠃫	田	7	
𠃬	乙	7	
𠃭	乙	8	
𠃮	乙	8	
𠃯	乙	8	
𠃰	用	8	
𠃱	子	8	
𠃲	乙	9	
𠃳	乙	9	
𠃴	乙	9	
𠃵	乙	9	
𠃶	乙	9	
𠃷	乙	9	
𠃸	乙	10	
𠃹	乙	10	
𠃺	乙	10	
𠃻	乙	10	
𠃼	乙	11	
𠃽	乙	11	
𠃾	乙	11	
𠃿	乙	11	
𠄀	乙	11	
𠄁	乙	11	
𠄂	乙	11	
𠄃	乙	13	
𠄄	乙	13	
𠄅	乙	14	
𠄆	乙	14	
𠄇	乙	14	
𠄈	乙	14	
𠄉	乙	17	
𠄊	乙	19	
𠄋	乙	20	
𠄌	亅	1	
𠄍	亅	2	
𠄎	亅	1	
𠄏	亅	2	
𠄐	亅	2	
𠄑	亅	3	
𠄒	亅	4	
𠄓	亅	4	
𠄔	亅	4	
𠄕	亅	6	
𠄖	亅	7	
𠄗	亅	7	
𠄘	亅	7	
𠄙	亅	8	
𠄚	亅	11	
𠄛	亅	12	
𠄜	亅	15	
𠄝	亅	16	
𠄞	二	2	
𠄟	二	2	
𠄠	二	2	
𠄡	二	4	
𠄢	二	6	
𠄣	二	6	
𠄤	二	6	
𠄥	二	6	
𠄦	二	6	
𠄧	二	6	
𠄨	二	7	
𠄩	二	7	
𠄪	二	7	
𠄫	二	8	
𠄬	二	8	
𠄭	二	8	
𠄮	二	8	
𠄯	二	8	
𠄰	二	9	
𠄱	二	9	
𠄲	二	9	
𠄳	二	9	
𠄴	弓	9	
𠄵	二	10	
𠄶	二	10	
𠄷	二	10	
𠄸	二	10	
𠄹	二	11	
𠄺	二	11	
𠄻	二	12	
𠄼	二	13	
𠄽	二	13	
𠄾	二	13	
𠄿	二	14	
𠅀	二	15	
𠅁	亠	4	
𠅂	亠	5	
𠅃	亠	6	
𠅄	亠	6	
𠅅	亠	6	
𠅆	亠	6	
𠅇	亠	6	
𠅈	亠	7	
𠅉	亠	7	
𠅊	亠	7	
𠅋	亠	7	
𠅌	亠	8	
𠅍	亠	8	
𠅎	亠	8	
𠅏	亠	8	
𠅐	亠	8	
𠅑	亠	8	
𠅒	亠	8	
𠅓	亠	9	
𠅔	亠	9	
𠅕	亠	9	
𠅖	亠	10	
𠅗	夕	10	
𠅘	亠	10	
𠅙	亠	10	
𠅚	亠	10	
𠅛	亠	10	
𠅜	亠	10	
𠅝	亠	10	
𠅞	亠	11	
𠅟	亠	11	
𠅠	亠	11	
𠅡	亠	11	
𠅢	亠	11	
𠅣	亠	11	
𠅤	亠	11	
𠅥	亠	11	
𠅦	亠	11	
𠅧	亠	11	
𠅨	亠	12	
𠅩	亠	12	
𠅪	亠	12	
𠅫	亠	12	
𠅬	亠	12	
𠅭	亠	12	
𠅮	亠	12	
𠅯	亠	12	
𠅰	矢	12	
𠅱	夕	12	
𠅲	亠	12	
𠅳	亠	13	
𠅴	亠	13	
𠅵	亠	13	
𠅶	亠	13	
𠅷	亠	13	
𠅸	亠	13	
𠅹	幺	13	
𠅺	亠	13	
𠅻	亠	13	
𠅼	亠	13	
𠅽	小	13	
𠅾	亠	14	
𠅿	亠	14	
𠆀	亠	13	
𠆁	亠	15	
𠆂	亠	15	
𠆃	亠	15	
𠆄	亠	15	
𠆅	亠	15	
𠆆	亠	15	
𠆇	亠	15	
𠆈	亠	15	
𠆉	亠	15	
𠆊	口	15	
𠆋	亠	16	
𠆌	亠	16	
𠆍	亠	16	
𠆎	亠	16	
𠆏	亠	16	
𠆐	亠	16	
𠆑	亠	16	
𠆒	亠	16	
𠆓	夕	16	
𠆔	亠	16	
𠆕	夕	16	
𠆖	亠	16	
𠆗	亠	16	
𠆘	亠	16	
𠆙	夕	17	
𠆚	亠	18	
𠆛	日	18	
𠆜	齊	18	
𠆝	亠	19	
𠆞	亠	21	
𠆟	亠	24	
𠆠	亠	28	
𠆡	亠	29	
𠆢	人	2	
𠆣	人	3	
𠆤	人	3	
𠆥	人	3	
𠆦	人	4	
𠆧	人	4	
𠆨	人	4	
𠆩	人	5	
𠆪	人	5	
𠆫	人	5	
𠆬	人	5	
𠆭	人	5	
𠆮	力	5	
𠆯	人	5	
𠆰	人	5	
𠆱	十	5	
𠆲	广	5	
𠆳	人	5	
𠆴	人	6	
𠆵	人	6	
𠆶	人	6	
𠆷	人	6	
𠆸	人	6	
𠆹	人	6	
𠆺	人	6	
𠆻	人	6	
𠆼	人	6	
𠆽	人	6	
𠆾	人	6	
𠆿	人	6	
𠇀	人	6	
𠇁	人	6	
𠇂	人	6	
𠇃	人	6	
𠇄	人	6	
𠇅	人	6	
𠇆	人	6	
𠇇	人	6	
𠇈	人	6	
𠇉	人	6	
𠇊	人	6	
𠇋	人	6	
𠇌	人	6	
𠇍	人	6	
𠇎	人	6	
𠇏	人	6	
𠇐	人	6	
𠇑	人	6	
𠇒	入	6	
𠇓	人	6	
𠇔	人	6	
𠇕	人	6	
𠇖	人	7	
𠇗	人	7	
𠇘	人	7	
𠇙	人	7	
𠇚	人	7	
𠇛	人	7	
𠇜	人	7	
𠇝	人	7	
𠇞	人	7	
𠇟	人	7	
𠇠	人	7	
𠇡	人	7	
𠇢	人	7	
𠇣	人	7	
𠇤	人	7	
𠇥	人	7	
𠇦	人	7	
𠇧	人	7	
𠇨	人	7	
𠇩	人	7	
𠇪	人	7	
𠇫	人	7	
𠇬	人	7	
𠇭	人	7	
𠇮	人	7	
𠇯	人	7	
𠇰	人	7	
𠇱	人	7	
𠇲	人	7	
𠇳	人	7	
𠇴	人	7	
𠇵	人	7	
𠇶	人	7	
𠇷	人	7	
𠇸	人	7	
𠇹	人	7	
𠇺	人	7	
𠇻	人	7	
𠇼	人	7	
𠇽	人	7	
𠇾	人	7	
𠇿	人	7	
𠈀	人	7	
𠈁	人	7	
𠈂	口	7	
𠈃	人	8	
𠈄	人	8	
𠈅	人	8	
𠈆	人	8	
𠈇	人	8	
𠈈	人	8	
𠈉	人	8	
𠈊	人	8	
𠈋	人	8	
𠈌	人	8	
𠈍	人	8	
𠈎	人	8	
𠈏	人	8	
𠈐	人	8	
𠈑	人	8	
𠈒	人	8	
𠈓	人	8	
𠈔	人	8	
𠈕	人	8	
𠈖	人	8	
𠈗	人	8	
𠈘	人	8	
𠈙	人	8	
𠈚	人	8	
𠈛	人	8	
𠈜	人	8	
𠈝	人	8	
𠈞	人	8	
𠈟	人	8	
𠈠	人	8	
𠈡	人	8	
𠈢	人	8	
𠈣	人	8	
𠈤	小	8	
𠈥	人	8	
𠈦	人	8	
𠈧	人	8	
𠈨	人	8	
𠈩	人	8	
𠈪	人	8	
𠈫	人	8	
𠈬	人	8	
𠈭	人	9	
𠈮	人	9	
𠈯	人	9	
𠈰	人	9	
𠈱	人	9	
𠈲	人	9	
𠈳	人	9	
𠈴	人	9	
𠈵	人	9	
𠈶	人	9	
𠈷	人	9	
𠈸	人	9	
𠈹	人	9	
𠈺	人	9	
𠈻	人	9	
𠈼	人	9	
𠈽	人	9	
𠈾	人	9	
𠈿	人	9	
𠉀	人	9	
𠉁	人	9	
𠉂	人	9	
𠉃	人	9	
𠉄	人	9	
𠉅	人	9	
𠉆	人	9	
𠉇	人	9	
𠉈	人	9	
𠉉	人	9	
𠉊	人	9	
𠉋	人	9	
𠉌	人	9	
𠉍	人	9	
𠉎	人	9	
𠉏	人	9	
𠉐	人	9	
𠉑	人	9	
𠉒	人	9	
𠉓	人	9	
𠉔	人	9	
𠉕	人	9	
𠉖	人	9	
𠉗	人	9	
𠉘	人	9	
𠉙	人	9	
𠉚	人	9	
𠉛	人	9	
𠉜	人	9	
𠉝	人	9	
𠉞	人	9	
𠉟	人	9	
𠉠	人	9	
𠉡	人	9	
𠉢	人	9	
𠉣	人	10	
𠉤	人	10	
𠉥	人	10	
𠉦	人	10	
𠉧	人	10	
𠉨	人	10	
𠉩	人	10	
𠉪	人	10	
𠉫	人	10	
𠉬	人	10	
𠉭	人	10	
𠉮	人	10	
𠉯	人	10	
𠉰	人	10	
𠉱	人	10	
𠉲	人	10	
𠉳	人	10	
𠉴	人	10	
𠉵	人	10	
𠉶	人	10	
𠉷	人	10	
𠉸	人	10	
𠉹	人	10	
𠉺	人	10	
𠉻	人	10	
𠉼	人	10	
𠉽	人	10	
𠉾	人	10	
𠉿	人	10	
𠊀	人	10	
𠊁	人	10	
𠊂	人	10	
𠊃	人	10	
𠊄	人	10	
𠊅	人	10	
𠊆	人	10	
𠊇	人	10	
𠊈	人	10	
𠊉	人	10	
𠊊	人	10	
𠊋	人	10	
𠊌	人	10	
𠊍	人	10	
𠊎	人	10	
𠊏	人	10	
𠊐	人	10	
𠊑	人	10	
𠊒	人	10	
𠊓	人	10	
𠊔	人	10	
𠊕	人	10	
𠊖	人	10	
𠊗	人	10	
𠊘	人	10	
𠊙	人	10	
𠊚	人	10	
𠊛	人	10	
𠊜	人	10	
𠊝	人	10	
𠊞	人	10	
𠊟	人	10	
𠊠	人	10	
𠊡	人	10	
𠊢	人	10	
𠊣	人	10	
𠊤	人	10	
𠊥	人	10	
𠊦	人	10	
𠊧	人	11	
𠊨	人	11	
𠊩	人	11	
𠊪	人	11	
𠊫	人	11	
𠊬	人	11	
𠊭	人	11	
𠊮	人	11	
𠊯	人	11	
𠊰	人	11	
𠊱	人	11	
𠊲	人	11	
𠊳	人	11	
𠊴	人	11	
𠊵	人	11	
𠊶	人	11	
𠊷	人	11	
𠊸	人	11	
𠊹	人	11	
𠊺	人	11	
𠊻	人	11	
𠊼	人	11	
𠊽	人	11	
𠊾	人	11	
𠊿	人	11	
𠋀	人	11	
𠋁	人	11	
𠋂	人	11	
𠋃	人	11	
𠋄	人	11	
𠋅	人	11	
𠋆	人	11	
𠋇	人	11	
𠋈	人	11	
𠋉	人	11	
𠋊	人	11	
𠋋	人	11	
𠋌	人	11	
𠋍	人	11	
𠋎	人	11	
𠋏	人	11	
𠋐	人	11	
𠋑	食	8	
𠋒	人	11	
𠋓	人	11	
𠋔	人	11	
𠋕	人	11	
𠋖	人	11	
𠋗	人	11	
𠋘	人	11	
𠋙	人	11	
𠋚	人	11	
𠋛	人	11	
𠋜	人	11	
𠋝	人	11	
𠋞	人	11	
𠋟	人	10	
𠋠	人	11	
𠋡	人	11	
𠋢	人	11	
𠋣	人	11	
𠋤	人	11	
𠋥	人	11	
𠋦	人	11	
𠋧	人	11	
𠋨	人	11	
𠋩	人	11	
𠋪	人	11	
𠋫	人	11	
𠋬	人	11	
𠋭	人	12	
𠋮	人	12	
𠋯	人	12	
𠋰	人	12	
𠋱	人	12	
𠋲	人	12	
𠋳	人	12	
𠋴	人	12	
𠋵	人	12	
𠋶	人	12	
𠋷	人	12	
𠋸	人	12	
𠋹	人	12	
𠋺	人	12	
𠋻	人	12	
𠋼	人	12	
𠋽	人	12	
𠋾	人	12	
𠋿	人	12	
𠌀	人	12	
𠌁	人	12	
𠌂	人	12	
𠌃	人	12	
𠌄	人	12	
𠌅	人	12	
𠌆	入	12	
𠌇	人	12	
𠌈	人	12	
𠌉	人	12	
𠌊	人	12	
𠌋	人	12	
𠌌	人	12	
𠌍	人	12	
𠌎	人	12	
𠌏	人	12	
𠌐	人	12	
𠌑	人	12	
𠌒	人	12	
𠌓	人	12	
𠌔	人	12	
𠌕	人	12	
𠌖	人	12	
𠌗	人	12	
𠌘	人	12	
𠌙	人	12	
𠌚	人	12	
𠌛	人	12	
𠌜	人	12	
𠌝	人	12	
𠌞	夊	12	
𠌟	白	12	
𠌠	人	12	
𠌡	人	12	
𠌢	人	12	
𠌣	人	12	
𠌤	人	12	
𠌥	人	12	
𠌦	人	12	
𠌧	人	12	
𠌨	人	12	
𠌩	人	12	
𠌪	目	11	
𠌫	人	13	
𠌬	人	13	
𠌭	人	13	
𠌮	人	13	
𠌯	人	13	
𠌰	人	13	
𠌱	人	13	
𠌲	人	13	
𠌳	人	13	
𠌴	人	13	
𠌵	人	13	
𠌶	人	13	
𠌷	人	13	
𠌸	人	13	
𠌹	人	13	
𠌺	人	13	
𠌻	人	13	
𠌼	人	13	
𠌽	人	13	
𠌾	人	13	
𠌿	人	13	
𠍀	人	13	
𠍁	人	13	
𠍂	人	13	
𠍃	人	13	
𠍄	人	13	
𠍅	人	13	
𠍆	人	13	
𠍇	人	13	
𠍈	人	13	
𠍉	人	13	
𠍊	人	13	
𠍋	人	13	
𠍌	人	13	
𠍍	人	13	
𠍎	人	13	
𠍏	人	13	
𠍐	人	13	
𠍑	人	13	
𠍒	人	13	
𠍓	人	13	
𠍔	人	13	
𠍕	人	13	
𠍖	人	13	
𠍗	人	13	
𠍘	人	13	
𠍙	人	13	
𠍚	人	13	
𠍛	人	13	
𠍜	人	13	
𠍝	人	13	
𠍞	人	13	
𠍟	人	13	
𠍠	人	13	
𠍡	人	13	
𠍢	矛	13	
𠍣	人	13	
𠍤	人	13	
𠍥	人	14	
𠍦	人	13	
𠍧	人	13	
𠍨	人	13	
𠍩	人	13	
𠍪	人	13	
𠍫	人	13	
𠍬	人	13	
𠍭	人	14	
𠍮	人	14	
𠍯	人	14	
𠍰	人	14	
𠍱	人	14	
𠍲	人	14	
𠍳	人	14	
𠍴	人	14	
𠍵	人	14	
𠍶	人	14	
𠍷	人	14	
𠍸	人	14	
𠍹	人	14	
𠍺	人	14	
𠍻	人	14	
𠍼	人	14	
𠍽	人	14	
𠍾	人	14	
𠍿	人	14	
𠎀	人	14	
𠎁	人	14	
𠎂	人	14	
𠎃	人	14	
𠎄	人	14	
𠎅	人	14	
𠎆	人	14	
𠎇	人	14	
𠎈	人	14	
𠎉	人	14	
𠎊	人	14	
𠎋	人	14	
𠎌	人	14	
𠎍	人	14	
𠎎	人	14	
𠎏	人	14	
𠎐	人	14	
𠎑	人	14	
𠎒	人	14	
𠎓	人	14	
𠎔	人	14	
𠎕	人	14	
𠎖	人	14	
𠎗	人	14	
𠎘	禸	14	
𠎙	人	14	
𠎚	人	14	
𠎛	爻	14	
𠎜	齒	20	
𠎝	人	14	
𠎞	人	14	
𠎟	人	14	
𠎠	人	14	
𠎡	人	14	
𠎢	人	14	
𠎣	人	14	
𠎤	人	14	
𠎥	人	14	
𠎦	人	14	
𠎧	人	14	
𠎨	人	14	
𠎩	人	14	
𠎪	人	14	
𠎫	人	14	
𠎬	人	14	
𠎭	人	14	
𠎮	人	14	
𠎯	人	14	
𠎰	人	14	
𠎱	人	14	
𠎲	人	14	
𠎳	人	14	
𠎴	人	14	
𠎵	人	13	
𠎶	戈	14	
𠎷	人	15	
𠎸	人	15	
𠎹	人	15	
𠎺	人	15	
𠎻	人	15	
𠎼	人	15	
𠎽	人	15	
𠎾	人	15	
𠎿	人	15	
𠏀	人	15	
𠏁	人	15	
𠏂	人	15	
𠏃	人	15	
𠏄	人	15	
𠏅	人	15	
𠏆	人	15	
𠏇	人	15	
𠏈	人	15	
𠏉	人	15	
𠏊	人	15	
𠏋	人	15	
𠏌	人	15	
𠏍	人	15	
𠏎	人	15	
𠏏	人	15	
𠏐	人	14	
𠏑	人	15	
𠏒	人	16	
𠏓	口	15	
𠏔	人	15	
𠏕	人	15	
𠏖	人	15	
𠏗	人	15	
𠏘	人	15	
𠏙	人	15	
𠏚	人	15	
𠏛	人	15	
𠏜	人	15	
𠏝	人	15	
𠏞	人	15	
𠏟	人	15	
𠏠	人	15	
𠏡	人	15	
𠏢	人	15	
𠏣	人	15	
𠏤	人	15	
𠏥	人	15	
𠏦	人	15	
𠏧	口	15	
𠏨	人	16	
𠏩	人	16	
𠏪	人	16	
𠏫	人	16	
𠏬	人	16	
𠏭	人	16	
𠏮	人	16	
𠏯	人	16	
𠏰	人	16	
𠏱	人	16	
𠏲	人	16	
𠏳	人	16	
𠏴	人	16	
𠏵	人	16	
𠏶	人	16	
𠏷	人	16	
𠏸	人	16	
𠏹	人	16	
𠏺	人	16	
𠏻	人	16	
𠏼	人	16	
𠏽	人	16	
𠏾	人	16	
𠏿	人	16	
𠐀	人	16	
𠐁	人	16	
𠐂	人	16	
𠐃	人	16	
𠐄	人	16	
𠐅	人	16	
𠐆	人	16	
𠐇	人	16	
𠐈	人	17	
𠐉	人	17	
𠐊	人	17	
𠐋	人	17	
𠐌	人	17	
𠐍	人	17	
𠐎	人	17	
𠐏	人	17	
𠐐	人	17	
𠐑	人	17	
𠐒	人	17	
𠐓	人	17	
𠐔	人	17	
𠐕	人	17	
𠐖	人	17	
𠐗	人	17	
𠐘	人	17	
𠐙	人	17	
𠐚	人	17	
𠐛	人	17	
𠐜	言	17	
𠐝	人	17	
𠐞	人	17	
𠐟	人	17	
𠐠	人	17	
𠐡	人	17	
𠐢	人	17	
𠐣	人	18	
𠐤	人	18	
𠐥	人	18	
𠐦	人	18	
𠐧	人	18	
𠐨	人	18	
𠐩	人	18	
𠐪	人	18	
𠐫	人	18	
𠐬	人	18	
𠐭	人	18	
𠐮	人	18	
𠐯	人	18	
𠐰	人	18	
𠐱	人	18	
𠐲	人	18	
𠐳	人	18	
𠐴	人	18	
𠐵	人	18	
𠐶	人	18	
𠐷	人	18	
𠐸	人	18	
𠐹	人	18	
𠐺	人	18	
𠐻	人	19	
𠐼	人	19	
𠐽	人	19	
𠐾	人	19	
𠐿	人	19	
𠑀	人	19	
𠑁	人	19	
𠑂	爻	19	
𠑃	人	19	
𠑄	人	19	
𠑅	人	19	
𠑆	人	19	
𠑇	人	19	
𠑈	人	19	
𠑉	人	19	
𠑊	人	19	
𠑋	人	19	
𠑌	人	19	
𠑍	人	20	
𠑎	人	20	
𠑏	人	20	
𠑐	人	20	
𠑑	人	20	
𠑒	人	20	
𠑓	人	20	
𠑔	人	20	
𠑕	人	20	
𠑖	人	20	
𠑗	人	21	
𠑘	人	21	
𠑙	人	21	
𠑚	人	21	
𠑛	人	21	
𠑜	人	21	
𠑝	人	21	
𠑞	人	20	
𠑟	人	21	
𠑠	人	21	
𠑡	人	21	
𠑢	人	21	
𠑣	人	21	
𠑤	人	22	
𠑥	人	22	
𠑦	人	22	
𠑧	人	22	
𠑨	人	22	
𠑩	人	22	
𠑪	人	23	
𠑫	人	23	
𠑬	人	23	
𠑭	人	23	
𠑮	人	23	
𠑯	人	23	
𠑰	人	24	
𠑱	曰	25	
𠑲	人	26	
𠑳	人	26	
𠑴	虫	29	
𠑵	人	29	
𠑶	儿	4	
𠑷	儿	5	
𠑸	儿	5	
𠑹	儿	6	
𠑺	儿	6	
𠑻	儿	6	
𠑼	儿	6	
𠑽	儿	7	
𠑾	儿	7	
𠑿	儿	7	
𠒀	儿	7	
𠒁	儿	7	
𠒂	儿	7	
𠒃	儿	8	
𠒄	儿	8	
𠒅	儿	8	
𠒆	儿	8	
𠒇	儿	8	
𠒈	儿	8	
𠒉	儿	8	
𠒊	儿	8	
𠒋	儿	8	
𠒌	儿	9	
𠒍	儿	9	
𠒎	儿	9	
𠒏	儿	9	
𠒐	儿	10	
𠒑	儿	10	
𠒒	儿	10	
𠒓	儿	10	
𠒔	儿	10	
𠒕	儿	10	
𠒖	儿	10	
𠒗	儿	11	
𠒘	儿	11	
𠒙	儿	11	
𠒚	儿	11	
𠒛	儿	11	
𠒜	儿	11	
𠒝	儿	11	
𠒞	儿	12	
𠒟	儿	12	
𠒠	儿	12	
𠒡	儿	12	
𠒢	儿	12	
𠒣	儿	12	
𠒤	儿	13	
𠒥	儿	13	
𠒦	儿	13	
𠒧	儿	14	
𠒨	儿	14	
𠒩	儿	14	
𠒪	儿	14	
𠒫	儿	14	
𠒬	儿	14	
𠒭	儿	14	
𠒮	儿	14	
𠒯	儿	14	
𠒰	儿	15	
𠒱	儿	15	
𠒲	儿	15	
𠒳	儿	16	
𠒴	儿	15	
𠒵	儿	15	
𠒶	儿	15	
𠒷	儿	15	
𠒸	儿	16	
𠒹	儿	16	
𠒺	儿	16	
𠒻	儿	16	
𠒼	儿	16	
𠒽	儿	16	
𠒾	儿	16	
𠒿	儿	17	
𠓀	儿	17	
𠓁	儿	17	
𠓂	儿	17	
𠓃	儿	17	
𠓄	儿	17	
𠓅	儿	17	
𠓆	儿	18	
𠓇	儿	17	
𠓈	儿	18	
𠓉	儿	18	
𠓊	儿	18	
𠓋	儿	19	
𠓌	广	19	
𠓍	儿	20	
𠓎	儿	19	
𠓏	儿	20	
𠓐	儿	20	
𠓑	儿	21	
𠓒	儿	21	
𠓓	儿	22	
𠓔	儿	22	
𠓕	儿	23	
𠓖	儿	23	
𠓗	儿	24	
𠓘	儿	24	
𠓙	儿	24	
𠓚	儿	26	
𠓛	入	3	
𠓜	入	4	
𠓝	入	4	
𠓞	入	4	
𠓟	入	5	
𠓠	入	6	
𠓡	入	6	
𠓢	入	6	
𠓣	入	6	
𠓤	入	7	
𠓥	入	7	
𠓦	入	7	
𠓧	入	7	
𠓨	入	7	
𠓩	入	8	
𠓪	入	9	
𠓫	入	9	
𠓬	入	9	
𠓭	入	10	
𠓮	入	10	
𠓯	入	10	
𠓰	入	10	
𠓱	入	11	
𠓲	入	12	
𠓳	入	12	
𠓴	入	13	
𠓵	入	13	
𠓶	入	13	
𠓷	入	13	
𠓸	入	14	
𠓹	入	14	
𠓺	入	14	
𠓻	入	14	
𠓼	入	16	
𠓽	入	17	
𠓾	入	18	
𠓿	入	20	
𠔀	八	3	
𠔁	八	4	
𠔂	八	4	
𠔃	八	4	
𠔄	八	4	
𠔅	八	5	
𠔆	八	5	
𠔇	辵	3	
𠔈	八	6	
𠔉	八	6	
𠔊	八	7	
𠔋	八	7	
𠔌	八	7	
𠔍	八	7	
𠔎	八	7	
𠔏	八	7	
𠔐	八	8	
𠔑	八	8	
𠔒	八	9	
𠔓	八	9	
𠔔	八	9	
𠔕	八	9	
𠔖	八	9	
𠔗	八	9	
𠔘	弓	9	
𠔙	八	10	
𠔚	八	10	
𠔛	八	10	
𠔜	八	11	
𠔝	八	11	
𠔞	八	12	
𠔟	八	12	
𠔠	八	12	
𠔡	八	12	
𠔢	八	12	
𠔣	八	12	
𠔤	八	12	
𠔥	八	12	
𠔦	八	12	
𠔧	八	12	
𠔨	八	13	
𠔩	八	13	
𠔪	八	13	
𠔫	八	13	
𠔬	八	13	
𠔭	八	13	
𠔮	八	13	
𠔯	八	14	
𠔰	八	14	
𠔱	八	14	
𠔲	厶	14	
𠔳	八	16	
𠔴	八	16	
𠔵	八	16	
𠔶	八	18	
𠔷	八	18	
𠔸	八	19	
𠔹	八	19	
𠔺	八	19	
𠔻	臼	64	
𠔼	冂	3	
𠔽	冂	4	
𠔾	冂	4	
𠔿	冂	4	
𠕀	冂	4	
𠕁	冂	5	
𠕂	冂	5	
𠕃	冂	5	
𠕄	冂	5	
𠕅	冂	5	
𠕆	冂	5	
𠕇	冂	5	
𠕈	冂	5	
𠕉	冂	5	
𠕊	冂	5	
𠕋	冂	6	
𠕌	冂	6	
𠕍	冂	6	
𠕎	冂	6	
𠕏	冂	6	
𠕐	冂	7	
𠕑	冂	7	
𠕒	冂	7	
𠕓	冂	7	
𠕔	冂	7	
𠕕	冂	7	
𠕖	冂	8	
𠕗	冂	8	
𠕘	冂	8	
𠕙	冂	8	
𠕚	冂	8	
𠕛	冂	9	
𠕜	冂	9	
𠕝	冂	10	
𠕞	冂	10	
𠕟	冂	10	
𠕠	冂	11	
𠕡	冂	11	
𠕢	冂	11	
𠕣	冂	12	
𠕤	冂	12	
𠕥	冂	12	
𠕦	冂	13	
𠕧	冂	13	
𠕨	冂	14	
𠕩	冂	14	
𠕪	冂	15	
𠕫	心	14	
𠕬	冂	15	
𠕭	冂	16	
𠕮	冂	16	
𠕯	冂	18	
𠕰	冂	18	
𠕱	冂	20	
𠕲	冂	22	
𠕳	冖	4	
𠕴	冖	4	
𠕵	冖	5	
𠕶	冖	5	
𠕷	冖	5	
𠕸	冖	5	
𠕹	冖	6	
𠕺	冖	6	
𠕻	冖	6	
𠕼	冖	6	
𠕽	冖	6	
𠕾	冖	6	
𠕿	冖	6	
𠖀	冖	7	
𠖁	冖	7	
𠖂	冖	7	
𠖃	冖	7	
𠖄	冖	8	
𠖅	冖	8	
𠖆	冖	8	
𠖇	冖	9	
𠖈	冖	9	
𠖉	冖	9	
𠖊	冖	9	
𠖋	冖	9	
𠖌	冖	10	
𠖍	冖	10	
𠖎	冖	10	
𠖏	冖	10	
𠖐	冖	10	
𠖑	冖	10	
𠖒	冖	10	
𠖓	冖	11	
𠖔	冖	12	
𠖕	冖	12	
𠖖	冖	12	
𠖗	冖	12	
𠖘	冖	12	
𠖙	冖	12	
𠖚	冖	13	
𠖛	冖	13	
𠖜	冖	14	
𠖝	冖	14	
𠖞	冖	14	
𠖟	示	14	
𠖠	冖	16	
𠖡	冖	16	
𠖢	冖	17	
𠖣	冖	18	
𠖤	冖	18	
𠖥	冖	18	
𠖦	冖	20	
𠖧	冖	20	
𠖨	冖	20	
𠖩	冖	21	
𠖪	冖	22	
𠖫	冖	23	
𠖬	冫	3	
𠖭	冫	4	
𠖮	冫	5	
𠖯	冫	5	
𠖰	冫	5	
𠖱	冫	6	
𠖲	冫	6	
𠖳	冫	6	
𠖴	冫	6	
𠖵	冫	6	
𠖶	冫	6	
𠖷	冫	7	
𠖸	冫	7	
𠖹	冫	7	
𠖺	冫	7	
𠖻	冫	7	
𠖼	冫	7	
𠖽	冫	7	
𠖾	冫	7	
𠖿	冫	7	
𠗀	冫	8	
𠗁	冫	7	
𠗂	冫	8	
𠗃	冫	8	
𠗄	冫	8	
𠗅	冫	8	
𠗆	冫	8	
𠗇	冫	8	
𠗈	冫	9	
𠗉	冫	9	
𠗊	冫	9	
𠗋	冫	9	
𠗌	冫	9	
𠗍	冫	9	
𠗎	冫	9	
𠗏	冫	9	
𠗐	冫	9	
𠗑	冫	9	
𠗒	冫	9	
𠗓	冫	9	
𠗔	冫	9	
𠗕	冫	9	
𠗖	冫	9	
𠗗	冫	9	
𠗘	冫	10	
𠗙	冫	10	
𠗚	冫	10	
𠗛	冫	10	
𠗜	冫	10	
𠗝	冫	10	
𠗞	冫	10	
𠗟	冫	10	
𠗠	冫	10	
𠗡	冫	10	
𠗢	冫	10	
𠗣	冫	10	
𠗤	冫	10	
𠗥	冫	11	
𠗦	冫	11	
𠗧	冫	11	
𠗨	冫	11	
𠗩	冫	11	
𠗪	冫	11	
𠗫	冫	11	
𠗬	冫	11	
𠗭	冫	11	
𠗮	冫	11	
𠗯	冫	11	
𠗰	冫	11	
𠗱	冫	12	
𠗲	冫	12	
𠗳	冫	12	
𠗴	冫	12	
𠗵	冫	12	
𠗶	冫	12	
𠗷	冫	12	
𠗸	冫	12	
𠗹	冫	12	
𠗺	冫	13	
𠗻	冫	13	
𠗼	冫	13	
𠗽	冫	13	
𠗾	冫	13	
𠗿	冫	13	
𠘀	冫	13	
𠘁	冫	13	
𠘂	冫	13	
𠘃	冫	13	
𠘄	冫	14	
𠘅	冫	14	
𠘆	冫	14	
𠘇	冫	14	
𠘈	冫	14	
𠘉	冫	14	
𠘊	冫	15	
𠘋	冫	15	
𠘌	冫	15	
𠘍	冫	15	
𠘎	冫	15	
𠘏	冫	15	
𠘐	冫	15	
𠘑	冫	15	
𠘒	冫	16	
𠘓	冫	14	
𠘔	冫	16	
𠘕	冫	16	
𠘖	冫	17	
𠘗	冫	17	
𠘘	冫	17	
𠘙	冫	17	
𠘚	冫	17	
𠘛	冫	17	
𠘜	冫	17	
𠘝	冫	18	
𠘞	冫	18	
𠘟	冫	18	
𠘠	冫	18	
𠘡	冫	18	
𠘢	冫	19	
𠘣	冫	19	
𠘤	冫	21	
𠘥	冫	22	
𠘦	冫	26	
𠘧	几	2	
𠘨	几	2	
𠘩	几	4	
𠘪	几	4	
𠘫	几	4	
𠘬	几	4	
𠘭	几	4	
𠘮	几	4	
𠘯	几	4	
𠘰	几	4	
𠘱	几	5	
𠘲	几	5	
𠘳	几	5	
𠘴	几	5	
𠘵	几	6	
𠘶	几	6	
𠘷	几	6	
𠘸	几	6	
𠘹	几	6	
𠘺	几	6	
𠘻	几	6	
𠘼	几	7	
𠘽	几	7	
𠘾	几	7	
𠘿	几	7	
𠙀	几	7	
𠙁	几	7	
𠙂	几	7	
𠙃	几	7	
𠙄	几	7	
𠙅	几	7	
𠙆	几	8	
𠙇	几	8	
𠙈	几	8	
𠙉	几	8	
𠙊	几	8	
𠙋	几	8	
𠙌	几	8	
𠙍	几	8	
𠙎	几	8	
𠙏	几	9	
𠙐	几	9	
𠙑	几	9	
𠙒	几	10	
𠙓	几	10	
𠙔	几	10	
𠙕	几	10	
𠙖	几	10	
𠙗	巛	10	
𠙘	几	11	
𠙙	几	11	
𠙚	夂	11	
𠙛	几	11	
𠙜	几	11	
𠙝	几	11	
𠙞	几	11	
𠙟	几	12	
𠙠	几	12	
𠙡	几	12	
𠙢	几	12	
𠙣	几	12	
𠙤	几	13	
𠙥	几	13	
𠙦	几	13	
𠙧	几	13	
𠙨	几	14	
𠙩	几	14	
𠙪	几	14	
𠙫	几	15	
𠙬	風	15	
𠙭	几	16	
𠙮	几	16	
𠙯	几	16	
𠙰	几	16	
𠙱	几	17	
𠙲	几	20	
𠙳	几	21	
𠙴	凵	2	
𠙵	凵	3	
𠙶	凵	4	
𠙷	凵	4	
𠙸	凵	4	
𠙹	凵	5	
𠙺	凵	5	
𠙻	凵	5	
𠙼	口	5	
𠙽	凵	5	
𠙾	凵	6	
𠙿	凵	6	
𠚀	凵	6	
𠚁	凵	6	
𠚂	凵	6	
𠚃	凵	6	
𠚄	凵	6	
𠚅	凵	6	
𠚆	凵	7	
𠚇	凵	7	
𠚈	凵	7	
𠚉	凵	7	
𠚊	凵	7	
𠚋	凵	8	
𠚌	凵	8	
𠚍	凵	8	
𠚎	凵	9	
𠚏	凵	9	
𠚐	凵	9	
𠚑	面	9	
𠚒	凵	10	
𠚓	凵	10	
𠚔	凵	11	
𠚕	凵	11	
𠚖	凵	11	
𠚗	凵	11	
𠚘	凵	12	
𠚙	凵	14	
𠚚	凵	14	
𠚛	土	15	
𠚜	凵	15	
𠚝	凵	16	
𠚞	凵	17	
𠚟	凵	19	
𠚠	凵	20	
𠚡	凵	21	
𠚢	凵	24	
𠚣	刀	2	
𠚤	刀	3	
𠚥	刀	4	
𠚦	刀	4	
𠚧	刀	4	
𠚨	刀	4	
𠚩	刀	4	
𠚪	刀	4	
𠚫	刀	4	
𠚬	刀	4	
𠚭	刀	5	
𠚮	刀	5	
𠚯	刀	5	
𠚰	刀	5	
𠚱	刀	5	
𠚲	刀	5	
𠚳	刀	5	
𠚴	刀	5	
𠚵	刀	6	
𠚶	刀	5	
𠚷	刀	6	
𠚸	刀	6	
𠚹	刀	6	
𠚺	刀	6	
𠚻	刀	5	
𠚼	刀	6	
𠚽	刀	6	
𠚾	刀	6	
𠚿	刀	6	
𠛀	刀	6	
𠛁	刀	6	
𠛂	刀	6	
𠛃	刀	6	
𠛄	刀	6	
𠛅	刀	6	
𠛆	刀	6	
𠛇	刀	6	
𠛈	刀	6	
𠛉	刀	6	
𠛊	刀	6	
𠛋	刀	6	
𠛌	刀	6	
𠛍	刀	6	
𠛎	刀	7	
𠛏	刀	7	
𠛐	刀	7	
𠛑	刀	7	
𠛒	刀	7	
𠛓	刀	7	
𠛔	刀	7	
𠛕	刀	7	
𠛖	刀	7	
𠛗	刀	7	
𠛘	刀	7	
𠛙	刀	7	
𠛚	刀	7	
𠛛	刀	7	
𠛜	刀	7	
𠛝	刀	7	
𠛞	刀	7	
𠛟	刀	7	
𠛠	刀	7	
𠛡	刀	7	
𠛢	刀	7	
𠛣	刀	7	
𠛤	刀	7	
𠛥	刀	7	
𠛦	刀	7	
𠛧	刀	8	
𠛨	刀	8	
𠛩	刀	8	
𠛪	刀	8	
𠛫	刀	8	
𠛬	刀	8	
𠛭	刀	8	
𠛮	刀	8	
𠛯	刀	8	
𠛰	刀	8	
𠛱	刀	8	
𠛲	刀	8	
𠛳	刀	8	
𠛴	刀	8	
𠛵	刀	8	
𠛶	刀	8	
𠛷	刀	8	
𠛸	刀	8	
𠛹	刀	8	
𠛺	刀	8	
𠛻	刀	8	
𠛼	刀	8	
𠛽	刀	8	
𠛾	刀	8	
𠛿	刀	8	
𠜀	刀	8	
𠜁	刀	8	
𠜂	刀	8	
𠜃	刀	8	
𠜄	刀	8	
𠜅	刀	8	
𠜆	刀	8	
𠜇	刀	8	
𠜈	刀	8	
𠜉	刀	8	
𠜊	刀	8	
𠜋	刀	8	
𠜌	刀	8	
𠜍	刀	8	
𠜎	刀	8	
𠜏	刀	8	
𠜐	刀	9	
𠜑	刀	9	
𠜒	刀	9	
𠜓	刀	9	
𠜔	刀	9	
𠜕	刀	9	
𠜖	刀	9	
𠜗	刀	9	
𠜘	刀	9	
𠜙	刀	9	
𠜚	刀	9	
𠜛	刀	9	
𠜜	刀	9	
𠜝	刀	9	
𠜞	刀	9	
𠜟	刀	9	
𠜠	刀	9	
𠜡	刀	9	
𠜢	刀	9	
𠜣	刀	9	
𠜤	刀	9	
𠜥	刀	9	
𠜦	刀	9	
𠜧	刀	9	
𠜨	刀	9	
𠜩	刀	9	
𠜪	刀	9	
𠜫	刀	9	
𠜬	刀	9	
𠜭	刀	9	
𠜮	刀	9	
𠜯	刀	9	
𠜰	刀	9	
𠜱	刀	10	
𠜲	刀	10	
𠜳	刀	10	
𠜴	刀	10	
𠜵	刀	10	
𠜶	刀	10	
𠜷	刀	10	
𠜸	刀	10	
𠜹	刀	10	
𠜺	刀	10	
𠜻	刀	10	
𠜼	刀	10	
𠜽	刀	10	
𠜾	刀	10	
𠜿	刀	10	
𠝀	刀	10	
𠝁	刀	10	
𠝂	刀	10	
𠝃	刀	10	
𠝄	刀	10	
𠝅	刀	10	
𠝆	刀	10	
𠝇	刀	10	
𠝈	刀	10	
𠝉	刀	10	
𠝊	刀	10	
𠝋	刀	10	
𠝌	刀	10	
𠝍	刀	10	
𠝎	刀	10	
𠝏	刀	10	
𠝐	刀	10	
𠝑	刀	10	
𠝒	刀	10	
𠝓	刀	10	
𠝔	刀	10	
𠝕	刀	10	
𠝖	刀	10	
𠝗	刀	10	
𠝘	刀	10	
𠝙	刀	10	
𠝚	刀	10	
𠝛	刀	10	
𠝜	刀	10	
𠝝	刀	11	
𠝞	刀	11	
𠝟	刀	11	
𠝠	刀	11	
𠝡	刀	11	
𠝢	刀	11	
𠝣	刀	11	
𠝤	刀	11	
𠝥	刀	11	
𠝦	刀	11	
𠝧	刀	11	
𠝨	刀	11	
𠝩	刀	11	
𠝪	刀	11	
𠝫	刀	11	
𠝬	刀	11	
𠝭	刀	11	
𠝮	刀	11	
𠝯	刀	11	
𠝰	刀	11	
𠝱	刀	11	
𠝲	刀	11	
𠝳	刀	11	
𠝴	刀	11	
𠝵	刀	11	
𠝶	刀	10	
𠝷	刀	11	
𠝸	刀	11	
𠝹	刀	11	
𠝺	刀	11	
𠝻	刀	11	
𠝼	刀	11	
𠝽	刀	11	
𠝾	刀	11	
𠝿	刀	12	
𠞀	刀	12	
𠞁	刀	12	
𠞂	刀	12	
𠞃	刀	12	
𠞄	刀	12	
𠞅	刀	12	
𠞆	刀	12	
𠞇	刀	12	
𠞈	刀	12	
𠞉	刀	12	
𠞊	刀	12	
𠞋	刀	12	
𠞌	刀	12	
𠞍	刀	12	
𠞎	刀	12	
𠞏	刀	12	
𠞐	刀	12	
𠞑	刀	12	
𠞒	刀	12	
𠞓	刀	12	
𠞔	刀	12	
𠞕	刀	12	
𠞖	刀	12	
𠞗	刀	12	
𠞘	刀	12	
𠞙	刀	12	
𠞚	刀	12	
𠞛	刀	12	
𠞜	禾	12	
𠞝	刀	12	
𠞞	刀	12	
𠞟	刀	12	
𠞠	刀	12	
𠞡	刀	12	
𠞢	刀	12	
𠞣	刀	12	
𠞤	刀	12	
𠞥	刀	13	
𠞦	刀	13	
𠞧	刀	13	
𠞨	刀	13	
𠞩	刀	13	
𠞪	刀	13	
𠞫	刀	13	
𠞬	刀	13	
𠞭	刀	13	
𠞮	刀	13	
𠞯	刀	13	
𠞰	刀	13	
𠞱	刀	13	
𠞲	刀	13	
𠞳	刀	13	
𠞴	刀	13	
𠞵	刀	13	
𠞶	刀	13	
𠞷	刀	13	
𠞸	刀	13	
𠞹	刀	13	
𠞺	刀	13	
𠞻	刀	13	
𠞼	刀	13	
𠞽	刀	13	
𠞾	刀	13	
𠞿	刀	13	
𠟀	刀	13	
𠟁	刀	13	
𠟂	刀	14	
𠟃	刀	14	
𠟄	刀	14	
𠟅	刀	14	
𠟆	刀	14	
𠟇	刀	14	
𠟈	刀	14	
𠟉	刀	14	
𠟊	刀	14	
𠟋	刀	14	
𠟌	刀	14	
𠟍	刀	14	
𠟎	刀	14	
𠟏	刀	14	
𠟐	刀	14	
𠟑	刀	14	
𠟒	刀	14	
𠟓	刀	14	
𠟔	刀	14	
𠟕	刀	14	
𠟖	刀	14	
𠟗	刀	14	
𠟘	刀	14	
𠟙	刀	14	
𠟚	刀	14	
𠟛	刀	14	
𠟜	刀	14	
𠟝	刀	14	
𠟞	刀	14	
𠟟	刀	14	
𠟠	刀	15	
𠟡	刀	14	
𠟢	刀	14	
𠟣	刀	14	
𠟤	刀	14	
𠟥	刀	14	
𠟦	刀	15	
𠟧	刀	15	
𠟨	刀	15	
𠟩	刀	15	
𠟪	刀	15	
𠟫	刀	15	
𠟬	刀	15	
𠟭	刀	15	
𠟮	刀	15	
𠟯	刀	15	
𠟰	刀	15	
𠟱	刀	15	
𠟲	刀	15	
𠟳	刀	15	
𠟴	刀	15	
𠟵	刀	15	
𠟶	刀	15	
𠟷	刀	15	
𠟸	刀	15	
𠟹	刀	15	
𠟺	刀	16	
𠟻	刀	16	
𠟼	刀	16	
𠟽	刀	16	
𠟾	刀	16	
𠟿	刀	16	
𠠀	刀	16	
𠠁	刀	16	
𠠂	刀	16	
𠠃	刀	16	
𠠄	刀	16	
𠠅	刀	16	
𠠆	刀	16	
𠠇	刀	16	
𠠈	刀	16	
𠠉	刀	16	
𠠊	刀	16	
𠠋	貝	16	
𠠌	刀	17	
𠠍	刀	17	
𠠎	刀	17	
𠠏	刀	17	
𠠐	刀	17	
𠠑	刀	17	
𠠒	刀	17	
𠠓	刀	17	
𠠔	刀	17	
𠠕	刀	17	
𠠖	刀	17	
𠠗	刀	17	
𠠘	刀	17	
𠠙	刀	17	
𠠚	刀	17	
𠠛	刀	18	
𠠜	刀	18	
𠠝	刀	18	
𠠞	刀	18	
𠠟	刀	18	
𠠠	刀	18	
𠠡	刀	19	
𠠢	刀	19	
𠠣	刀	19	
𠠤	刀	20	
𠠥	刀	21	
𠠦	刀	20	
𠠧	刀	20	
𠠨	刀	20	
𠠩	刀	20	
𠠪	刀	21	
𠠫	刀	21	
𠠬	刀	21	
𠠭	刀	21	
𠠮	刀	23	
𠠯	刀	24	
𠠰	刀	26	
𠠱	刀	26	
𠠲	力	3	
𠠳	力	4	
𠠴	力	4	
𠠵	力	4	
𠠶	力	5	
𠠷	力	5	
𠠸	力	5	
𠠹	力	6	
𠠺	力	6	
𠠻	力	6	
𠠼	力	6	
𠠽	力	6	
𠠾	力	6	
𠠿	力	6	
𠡀	力	6	
𠡁	力	6	
𠡂	力	7	
𠡃	力	7	
𠡄	力	7	
𠡅	力	7	
𠡆	力	7	
𠡇	力	7	
𠡈	力	7	
𠡉	力	7	
𠡊	力	7	
𠡋	力	7	
𠡌	力	7	
𠡍	力	7	
𠡎	力	7	
𠡏	力	7	
𠡐	力	7	
𠡑	力	8	
𠡒	力	8	
𠡓	力	8	
𠡔	力	8	
𠡕	力	8	
𠡖	力	8	
𠡗	力	8	
𠡘	力	8	
𠡙	力	8	
𠡚	力	8	
𠡛	力	8	
𠡜	力	8	
𠡝	力	8	
𠡞	力	9	
𠡟	力	9	
𠡠	力	9	
𠡡	力	9	
𠡢	力	9	
𠡣	力	9	
𠡤	力	9	
𠡥	力	9	
𠡦	力	9	
𠡧	力	9	
𠡨	力	9	
𠡩	力	9	
𠡪	力	9	
𠡫	力	10	
𠡬	力	10	
𠡭	力	10	
𠡮	力	10	
𠡯	力	10	
𠡰	力	10	
𠡱	力	10	
𠡲	力	10	
𠡳	力	10	
𠡴	力	10	
𠡵	力	10	
𠡶	力	10	
𠡷	力	10	
𠡸	力	10	
𠡹	力	10	
𠡺	力	10	
𠡻	力	11	
𠡼	力	11	
𠡽	力	11	
𠡾	力	11	
𠡿	力	11	
𠢀	力	11	
𠢁	力	11	
𠢂	力	11	
𠢃	力	11	
𠢄	力	11	
𠢅	力	12	
𠢆	力	12	
𠢇	力	12	
𠢈	力	12	
𠢉	力	12	
𠢊	力	12	
𠢋	力	12	
𠢌	力	12	
𠢍	力	12	
𠢎	力	12	
𠢏	力	12	
𠢐	力	12	
𠢑	力	12	
𠢒	力	12	
𠢓	力	13	
𠢔	力	13	
𠢕	力	13	
𠢖	力	13	
𠢗	力	13	
𠢘	力	13	
𠢙	力	13	
𠢚	力	13	
𠢛	力	13	
𠢜	力	13	
𠢝	力	13	
𠢞	力	13	
𠢟	力	13	
𠢠	力	14	
𠢡	力	14	
𠢢	力	14	
𠢣	力	14	
𠢤	力	14	
𠢥	力	14	
𠢦	力	14	
𠢧	力	14	
𠢨	力	14	
𠢩	力	14	
𠢪	力	14	
𠢫	力	14	
𠢬	力	14	
𠢭	力	14	
𠢮	力	14	
𠢯	力	14	
𠢰	力	15	
𠢱	力	15	
𠢲	力	15	
𠢳	力	15	
𠢴	力	15	
𠢵	力	15	
𠢶	力	16	
𠢷	力	16	
𠢸	力	16	
𠢹	力	17	
𠢺	力	17	
𠢻	力	17	
𠢼	力	17	
𠢽	力	17	
𠢾	力	17	
𠢿	力	17	
𠣀	力	18	
𠣁	力	18	
𠣂	力	18	
𠣃	力	18	
𠣄	力	19	
𠣅	力	19	
𠣆	力	20	
𠣇	力	21	
𠣈	力	23	
𠣉	力	23	
𠣊	力	25	
𠣋	力	34	
𠣌	勹	4	
𠣍	勹	5	
𠣎	勹	5	
𠣏	勹	5	
𠣐	勹	5	
𠣑	勹	6	
𠣒	勹	6	
𠣓	勹	6	
𠣔	勹	7	
𠣕	勹	7	
𠣖	勹	7	
𠣗	勹	7	
𠣘	勹	8	
𠣙	勹	8	
𠣚	勹	8	
𠣛	勹	8	
𠣜	勹	8	
𠣝	勹	8	
𠣞	勹	9	
𠣟	勹	9	
𠣠	勹	9	
𠣡	勹	9	
𠣢	勹	9	
𠣣	勹	9	
𠣤	勹	10	
𠣥	勹	10	
𠣦	勹	10	
𠣧	勹	10	
𠣨	勹	10	
𠣩	勹	10	
𠣪	勹	10	
𠣫	勹	10	
𠣬	勹	10	
𠣭	勹	10	
𠣮	勹	11	
𠣯	勹	11	
𠣰	勹	11	
𠣱	勹	11	
𠣲	勹	11	
𠣳	勹	11	
𠣴	勹	11	
𠣵	勹	12	
𠣶	勹	12	
𠣷	勹	12	
𠣸	勹	13	
𠣹	勹	13	
𠣺	勹	13	
𠣻	勹	13	
𠣼	勹	13	
𠣽	勹	14	
𠣾	勹	14	
𠣿	勹	14	
𠤀	勹	14	
𠤁	勹	14	
𠤂	勹	14	
𠤃	勹	15	
𠤄	勹	16	
𠤅	勹	16	
𠤆	勹	16	
𠤇	勹	16	
𠤈	勹	17	
𠤉	勹	17	
𠤊	勹	17	
𠤋	勹	20	
𠤌	勹	20	
𠤍	勹	20	
𠤎	匕	2	
𠤏	匕	4	
𠤐	匕	5	
𠤑	匕	7	
𠤒	匕	7	
𠤓	匕	7	
𠤔	匕	7	
𠤕	匕	7	
𠤖	匕	8	
𠤗	匕	9	
𠤘	匕	9	
𠤙	匕	9	
𠤚	匕	9	
𠤛	匕	9	
𠤜	匕	9	
𠤝	匕	9	
𠤞	匕	10	
𠤟	匕	10	
𠤠	匕	10	
𠤡	匕	10	
𠤢	一	10	
𠤣	匕	12	
𠤤	匕	12	
𠤥	匕	13	
𠤦	匕	14	
𠤧	匕	14	
𠤨	匕	14	
𠤩	匕	17	
𠤪	匕	18	
𠤫	臼	19	
𠤬	匚	2	
𠤭	匚	4	
𠤮	匚	6	
𠤯	匚	6	
𠤰	匚	6	
𠤱	匚	6	
𠤲	匸	6	
𠤳	匚	7	
𠤴	匚	7	
𠤵	匚	7	
𠤶	匚	7	
𠤷	匚	7	
𠤸	匚	8	
𠤹	匚	8	
𠤺	匚	8	
𠤻	匚	8	
𠤼	匚	9	
𠤽	匚	9	
𠤾	匚	9	
𠤿	匚	9	
𠥀	匚	9	
𠥁	匚	9	
𠥂	匚	9	
𠥃	匸	9	
𠥄	匚	9	
𠥅	匚	9	
𠥆	匚	9	
𠥇	匚	9	
𠥈	匚	9	
𠥉	匚	10	
𠥊	匚	10	
𠥋	匚	10	
𠥌	匚	10	
𠥍	匚	10	
𠥎	匚	11	
𠥏	匚	11	
𠥐	匚	12	
𠥑	匚	12	
𠥒	匚	12	
𠥓	匚	12	
𠥔	匚	12	
𠥕	匚	12	
𠥖	匚	13	
𠥗	匚	13	
𠥘	匚	13	
𠥙	匚	14	
𠥚	匚	14	
𠥛	匚	14	
𠥜	匚	15	
𠥝	匚	15	
𠥞	匚	15	
𠥟	匚	15	
𠥠	匚	15	
𠥡	匚	15	
𠥢	匚	16	
𠥣	匚	16	
𠥤	匚	18	
𠥥	匚	18	
𠥦	匚	19	
𠥧	匚	19	
𠥨	匚	20	
𠥩	匚	20	
𠥪	匚	22	
𠥫	匚	26	
𠥬	匚	30	
𠥭	匸	4	
𠥮	匸	6	
𠥯	匸	6	
𠥰	匸	7	
𠥱	匸	7	
𠥲	匸	7	
𠥳	匸	8	
𠥴	匸	9	
𠥵	匸	9	
𠥶	匸	10	
𠥷	匸	14	
𠥸	匸	20	
𠥹	匸	22	
𠥺	匸	22	
𠥻	十	4	
𠥼	十	4	
𠥽	十	5	
𠥾	十	5	
𠥿	十	4	
𠦀	十	5	
𠦁	十	5	
𠦂	十	6	
𠦃	十	6	
𠦄	十	6	
𠦅	十	6	
𠦆	十	6	
𠦇	十	6	
𠦈	十	6	
𠦉	十	6	
𠦊	十	6	
𠦋	十	6	
𠦌	十	6	
𠦍	十	6	
𠦎	十	6	
𠦏	十	6	
𠦐	十	6	
𠦑	十	7	
𠦒	十	7	
𠦓	十	7	
𠦔	十	7	
𠦕	十	7	
𠦖	十	7	
𠦗	十	7	
𠦘	十	8	
𠦙	十	8	
𠦚	十	8	
𠦛	十	8	
𠦜	十	8	
𠦝	十	8	
𠦞	十	8	
𠦟	十	8	
𠦠	十	8	
𠦡	十	8	
𠦢	十	8	
𠦣	十	10	
𠦤	十	10	
𠦥	十	10	
𠦦	十	10	
𠦧	十	10	
𠦨	十	10	
𠦩	十	10	
𠦪	十	11	
𠦫	十	11	
𠦬	十	11	
𠦭	十	11	
𠦮	十	11	
𠦯	十	11	
𠦰	十	12	
𠦱	十	12	
𠦲	十	12	
𠦳	十	12	
𠦴	十	13	
𠦵	十	13	
𠦶	十	13	
𠦷	十	13	
𠦸	十	13	
𠦹	十	13	
𠦺	十	13	
𠦻	十	13	
𠦼	十	13	
𠦽	十	14	
𠦾	十	14	
𠦿	十	14	
𠧀	十	15	
𠧁	十	15	
𠧂	十	15	
𠧃	十	15	
𠧄	十	15	
𠧅	十	17	
𠧆	十	17	
𠧇	十	17	
𠧈	十	17	
𠧉	十	18	
𠧊	十	18	
𠧋	十	18	
𠧌	十	18	
𠧍	十	18	
𠧎	十	19	
𠧏	十	21	
𠧐	十	25	
𠧑	十	26	
𠧒	卜	3	
𠧓	卜	5	
𠧔	卜	6	
𠧕	卜	6	
𠧖	卜	6	
𠧗	卜	6	
𠧘	卜	6	
𠧙	卜	7	
𠧚	卜	7	
𠧛	卜	7	
𠧜	卜	7	
𠧝	乙	7	
𠧞	卜	8	
𠧟	卜	8	
𠧠	卜	8	
𠧡	卜	8	
𠧢	卜	8	
𠧣	卜	8	
𠧤	卜	8	
𠧥	卜	8	
𠧦	卜	8	
𠧧	卜	8	
𠧨	卜	8	
𠧩	卜	9	
𠧪	卜	9	
𠧫	卜	9	
𠧬	卜	9	
𠧭	卜	9	
𠧮	卜	9	
𠧯	卜	9	
𠧰	卜	9	
𠧱	卜	9	
𠧲	卜	9	
𠧳	卜	10	
𠧴	卜	10	
𠧵	卜	10	
𠧶	卜	10	
𠧷	卜	10	
𠧸	鹵	11	
𠧹	卜	10	
𠧺	卜	11	
𠧻	卜	11	
𠧼	卜	11	
𠧽	卜	11	
𠧾	卜	11	
𠧿	卜	11	
𠨀	卜	12	
𠨁	卜	12	
𠨂	卜	12	
𠨃	夕	12	
𠨄	卜	12	
𠨅	卜	13	
𠨆	卜	14	
𠨇	卜	14	
𠨈	卜	15	
𠨉	卜	15	
𠨊	卜	15	
𠨋	卜	27	
𠨌	卜	33	
𠨍	卩	4	
𠨎	卩	4	
𠨏	卩	4	
𠨐	卩	4	
𠨑	卩	5	
𠨒	卩	6	
𠨓	卩	6	
𠨔	卩	6	
𠨕	卩	6	
𠨖	卩	6	
𠨗	卩	6	
𠨘	卩	7	
𠨙	卩	9	
𠨚	卩	9	
𠨛	卩	9	
𠨜	卩	9	
𠨝	卩	9	
𠨞	卩	10	
𠨟	卩	12	
𠨠	卩	12	
𠨡	卩	12	
𠨢	卩	13	
𠨣	卩	13	
𠨤	卩	13	
𠨥	卩	14	
𠨦	卩	17	
𠨧	卩	18	
𠨨	卩	18	
𠨩	卩	18	
𠨪	卩	18	
𠨫	卩	26	
𠨬	厂	4	
𠨭	厂	5	
𠨮	厂	5	
𠨯	厂	5	
𠨰	厂	5	
𠨱	厂	5	
𠨲	厂	5	
𠨳	厂	5	
𠨴	厂	6	
𠨵	厂	6	
𠨶	厂	6	
𠨷	厂	6	
𠨸	厂	6	
𠨹	厂	6	
𠨺	厂	6	
𠨻	厂	6	
𠨼	厂	6	
𠨽	厂	6	
𠨾	厂	6	
𠨿	厂	6	
𠩀	厂	7	
𠩁	厂	7	
𠩂	厂	7	
𠩃	厂	7	
𠩄	厂	7	
𠩅	厂	7	
𠩆	厂	7	
𠩇	厂	7	
𠩈	厂	7	
𠩉	厂	7	
𠩊	厂	8	
𠩋	厂	8	
𠩌	厂	8	
𠩍	厂	8	
𠩎	厂	8	
𠩏	厂	8	
𠩐	厂	8	
𠩑	厂	8	
𠩒	厂	8	
𠩓	厂	8	
𠩔	厂	8	
𠩕	厂	8	
𠩖	八	8	
𠩗	厂	9	
𠩘	厂	9	
𠩙	厂	9	
𠩚	厂	9	
𠩛	厂	9	
𠩜	厂	9	
𠩝	厂	9	
𠩞	厂	9	
𠩟	厂	9	
𠩠	厂	9	
𠩡	厂	9	
𠩢	厂	9	
𠩣	厂	9	
𠩤	厂	9	
𠩥	厂	9	
𠩦	厂	9	
𠩧	厂	10	
𠩨	厂	10	
𠩩	厂	10	
𠩪	厂	10	
𠩫	厂	10	
𠩬	厂	10	
𠩭	厂	10	
𠩮	厂	10	
𠩯	厂	10	
𠩰	厂	10	
𠩱	厂	10	
𠩲	厂	10	
𠩳	厂	10	
𠩴	厂	10	
𠩵	厂	10	
𠩶	厂	10	
𠩷	厂	10	
𠩸	厂	11	
𠩹	厂	11	
𠩺	厂	11	
𠩻	厂	11	
𠩼	厂	11	
𠩽	厂	11	
𠩾	厂	11	
𠩿	厂	13	
𠪀	厂	11	
𠪁	厂	11	
𠪂	厂	11	
𠪃	厂	11	
𠪄	厂	11	
𠪅	厂	11	
𠪆	厂	11	
𠪇	厂	12	
𠪈	厂	12	
𠪉	厂	12	
𠪊	厂	12	
𠪋	厂	12	
𠪌	厂	12	
𠪍	厂	12	
𠪎	厂	12	
𠪏	厂	12	
𠪐	厂	12	
𠪑	厂	13	
𠪒	厂	13	
𠪓	厂	13	
𠪔	厂	13	
𠪕	厂	13	
𠪖	厂	13	
𠪗	厂	13	
𠪘	厂	13	
𠪙	厂	14	
𠪚	厂	14	
𠪛	厂	14	
𠪜	厂	14	
𠪝	厂	14	
𠪞	厂	14	
𠪟	厂	14	
𠪠	厂	14	
𠪡	厂	14	
𠪢	厂	14	
𠪣	厂	14	
𠪤	厂	14	
𠪥	厂	14	
𠪦	厂	14	
𠪧	厂	14	
𠪨	厂	14	
𠪩	厂	14	
𠪪	厂	14	
𠪫	厂	14	
𠪬	厂	14	
𠪭	厂	15	
𠪮	厂	15	
𠪯	厂	15	
𠪰	厂	15	
𠪱	厂	15	
𠪲	厂	15	
𠪳	厂	15	
𠪴	厂	15	
𠪵	厂	15	
𠪶	厂	15	
𠪷	厂	15	
𠪸	厂	15	
𠪹	瓦	15	
𠪺	厂	16	
𠪻	厂	16	
𠪼	厂	16	
𠪽	厂	16	
𠪾	厂	16	
𠪿	厂	17	
𠫀	厂	18	
𠫁	厂	18	
𠫂	厂	18	
𠫃	厂	18	
𠫄	厂	18	
𠫅	厂	18	
𠫆	厂	18	
𠫇	厂	20	
𠫈	毛	20	
𠫉	厂	21	
𠫊	厂	21	
𠫋	厂	22	
𠫌	厂	23	
𠫍	厂	23	
𠫎	厂	23	
𠫏	厂	24	
𠫐	厂	29	
𠫑	厂	32	
𠫒	厂	33	
𠫓	厶	3	
𠫔	厶	3	
𠫕	厶	3	
𠫖	厶	3	
𠫗	厶	4	
𠫘	厶	4	
𠫙	厶	5	
𠫚	厶	5	
𠫛	厶	5	
𠫜	厶	5	
𠫝	厶	5	
𠫞	厶	6	
𠫟	厶	6	
𠫠	厶	6	
𠫡	厶	6	
𠫢	厶	6	
𠫣	厶	6	
𠫤	厶	6	
𠫥	厶	6	
𠫦	厶	7	
𠫧	厶	7	
𠫨	厶	7	
𠫩	厶	8	
𠫪	厶	8	
𠫫	厶	8	
𠫬	厶	8	
𠫭	厶	8	
𠫮	几	8	
𠫯	厶	8	
𠫰	厶	9	
𠫱	厶	9	
𠫲	厶	9	
𠫳	又	9	
𠫴	厶	9	
𠫵	厶	9	
𠫶	厶	9	
𠫷	厶	9	
𠫸	厶	9	
𠫹	厶	10	
𠫺	厶	10	
𠫻	厶	10	
𠫼	厶	10	
𠫽	厶	11	
𠫾	厶	11	
𠫿	厶	12	
𠬀	厶	12	
𠬁	厶	12	
𠬂	厶	12	
𠬃	厶	12	
𠬄	厶	12	
𠬅	厶	12	
𠬆	厶	13	
𠬇	厶	13	
𠬈	厶	13	
𠬉	厶	13	
𠬊	厶	13	
𠬋	厶	13	
𠬌	厶	13	
𠬍	厶	14	
𠬎	厶	14	
𠬏	厶	14	
𠬐	厶	14	
𠬑	厶	15	
𠬒	厶	15	
𠬓	厶	16	
𠬔	厶	19	
𠬕	厶	17	
𠬖	厶	17	
𠬗	厶	17	
𠬘	厶	19	
𠬙	厶	19	
𠬚	又	4	
𠬛	又	4	
𠬜	又	4	
𠬝	又	4	
𠬞	又	4	
𠬟	又	4	
𠬠	又	4	
𠬡	又	5	
𠬢	又	5	
𠬣	又	5	
𠬤	又	5	
𠬥	又	5	
𠬦	又	5	
𠬧	又	5	
𠬨	又	5	
𠬩	又	6	
𠬪	又	6	
𠬫	又	6	
𠬬	又	6	
𠬭	又	6	
𠬮	又	6	
𠬯	又	6	
𠬰	又	6	
𠬱	又	7	
𠬲	又	7	
𠬳	又	7	
𠬴	又	7	
𠬵	又	7	
𠬶	又	7	
𠬷	又	7	
𠬸	又	7	
𠬹	又	8	
𠬺	又	8	
𠬻	又	8	
𠬼	又	8	
𠬽	又	8	
𠬾	又	8	
𠬿	又	9	
𠭀	又	9	
𠭁	又	9	
𠭂	又	9	
𠭃	又	9	
𠭄	又	9	
𠭅	又	9	
𠭆	又	9	
𠭇	又	9	
𠭈	又	9	
𠭉	卜	9	
𠭊	又	10	
𠭋	又	10	
𠭌	又	10	
𠭍	又	10	
𠭎	又	10	
𠭏	又	10	
𠭐	又	10	
𠭑	又	10	
𠭒	又	10	
𠭓	又	10	
𠭔	又	10	
𠭕	又	11	
𠭖	又	11	
𠭗	又	11	
𠭘	又	11	
𠭙	又	11	
𠭚	又	11	
𠭛	又	11	
𠭜	又	11	
𠭝	又	11	
𠭞	又	11	
𠭟	又	11	
𠭠	又	11	
𠭡	又	11	
𠭢	又	11	
𠭣	又	11	
𠭤	又	11	
𠭥	又	12	
𠭦	又	12	
𠭧	又	12	
𠭨	又	12	
𠭩	又	12	
𠭪	又	12	
𠭫	又	12	
𠭬	又	12	
𠭭	又	12	
𠭮	又	12	
𠭯	又	13	
𠭰	又	13	
𠭱	又	13	
𠭲	又	13	
𠭳	又	13	
𠭴	又	13	
𠭵	又	13	
𠭶	夊	13	
𠭷	又	13	
𠭸	又	13	
𠭹	又	13	
𠭺	又	13	
𠭻	八	14	
𠭼	又	14	
𠭽	又	14	
𠭾	又	14	
𠭿	又	14	
𠮀	又	14	
𠮁	又	14	
𠮂	又	14	
𠮃	又	15	
𠮄	又	15	
𠮅	又	15	
𠮆	又	15	
𠮇	又	16	
𠮈	又	16	
𠮉	又	16	
𠮊	又	16	
𠮋	又	16	
𠮌	又	16	
𠮍	又	17	
𠮎	又	17	
𠮏	又	17	
𠮐	又	18	
𠮑	又	19	
𠮒	又	19	
𠮓	又	21	
𠮔	又	21	
𠮕	又	22	
𠮖	又	23	
𠮗	又	24	
𠮘	又	24	
𠮙	口	4	
𠮚	口	4	
𠮛	口	4	
𠮜	口	4	
𠮝	口	4	
𠮞	口	4	
𠮟	口	5	
𠮠	口	5	
𠮡	口	5	
𠮢	口	5	
𠮣	口	5	
𠮤	口	5	
𠮥	口	5	
𠮦	口	5	
𠮧	口	5	
𠮨	口	5	
𠮩	口	5	
𠮪	口	5	
𠮫	口	6	
𠮬	口	6	
𠮭	口	6	
𠮮	口	6	
𠮯	口	6	
𠮰	口	6	
𠮱	口	6	
𠮲	口	6	
𠮳	口	6	
𠮴	口	6	
𠮵	口	6	
𠮶	口	6	
𠮷	口	6	
𠮸	口	6	
𠮹	口	6	
𠮺	口	6	
𠮻	口	6	
𠮼	口	6	
𠮽	口	6	
𠮾	口	6	
𠮿	口	6	
𠯀	口	6	
𠯁	口	6	
𠯂	口	6	
𠯃	口	6	
𠯄	口	6	
𠯅	口	6	
𠯆	口	6	
𠯇	口	6	
𠯈	口	6	
𠯉	口	6	
𠯊	口	6	
𠯋	口	7	
𠯌	口	7	
𠯍	口	7	
𠯎	口	7	
𠯏	口	7	
𠯐	口	7	
𠯑	口	7	
𠯒	口	7	
𠯓	口	7	
𠯔	口	7	
𠯕	口	7	
𠯖	口	7	
𠯗	口	7	
𠯘	口	7	
𠯙	口	7	
𠯚	口	7	
𠯛	口	7	
𠯜	口	7	
𠯝	口	7	
𠯞	口	7	
𠯟	口	7	
𠯠	口	7	
𠯡	口	7	
𠯢	口	7	
𠯣	口	7	
𠯤	口	7	
𠯥	口	7	
𠯦	口	7	
𠯧	口	7	
𠯨	口	7	
𠯩	口	7	
𠯪	口	7	
𠯫	口	7	
𠯬	口	7	
𠯭	口	7	
𠯮	口	7	
𠯯	口	7	
𠯰	口	7	
𠯱	口	7	
𠯲	口	7	
𠯳	口	7	
𠯴	口	7	
𠯵	口	7	
𠯶	口	7	
𠯷	口	7	
𠯸	口	7	
𠯹	口	7	
𠯺	口	7	
𠯻	口	7	
𠯼	口	7	
𠯽	口	7	
𠯾	口	7	
𠯿	口	7	
𠰀	口	7	
𠰁	口	7	
𠰂	口	7	
𠰃	口	7	
𠰄	口	7	
𠰅	口	7	
𠰆	口	7	
𠰇	口	7	
𠰈	口	8	
𠰉	口	8	
𠰊	口	8	
𠰋	口	8	
𠰌	口	8	
𠰍	口	8	
𠰎	口	8	
𠰏	口	8	
𠰐	口	8	
𠰑	口	8	
𠰒	口	8	
𠰓	口	8	
𠰔	口	8	
𠰕	口	8	
𠰖	口	8	
𠰗	口	8	
𠰘	口	8	
𠰙	口	8	
𠰚	口	8	
𠰛	口	8	
𠰜	口	8	
𠰝	口	8	
𠰞	口	8	
𠰟	口	8	
𠰠	口	8	
𠰡	口	8	
𠰢	口	8	
𠰣	口	8	
𠰤	口	8	
𠰥	口	8	
𠰦	口	8	
𠰧	口	8	
𠰨	口	8	
𠰩	口	8	
𠰪	口	8	
𠰫	口	8	
𠰬	口	8	
𠰭	口	8	
𠰮	口	8	
𠰯	口	8	
𠰰	口	8	
𠰱	口	8	
𠰲	口	8	
𠰳	口	8	
𠰴	口	8	
𠰵	口	8	
𠰶	口	8	
𠰷	口	8	
𠰸	口	8	
𠰹	口	8	
𠰺	口	8	
𠰻	口	8	
𠰼	口	8	
𠰽	口	8	
𠰾	口	8	
𠰿	口	8	
𠱀	口	8	
𠱁	口	8	
𠱂	口	8	
𠱃	口	8	
𠱄	口	8	
𠱅	口	8	
𠱆	口	8	
𠱇	口	8	
𠱈	口	8	
𠱉	口	8	
𠱊	口	8	
𠱋	口	8	
𠱌	口	8	
𠱍	口	8	
𠱎	口	8	
𠱏	口	8	
𠱐	口	9	
𠱑	口	9	
𠱒	口	9	
𠱓	口	9	
𠱔	口	9	
𠱕	口	9	
𠱖	口	9	
𠱗	口	9	
𠱘	口	9	
𠱙	口	9	
𠱚	口	9	
𠱛	口	9	
𠱜	口	9	
𠱝	口	9	
𠱞	口	9	
𠱟	口	9	
𠱠	口	9	
𠱡	口	9	
𠱢	口	9	
𠱣	口	9	
𠱤	口	9	
𠱥	口	9	
𠱦	口	9	
𠱧	口	9	
𠱨	口	9	
𠱩	口	9	
𠱪	口	9	
𠱫	口	9	
𠱬	口	9	
𠱭	口	9	
𠱮	口	9	
𠱯	口	9	
𠱰	口	9	
𠱱	口	9	
𠱲	口	9	
𠱳	口	9	
𠱴	口	9	
𠱵	口	9	
𠱶	口	9	
𠱷	口	9	
𠱸	口	9	
𠱹	口	9	
𠱺	口	9	
𠱻	口	9	
𠱼	口	9	
𠱽	口	9	
𠱾	口	9	
𠱿	口	9	
𠲀	口	9	
𠲁	口	9	
𠲂	口	9	
𠲃	口	9	
𠲄	口	9	
𠲅	口	9	
𠲆	口	9	
𠲇	口	9	
𠲈	口	9	
𠲉	口	9	
𠲊	口	9	
𠲋	口	9	
𠲌	口	9	
𠲍	口	9	
𠲎	口	9	
𠲏	口	9	
𠲐	口	9	
𠲑	口	9	
𠲒	口	9	
𠲓	口	9	
𠲔	口	9	
𠲕	口	9	
𠲖	口	9	
𠲗	口	9	
𠲘	口	9	
𠲙	口	9	
𠲚	口	9	
𠲛	口	9	
𠲜	口	9	
𠲝	口	9	
𠲞	口	9	
𠲟	口	9	
𠲠	口	9	
𠲡	口	9	
𠲢	口	9	
𠲣	口	9	
𠲤	口	9	
𠲥	口	9	
𠲦	口	9	
𠲧	口	9	
𠲨	口	9	
𠲩	口	9	
𠲪	口	9	
𠲫	口	9	
𠲬	口	10	
𠲭	口	10	
𠲮	口	10	
𠲯	口	10	
𠲰	口	10	
𠲱	口	10	
𠲲	口	10	
𠲳	口	10	
𠲴	口	10	
𠲵	口	10	
𠲶	口	10	
𠲷	口	10	
𠲸	口	10	
𠲹	口	10	
𠲺	口	10	
𠲻	口	10	
𠲼	口	10	
𠲽	口	10	
𠲾	口	10	
𠲿	口	10	
𠳀	口	10	
𠳁	口	10	
𠳂	口	10	
𠳃	口	10	
𠳄	口	10	
𠳅	口	10	
𠳆	口	10	
𠳇	口	10	
𠳈	口	10	
𠳉	口	10	
𠳊	口	10	
𠳋	口	10	
𠳌	口	10	
𠳍	口	10	
𠳎	口	10	
𠳏	口	10	
𠳐	口	10	
𠳑	口	10	
𠳒	口	10	
𠳓	口	10	
𠳔	口	10	
𠳕	口	10	
𠳖	口	10	
𠳗	口	10	
𠳘	口	10	
𠳙	口	10	
𠳚	口	10	
𠳛	口	10	
𠳜	口	10	
𠳝	口	10	
𠳞	口	10	
𠳟	口	10	
𠳠	口	10	
𠳡	口	10	
𠳢	口	10	
𠳣	口	10	
𠳤	口	10	
𠳥	口	11	
𠳦	口	10	
𠳧	口	10	
𠳨	口	10	
𠳩	口	10	
𠳪	口	10	
𠳫	用	10	
𠳬	口	10	
𠳭	口	10	
𠳮	口	10	
𠳯	口	10	
𠳰	口	10	
𠳱	口	10	
𠳲	口	10	
𠳳	口	10	
𠳴	口	10	
𠳵	口	10	
𠳶	口	10	
𠳷	口	10	
𠳸	口	10	
𠳹	口	10	
𠳺	口	10	
𠳻	口	10	
𠳼	口	10	
𠳽	口	10	
𠳾	口	10	
𠳿	口	10	
𠴀	口	10	
𠴁	口	10	
𠴂	口	10	
𠴃	口	10	
𠴄	口	10	
𠴅	口	10	
𠴆	口	10	
𠴇	口	10	
𠴈	口	10	
𠴉	口	10	
𠴊	口	10	
𠴋	口	10	
𠴌	口	10	
𠴍	口	10	
𠴎	口	10	
𠴏	口	10	
𠴐	口	10	
𠴑	口	10	
𠴒	口	10	
𠴓	口	10	
𠴔	口	10	
𠴕	口	10	
𠴖	口	10	
𠴗	口	10	
𠴘	口	10	
𠴙	口	10	
𠴚	口	10	
𠴛	口	10	
𠴜	口	10	
𠴝	口	10	
𠴞	口	10	
𠴟	口	10	
𠴠	口	10	
𠴡	口	10	
𠴢	口	10	
𠴣	口	10	
𠴤	口	10	
𠴥	口	10	
𠴦	玉	10	
𠴧	口	11	
𠴨	口	11	
𠴩	口	11	
𠴪	口	11	
𠴫	口	11	
𠴬	口	11	
𠴭	口	11	
𠴮	口	11	
𠴯	口	11	
𠴰	口	11	
𠴱	口	11	
𠴲	口	11	
𠴳	口	11	
𠴴	口	11	
𠴵	口	11	
𠴶	口	11	
𠴷	口	11	
𠴸	口	11	
𠴹	口	11	
𠴺	口	11	
𠴻	口	11	
𠴼	口	11	
𠴽	口	11	
𠴾	口	11	
𠴿	口	11	
𠵀	口	11	
𠵁	口	11	
𠵂	口	11	
𠵃	口	11	
𠵄	口	11	
𠵅	口	11	
𠵆	口	11	
𠵇	口	11	
𠵈	口	11	
𠵉	口	11	
𠵊	口	11	
𠵋	口	11	
𠵌	口	11	
𠵍	口	11	
𠵎	口	11	
𠵏	口	11	
𠵐	口	11	
𠵑	口	11	
𠵒	口	11	
𠵓	口	11	
𠵔	口	11	
𠵕	口	11	
𠵖	口	11	
𠵗	口	11	
𠵘	口	11	
𠵙	口	11	
𠵚	口	11	
𠵛	口	11	
𠵜	口	11	
𠵝	口	11	
𠵞	口	11	
𠵟	口	11	
𠵠	口	11	
𠵡	口	11	
𠵢	口	11	
𠵣	口	11	
𠵤	口	11	
𠵥	口	11	
𠵦	口	11	
𠵧	口	11	
𠵨	口	11	
𠵩	口	11	
𠵪	口	11	
𠵫	口	11	
𠵬	口	11	
𠵭	口	11	
𠵮	口	11	
𠵯	口	11	
𠵰	口	11	
𠵱	口	11	
𠵲	口	11	
𠵳	口	11	
𠵴	口	11	
𠵵	口	11	
𠵶	口	11	
𠵷	口	11	
𠵸	口	11	
𠵹	口	11	
𠵺	口	11	
𠵻	口	11	
𠵼	口	11	
𠵽	口	11	
𠵾	口	11	
𠵿	口	11	
𠶀	口	11	
𠶁	口	11	
𠶂	口	11	
𠶃	口	11	
𠶄	口	11	
𠶅	口	11	
𠶆	口	11	
𠶇	口	11	
𠶈	口	11	
𠶉	口	11	
𠶊	口	11	
𠶋	口	11	
𠶌	口	11	
𠶍	口	11	
𠶎	口	11	
𠶏	口	11	
𠶐	口	11	
𠶑	口	11	
𠶒	口	11	
𠶓	口	11	
𠶔	口	11	
𠶕	口	11	
𠶖	口	11	
𠶗	口	11	
𠶘	口	11	
𠶙	口	11	
𠶚	口	11	
𠶛	口	11	
𠶜	口	11	
𠶝	口	11	
𠶞	口	11	
𠶟	口	11	
𠶠	口	11	
𠶡	口	11	
𠶢	口	11	
𠶣	口	11	
𠶤	口	11	
𠶥	口	11	
𠶦	口	11	
𠶧	口	11	
𠶨	口	11	
𠶩	口	11	
𠶪	口	11	
𠶫	口	11	
𠶬	口	11	
𠶭	口	11	
𠶮	口	11	
𠶯	口	11	
𠶰	口	11	
𠶱	口	11	
𠶲	口	11	
𠶳	口	11	
𠶴	口	11	
𠶵	口	11	
𠶶	口	11	
𠶷	口	12	
𠶸	口	12	
𠶹	口	12	
𠶺	口	12	
𠶻	口	12	
𠶼	口	12	
𠶽	口	12	
𠶾	口	12	
𠶿	口	12	
𠷀	口	12	
𠷁	口	12	
𠷂	口	12	
𠷃	口	12	
𠷄	口	12	
𠷅	口	12	
𠷆	口	12	
𠷇	口	12	
𠷈	口	12	
𠷉	口	12	
𠷊	口	12	
𠷋	口	12	
𠷌	口	12	
𠷍	口	12	
𠷎	口	12	
𠷏	口	12	
𠷐	口	12	
𠷑	口	12	
𠷒	口	12	
𠷓	口	12	
𠷔	口	12	
𠷕	口	12	
𠷖	口	12	
𠷗	口	12	
𠷘	口	12	
𠷙	口	12	
𠷚	口	12	
𠷛	口	12	
𠷜	口	12	
𠷝	口	12	
𠷞	口	12	
𠷟	口	12	
𠷠	口	12	
𠷡	口	12	
𠷢	口	13	
𠷣	口	12	
𠷤	口	12	
𠷥	口	12	
𠷦	口	12	
𠷧	口	12	
𠷨	口	12	
𠷩	口	12	
𠷪	口	12	
𠷫	口	12	
𠷬	口	12	
𠷭	口	12	
𠷮	口	12	
𠷯	口	12	
𠷰	口	12	
𠷱	口	12	
𠷲	口	12	
𠷳	口	12	
𠷴	口	12	
𠷵	口	12	
𠷶	口	12	
𠷷	口	12	
𠷸	口	12	
𠷹	口	12	
𠷺	口	12	
𠷻	口	12	
𠷼	口	12	
𠷽	口	12	
𠷾	口	12	
𠷿	口	12	
𠸀	口	12	
𠸁	口	12	
𠸂	口	12	
𠸃	口	12	
𠸄	口	12	
𠸅	口	12	
𠸆	口	12	
𠸇	口	12	
𠸈	口	12	
𠸉	口	12	
𠸊	口	12	
𠸋	口	12	
𠸌	口	12	
𠸍	口	12	
𠸎	口	12	
𠸏	口	12	
𠸐	口	12	
𠸑	口	12	
𠸒	口	12	
𠸓	口	12	
𠸔	口	12	
𠸕	口	12	
𠸖	口	12	
𠸗	口	12	
𠸘	口	12	
𠸙	口	12	
𠸚	口	12	
𠸛	口	12	
𠸜	口	12	
𠸝	口	12	
𠸞	口	12	
𠸟	口	12	
𠸠	口	12	
𠸡	口	12	
𠸢	口	12	
𠸣	口	12	
𠸤	口	12	
𠸥	口	12	
𠸦	口	12	
𠸧	口	12	
𠸨	口	12	
𠸩	口	12	
𠸪	口	12	
𠸫	口	12	
𠸬	口	12	
𠸭	口	12	
𠸮	口	12	
𠸯	口	12	
𠸰	口	12	
𠸱	口	12	
𠸲	口	12	
𠸳	口	12	
𠸴	口	12	
𠸵	口	12	
𠸶	口	13	
𠸷	口	13	
𠸸	口	13	
𠸹	口	13	
𠸺	口	13	
𠸻	口	12	
𠸼	口	12	
𠸽	口	12	
𠸾	口	12	
𠸿	口	13	
𠹀	口	13	
𠹁	口	13	
𠹂	口	13	
𠹃	口	13	
𠹄	口	13	
𠹅	口	13	
𠹆	口	13	
𠹇	口	13	
𠹈	口	13	
𠹉	口	13	
𠹊	口	13	
𠹋	口	13	
𠹌	口	13	
𠹍	口	13	
𠹎	口	13	
𠹏	口	13	
𠹐	口	13	
𠹑	口	13	
𠹒	口	13	
𠹓	口	13	
𠹔	口	13	
𠹕	口	13	
𠹖	口	13	
𠹗	口	13	
𠹘	口	13	
𠹙	口	13	
𠹚	口	13	
𠹛	口	13	
𠹜	口	13	
𠹝	口	13	
𠹞	口	13	
𠹟	口	13	
𠹠	口	13	
𠹡	口	13	
𠹢	口	13	
𠹣	口	13	
𠹤	口	13	
𠹥	口	13	
𠹦	口	13	
𠹧	口	13	
𠹨	口	13	
𠹩	口	13	
𠹪	口	13	
𠹫	口	13	
𠹬	口	13	
𠹭	口	13	
𠹮	口	13	
𠹯	口	13	
𠹰	口	15	
𠹱	口	15	
𠹲	口	15	
𠹳	口	13	
𠹴	口	13	
𠹵	口	13	
𠹶	口	13	
𠹷	口	13	
𠹸	口	13	
𠹹	口	13	
𠹺	口	13	
𠹻	口	13	
𠹼	口	13	
𠹽	口	13	
𠹾	口	13	
𠹿	口	13	
𠺀	口	13	
𠺁	口	13	
𠺂	口	13	
𠺃	口	13	
𠺄	口	13	
𠺅	口	13	
𠺆	口	13	
𠺇	口	13	
𠺈	口	13	
𠺉	口	13	
𠺊	口	13	
𠺋	口	13	
𠺌	口	13	
𠺍	口	13	
𠺎	口	13	
𠺏	口	13	
𠺐	口	13	
𠺑	口	13	
𠺒	口	13	
𠺓	口	13	
𠺔	口	13	
𠺕	口	13	
𠺖	口	13	
𠺗	口	13	
𠺘	口	13	
𠺙	口	13	
𠺚	口	13	
𠺛	口	13	
𠺜	口	13	
𠺝	口	13	
𠺞	口	13	
𠺟	口	13	
𠺠	口	13	
𠺡	口	13	
𠺢	口	13	
𠺣	口	13	
𠺤	口	13	
𠺥	口	13	
𠺦	口	13	
𠺧	口	13	
𠺨	口	13	
𠺩	口	13	
𠺪	口	13	
𠺫	口	13	
𠺬	口	13	
𠺭	口	13	
𠺮	口	13	
𠺯	口	13	
𠺰	口	13	
𠺱	口	13	
𠺲	口	13	
𠺳	口	13	
𠺴	口	13	
𠺵	口	13	
𠺶	口	13	
𠺷	口	13	
𠺸	口	13	
𠺹	口	13	
𠺺	口	13	
𠺻	口	13	
𠺼	口	13	
𠺽	口	13	
𠺾	口	13	
𠺿	口	13	
𠻀	口	13	
𠻁	口	13	
𠻂	口	13	
𠻃	口	13	
𠻄	口	13	
𠻅	口	13	
𠻆	口	13	
𠻇	口	13	
𠻈	口	13	
𠻉	口	13	
𠻊	口	13	
𠻋	口	13	
𠻌	口	13	
𠻍	口	13	
𠻎	口	13	
𠻏	口	13	
𠻐	口	13	
𠻑	口	13	
𠻒	口	13	
𠻓	口	13	
𠻔	口	14	
𠻕	口	14	
𠻖	口	14	
𠻗	口	14	
𠻘	口	14	
𠻙	口	14	
𠻚	口	14	
𠻛	口	14	
𠻜	口	14	
𠻝	口	14	
𠻞	口	14	
𠻟	口	14	
𠻠	口	14	
𠻡	口	14	
𠻢	口	14	
𠻣	口	14	
𠻤	口	14	
𠻥	口	14	
𠻦	口	14	
𠻧	口	14	
𠻨	口	14	
𠻩	口	14	
𠻪	口	14	
𠻫	口	14	
𠻬	口	14	
𠻭	口	14	
𠻮	口	14	
𠻯	口	14	
𠻰	口	14	
𠻱	口	14	
𠻲	口	14	
𠻳	口	14	
𠻴	口	14	
𠻵	口	14	
𠻶	口	14	
𠻷	口	14	
𠻸	口	14	
𠻹	口	14	
𠻺	口	14	
𠻻	口	14	
𠻼	口	14	
𠻽	口	14	
𠻾	口	14	
𠻿	口	14	
𠼀	口	14	
𠼁	口	14	
𠼂	口	14	
𠼃	口	14	
𠼄	口	14	
𠼅	口	14	
𠼆	口	14	
𠼇	口	14	
𠼈	口	14	
𠼉	口	14	
𠼊	口	14	
𠼋	口	14	
𠼌	口	14	
𠼍	口	14	
𠼎	口	14	
𠼏	口	14	
𠼐	口	14	
𠼑	口	14	
𠼒	口	14	
𠼓	口	14	
𠼔	口	14	
𠼕	口	14	
𠼖	口	14	
𠼗	口	14	
𠼘	口	14	
𠼙	口	14	
𠼚	口	14	
𠼛	口	14	
𠼜	口	14	
𠼝	口	14	
𠼞	口	14	
𠼟	口	14	
𠼠	口	14	
𠼡	口	14	
𠼢	口	14	
𠼣	口	14	
𠼤	口	14	
𠼥	口	14	
𠼦	口	14	
𠼧	口	14	
𠼨	口	14	
𠼩	口	14	
𠼪	口	14	
𠼫	口	14	
𠼬	口	14	
𠼭	口	14	
𠼮	口	14	
𠼯	口	14	
𠼰	口	14	
𠼱	口	14	
𠼲	口	14	
𠼳	口	14	
𠼴	口	14	
𠼵	口	14	
𠼶	口	14	
𠼷	口	14	
𠼸	口	14	
𠼹	口	14	
𠼺	口	14	
𠼻	口	14	
𠼼	口	14	
𠼽	口	14	
𠼾	口	14	
𠼿	口	14	
𠽀	口	14	
𠽁	口	14	
𠽂	口	14	
𠽃	口	14	
𠽄	口	14	
𠽅	口	14	
𠽆	口	14	
𠽇	口	14	
𠽈	口	14	
𠽉	口	14	
𠽊	口	14	
𠽋	口	14	
𠽌	口	14	
𠽍	口	14	
𠽎	口	14	
𠽏	口	14	
𠽐	口	14	
𠽑	口	14	
𠽒	口	14	
𠽓	口	14	
𠽔	口	14	
𠽕	口	14	
𠽖	口	14	
𠽗	口	14	
𠽘	口	14	
𠽙	口	14	
𠽚	口	14	
𠽛	口	14	
𠽜	口	14	
𠽝	口	14	
𠽞	口	14	
𠽟	口	14	
𠽠	口	14	
𠽡	口	15	
𠽢	口	15	
𠽣	口	15	
𠽤	口	15	
𠽥	口	15	
𠽦	口	15	
𠽧	口	15	
𠽨	口	15	
𠽩	口	15	
𠽪	口	15	
𠽫	口	15	
𠽬	口	15	
𠽭	口	15	
𠽮	口	15	
𠽯	口	15	
𠽰	口	15	
𠽱	口	15	
𠽲	口	15	
𠽳	口	15	
𠽴	口	15	
𠽵	口	15	
𠽶	口	15	
𠽷	口	15	
𠽸	口	15	
𠽹	口	15	
𠽺	口	15	
𠽻	口	15	
𠽼	口	15	
𠽽	口	15	
𠽾	口	15	
𠽿	口	15	
𠾀	口	15	
𠾁	口	15	
𠾂	口	15	
𠾃	口	15	
𠾄	口	15	
𠾅	口	15	
𠾆	口	15	
𠾇	口	15	
𠾈	口	15	
𠾉	口	15	
𠾊	口	15	
𠾋	口	15	
𠾌	口	15	
𠾍	口	15	
𠾎	口	15	
𠾏	口	15	
𠾐	口	15	
𠾑	口	15	
𠾒	口	15	
𠾓	口	15	
𠾔	口	15	
𠾕	口	15	
𠾖	口	15	
𠾗	口	15	
𠾘	口	15	
𠾙	口	15	
𠾚	口	15	
𠾛	口	15	
𠾜	口	15	
𠾝	口	15	
𠾞	口	15	
𠾟	口	15	
𠾠	口	15	
𠾡	口	15	
𠾢	口	15	
𠾣	口	15	
𠾤	口	15	
𠾥	口	15	
𠾦	口	15	
𠾧	禸	14	
𠾨	口	15	
𠾩	口	15	
𠾪	口	15	
𠾫	口	15	
𠾬	口	15	
𠾭	口	15	
𠾮	口	15	
𠾯	口	15	
𠾰	口	15	
𠾱	口	15	
𠾲	口	15	
𠾳	口	15	
𠾴	口	15	
𠾵	口	15	
𠾶	口	15	
𠾷	口	15	
𠾸	口	15	
𠾹	口	15	
𠾺	口	15	
𠾻	口	15	
𠾼	口	15	
𠾽	口	15	
𠾾	口	15	
𠾿	口	15	
𠿀	口	15	
𠿁	口	15	
𠿂	口	15	
𠿃	口	15	
𠿄	口	15	
𠿅	口	15	
𠿆	口	15	
𠿇	口	16	
𠿈	口	16	
𠿉	口	16	
𠿊	口	16	
𠿋	口	16	
𠿌	口	16	
𠿍	口	16	
𠿎	口	16	
𠿏	口	16	
𠿐	口	16	
𠿑	口	16	
𠿒	口	16	
𠿓	口	16	
𠿔	口	16	
𠿕	口	16	
𠿖	口	16	
𠿗	口	16	
𠿘	口	16	
𠿙	口	16	
𠿚	口	16	
𠿛	口	16	
𠿜	口	16	
𠿝	口	16	
𠿞	口	16	
𠿟	口	16	
𠿠	口	16	
𠿡	口	16	
𠿢	口	16	
𠿣	口	16	
𠿤	口	16	
𠿥	口	16	
𠿦	口	16	
𠿧	口	16	
𠿨	口	16	
𠿩	口	16	
𠿪	口	16	
𠿫	口	16	
𠿬	口	16	
𠿭	口	16	
𠿮	口	16	
𠿯	口	16	
𠿰	口	16	
𠿱	口	16	
𠿲	口	16	
𠿳	口	16	
𠿴	口	16	
𠿵	口	16	
𠿶	口	16	
𠿷	口	16	
𠿸	口	16	
𠿹	口	16	
𠿺	口	16	
𠿻	口	16	
𠿼	口	16	
𠿽	口	16	
𠿾	口	16	
𠿿	口	16	
𡀀	口	16	
𡀁	口	16	
𡀂	口	16	
𡀃	口	16	
𡀄	口	16	
𡀅	口	16	
𡀆	口	16	
𡀇	口	16	
𡀈	口	16	
𡀉	口	16	
𡀊	口	16	
𡀋	口	16	
𡀌	口	16	
𡀍	口	16	
𡀎	口	16	
𡀏	口	16	
𡀐	口	16	
𡀑	口	16	
𡀒	口	16	
𡀓	口	16	
𡀔	口	15	
𡀕	口	16	
𡀖	口	16	
𡀗	口	16	
𡀘	口	16	
𡀙	口	16	
𡀚	口	16	
𡀛	口	16	
𡀜	口	16	
𡀝	口	16	
𡀞	口	16	
𡀟	口	16	
𡀠	口	16	
𡀡	口	16	
𡀢	口	16	
𡀣	口	16	
𡀤	口	16	
𡀥	口	16	
𡀦	口	15	
𡀧	口	16	
𡀨	口	16	
𡀩	口	16	
𡀪	口	16	
𡀫	口	16	
𡀬	口	16	
𡀭	口	16	
𡀮	口	16	
𡀯	口	16	
𡀰	口	16	
𡀱	口	16	
𡀲	口	16	
𡀳	口	16	
𡀴	口	16	
𡀵	口	16	
𡀶	口	16	
𡀷	口	16	
𡀸	口	16	
𡀹	口	16	
𡀺	口	16	
𡀻	口	16	
𡀼	口	16	
𡀽	口	17	
𡀾	口	17	
𡀿	口	17	
𡁀	口	17	
𡁁	口	17	
𡁂	口	17	
𡁃	口	17	
𡁄	口	17	
𡁅	口	17	
𡁆	口	17	
𡁇	口	17	
𡁈	口	17	
𡁉	口	17	
𡁊	口	17	
𡁋	口	17	
𡁌	口	17	
𡁍	口	17	
𡁎	口	17	
𡁏	口	17	
𡁐	口	17	
𡁑	口	17	
𡁒	口	17	
𡁓	口	17	
𡁔	口	17	
𡁕	口	17	
𡁖	口	17	
𡁗	口	17	
𡁘	口	17	
𡁙	口	17	
𡁚	口	17	
𡁛	口	17	
𡁜	口	17	
𡁝	口	17	
𡁞	口	17	
𡁟	口	17	
𡁠	口	17	
𡁡	口	17	
𡁢	口	17	
𡁣	口	17	
𡁤	口	17	
𡁥	口	17	
𡁦	口	17	
𡁧	口	17	
𡁨	口	17	
𡁩	口	17	
𡁪	口	17	
𡁫	口	17	
𡁬	口	17	
𡁭	口	17	
𡁮	口	17	
𡁯	口	17	
𡁰	口	17	
𡁱	口	17	
𡁲	口	17	
𡁳	口	17	
𡁴	口	17	
𡁵	口	17	
𡁶	口	17	
𡁷	口	17	
𡁸	口	17	
𡁹	口	17	
𡁺	口	17	
𡁻	口	17	
𡁼	口	17	
𡁽	口	17	
𡁾	口	17	
𡁿	口	17	
𡂀	口	17	
𡂁	口	17	
𡂂	口	17	
𡂃	口	17	
𡂄	口	17	
𡂅	口	17	
𡂆	口	17	
𡂇	口	17	
𡂈	口	17	
𡂉	口	17	
𡂊	口	17	
𡂋	口	17	
𡂌	口	17	
𡂍	口	17	
𡂎	口	17	
𡂏	口	18	
𡂐	口	18	
𡂑	口	18	
𡂒	口	18	
𡂓	口	18	
𡂔	口	18	
𡂕	口	18	
𡂖	口	18	
𡂗	口	18	
𡂘	口	18	
𡂙	口	18	
𡂚	口	18	
𡂛	口	18	
𡂜	口	18	
𡂝	口	18	
𡂞	口	18	
𡂟	口	18	
𡂠	口	18	
𡂡	口	18	
𡂢	口	18	
𡂣	口	18	
𡂤	口	18	
𡂥	口	18	
𡂦	口	18	
𡂧	口	18	
𡂨	口	18	
𡂩	口	18	
𡂪	口	18	
𡂫	口	18	
𡂬	口	18	
𡂭	口	18	
𡂮	口	18	
𡂯	口	18	
𡂰	口	18	
𡂱	口	18	
𡂲	口	18	
𡂳	口	18	
𡂴	口	18	
𡂵	口	18	
𡂶	口	18	
𡂷	口	18	
𡂸	口	18	
𡂹	口	18	
𡂺	口	18	
𡂻	口	18	
𡂼	口	18	
𡂽	口	18	
𡂾	口	18	
𡂿	口	18	
𡃀	口	18	
𡃁	口	18	
𡃂	口	18	
𡃃	口	18	
𡃄	口	18	
𡃅	口	18	
𡃆	口	18	
𡃇	口	18	
𡃈	口	18	
𡃉	口	18	
𡃊	口	18	
𡃋	口	18	
𡃌	口	18	
𡃍	口	18	
𡃎	口	18	
𡃏	口	18	
𡃐	口	18	
𡃑	口	18	
𡃒	口	18	
𡃓	口	18	
𡃔	口	18	
𡃕	口	18	
𡃖	口	18	
𡃗	口	18	
𡃘	口	18	
𡃙	口	18	
𡃚	口	18	
𡃛	口	18	
𡃜	口	18	
𡃝	口	18	
𡃞	口	18	
𡃟	口	18	
𡃠	口	19	
𡃡	口	19	
𡃢	口	19	
𡃣	口	19	
𡃤	口	19	
𡃥	口	19	
𡃦	口	19	
𡃧	口	19	
𡃨	口	19	
𡃩	口	19	
𡃪	口	19	
𡃫	口	19	
𡃬	口	19	
𡃭	口	19	
𡃮	口	19	
𡃯	口	19	
𡃰	口	18	
𡃱	口	19	
𡃲	口	19	
𡃳	口	19	
𡃴	口	19	
𡃵	口	19	
𡃶	口	19	
𡃷	口	19	
𡃸	口	19	
𡃹	口	19	
𡃺	口	19	
𡃻	口	19	
𡃼	口	19	
𡃽	口	19	
𡃾	口	19	
𡃿	口	19	
𡄀	口	19	
𡄁	口	19	
𡄂	口	19	
𡄃	口	19	
𡄄	口	19	
𡄅	口	19	
𡄆	口	19	
𡄇	口	19	
𡄈	口	19	
𡄉	爻	19	
𡄊	口	19	
𡄋	口	19	
𡄌	口	19	
𡄍	口	19	
𡄎	口	19	
𡄏	口	19	
𡄐	口	19	
𡄑	口	20	
𡄒	口	20	
𡄓	口	20	
𡄔	口	20	
𡄕	口	20	
𡄖	口	20	
𡄗	口	20	
𡄘	口	20	
𡄙	口	20	
𡄚	口	20	
𡄛	口	20	
𡄜	口	20	
𡄝	口	20	
𡄞	口	20	
𡄟	口	20	
𡄠	口	20	
𡄡	口	20	
𡄢	口	20	
𡄣	口	20	
𡄤	口	20	
𡄥	口	20	
𡄦	口	20	
𡄧	口	20	
𡄨	口	20	
𡄩	口	20	
𡄪	口	20	
𡄫	口	20	
𡄬	口	20	
𡄭	口	20	
𡄮	口	20	
𡄯	口	20	
𡄰	口	20	
𡄱	口	21	
𡄲	口	21	
𡄳	口	21	
𡄴	口	21	
𡄵	口	21	
𡄶	口	21	
𡄷	口	21	
𡄸	口	21	
𡄹	口	21	
𡄺	口	21	
𡄻	口	21	
𡄼	口	21	
𡄽	口	21	
𡄾	口	21	
𡄿	口	21	
𡅀	口	21	
𡅁	口	21	
𡅂	口	21	
𡅃	口	21	
𡅄	口	21	
𡅅	口	21	
𡅆	口	21	
𡅇	口	21	
𡅈	口	21	
𡅉	口	21	
𡅊	口	21	
𡅋	口	21	
𡅌	口	21	
𡅍	口	21	
𡅎	口	21	
𡅏	口	21	
𡅐	口	21	
𡅑	口	21	
𡅒	口	21	
𡅓	口	21	
𡅔	口	21	
𡅕	士	21	
𡅖	羊	21	
𡅗	口	22	
𡅘	口	22	
𡅙	口	22	
𡅚	口	22	
𡅛	口	22	
𡅜	口	22	
𡅝	口	22	
𡅞	口	22	
𡅟	口	22	
𡅠	口	22	
𡅡	口	22	
𡅢	口	22	
𡅣	口	21	
𡅤	口	22	
𡅥	口	22	
𡅦	口	22	
𡅧	口	22	
𡅨	口	22	
𡅩	口	22	
𡅪	口	22	
𡅫	口	22	
𡅬	口	22	
𡅭	口	22	
𡅮	口	22	
𡅯	口	22	
𡅰	口	23	
𡅱	口	23	
𡅲	口	23	
𡅳	口	23	
𡅴	口	23	
𡅵	口	23	
𡅶	口	23	
𡅷	口	23	
𡅸	口	23	
𡅹	口	24	
𡅺	口	24	
𡅻	口	24	
𡅼	口	24	
𡅽	口	24	
𡅾	口	24	
𡅿	口	24	
𡆀	口	24	
𡆁	口	24	
𡆂	口	24	
𡆃	口	24	
𡆄	口	24	
𡆅	口	24	
𡆆	口	25	
𡆇	口	25	
𡆈	口	25	
𡆉	口	25	
𡆊	口	25	
𡆋	口	25	
𡆌	口	25	
𡆍	口	25	
𡆎	口	25	
𡆏	口	26	
𡆐	口	26	
𡆑	口	26	
𡆒	口	26	
𡆓	口	26	
𡆔	口	26	
𡆕	口	26	
𡆖	口	26	
𡆗	口	26	
𡆘	口	26	
𡆙	口	27	
𡆚	口	27	
𡆛	口	28	
𡆜	口	28	
𡆝	口	28	
𡆞	口	27	
𡆟	口	31	
𡆠	囗	4	
𡆡	囗	4	
𡆢	囗	4	
𡆣	囗	5	
𡆤	囗	5	
𡆥	囗	5	
𡆦	囗	5	
𡆧	囗	6	
𡆨	囗	6	
𡆩	囗	6	
𡆪	囗	6	
𡆫	囗	6	
𡆬	囗	6	
𡆭	囗	6	
𡆮	囗	6	
𡆯	囗	6	
𡆰	囗	6	
𡆱	囗	6	
𡆲	囗	6	
𡆳	囗	6	
𡆴	囗	7	
𡆵	囗	7	
𡆶	囗	7	
𡆷	囗	7	
𡆸	囗	7	
𡆹	囗	7	
𡆺	囗	7	
𡆻	囗	7	
𡆼	囗	7	
𡆽	囗	7	
𡆾	囗	7	
𡆿	囗	7	
𡇀	囗	7	
𡇁	囗	7	
𡇂	囗	7	
𡇃	囗	7	
𡇄	囗	7	
𡇅	囗	7	
𡇆	囗	7	
𡇇	囗	7	
𡇈	囗	8	
𡇉	囗	8	
𡇊	囗	8	
𡇋	囗	8	
𡇌	囗	8	
𡇍	田	8	
𡇎	囗	8	
𡇏	囗	8	
𡇐	囗	8	
𡇑	囗	8	
𡇒	囗	9	
𡇓	囗	9	
𡇔	囗	9	
𡇕	囗	9	
𡇖	囗	9	
𡇗	囗	9	
𡇘	囗	9	
𡇙	囗	9	
𡇚	囗	9	
𡇛	囗	9	
𡇜	囗	9	
𡇝	囗	9	
𡇞	囗	9	
𡇟	囗	9	
𡇠	囗	10	
𡇡	囗	10	
𡇢	囗	10	
𡇣	囗	10	
𡇤	囗	10	
𡇥	囗	10	
𡇦	囗	10	
𡇧	囗	10	
𡇨	囗	10	
𡇩	囗	10	
𡇪	囗	10	
𡇫	囗	10	
𡇬	囗	10	
𡇭	囗	10	
𡇮	囗	10	
𡇯	囗	10	
𡇰	囗	11	
𡇱	囗	11	
𡇲	囗	11	
𡇳	囗	11	
𡇴	囗	11	
𡇵	囗	11	
𡇶	囗	11	
𡇷	囗	11	
𡇸	囗	11	
𡇹	囗	11	
𡇺	囗	11	
𡇻	囗	11	
𡇼	囗	12	
𡇽	囗	12	
𡇾	囗	12	
𡇿	囗	12	
𡈀	囗	11	
𡈁	囗	12	
𡈂	囗	12	
𡈃	囗	12	
𡈄	囗	12	
𡈅	囗	12	
𡈆	囗	12	
𡈇	囗	12	
𡈈	囗	12	
𡈉	囗	12	
𡈊	囗	13	
𡈋	囗	13	
𡈌	囗	13	
𡈍	囗	13	
𡈎	囗	13	
𡈏	囗	13	
𡈐	囗	13	
𡈑	囗	13	
𡈒	囗	13	
𡈓	囗	13	
𡈔	囗	13	
𡈕	囗	14	
𡈖	囗	14	
𡈗	囗	14	
𡈘	囗	14	
𡈙	囗	14	
𡈚	囗	14	
𡈛	囗	14	
𡈜	囗	14	
𡈝	囗	14	
𡈞	囗	14	
𡈟	囗	14	
𡈠	囗	14	
𡈡	囗	14	
𡈢	囗	15	
𡈣	囗	15	
𡈤	囗	15	
𡈥	囗	16	
𡈦	囗	15	
𡈧	囗	15	
𡈨	囗	15	
𡈩	囗	15	
𡈪	囗	16	
𡈫	囗	16	
𡈬	囗	16	
𡈭	囗	17	
𡈮	囗	17	
𡈯	囗	17	
𡈰	囗	17	
𡈱	囗	17	
𡈲	囗	18	
𡈳	囗	19	
𡈴	囗	19	
𡈵	囗	20	
𡈶	囗	20	
𡈷	囗	20	
𡈸	囗	21	
𡈹	囗	21	
𡈺	囗	21	
𡈻	囗	26	
𡈼	土	4	
𡈽	土	4	
𡈾	土	4	
𡈿	土	5	
𡉀	土	5	
𡉁	土	5	
𡉂	土	5	
𡉃	土	5	
𡉄	土	5	
𡉅	土	5	
𡉆	土	5	
𡉇	土	5	
𡉈	土	6	
𡉉	土	6	
𡉊	土	6	
𡉋	土	6	
𡉌	土	6	
𡉍	土	6	
𡉎	土	6	
𡉏	土	6	
𡉐	土	6	
𡉑	土	6	
𡉒	土	6	
𡉓	土	6	
𡉔	土	6	
𡉕	土	6	
𡉖	土	6	
𡉗	子	6	
𡉘	土	7	
𡉙	土	7	
𡉚	土	7	
𡉛	土	7	
𡉜	土	7	
𡉝	土	7	
𡉞	土	7	
𡉟	土	7	
𡉠	土	7	
𡉡	土	7	
𡉢	土	7	
𡉣	土	7	
𡉤	土	7	
𡉥	土	7	
𡉦	土	7	
𡉧	土	7	
𡉨	土	7	
𡉩	土	7	
𡉪	土	7	
𡉫	土	7	
𡉬	土	7	
𡉭	土	7	
𡉮	土	7	
𡉯	土	7	
𡉰	土	7	
𡉱	土	7	
𡉲	土	7	
𡉳	土	7	
𡉴	土	7	
𡉵	土	7	
𡉶	土	7	
𡉷	土	7	
𡉸	土	7	
𡉹	土	7	
𡉺	土	7	
𡉻	土	7	
𡉼	土	7	
𡉽	土	7	
𡉾	土	7	
𡉿	土	7	
𡊀	土	7	
𡊁	土	7	
𡊂	土	7	
𡊃	土	7	
𡊄	土	8	
𡊅	土	8	
𡊆	土	8	
𡊇	土	8	
𡊈	土	8	
𡊉	土	8	
𡊊	土	8	
𡊋	土	8	
𡊌	土	8	
𡊍	土	8	
𡊎	土	8	
𡊏	土	8	
𡊐	土	8	
𡊑	土	8	
𡊒	土	8	
𡊓	土	8	
𡊔	土	8	
𡊕	土	8	
𡊖	土	8	
𡊗	土	8	
𡊘	土	8	
𡊙	土	8	
𡊚	土	8	
𡊛	土	8	
𡊜	土	8	
𡊝	土	8	
𡊞	土	8	
𡊟	土	8	
𡊠	土	8	
𡊡	土	8	
𡊢	土	8	
𡊣	土	8	
𡊤	土	8	
𡊥	土	8	
𡊦	土	8	
𡊧	土	8	
𡊨	土	8	
𡊩	土	8	
𡊪	土	8	
𡊫	土	8	
𡊬	土	8	
𡊭	土	8	
𡊮	土	8	
𡊯	土	8	
𡊰	土	8	
𡊱	土	8	
𡊲	土	8	
𡊳	土	8	
𡊴	土	8	
𡊵	土	8	
𡊶	土	8	
𡊷	土	9	
𡊸	土	9	
𡊹	土	9	
𡊺	土	9	
𡊻	土	9	
𡊼	土	9	
𡊽	土	9	
𡊾	土	9	
𡊿	土	9	
𡋀	土	9	
𡋁	土	9	
𡋂	土	9	
𡋃	土	9	
𡋄	土	9	
𡋅	土	9	
𡋆	土	9	
𡋇	土	9	
𡋈	土	9	
𡋉	土	9	
𡋊	土	9	
𡋋	土	9	
𡋌	土	9	
𡋍	土	9	
𡋎	土	9	
𡋏	土	9	
𡋐	土	9	
𡋑	土	9	
𡋒	土	9	
𡋓	土	9	
𡋔	土	9	
𡋕	土	9	
𡋖	土	9	
𡋗	土	9	
𡋘	土	9	
𡋙	土	9	
𡋚	土	9	
𡋛	土	9	
𡋜	肉	9	
𡋝	土	9	
𡋞	土	9	
𡋟	土	9	
𡋠	土	9	
𡋡	土	9	
𡋢	土	9	
𡋣	土	9	
𡋤	土	9	
𡋥	土	9	
𡋦	土	9	
𡋧	土	9	
𡋨	土	9	
𡋩	土	9	
𡋪	土	9	
𡋫	土	9	
𡋬	土	9	
𡋭	土	10	
𡋮	土	10	
𡋯	土	10	
𡋰	土	10	
𡋱	土	10	
𡋲	土	10	
𡋳	土	10	
𡋴	土	10	
𡋵	土	10	
𡋶	土	10	
𡋷	土	10	
𡋸	土	10	
𡋹	土	10	
𡋺	土	10	
𡋻	土	10	
𡋼	土	10	
𡋽	土	10	
𡋾	土	10	
𡋿	土	10	
𡌀	土	10	
𡌁	土	10	
𡌂	土	10	
𡌃	土	10	
𡌄	土	10	
𡌅	土	10	
𡌆	土	10	
𡌇	土	10	
𡌈	土	10	
𡌉	土	10	
𡌊	土	10	
𡌋	土	10	
𡌌	土	10	
𡌍	土	10	
𡌎	土	10	
𡌏	土	10	
𡌐	土	10	
𡌑	土	10	
𡌒	土	10	
𡌓	土	10	
𡌔	土	10	
𡌕	土	10	
𡌖	土	10	
𡌗	土	10	
𡌘	土	10	
𡌙	土	10	
𡌚	土	10	
𡌛	土	10	
𡌜	土	10	
𡌝	土	10	
𡌞	土	10	
𡌟	土	10	
𡌠	土	10	
𡌡	土	10	
𡌢	土	10	
𡌣	土	10	
𡌤	土	10	
𡌥	土	10	
𡌦	土	11	
𡌧	土	11	
𡌨	土	11	
𡌩	土	11	
𡌪	土	11	
𡌫	土	11	
𡌬	土	11	
𡌭	土	11	
𡌮	土	11	
𡌯	土	11	
𡌰	土	11	
𡌱	土	11	
𡌲	土	11	
𡌳	土	11	
𡌴	土	11	
𡌵	土	11	
𡌶	土	11	
𡌷	土	11	
𡌸	土	11	
𡌹	土	11	
𡌺	土	11	
𡌻	土	11	
𡌼	土	11	
𡌽	土	11	
𡌾	土	11	
𡌿	土	11	
𡍀	土	11	
𡍁	土	11	
𡍂	土	11	
𡍃	土	11	
𡍄	土	11	
𡍅	土	11	
𡍆	土	11	
𡍇	土	11	
𡍈	土	11	
𡍉	土	11	
𡍊	土	11	
𡍋	土	11	
𡍌	土	11	
𡍍	土	11	
𡍎	土	11	
𡍏	土	11	
𡍐	土	11	
𡍑	土	11	
𡍒	土	11	
𡍓	土	11	
𡍔	土	11	
𡍕	土	11	
𡍖	土	11	
𡍗	土	11	
𡍘	土	11	
𡍙	土	11	
𡍚	土	11	
𡍛	土	11	
𡍜	土	11	
𡍝	土	11	
𡍞	土	11	
𡍟	土	11	
𡍠	土	11	
𡍡	土	11	
𡍢	土	11	
𡍣	土	11	
𡍤	土	12	
𡍥	土	12	
𡍦	土	12	
𡍧	土	12	
𡍨	土	12	
𡍩	土	12	
𡍪	土	12	
𡍫	土	12	
𡍬	土	12	
𡍭	土	12	
𡍮	土	12	
𡍯	土	12	
𡍰	土	12	
𡍱	土	12	
𡍲	土	12	
𡍳	土	12	
𡍴	土	12	
𡍵	土	12	
𡍶	土	12	
𡍷	土	12	
𡍸	土	12	
𡍹	土	12	
𡍺	土	12	
𡍻	土	12	
𡍼	土	12	
𡍽	土	12	
𡍾	土	12	
𡍿	土	12	
𡎀	土	12	
𡎁	土	12	
𡎂	土	12	
𡎃	土	12	
𡎄	土	12	
𡎅	土	12	
𡎆	土	12	
𡎇	土	12	
𡎈	土	12	
𡎉	土	12	
𡎊	土	12	
𡎋	土	12	
𡎌	土	12	
𡎍	土	12	
𡎎	土	12	
𡎏	土	12	
𡎐	土	12	
𡎑	土	12	
𡎒	土	12	
𡎓	土	12	
𡎔	土	12	
𡎕	土	12	
𡎖	土	12	
𡎗	土	12	
𡎘	土	12	
𡎙	土	12	
𡎚	土	12	
𡎛	土	12	
𡎜	土	12	
𡎝	土	12	
𡎞	土	12	
𡎟	土	12	
𡎠	土	12	
𡎡	土	12	
𡎢	土	12	
𡎣	土	12	
𡎤	土	12	
𡎥	土	12	
𡎦	土	12	
𡎧	土	12	
𡎨	土	12	
𡎩	土	12	
𡎪	土	12	
𡎫	土	12	
𡎬	土	12	
𡎭	土	12	
𡎮	土	13	
𡎯	土	13	
𡎰	土	13	
𡎱	土	13	
𡎲	土	13	
𡎳	土	13	
𡎴	土	13	
𡎵	土	13	
𡎶	土	13	
𡎷	土	13	
𡎸	土	13	
𡎹	土	13	
𡎺	土	13	
𡎻	土	13	
𡎼	土	13	
𡎽	土	13	
𡎾	土	13	
𡎿	土	13	
𡏀	土	13	
𡏁	土	13	
𡏂	土	13	
𡏃	土	13	
𡏄	土	13	
𡏅	土	13	
𡏆	土	13	
𡏇	土	13	
𡏈	土	13	
𡏉	土	13	
𡏊	土	13	
𡏋	土	13	
𡏌	土	13	
𡏍	土	13	
𡏎	土	13	
𡏏	土	13	
𡏐	土	13	
𡏑	土	13	
𡏒	土	13	
𡏓	土	13	
𡏔	土	13	
𡏕	土	13	
𡏖	土	13	
𡏗	土	13	
𡏘	土	13	
𡏙	土	13	
𡏚	土	13	
𡏛	土	13	
𡏜	土	13	
𡏝	土	13	
𡏞	土	13	
𡏟	土	13	
𡏠	土	13	
𡏡	土	13	
𡏢	土	13	
𡏣	土	13	
𡏤	土	13	
𡏥	土	13	
𡏦	土	13	
𡏧	土	13	
𡏨	土	13	
𡏩	土	13	
𡏪	土	13	
𡏫	土	13	
𡏬	土	13	
𡏭	土	14	
𡏮	土	14	
𡏯	土	14	
𡏰	土	14	
𡏱	土	14	
𡏲	土	14	
𡏳	土	14	
𡏴	土	14	
𡏵	土	14	
𡏶	土	14	
𡏷	土	14	
𡏸	土	14	
𡏹	土	14	
𡏺	土	14	
𡏻	土	14	
𡏼	土	14	
𡏽	土	14	
𡏾	土	14	
𡏿	土	14	
𡐀	土	14	
𡐁	土	14	
𡐂	土	14	
𡐃	土	14	
𡐄	土	14	
𡐅	土	14	
𡐆	土	14	
𡐇	土	14	
𡐈	土	14	
𡐉	土	14	
𡐊	土	14	
𡐋	土	14	
𡐌	土	14	
𡐍	土	14	
𡐎	土	14	
𡐏	土	14	
𡐐	土	14	
𡐑	土	14	
𡐒	土	14	
𡐓	土	14	
𡐔	土	14	
𡐕	土	14	
𡐖	土	14	
𡐗	土	14	
𡐘	土	14	
𡐙	土	14	
𡐚	土	14	
𡐛	土	14	
𡐜	土	14	
𡐝	土	14	
𡐞	土	15	
𡐟	土	15	
𡐠	土	15	
𡐡	土	15	
𡐢	土	15	
𡐣	土	15	
𡐤	土	15	
𡐥	土	15	
𡐦	土	15	
𡐧	土	15	
𡐨	土	15	
𡐩	土	15	
𡐪	土	15	
𡐫	土	15	
𡐬	土	15	
𡐭	土	15	
𡐮	土	15	
𡐯	土	15	
𡐰	土	15	
𡐱	土	15	
𡐲	土	15	
𡐳	土	15	
𡐴	土	15	
𡐵	土	15	
𡐶	土	15	
𡐷	土	15	
𡐸	土	15	
𡐹	土	15	
𡐺	土	15	
𡐻	土	15	
𡐼	土	15	
𡐽	土	15	
𡐾	土	15	
𡐿	土	15	
𡑀	土	15	
𡑁	土	15	
𡑂	土	15	
𡑃	土	15	
𡑄	土	15	
𡑅	土	15	
𡑆	土	15	
𡑇	土	15	
𡑈	土	15	
𡑉	土	15	
𡑊	土	15	
𡑋	土	15	
𡑌	土	15	
𡑍	土	15	
𡑎	土	15	
𡑏	土	15	
𡑐	土	15	
𡑑	土	15	
𡑒	土	15	
𡑓	土	15	
𡑔	土	15	
𡑕	土	15	
𡑖	土	15	
𡑗	土	15	
𡑘	土	15	
𡑙	土	15	
𡑚	土	15	
𡑛	土	15	
𡑜	土	15	
𡑝	土	15	
𡑞	土	16	
𡑟	土	16	
𡑠	土	16	
𡑡	土	16	
𡑢	土	16	
𡑣	土	16	
𡑤	土	16	
𡑥	土	16	
𡑦	土	16	
𡑧	土	16	
𡑨	土	16	
𡑩	土	16	
𡑪	土	16	
𡑫	土	16	
𡑬	土	16	
𡑭	土	16	
𡑮	土	16	
𡑯	土	16	
𡑰	土	16	
𡑱	土	16	
𡑲	土	16	
𡑳	土	16	
𡑴	土	16	
𡑵	土	16	
𡑶	土	16	
𡑷	土	16	
𡑸	土	16	
𡑹	土	16	
𡑺	長	16	
𡑻	土	16	
𡑼	土	16	
𡑽	土	16	
𡑾	土	16	
𡑿	土	16	
𡒀	土	16	
𡒁	土	16	
𡒂	土	16	
𡒃	土	16	
𡒄	土	16	
𡒅	土	16	
𡒆	土	16	
𡒇	土	16	
𡒈	土	16	
𡒉	土	17	
𡒊	土	17	
𡒋	土	17	
𡒌	土	17	
𡒍	土	17	
𡒎	土	17	
𡒏	土	17	
𡒐	土	17	
𡒑	土	17	
𡒒	土	17	
𡒓	土	17	
𡒔	土	17	
𡒕	土	17	
𡒖	土	17	
𡒗	土	17	
𡒘	土	17	
𡒙	土	17	
𡒚	土	17	
𡒛	土	17	
𡒜	土	17	
𡒝	土	17	
𡒞	土	17	
𡒟	土	17	
𡒠	土	17	
𡒡	鼓	17	
𡒢	土	17	
𡒣	土	17	
𡒤	土	17	
𡒥	土	17	
𡒦	土	17	
𡒧	土	17	
𡒨	土	17	
𡒩	土	17	
𡒪	土	17	
𡒫	土	17	
𡒬	土	17	
𡒭	土	17	
𡒮	土	17	
𡒯	土	17	
𡒰	土	18	
𡒱	土	18	
𡒲	土	18	
𡒳	土	18	
𡒴	土	18	
𡒵	土	18	
𡒶	土	18	
𡒷	土	18	
𡒸	土	18	
𡒹	土	18	
𡒺	土	18	
𡒻	土	18	
𡒼	土	18	
𡒽	土	18	
𡒾	土	18	
𡒿	土	18	
𡓀	土	19	
𡓁	土	18	
𡓂	土	18	
𡓃	土	18	
𡓄	土	18	
𡓅	土	18	
𡓆	土	18	
𡓇	土	18	
𡓈	土	18	
𡓉	土	18	
𡓊	土	18	
𡓋	土	18	
𡓌	土	19	
𡓍	土	18	
𡓎	土	18	
𡓏	土	18	
𡓐	土	19	
𡓑	土	19	
𡓒	土	19	
𡓓	土	19	
𡓔	土	19	
𡓕	土	19	
𡓖	土	19	
𡓗	土	19	
𡓘	土	19	
𡓙	土	19	
𡓚	土	19	
𡓛	谷	19	
𡓜	土	19	
𡓝	土	19	
𡓞	土	19	
𡓟	土	19	
𡓠	土	19	
𡓡	土	19	
𡓢	土	19	
𡓣	土	19	
𡓤	土	19	
𡓥	土	19	
𡓦	土	20	
𡓧	土	20	
𡓨	土	20	
𡓩	土	20	
𡓪	土	20	
𡓫	土	20	
𡓬	土	20	
𡓭	土	20	
𡓮	土	20	
𡓯	土	20	
𡓰	土	20	
𡓱	土	21	
𡓲	土	21	
𡓳	土	21	
𡓴	土	21	
𡓵	土	21	
𡓶	土	21	
𡓷	食	20	
𡓸	土	21	
𡓹	土	21	
𡓺	土	22	
𡓻	土	21	
𡓼	土	21	
𡓽	土	21	
𡓾	土	21	
𡓿	土	21	
𡔀	土	21	
𡔁	土	21	
𡔂	土	22	
𡔃	土	22	
𡔄	土	22	
𡔅	土	22	
𡔆	土	22	
𡔇	土	22	
𡔈	土	22	
𡔉	土	22	
𡔊	土	23	
𡔋	土	23	
𡔌	土	23	
𡔍	土	23	
𡔎	土	23	
𡔏	土	24	
𡔐	土	24	
𡔑	土	24	
𡔒	土	24	
𡔓	土	24	
𡔔	土	24	
𡔕	土	24	
𡔖	土	26	
𡔗	土	29	
𡔘	土	30	
𡔙	土	36	
𡔚	土	39	
𡔛	士	5	
𡔜	士	6	
𡔝	士	7	
𡔞	士	7	
𡔟	士	8	
𡔠	士	9	
𡔡	士	9	
𡔢	士	9	
𡔣	士	10	
𡔤	士	10	
𡔥	士	10	
𡔦	士	10	
𡔧	士	10	
𡔨	士	10	
𡔩	士	10	
𡔪	士	11	
𡔫	士	11	
𡔬	士	11	
𡔭	士	11	
𡔮	士	12	
𡔯	士	12	
𡔰	士	13	
𡔱	大	12	
𡔲	士	13	
𡔳	士	13	
𡔴	士	13	
𡔵	士	13	
𡔶	士	14	
𡔷	鼓	13	
𡔸	士	14	
𡔹	士	14	
𡔺	士	14	
𡔻	士	14	
𡔼	士	15	
𡔽	士	15	
𡔾	士	16	
𡔿	士	16	
𡕀	士	16	
𡕁	士	17	
𡕂	士	17	
𡕃	士	17	
𡕄	士	17	
𡕅	士	18	
𡕆	豆	18	
𡕇	士	18	
𡕈	士	18	
𡕉	士	18	
𡕊	士	18	
𡕋	士	19	
𡕌	士	19	
𡕍	士	20	
𡕎	石	20	
𡕏	士	22	
𡕐	士	22	
𡕑	士	22	
𡕒	夂	3	
𡕓	夂	5	
𡕔	夂	5	
𡕕	夂	6	
𡕖	夂	6	
𡕗	夂	7	
𡕘	夂	7	
𡕙	夂	7	
𡕚	夂	10	
𡕛	夂	11	
𡕜	夂	11	
𡕝	夂	13	
𡕞	夊	6	
𡕟	夊	6	
𡕠	夊	7	
𡕡	夊	7	
𡕢	夊	8	
𡕣	夊	8	
𡕤	夊	8	
𡕥	夊	8	
𡕦	夊	10	
𡕧	夊	11	
𡕨	夊	11	
𡕩	夊	11	
𡕪	夊	11	
𡕫	夊	11	
𡕬	夊	11	
𡕭	夊	12	
𡕮	夊	13	
𡕯	夊	13	
𡕰	夊	13	
𡕱	夊	13	
𡕲	夊	14	
𡕳	夊	14	
𡕴	夊	14	
𡕵	夊	14	
𡕶	夊	15	
𡕷	夊	15	
𡕸	夊	16	
𡕹	夊	16	
𡕺	夊	16	
𡕻	夊	17	
𡕼	夊	18	
𡕽	夊	18	
𡕾	夊	18	
𡕿	夊	18	
𡖀	夊	19	
𡖁	夊	20	
𡖂	夊	23	
𡖃	夊	30	
𡖄	夕	5	
𡖅	夕	5	
𡖆	夕	5	
𡖇	夕	6	
𡖈	夕	6	
𡖉	夕	6	
𡖊	夕	7	
𡖋	夕	7	
𡖌	夕	7	
𡖍	夕	8	
𡖎	夕	8	
𡖏	夕	8	
𡖐	夕	9	
𡖑	夕	9	
𡖒	夕	10	
𡖓	夕	10	
𡖔	夕	10	
𡖕	夕	10	
𡖖	夕	10	
𡖗	夕	10	
𡖘	夕	10	
𡖙	夕	10	
𡖚	夕	10	
𡖛	夕	10	
𡖜	夕	10	
𡖝	夕	11	
𡖞	夕	11	
𡖟	夕	11	
𡖠	夕	11	
𡖡	夕	11	
𡖢	夕	11	
𡖣	夕	11	
𡖤	夕	11	
𡖥	夕	11	
𡖦	夕	12	
𡖧	夕	12	
𡖨	夕	12	
𡖩	夕	12	
𡖪	夕	12	
𡖫	夕	12	
𡖬	夕	12	
𡖭	夕	12	
𡖮	夕	12	
𡖯	夕	13	
𡖰	夕	12	
𡖱	夕	13	
𡖲	夕	13	
𡖳	夕	13	
𡖴	夕	13	
𡖵	夕	13	
𡖶	夕	14	
𡖷	夕	14	
𡖸	夕	14	
𡖹	夕	14	
𡖺	夕	14	
𡖻	夕	14	
𡖼	夕	14	
𡖽	夕	14	
𡖾	夕	14	
𡖿	夕	15	
𡗀	夕	15	
𡗁	夕	15	
𡗂	夕	16	
𡗃	夕	16	
𡗄	夕	16	
𡗅	夕	16	
𡗆	夕	17	
𡗇	夕	17	
𡗈	夕	17	
𡗉	夕	18	
𡗊	夕	18	
𡗋	夕	19	
𡗌	夕	19	
𡗍	夕	21	
𡗎	夕	21	
𡗏	夕	26	
𡗐	夕	19	
𡗑	夕	31	
𡗒	大	4	
𡗓	大	4	
𡗔	大	4	
𡗕	大	5	
𡗖	大	5	
𡗗	大	5	
𡗘	大	5	
𡗙	大	5	
𡗚	大	5	
𡗛	大	5	
𡗜	犬	4	
𡗝	大	6	
𡗞	大	6	
𡗟	大	6	
𡗠	大	6	
𡗡	大	6	
𡗢	大	6	
𡗣	大	6	
𡗤	大	6	
𡗥	大	7	
𡗦	大	7	
𡗧	大	7	
𡗨	大	7	
𡗩	大	7	
𡗪	大	7	
𡗫	大	7	
𡗬	大	7	
𡗭	大	7	
𡗮	大	7	
𡗯	大	7	
𡗰	大	7	
𡗱	大	7	
𡗲	大	7	
𡗳	大	7	
𡗴	大	7	
𡗵	大	7	
𡗶	大	7	
𡗷	大	8	
𡗸	大	8	
𡗹	大	8	
𡗺	大	8	
𡗻	大	8	
𡗼	大	8	
𡗽	大	8	
𡗾	大	8	
𡗿	大	8	
𡘀	大	8	
𡘁	大	8	
𡘂	大	8	
𡘃	大	8	
𡘄	大	8	
𡘅	大	8	
𡘆	大	8	
𡘇	大	8	
𡘈	大	8	
𡘉	大	8	
𡘊	大	8	
𡘋	大	8	
𡘌	大	8	
𡘍	大	9	
𡘎	大	9	
𡘏	大	9	
𡘐	大	9	
𡘑	大	9	
𡘒	大	9	
𡘓	大	9	
𡘔	大	9	
𡘕	大	9	
𡘖	大	9	
𡘗	大	9	
𡘘	大	9	
𡘙	大	9	
𡘚	大	9	
𡘛	大	9	
𡘜	大	9	
𡘝	大	10	
𡘞	大	10	
𡘟	大	10	
𡘠	大	10	
𡘡	大	10	
𡘢	大	10	
𡘣	大	10	
𡘤	大	10	
𡘥	大	10	
𡘦	大	10	
𡘧	大	10	
𡘨	大	10	
𡘩	大	10	
𡘪	大	10	
𡘫	大	10	
𡘬	大	10	
𡘭	大	10	
𡘮	大	10	
𡘯	大	10	
𡘰	大	10	
𡘱	大	10	
𡘲	大	10	
𡘳	大	10	
𡘴	大	11	
𡘵	大	11	
𡘶	大	11	
𡘷	大	11	
𡘸	大	11	
𡘹	大	11	
𡘺	大	11	
𡘻	大	11	
𡘼	大	11	
𡘽	大	11	
𡘾	大	11	
𡘿	大	11	
𡙀	大	11	
𡙁	大	11	
𡙂	大	11	
𡙃	大	11	
𡙄	大	11	
𡙅	大	11	
𡙆	大	11	
𡙇	大	12	
𡙈	大	12	
𡙉	大	12	
𡙊	大	12	
𡙋	大	12	
𡙌	大	12	
𡙍	大	12	
𡙎	大	12	
𡙏	大	12	
𡙐	大	12	
𡙑	大	12	
𡙒	大	12	
𡙓	大	12	
𡙔	大	12	
𡙕	大	12	
𡙖	大	12	
𡙗	大	12	
𡙘	大	12	
𡙙	大	12	
𡙚	大	12	
𡙛	大	13	
𡙜	大	13	
𡙝	大	13	
𡙞	大	13	
𡙟	大	13	
𡙠	大	13	
𡙡	大	13	
𡙢	大	13	
𡙣	大	13	
𡙤	大	13	
𡙥	大	13	
𡙦	大	13	
𡙧	大	13	
𡙨	大	13	
𡙩	大	13	
𡙪	大	13	
𡙫	大	13	
𡙬	大	14	
𡙭	大	14	
𡙮	大	14	
𡙯	大	14	
𡙰	大	14	
𡙱	大	14	
𡙲	大	14	
𡙳	大	14	
𡙴	大	14	
𡙵	大	14	
𡙶	大	14	
𡙷	大	15	
𡙸	大	15	
𡙹	大	15	
𡙺	大	15	
𡙻	大	15	
𡙼	大	15	
𡙽	大	15	
𡙾	大	15	
𡙿	大	15	
𡚀	大	15	
𡚁	大	15	
𡚂	大	15	
𡚃	大	15	
𡚄	大	15	
𡚅	大	15	
𡚆	大	16	
𡚇	大	16	
𡚈	大	16	
𡚉	大	16	
𡚊	大	16	
𡚋	大	16	
𡚌	大	16	
𡚍	大	16	
𡚎	大	16	
𡚏	大	17	
𡚐	大	17	
𡚑	大	17	
𡚒	大	17	
𡚓	大	17	
𡚔	大	17	
𡚕	大	17	
𡚖	大	17	
𡚗	大	18	
𡚘	大	19	
𡚙	大	19	
𡚚	大	19	
𡚛	大	20	
𡚜	大	21	
𡚝	大	21	
𡚞	大	22	
𡚟	大	22	
𡚠	大	23	
𡚡	大	23	
𡚢	大	23	
𡚣	大	24	
𡚤	大	24	
𡚥	大	27	
𡚦	女	4	
𡚧	女	5	
𡚨	女	5	
𡚩	女	5	
𡚪	女	5	
𡚫	女	5	
𡚬	女	5	
𡚭	女	5	
𡚮	女	6	
𡚯	女	6	
𡚰	女	6	
𡚱	女	6	
𡚲	女	6	
𡚳	女	6	
𡚴	女	6	
𡚵	女	6	
𡚶	女	6	
𡚷	女	6	
𡚸	女	6	
𡚹	女	6	
𡚺	女	6	
𡚻	女	6	
𡚼	女	7	
𡚽	女	7	
𡚾	女	7	
𡚿	女	7	
𡛀	女	7	
𡛁	女	7	
𡛂	女	7	
𡛃	女	7	
𡛄	女	7	
𡛅	女	7	
𡛆	女	7	
𡛇	女	7	
𡛈	女	7	
𡛉	女	7	
𡛊	女	7	
𡛋	女	7	
𡛌	女	7	
𡛍	女	7	
𡛎	女	7	
𡛏	女	7	
𡛐	女	7	
𡛑	女	7	
𡛒	女	7	
𡛓	女	7	
𡛔	女	7	
𡛕	女	7	
𡛖	女	7	
𡛗	女	7	
𡛘	女	7	
𡛙	女	8	
𡛚	女	8	
𡛛	女	8	
𡛜	女	8	
𡛝	女	8	
𡛞	女	8	
𡛟	女	8	
𡛠	女	8	
𡛡	女	8	
𡛢	女	8	
𡛣	女	8	
𡛤	女	8	
𡛥	女	8	
𡛦	女	8	
𡛧	女	8	
𡛨	女	8	
𡛩	女	8	
𡛪	女	8	
𡛫	女	8	
𡛬	女	8	
𡛭	女	8	
𡛮	女	8	
𡛯	女	8	
𡛰	女	8	
𡛱	女	8	
𡛲	女	8	
𡛳	女	8	
𡛴	女	8	
𡛵	女	8	
𡛶	女	8	
𡛷	女	8	
𡛸	女	8	
𡛹	女	8	
𡛺	女	8	
𡛻	女	8	
𡛼	女	8	
𡛽	女	8	
𡛾	女	8	
𡛿	女	8	
𡜀	女	8	
𡜁	女	8	
𡜂	女	9	
𡜃	女	9	
𡜄	女	9	
𡜅	女	9	
𡜆	女	9	
𡜇	女	9	
𡜈	女	9	
𡜉	女	9	
𡜊	女	9	
𡜋	女	9	
𡜌	女	9	
𡜍	女	9	
𡜎	女	9	
𡜏	女	9	
𡜐	女	9	
𡜑	女	9	
𡜒	女	9	
𡜓	女	9	
𡜔	女	9	
𡜕	女	9	
𡜖	女	9	
𡜗	女	9	
𡜘	女	9	
𡜙	女	9	
𡜚	女	9	
𡜛	女	9	
𡜜	女	9	
𡜝	女	9	
𡜞	女	9	
𡜟	女	9	
𡜠	女	9	
𡜡	女	9	
𡜢	女	9	
𡜣	女	9	
𡜤	女	9	
𡜥	女	9	
𡜦	女	9	
𡜧	女	9	
𡜨	女	9	
𡜩	女	9	
𡜪	女	9	
𡜫	女	9	
𡜬	女	9	
𡜭	女	9	
𡜮	女	10	
𡜯	女	10	
𡜰	女	10	
𡜱	女	10	
𡜲	女	10	
𡜳	女	10	
𡜴	女	10	
𡜵	女	10	
𡜶	女	10	
𡜷	女	10	
𡜸	女	10	
𡜹	女	10	
𡜺	女	10	
𡜻	女	10	
𡜼	女	10	
𡜽	女	10	
𡜾	女	10	
𡜿	女	10	
𡝀	女	10	
𡝁	女	10	
𡝂	女	10	
𡝃	女	10	
𡝄	女	10	
𡝅	女	10	
𡝆	女	10	
𡝇	女	10	
𡝈	女	10	
𡝉	女	10	
𡝊	女	10	
𡝋	女	10	
𡝌	女	10	
𡝍	女	10	
𡝎	女	10	
𡝏	女	10	
𡝐	女	10	
𡝑	女	10	
𡝒	女	10	
𡝓	女	10	
𡝔	女	10	
𡝕	女	10	
𡝖	女	10	
𡝗	女	10	
𡝘	女	10	
𡝙	女	10	
𡝚	女	10	
𡝛	女	10	
𡝜	女	10	
𡝝	女	10	
𡝞	女	11	
𡝟	女	11	
𡝠	女	11	
𡝡	女	11	
𡝢	女	11	
𡝣	女	11	
𡝤	女	11	
𡝥	女	11	
𡝦	女	11	
𡝧	女	11	
𡝨	女	11	
𡝩	女	11	
𡝪	女	11	
𡝫	女	11	
𡝬	女	11	
𡝭	女	11	
𡝮	女	11	
𡝯	女	11	
𡝰	女	11	
𡝱	女	11	
𡝲	女	11	
𡝳	女	11	
𡝴	女	11	
𡝵	女	11	
𡝶	女	11	
𡝷	女	11	
𡝸	女	11	
𡝹	女	11	
𡝺	女	11	
𡝻	女	11	
𡝼	女	11	
𡝽	女	11	
𡝾	女	11	
𡝿	女	11	
𡞀	女	11	
𡞁	女	11	
𡞂	女	11	
𡞃	女	11	
𡞄	女	11	
𡞅	女	11	
𡞆	女	11	
𡞇	女	11	
𡞈	女	11	
𡞉	女	11	
𡞊	女	11	
𡞋	女	11	
𡞌	女	11	
𡞍	女	11	
𡞎	女	11	
𡞏	女	11	
𡞐	女	11	
𡞑	女	11	
𡞒	女	11	
𡞓	女	11	
𡞔	女	11	
𡞕	女	11	
𡞖	女	11	
𡞗	女	11	
𡞘	女	11	
𡞙	女	11	
𡞚	女	11	
𡞛	女	11	
𡞜	女	12	
𡞝	女	12	
𡞞	女	12	
𡞟	女	12	
𡞠	女	12	
𡞡	女	12	
𡞢	女	12	
𡞣	女	12	
𡞤	女	12	
𡞥	女	12	
𡞦	女	12	
𡞧	女	12	
𡞨	女	12	
𡞩	女	12	
𡞪	女	12	
𡞫	女	12	
𡞬	女	12	
𡞭	女	12	
𡞮	女	12	
𡞯	女	12	
𡞰	女	12	
𡞱	女	12	
𡞲	女	12	
𡞳	女	12	
𡞴	女	12	
𡞵	女	12	
𡞶	女	12	
𡞷	女	12	
𡞸	女	12	
𡞹	女	12	
𡞺	女	12	
𡞻	女	12	
𡞼	女	12	
𡞽	女	12	
𡞾	女	12	
𡞿	女	12	
𡟀	女	12	
𡟁	女	12	
𡟂	女	12	
𡟃	女	12	
𡟄	女	12	
𡟅	女	12	
𡟆	女	12	
𡟇	女	12	
𡟈	女	12	
𡟉	女	12	
𡟊	女	12	
𡟋	女	12	
𡟌	女	12	
𡟍	女	12	
𡟎	女	12	
𡟏	女	12	
𡟐	女	12	
𡟑	女	12	
𡟒	女	12	
𡟓	女	12	
𡟔	女	12	
𡟕	女	12	
𡟖	女	12	
𡟗	女	12	
𡟘	女	12	
𡟙	女	12	
𡟚	女	12	
𡟛	女	12	
𡟜	女	12	
𡟝	女	12	
𡟞	女	12	
𡟟	女	12	
𡟠	女	12	
𡟡	女	12	
𡟢	女	12	
𡟣	女	12	
𡟤	女	12	
𡟥	女	12	
𡟦	女	12	
𡟧	女	12	
𡟨	女	13	
𡟩	女	13	
𡟪	女	13	
𡟫	女	13	
𡟬	女	13	
𡟭	女	13	
𡟮	女	13	
𡟯	女	13	
𡟰	女	13	
𡟱	女	13	
𡟲	女	13	
𡟳	女	13	
𡟴	女	13	
𡟵	女	13	
𡟶	女	13	
𡟷	女	13	
𡟸	女	13	
𡟹	女	13	
𡟺	女	13	
𡟻	女	13	
𡟼	女	13	
𡟽	女	13	
𡟾	女	13	
𡟿	女	13	
𡠀	女	13	
𡠁	女	13	
𡠂	女	13	
𡠃	女	13	
𡠄	女	13	
𡠅	女	13	
𡠆	女	13	
𡠇	女	13	
𡠈	女	13	
𡠉	女	13	
𡠊	女	13	
𡠋	女	13	
𡠌	女	13	
𡠍	女	13	
𡠎	女	13	
𡠏	女	13	
𡠐	女	13	
𡠑	女	13	
𡠒	女	13	
𡠓	女	13	
𡠔	女	13	
𡠕	女	13	
𡠖	女	15	
𡠗	女	14	
𡠘	女	15	
𡠙	女	14	
𡠚	女	14	
𡠛	女	14	
𡠜	女	14	
𡠝	女	14	
𡠞	女	14	
𡠟	女	14	
𡠠	女	14	
𡠡	女	14	
𡠢	女	14	
𡠣	女	12	
𡠤	女	14	
𡠥	女	14	
𡠦	女	14	
𡠧	女	14	
𡠨	女	14	
𡠩	女	14	
𡠪	女	14	
𡠫	女	14	
𡠬	女	14	
𡠭	女	14	
𡠮	女	14	
𡠯	女	14	
𡠰	女	14	
𡠱	女	14	
𡠲	女	15	
𡠳	女	14	
𡠴	女	14	
𡠵	女	14	
𡠶	女	14	
𡠷	女	14	
𡠸	女	14	
𡠹	女	14	
𡠺	女	14	
𡠻	女	14	
𡠼	女	14	
𡠽	女	14	
𡠾	女	14	
𡠿	女	14	
𡡀	女	14	
𡡁	女	14	
𡡂	女	14	
𡡃	女	14	
𡡄	女	14	
𡡅	女	14	
𡡆	女	14	
𡡇	女	14	
𡡈	女	14	
𡡉	女	14	
𡡊	女	14	
𡡋	女	14	
𡡌	女	14	
𡡍	女	14	
𡡎	女	14	
𡡏	女	15	
𡡐	女	15	
𡡑	女	15	
𡡒	女	15	
𡡓	女	15	
𡡔	女	15	
𡡕	女	15	
𡡖	女	15	
𡡗	女	15	
𡡘	女	15	
𡡙	女	15	
𡡚	女	15	
𡡛	女	15	
𡡜	女	15	
𡡝	女	15	
𡡞	女	15	
𡡟	女	15	
𡡠	女	15	
𡡡	女	15	
𡡢	女	15	
𡡣	女	15	
𡡤	女	15	
𡡥	女	15	
𡡦	女	15	
𡡧	女	15	
𡡨	女	15	
𡡩	女	15	
𡡪	女	15	
𡡫	女	15	
𡡬	女	15	
𡡭	女	15	
𡡮	女	15	
𡡯	女	15	
𡡰	女	15	
𡡱	女	15	
𡡲	女	15	
𡡳	女	15	
𡡴	女	15	
𡡵	女	15	
𡡶	女	15	
𡡷	女	15	
𡡸	女	15	
𡡹	女	15	
𡡺	女	15	
𡡻	女	15	
𡡼	女	15	
𡡽	女	15	
𡡾	女	15	
𡡿	女	15	
𡢀	女	15	
𡢁	女	15	
𡢂	女	15	
𡢃	女	15	
𡢄	女	15	
𡢅	女	15	
𡢆	女	15	
𡢇	女	15	
𡢈	女	15	
𡢉	女	15	
𡢊	女	15	
𡢋	女	15	
𡢌	女	15	
𡢍	女	15	
𡢎	女	16	
𡢏	米	15	
𡢐	女	15	
𡢑	女	16	
𡢒	女	16	
𡢓	女	16	
𡢔	女	16	
𡢕	女	16	
𡢖	女	16	
𡢗	女	16	
𡢘	女	16	
𡢙	女	16	
𡢚	女	16	
𡢛	女	16	
𡢜	女	16	
𡢝	女	16	
𡢞	女	16	
𡢟	女	16	
𡢠	女	16	
𡢡	女	16	
𡢢	女	16	
𡢣	女	16	
𡢤	女	16	
𡢥	女	16	
𡢦	女	16	
𡢧	女	16	
𡢨	女	16	
𡢩	女	16	
𡢪	女	16	
𡢫	女	16	
𡢬	女	16	
𡢭	女	16	
𡢮	女	16	
𡢯	女	16	
𡢰	女	16	
𡢱	女	16	
𡢲	女	16	
𡢳	女	16	
𡢴	女	16	
𡢵	女	16	
𡢶	女	16	
𡢷	女	16	
𡢸	女	16	
𡢹	女	16	
𡢺	女	16	
𡢻	女	16	
𡢼	女	16	
𡢽	女	16	
𡢾	女	16	
𡢿	女	16	
𡣀	女	16	
𡣁	女	16	
𡣂	女	16	
𡣃	女	16	
𡣄	女	16	
𡣅	女	17	
𡣆	女	17	
𡣇	女	17	
𡣈	女	17	
𡣉	女	17	
𡣊	女	17	
𡣋	女	17	
𡣌	女	17	
𡣍	女	17	
𡣎	女	17	
𡣏	女	17	
𡣐	女	17	
𡣑	女	17	
𡣒	女	17	
𡣓	女	17	
𡣔	女	17	
𡣕	女	17	
𡣖	女	17	
𡣗	女	17	
𡣘	女	17	
𡣙	女	17	
𡣚	女	17	
𡣛	女	17	
𡣜	女	17	
𡣝	女	17	
𡣞	女	17	
𡣟	女	17	
𡣠	女	17	
𡣡	女	17	
𡣢	里	17	
𡣣	女	17	
𡣤	女	17	
𡣥	女	17	
𡣦	女	17	
𡣧	女	17	
𡣨	女	17	
𡣩	女	17	
𡣪	女	18	
𡣫	女	18	
𡣬	女	18	
𡣭	女	18	
𡣮	女	18	
𡣯	女	18	
𡣰	女	18	
𡣱	女	18	
𡣲	女	18	
𡣳	女	18	
𡣴	女	18	
𡣵	女	18	
𡣶	女	18	
𡣷	女	18	
𡣸	女	18	
𡣹	女	18	
𡣺	女	18	
𡣻	女	18	
𡣼	女	18	
𡣽	女	19	
𡣾	女	19	
𡣿	女	19	
𡤀	女	19	
𡤁	女	19	
𡤂	女	19	
𡤃	女	19	
𡤄	女	19	
𡤅	女	19	
𡤆	女	19	
𡤇	女	19	
𡤈	女	19	
𡤉	女	19	
𡤊	女	19	
𡤋	女	19	
𡤌	女	19	
𡤍	女	19	
𡤎	女	20	
𡤏	女	20	
𡤐	女	20	
𡤑	女	20	
𡤒	女	20	
𡤓	女	20	
𡤔	女	20	
𡤕	女	20	
𡤖	女	20	
𡤗	女	20	
𡤘	女	21	
𡤙	女	21	
𡤚	女	21	
𡤛	女	21	
𡤜	女	21	
𡤝	女	21	
𡤞	女	19	
𡤟	女	21	
𡤠	女	21	
𡤡	女	22	
𡤢	女	22	
𡤣	女	22	
𡤤	女	22	
𡤥	女	22	
𡤦	女	22	
𡤧	女	22	
𡤨	女	22	
𡤩	女	22	
𡤪	女	22	
𡤫	女	23	
𡤬	女	23	
𡤭	女	23	
𡤮	女	24	
𡤯	女	24	
𡤰	女	24	
𡤱	女	24	
𡤲	女	24	
𡤳	女	24	
𡤴	女	25	
𡤵	女	25	
𡤶	女	25	
𡤷	女	27	
𡤸	女	27	
𡤹	女	27	
𡤺	女	27	
𡤻	女	33	
𡤼	子	3	
𡤽	子	4	
𡤾	子	5	
𡤿	子	5	
𡥀	子	5	
𡥁	子	5	
𡥂	子	5	
𡥃	子	6	
𡥄	子	6	
𡥅	子	6	
𡥆	子	7	
𡥇	子	7	
𡥈	子	7	
𡥉	子	7	
𡥊	子	7	
𡥋	卜	7	
𡥌	子	7	
𡥍	子	7	
𡥎	子	8	
𡥏	子	8	
𡥐	子	8	
𡥑	子	8	
𡥒	子	8	
𡥓	子	8	
𡥔	子	8	
𡥕	子	8	
𡥖	子	8	
𡥗	子	8	
𡥘	子	8	
𡥙	子	8	
𡥚	子	8	
𡥛	子	9	
𡥜	子	9	
𡥝	子	9	
𡥞	子	9	
𡥟	子	9	
𡥠	子	9	
𡥡	子	9	
𡥢	子	9	
𡥣	子	9	
𡥤	子	9	
𡥥	子	9	
𡥦	子	9	
𡥧	子	9	
𡥨	子	10	
𡥩	子	10	
𡥪	子	10	
𡥫	子	10	
𡥬	子	10	
𡥭	子	10	
𡥮	子	11	
𡥯	子	11	
𡥰	子	11	
𡥱	子	11	
𡥲	子	11	
𡥳	子	11	
𡥴	子	11	
𡥵	子	11	
𡥶	子	12	
𡥷	子	12	
𡥸	子	12	
𡥹	子	12	
𡥺	子	12	
𡥻	子	12	
𡥼	子	12	
𡥽	子	12	
𡥾	子	12	
𡥿	子	12	
𡦀	子	12	
𡦁	子	12	
𡦂	子	12	
𡦃	子	13	
𡦄	子	13	
𡦅	子	13	
𡦆	子	13	
𡦇	子	13	
𡦈	子	13	
𡦉	子	13	
𡦊	子	13	
𡦋	子	13	
𡦌	子	13	
𡦍	子	13	
𡦎	子	13	
𡦏	子	13	
𡦐	子	13	
𡦑	子	14	
𡦒	子	14	
𡦓	子	14	
𡦔	子	14	
𡦕	子	14	
𡦖	子	14	
𡦗	子	15	
𡦘	子	15	
𡦙	子	15	
𡦚	子	15	
𡦛	子	15	
𡦜	子	15	
𡦝	子	15	
𡦞	子	16	
𡦟	子	16	
𡦠	子	16	
𡦡	子	16	
𡦢	子	16	
𡦣	子	16	
𡦤	子	16	
𡦥	子	16	
𡦦	子	16	
𡦧	子	16	
𡦨	子	16	
𡦩	子	17	
𡦪	子	18	
𡦫	子	18	
𡦬	子	18	
𡦭	子	19	
𡦮	子	19	
𡦯	子	19	
𡦰	子	19	
𡦱	子	20	
𡦲	子	20	
𡦳	子	20	
𡦴	子	20	
𡦵	子	20	
𡦶	子	20	
𡦷	子	22	
𡦸	子	27	
𡦹	宀	4	
𡦺	宀	5	
𡦻	宀	5	
𡦼	宀	5	
𡦽	宀	6	
𡦾	宀	6	
𡦿	宀	6	
𡧀	宀	6	
𡧁	宀	6	
𡧂	宀	6	
𡧃	宀	6	
𡧄	宀	6	
𡧅	宀	6	
𡧆	宀	6	
𡧇	宀	6	
𡧈	宀	6	
𡧉	宀	6	
𡧊	宀	6	
𡧋	宀	7	
𡧌	宀	7	
𡧍	宀	7	
𡧎	宀	7	
𡧏	宀	7	
𡧐	宀	7	
𡧑	宀	7	
𡧒	宀	7	
𡧓	宀	7	
𡧔	宀	7	
𡧕	宀	7	
𡧖	宀	8	
𡧗	宀	8	
𡧘	宀	8	
𡧙	宀	8	
𡧚	宀	8	
𡧛	宀	8	
𡧜	宀	8	
𡧝	宀	8	
𡧞	宀	8	
𡧟	宀	8	
𡧠	宀	8	
𡧡	宀	8	
𡧢	宀	8	
𡧣	宀	8	
𡧤	宀	8	
𡧥	宀	8	
𡧦	宀	8	
𡧧	宀	8	
𡧨	宀	8	
𡧩	宀	9	
𡧪	宀	9	
𡧫	宀	9	
𡧬	宀	9	
𡧭	宀	9	
𡧮	宀	9	
𡧯	宀	9	
𡧰	宀	9	
𡧱	宀	9	
𡧲	宀	9	
𡧳	宀	9	
𡧴	宀	9	
𡧵	宀	9	
𡧶	宀	9	
𡧷	宀	9	
𡧸	宀	9	
𡧹	宀	9	
𡧺	宀	9	
𡧻	宀	9	
𡧼	宀	9	
𡧽	宀	9	
𡧾	宀	9	
𡧿	宀	9	
𡨀	宀	10	
𡨁	宀	10	
𡨂	宀	10	
𡨃	宀	10	
𡨄	宀	10	
𡨅	宀	10	
𡨆	宀	10	
𡨇	宀	10	
𡨈	宀	10	
𡨉	宀	10	
𡨊	宀	10	
𡨋	宀	10	
𡨌	宀	10	
𡨍	宀	10	
𡨎	宀	10	
𡨏	宀	10	
𡨐	宀	10	
𡨑	宀	10	
𡨒	宀	10	
𡨓	宀	10	
𡨔	宀	10	
𡨕	宀	10	
𡨖	宀	10	
𡨗	宀	10	
𡨘	宀	10	
𡨙	宀	10	
𡨚	宀	10	
𡨛	宀	10	
𡨜	宀	10	
𡨝	宀	10	
𡨞	宀	10	
𡨟	宀	10	
𡨠	宀	10	
𡨡	宀	10	
𡨢	宀	11	
𡨣	宀	11	
𡨤	宀	11	
𡨥	宀	11	
𡨦	宀	11	
𡨧	宀	11	
𡨨	宀	11	
𡨩	宀	11	
𡨪	宀	11	
𡨫	宀	11	
𡨬	宀	11	
𡨭	宀	11	
𡨮	宀	11	
𡨯	宀	11	
𡨰	宀	11	
𡨱	宀	11	
𡨲	宀	11	
𡨳	宀	11	
𡨴	宀	11	
𡨵	宀	11	
𡨶	宀	11	
𡨷	宀	11	
𡨸	宀	11	
𡨹	宀	11	
𡨺	宀	11	
𡨻	宀	11	
𡨼	宀	11	
𡨽	宀	12	
𡨾	宀	12	
𡨿	宀	12	
𡩀	宀	12	
𡩁	宀	12	
𡩂	宀	12	
𡩃	宀	12	
𡩄	宀	12	
𡩅	宀	12	
𡩆	宀	12	
𡩇	宀	12	
𡩈	宀	12	
𡩉	宀	12	
𡩊	宀	12	
𡩋	宀	12	
𡩌	宀	12	
𡩍	宀	12	
𡩎	宀	12	
𡩏	宀	12	
𡩐	宀	12	
𡩑	宀	12	
𡩒	宀	12	
𡩓	宀	12	
𡩔	宀	12	
𡩕	宀	12	
𡩖	宀	12	
𡩗	宀	12	
𡩘	宀	12	
𡩙	宀	12	
𡩚	宀	12	
𡩛	宀	12	
𡩜	宀	12	
𡩝	宀	12	
𡩞	宀	12	
𡩟	宀	13	
𡩠	宀	13	
𡩡	宀	13	
𡩢	宀	13	
𡩣	宀	13	
𡩤	宀	13	
𡩥	宀	13	
𡩦	宀	13	
𡩧	宀	13	
𡩨	宀	13	
𡩩	宀	13	
𡩪	宀	13	
𡩫	宀	13	
𡩬	宀	13	
𡩭	宀	13	
𡩮	宀	13	
𡩯	宀	13	
𡩰	宀	13	
𡩱	宀	13	
𡩲	宀	13	
𡩳	宀	13	
𡩴	宀	13	
𡩵	宀	13	
𡩶	宀	13	
𡩷	宀	13	
𡩸	宀	13	
𡩹	宀	13	
𡩺	宀	13	
𡩻	宀	14	
𡩼	宀	14	
𡩽	宀	14	
𡩾	宀	14	
𡩿	宀	14	
𡪀	宀	14	
𡪁	宀	14	
𡪂	宀	14	
𡪃	宀	14	
𡪄	宀	14	
𡪅	宀	14	
𡪆	宀	14	
𡪇	宀	14	
𡪈	宀	14	
𡪉	宀	14	
𡪊	宀	14	
𡪋	宀	14	
𡪌	宀	14	
𡪍	宀	14	
𡪎	宀	14	
𡪏	宀	14	
𡪐	宀	14	
𡪑	宀	14	
𡪒	宀	14	
𡪓	宀	14	
𡪔	宀	14	
𡪕	宀	14	
𡪖	宀	14	
𡪗	宀	14	
𡪘	宀	14	
𡪙	宀	14	
𡪚	宀	14	
𡪛	宀	14	
𡪜	宀	14	
𡪝	宀	14	
𡪞	又	14	
𡪟	宀	15	
𡪠	宀	15	
𡪡	宀	15	
𡪢	宀	15	
𡪣	宀	15	
𡪤	宀	15	
𡪥	宀	15	
𡪦	宀	15	
𡪧	宀	15	
𡪨	宀	15	
𡪩	宀	15	
𡪪	宀	15	
𡪫	宀	15	
𡪬	宀	15	
𡪭	宀	15	
𡪮	宀	15	
𡪯	宀	15	
𡪰	宀	15	
𡪱	宀	15	
𡪲	宀	15	
𡪳	宀	15	
𡪴	宀	15	
𡪵	宀	15	
𡪶	宀	15	
𡪷	宀	15	
𡪸	宀	15	
𡪹	宀	15	
𡪺	宀	15	
𡪻	宀	15	
𡪼	宀	15	
𡪽	宀	15	
𡪾	宀	16	
𡪿	宀	16	
𡫀	宀	16	
𡫁	宀	16	
𡫂	宀	16	
𡫃	宀	16	
𡫄	宀	16	
𡫅	宀	16	
𡫆	宀	16	
𡫇	宀	16	
𡫈	宀	16	
𡫉	宀	16	
𡫊	宀	16	
𡫋	宀	16	
𡫌	宀	16	
𡫍	宀	16	
𡫎	宀	16	
𡫏	宀	16	
𡫐	宀	16	
𡫑	宀	17	
𡫒	宀	17	
𡫓	宀	17	
𡫔	宀	17	
𡫕	宀	17	
𡫖	宀	17	
𡫗	宀	17	
𡫘	宀	17	
𡫙	宀	17	
𡫚	宀	17	
𡫛	宀	17	
𡫜	宀	17	
𡫝	宀	17	
𡫞	宀	18	
𡫟	宀	18	
𡫠	宀	18	
𡫡	宀	18	
𡫢	宀	18	
𡫣	宀	18	
𡫤	宀	18	
𡫥	宀	18	
𡫦	宀	18	
𡫧	宀	18	
𡫨	宀	18	
𡫩	宀	18	
𡫪	宀	18	
𡫫	宀	18	
𡫬	宀	19	
𡫭	宀	19	
𡫮	宀	19	
𡫯	宀	19	
𡫰	宀	19	
𡫱	宀	19	
𡫲	宀	19	
𡫳	宀	19	
𡫴	宀	19	
𡫵	宀	19	
𡫶	宀	19	
𡫷	宀	20	
𡫸	宀	20	
𡫹	宀	20	
𡫺	宀	20	
𡫻	宀	20	
𡫼	宀	21	
𡫽	宀	21	
𡫾	宀	21	
𡫿	宀	21	
𡬀	宀	21	
𡬁	宀	21	
𡬂	宀	21	
𡬃	宀	21	
𡬄	宀	22	
𡬅	宀	22	
𡬆	宀	22	
𡬇	宀	22	
𡬈	宀	22	
𡬉	宀	22	
𡬊	宀	22	
𡬋	宀	22	
𡬌	宀	23	
𡬍	宀	24	
𡬎	宀	27	
𡬏	宀	24	
𡬐	宀	24	
𡬑	宀	25	
𡬒	宀	28	
𡬓	宀	25	
𡬔	宀	25	
𡬕	宀	25	
𡬖	宀	26	
𡬗	宀	26	
𡬘	宀	26	
𡬙	宀	27	
𡬚	宀	27	
𡬛	宀	29	
𡬜	宀	36	
𡬝	寸	4	
𡬞	寸	6	
𡬟	寸	8	
𡬠	寸	8	
𡬡	寸	8	
𡬢	寸	8	
𡬣	寸	8	
𡬤	寸	8	
𡬥	寸	8	
𡬦	寸	8	
𡬧	寸	9	
𡬨	寸	9	
𡬩	寸	9	
𡬪	寸	9	
𡬫	寸	9	
𡬬	寸	9	
𡬭	寸	10	
𡬮	寸	11	
𡬯	寸	11	
𡬰	寸	11	
𡬱	寸	11	
𡬲	寸	11	
𡬳	寸	12	
𡬴	寸	12	
𡬵	寸	12	
𡬶	寸	12	
𡬷	寸	12	
𡬸	寸	12	
𡬹	寸	13	
𡬺	寸	13	
𡬻	寸	13	
𡬼	寸	13	
𡬽	寸	14	
𡬾	寸	14	
𡬿	寸	14	
𡭀	寸	14	
𡭁	寸	14	
𡭂	寸	14	
𡭃	寸	15	
𡭄	寸	15	
𡭅	寸	15	
𡭆	寸	15	
𡭇	寸	15	
𡭈	寸	15	
𡭉	寸	15	
𡭊	寸	16	
𡭋	寸	16	
𡭌	寸	16	
𡭍	寸	17	
𡭎	寸	17	
𡭏	寸	17	
𡭐	寸	18	
𡭑	寸	19	
𡭒	寸	20	
𡭓	寸	21	
𡭔	小	3	
𡭕	小	4	
𡭖	小	4	
𡭗	小	5	
𡭘	小	5	
𡭙	小	6	
𡭚	小	6	
𡭛	小	6	
𡭜	小	6	
𡭝	小	7	
𡭞	小	7	
𡭟	小	7	
𡭠	小	7	
𡭡	小	7	
𡭢	小	7	
𡭣	小	7	
𡭤	小	7	
𡭥	小	8	
𡭦	小	8	
𡭧	小	8	
𡭨	小	8	
𡭩	小	8	
𡭪	小	9	
𡭫	小	9	
𡭬	小	9	
𡭭	小	9	
𡭮	小	9	
𡭯	小	9	
𡭰	小	9	
𡭱	小	9	
𡭲	小	9	
𡭳	小	9	
𡭴	小	10	
𡭵	小	10	
𡭶	小	10	
𡭷	小	10	
𡭸	小	10	
𡭹	小	10	
𡭺	小	10	
𡭻	小	10	
𡭼	小	10	
𡭽	小	11	
𡭾	小	11	
𡭿	小	11	
𡮀	小	11	
𡮁	小	11	
𡮂	小	11	
𡮃	小	11	
𡮄	小	11	
𡮅	小	11	
𡮆	小	11	
𡮇	小	11	
𡮈	小	11	
𡮉	小	11	
𡮊	小	11	
𡮋	小	11	
𡮌	小	11	
𡮍	小	11	
𡮎	小	12	
𡮏	小	12	
𡮐	小	12	
𡮑	小	12	
𡮒	小	12	
𡮓	小	12	
𡮔	小	12	
𡮕	小	12	
𡮖	小	12	
𡮗	小	12	
𡮘	小	13	
𡮙	小	13	
𡮚	小	13	
𡮛	小	13	
𡮜	小	13	
𡮝	小	13	
𡮞	小	14	
𡮟	小	14	
𡮠	小	14	
𡮡	小	14	
𡮢	小	14	
𡮣	小	14	
𡮤	小	14	
𡮥	小	14	
𡮦	小	15	
𡮧	小	15	
𡮨	小	15	
𡮩	小	15	
𡮪	小	15	
𡮫	小	15	
𡮬	小	15	
𡮭	小	15	
𡮮	小	15	
𡮯	小	15	
𡮰	小	16	
𡮱	小	16	
𡮲	小	16	
𡮳	小	16	
𡮴	小	17	
𡮵	小	17	
𡮶	小	17	
𡮷	小	18	
𡮸	小	18	
𡮹	小	18	
𡮺	小	18	
𡮻	小	18	
𡮼	小	19	
𡮽	小	19	
𡮾	小	19	
𡮿	小	21	
𡯀	小	32	
𡯁	尢	3	
𡯂	尢	3	
𡯃	尢	4	
𡯄	尢	5	
𡯅	尢	5	
𡯆	尢	5	
𡯇	尢	5	
𡯈	尢	5	
𡯉	尢	5	
𡯊	尢	5	
𡯋	尢	6	
𡯌	尢	6	
𡯍	尢	6	
𡯎	尢	6	
𡯏	尢	7	
𡯐	尢	7	
𡯑	尢	7	
𡯒	尢	7	
𡯓	尢	7	
𡯔	尢	7	
𡯕	尢	7	
𡯖	尢	7	
𡯗	尢	7	
𡯘	尢	7	
𡯙	尢	7	
𡯚	尢	8	
𡯛	尢	8	
𡯜	尢	8	
𡯝	尢	8	
𡯞	尢	8	
𡯟	尢	8	
𡯠	尢	8	
𡯡	尢	8	
𡯢	尢	9	
𡯣	尢	9	
𡯤	尢	9	
𡯥	虫	9	
𡯦	尢	9	
𡯧	尢	9	
𡯨	尢	10	
𡯩	尢	10	
𡯪	尢	10	
𡯫	尢	10	
𡯬	尢	10	
𡯭	尢	10	
𡯮	尢	10	
𡯯	尢	10	
𡯰	尢	10	
𡯱	尢	10	
𡯲	尢	10	
𡯳	尢	11	
𡯴	尢	11	
𡯵	尢	11	
𡯶	尢	11	
𡯷	尢	11	
𡯸	尢	11	
𡯹	尢	12	
𡯺	尢	12	
𡯻	尢	12	
𡯼	尢	12	
𡯽	尢	12	
𡯾	尢	12	
𡯿	尢	12	
𡰀	尢	12	
𡰁	尢	12	
𡰂	尢	12	
𡰃	尢	13	
𡰄	尢	13	
𡰅	尢	13	
𡰆	尢	13	
𡰇	尢	13	
𡰈	尢	13	
𡰉	尢	13	
𡰊	尢	13	
𡰋	尢	14	
𡰌	尢	14	
𡰍	尢	14	
𡰎	尢	14	
𡰏	尢	14	
𡰐	尢	15	
𡰑	尢	15	
𡰒	尢	15	
𡰓	尢	15	
𡰔	尢	15	
𡰕	尢	15	
𡰖	尢	16	
𡰗	尢	16	
𡰘	尢	16	
𡰙	尢	16	
𡰚	尢	16	
𡰛	尢	17	
𡰜	尢	17	
𡰝	尢	21	
𡰞	尢	21	
𡰟	尢	22	
𡰠	尢	22	
𡰡	尢	25	
𡰢	尢	25	
𡰣	尸	3	
𡰤	尸	5	
𡰥	尸	5	
𡰦	尸	5	
𡰧	尸	5	
𡰨	尸	5	
𡰩	尸	6	
𡰪	尸	6	
𡰫	尸	6	
𡰬	尸	6	
𡰭	尸	6	
𡰮	尸	6	
𡰯	尸	6	
𡰰	尸	6	
𡰱	尸	6	
𡰲	尸	6	
𡰳	尸	6	
𡰴	尸	5	
𡰵	尸	7	
𡰶	尸	7	
𡰷	尸	7	
𡰸	尸	7	
𡰹	尸	7	
𡰺	尸	7	
𡰻	尸	7	
𡰼	尸	7	
𡰽	尸	7	
𡰾	尸	8	
𡰿	尸	8	
𡱀	尸	8	
𡱁	尸	8	
𡱂	尸	8	
𡱃	尸	8	
𡱄	尸	8	
𡱅	尸	8	
𡱆	尸	8	
𡱇	尸	8	
𡱈	尸	8	
𡱉	尸	8	
𡱊	尸	8	
𡱋	尸	8	
𡱌	尸	9	
𡱍	尸	9	
𡱎	尸	9	
𡱏	尸	9	
𡱐	尸	9	
𡱑	尸	9	
𡱒	尸	9	
𡱓	尸	9	
𡱔	尸	9	
𡱕	尸	9	
𡱖	尸	9	
𡱗	尸	9	
𡱘	尸	9	
𡱙	尸	9	
𡱚	尸	9	
𡱛	尸	9	
𡱜	尸	9	
𡱝	尸	9	
𡱞	尸	9	
𡱟	尸	9	
𡱠	尸	9	
𡱡	尸	9	
𡱢	尸	10	
𡱣	尸	10	
𡱤	尸	10	
𡱥	尸	10	
𡱦	尸	10	
𡱧	尸	10	
𡱨	尸	10	
𡱩	尸	10	
𡱪	尸	10	
𡱫	尸	10	
𡱬	尸	10	
𡱭	尸	10	
𡱮	尸	10	
𡱯	尸	10	
𡱰	尸	10	
𡱱	尸	10	
𡱲	尸	10	
𡱳	尸	10	
𡱴	尸	10	
𡱵	尸	10	
𡱶	尸	10	
𡱷	尸	10	
𡱸	尸	10	
𡱹	尸	10	
𡱺	尸	11	
𡱻	尸	11	
𡱼	尸	11	
𡱽	尸	11	
𡱾	尸	11	
𡱿	尸	11	
𡲀	尸	11	
𡲁	尸	11	
𡲂	尸	11	
𡲃	尸	11	
𡲄	尸	11	
𡲅	尸	11	
𡲆	尸	11	
𡲇	尸	11	
𡲈	尸	11	
𡲉	尸	11	
𡲊	尸	11	
𡲋	尸	11	
𡲌	尸	11	
𡲍	尸	11	
𡲎	尸	11	
𡲏	尸	11	
𡲐	尸	11	
𡲑	尸	11	
𡲒	尸	11	
𡲓	尸	11	
𡲔	尸	12	
𡲕	尸	12	
𡲖	尸	12	
𡲗	尸	12	
𡲘	尸	12	
𡲙	尸	12	
𡲚	尸	12	
𡲛	尸	12	
𡲜	尸	12	
𡲝	尸	12	
𡲞	尸	12	
𡲟	尸	12	
𡲠	尸	12	
𡲡	尸	12	
𡲢	尸	12	
𡲣	尸	12	
𡲤	尸	12	
𡲥	尸	12	
𡲦	尸	12	
𡲧	尸	12	
𡲨	尸	12	
𡲩	尸	12	
𡲪	尸	12	
𡲫	尸	12	
𡲬	尸	13	
𡲭	尸	13	
𡲮	尸	13	
𡲯	尸	13	
𡲰	尸	13	
𡲱	尸	13	
𡲲	尸	13	
𡲳	尸	13	
𡲴	尸	13	
𡲵	尸	13	
𡲶	尸	13	
𡲷	尸	13	
𡲸	尸	13	
𡲹	尸	13	
𡲺	尸	13	
𡲻	尸	13	
𡲼	尸	13	
𡲽	尸	13	
𡲾	尸	13	
𡲿	尸	13	
𡳀	尸	13	
𡳁	尸	13	
𡳂	尸	13	
𡳃	尸	13	
𡳄	尸	14	
𡳅	尸	14	
𡳆	尸	14	
𡳇	尸	14	
𡳈	尸	14	
𡳉	尸	14	
𡳊	尸	14	
𡳋	尸	14	
𡳌	尸	14	
𡳍	尸	14	
𡳎	尸	14	
𡳏	尸	14	
𡳐	尸	15	
𡳑	尸	15	
𡳒	尸	15	
𡳓	尸	15	
𡳔	尸	15	
𡳕	尸	15	
𡳖	尸	15	
𡳗	尸	15	
𡳘	尸	15	
𡳙	尸	15	
𡳚	尸	15	
𡳛	尸	15	
𡳜	尸	15	
𡳝	尸	15	
𡳞	尸	15	
𡳟	尸	16	
𡳠	尸	16	
𡳡	尸	16	
𡳢	尸	16	
𡳣	尸	16	
𡳤	尸	16	
𡳥	尸	16	
𡳦	尸	16	
𡳧	尸	16	
𡳨	尸	17	
𡳩	尸	17	
𡳪	尸	18	
𡳫	尸	18	
𡳬	尸	19	
𡳭	尸	19	
𡳮	尸	19	
𡳯	尸	19	
𡳰	尸	19	
𡳱	尸	20	
𡳲	尸	20	
𡳳	尸	20	
𡳴	尸	20	
𡳵	尸	21	
𡳶	尸	21	
𡳷	尸	21	
𡳸	尸	22	
𡳹	尸	22	
𡳺	尸	22	
𡳻	尸	24	
𡳼	尸	25	
𡳽	尸	25	
𡳾	屮	3	
𡳿	屮	5	
𡴀	屮	6	
𡴁	屮	6	
𡴂	屮	6	
𡴃	屮	6	
𡴄	屮	6	
𡴅	屮	6	
𡴆	屮	7	
𡴇	屮	7	
𡴈	屮	7	
𡴉	屮	7	
𡴊	屮	7	
𡴋	屮	8	
𡴌	屮	8	
𡴍	屮	8	
𡴎	屮	9	
𡴏	屮	9	
𡴐	屮	9	
𡴑	屮	9	
𡴒	屮	9	
𡴓	屮	9	
𡴔	屮	9	
𡴕	屮	10	
𡴖	屮	10	
𡴗	屮	10	
𡴘	屮	10	
𡴙	屮	10	
𡴚	屮	10	
𡴛	屮	11	
𡴜	屮	11	
𡴝	屮	12	
𡴞	屮	12	
𡴟	屮	12	
𡴠	屮	12	
𡴡	屮	12	
𡴢	屮	12	
𡴣	屮	12	
𡴤	屮	13	
𡴥	屮	13	
𡴦	屮	15	
𡴧	屮	15	
𡴨	屮	15	
𡴩	屮	15	
𡴪	屮	18	
𡴫	屮	21	
𡴬	屮	22	
𡴭	山	4	
𡴮	山	4	
𡴯	山	4	
𡴰	山	5	
𡴱	山	5	
𡴲	山	5	
𡴳	山	5	
𡴴	山	5	
𡴵	山	5	
𡴶	山	5	
𡴷	山	5	
𡴸	山	5	
𡴹	山	5	
𡴺	山	5	
𡴻	山	5	
𡴼	山	5	
𡴽	山	5	
𡴾	山	6	
𡴿	山	6	
𡵀	山	6	
𡵁	山	6	
𡵂	山	6	
𡵃	山	6	
𡵄	山	6	
𡵅	山	6	
𡵆	山	6	
𡵇	山	6	
𡵈	山	6	
𡵉	山	6	
𡵊	山	6	
𡵋	山	6	
𡵌	山	6	
𡵍	山	6	
𡵎	山	6	
𡵏	山	6	
𡵐	山	6	
𡵑	山	6	
𡵒	山	6	
𡵓	山	7	
𡵔	山	7	
𡵕	山	7	
𡵖	山	7	
𡵗	山	7	
𡵘	山	7	
𡵙	山	7	
𡵚	山	7	
𡵛	山	7	
𡵜	山	7	
𡵝	山	7	
𡵞	山	7	
𡵟	山	7	
𡵠	山	7	
𡵡	山	7	
𡵢	山	7	
𡵣	山	7	
𡵤	山	7	
𡵥	山	7	
𡵦	山	7	
𡵧	山	7	
𡵨	山	7	
𡵩	山	7	
𡵪	山	7	
𡵫	山	7	
𡵬	山	7	
𡵭	山	7	
𡵮	山	7	
𡵯	山	7	
𡵰	山	7	
𡵱	山	7	
𡵲	山	7	
𡵳	山	7	
𡵴	山	7	
𡵵	山	7	
𡵶	山	7	
𡵷	山	7	
𡵸	山	7	
𡵹	山	7	
𡵺	山	7	
𡵻	山	7	
𡵼	山	7	
𡵽	山	7	
𡵾	山	7	
𡵿	山	7	
𡶀	山	7	
𡶁	山	7	
𡶂	山	7	
𡶃	山	8	
𡶄	山	8	
𡶅	山	8	
𡶆	山	8	
𡶇	山	8	
𡶈	山	8	
𡶉	山	8	
𡶊	山	8	
𡶋	山	8	
𡶌	山	8	
𡶍	山	8	
𡶎	山	8	
𡶏	山	8	
𡶐	山	8	
𡶑	山	8	
𡶒	山	8	
𡶓	山	8	
𡶔	山	8	
𡶕	山	8	
𡶖	山	8	
𡶗	山	8	
𡶘	山	8	
𡶙	山	8	
𡶚	山	8	
𡶛	山	8	
𡶜	山	8	
𡶝	山	8	
𡶞	山	8	
𡶟	山	8	
𡶠	山	8	
𡶡	山	8	
𡶢	山	8	
𡶣	山	8	
𡶤	用	8	
𡶥	山	8	
𡶦	山	8	
𡶧	山	8	
𡶨	山	8	
𡶩	山	8	
𡶪	山	8	
𡶫	山	9	
𡶬	山	9	
𡶭	山	9	
𡶮	山	9	
𡶯	山	9	
𡶰	山	9	
𡶱	山	9	
𡶲	山	9	
𡶳	山	9	
𡶴	山	9	
𡶵	山	9	
𡶶	山	9	
𡶷	山	9	
𡶸	山	9	
𡶹	山	9	
𡶺	山	9	
𡶻	山	9	
𡶼	山	9	
𡶽	山	9	
𡶾	山	9	
𡶿	山	9	
𡷀	山	9	
𡷁	山	9	
𡷂	山	9	
𡷃	山	9	
𡷄	山	9	
𡷅	山	9	
𡷆	山	9	
𡷇	山	9	
𡷈	山	9	
𡷉	山	9	
𡷊	山	9	
𡷋	山	9	
𡷌	山	9	
𡷍	山	9	
𡷎	山	9	
𡷏	山	9	
𡷐	山	9	
𡷑	山	9	
𡷒	山	9	
𡷓	山	9	
𡷔	山	9	
𡷕	山	10	
𡷖	山	10	
𡷗	山	10	
𡷘	山	10	
𡷙	山	10	
𡷚	山	10	
𡷛	山	10	
𡷜	山	10	
𡷝	山	10	
𡷞	山	10	
𡷟	山	10	
𡷠	山	10	
𡷡	山	10	
𡷢	山	10	
𡷣	山	10	
𡷤	山	10	
𡷥	山	10	
𡷦	山	10	
𡷧	山	10	
𡷨	山	10	
𡷩	山	10	
𡷪	山	10	
𡷫	山	10	
𡷬	山	10	
𡷭	山	10	
𡷮	山	10	
𡷯	山	10	
𡷰	山	10	
𡷱	山	10	
𡷲	山	10	
𡷳	山	10	
𡷴	山	10	
𡷵	山	10	
𡷶	山	10	
𡷷	山	10	
𡷸	山	10	
𡷹	山	10	
𡷺	山	10	
𡷻	山	10	
𡷼	山	10	
𡷽	山	10	
𡷾	山	10	
𡷿	山	10	
𡸀	山	10	
𡸁	山	10	
𡸂	山	10	
𡸃	山	10	
𡸄	山	10	
𡸅	山	10	
𡸆	山	10	
𡸇	山	10	
𡸈	山	10	
𡸉	山	10	
𡸊	山	10	
𡸋	山	10	
𡸌	山	10	
𡸍	山	10	
𡸎	山	10	
𡸏	山	10	
𡸐	山	10	
𡸑	山	11	
𡸒	山	11	
𡸓	山	11	
𡸔	山	11	
𡸕	山	11	
𡸖	山	11	
𡸗	山	11	
𡸘	山	11	
𡸙	山	11	
𡸚	山	11	
𡸛	山	11	
𡸜	山	11	
𡸝	山	11	
𡸞	山	11	
𡸟	山	11	
𡸠	山	11	
𡸡	山	11	
𡸢	山	11	
𡸣	山	11	
𡸤	山	11	
𡸥	山	11	
𡸦	山	11	
𡸧	山	11	
𡸨	山	11	
𡸩	山	11	
𡸪	山	11	
𡸫	山	11	
𡸬	山	11	
𡸭	山	11	
𡸮	山	11	
𡸯	山	11	
𡸰	山	11	
𡸱	山	11	
𡸲	山	11	
𡸳	山	11	
𡸴	山	11	
𡸵	山	11	
𡸶	山	11	
𡸷	山	11	
𡸸	山	11	
𡸹	山	11	
𡸺	山	11	
𡸻	山	11	
𡸼	山	11	
𡸽	山	11	
𡸾	山	11	
𡸿	山	11	
𡹀	山	11	
𡹁	山	11	
𡹂	山	11	
𡹃	山	11	
𡹄	山	11	
𡹅	山	11	
𡹆	山	11	
𡹇	山	11	
𡹈	山	11	
𡹉	山	11	
𡹊	山	11	
𡹋	山	11	
𡹌	山	11	
𡹍	山	11	
𡹎	山	11	
𡹏	山	11	
𡹐	山	11	
𡹑	山	11	
𡹒	山	11	
𡹓	山	11	
𡹔	山	11	
𡹕	山	11	
𡹖	山	11	
𡹗	山	11	
𡹘	山	11	
𡹙	山	11	
𡹚	山	11	
𡹛	山	11	
𡹜	山	11	
𡹝	山	11	
𡹞	山	11	
𡹟	山	11	
𡹠	山	11	
𡹡	山	11	
𡹢	山	11	
𡹣	山	11	
𡹤	山	11	
𡹥	山	11	
𡹦	山	11	
𡹧	山	11	
𡹨	山	11	
𡹩	山	11	
𡹪	山	12	
𡹫	山	12	
𡹬	山	12	
𡹭	山	12	
𡹮	山	12	
𡹯	山	12	
𡹰	山	12	
𡹱	山	12	
𡹲	山	12	
𡹳	山	12	
𡹴	山	12	
𡹵	山	12	
𡹶	山	12	
𡹷	山	12	
𡹸	山	12	
𡹹	山	12	
𡹺	山	12	
𡹻	山	12	
𡹼	山	12	
𡹽	山	12	
𡹾	山	12	
𡹿	山	12	
𡺀	山	12	
𡺁	山	12	
𡺂	山	12	
𡺃	山	12	
𡺄	山	12	
𡺅	山	12	
𡺆	山	12	
𡺇	山	12	
𡺈	山	12	
𡺉	山	12	
𡺊	山	12	
𡺋	山	12	
𡺌	山	12	
𡺍	山	12	
𡺎	山	12	
𡺏	山	12	
𡺐	山	12	
𡺑	山	12	
𡺒	山	12	
𡺓	山	12	
𡺔	山	12	
𡺕	山	12	
𡺖	山	12	
𡺗	山	12	
𡺘	山	12	
𡺙	山	12	
𡺚	山	12	
𡺛	山	12	
𡺜	山	12	
𡺝	山	12	
𡺞	山	12	
𡺟	山	12	
𡺠	山	12	
𡺡	山	12	
𡺢	山	12	
𡺣	山	12	
𡺤	山	12	
𡺥	山	12	
𡺦	山	12	
𡺧	山	12	
𡺨	山	12	
𡺩	山	12	
𡺪	山	13	
𡺫	山	13	
𡺬	山	13	
𡺭	山	13	
𡺮	山	13	
𡺯	山	13	
𡺰	山	13	
𡺱	山	13	
𡺲	山	13	
𡺳	山	13	
𡺴	山	13	
𡺵	山	13	
𡺶	山	13	
𡺷	山	13	
𡺸	山	13	
𡺹	山	13	
𡺺	山	13	
𡺻	山	13	
𡺼	山	13	
𡺽	山	13	
𡺾	山	13	
𡺿	山	13	
𡻀	山	13	
𡻁	山	13	
𡻂	山	13	
𡻃	山	13	
𡻄	山	13	
𡻅	山	13	
𡻆	山	13	
𡻇	山	13	
𡻈	山	13	
𡻉	山	13	
𡻊	山	13	
𡻋	山	13	
𡻌	山	13	
𡻍	山	13	
𡻎	山	13	
𡻏	山	13	
𡻐	山	13	
𡻑	山	13	
𡻒	山	13	
𡻓	山	13	
𡻔	山	13	
𡻕	山	13	
𡻖	山	13	
𡻗	山	13	
𡻘	山	14	
𡻙	山	14	
𡻚	山	14	
𡻛	山	14	
𡻜	山	14	
𡻝	山	14	
𡻞	山	14	
𡻟	山	14	
𡻠	山	14	
𡻡	山	14	
𡻢	山	14	
𡻣	山	14	
𡻤	山	14	
𡻥	山	14	
𡻦	山	14	
𡻧	山	14	
𡻨	山	14	
𡻩	山	14	
𡻪	山	14	
𡻫	山	14	
𡻬	山	14	
𡻭	山	14	
𡻮	山	14	
𡻯	山	14	
𡻰	山	14	
𡻱	山	14	
𡻲	山	14	
𡻳	山	14	
𡻴	山	14	
𡻵	山	14	
𡻶	山	14	
𡻷	山	14	
𡻸	山	14	
𡻹	山	14	
𡻺	山	14	
𡻻	山	14	
𡻼	山	14	
𡻽	山	14	
𡻾	山	14	
𡻿	山	14	
𡼀	山	14	
𡼁	山	14	
𡼂	山	14	
𡼃	山	14	
𡼄	山	14	
𡼅	山	14	
𡼆	山	14	
𡼇	山	14	
𡼈	山	14	
𡼉	山	14	
𡼊	山	15	
𡼋	山	15	
𡼌	山	15	
𡼍	山	15	
𡼎	山	15	
𡼏	山	15	
𡼐	山	15	
𡼑	山	15	
𡼒	山	15	
𡼓	山	15	
𡼔	山	15	
𡼕	山	15	
𡼖	山	15	
𡼗	山	15	
𡼘	山	15	
𡼙	山	15	
𡼚	山	15	
𡼛	山	15	
𡼜	山	15	
𡼝	山	15	
𡼞	山	15	
𡼟	山	15	
𡼠	山	15	
𡼡	山	15	
𡼢	山	15	
𡼣	山	15	
𡼤	山	15	
𡼥	山	15	
𡼦	山	15	
𡼧	山	15	
𡼨	山	15	
𡼩	山	15	
𡼪	山	15	
𡼫	山	15	
𡼬	山	15	
𡼭	山	15	
𡼮	山	15	
𡼯	山	15	
𡼰	山	15	
𡼱	山	15	
𡼲	山	15	
𡼳	山	15	
𡼴	山	15	
𡼵	山	15	
𡼶	山	15	
𡼷	山	15	
𡼸	山	15	
𡼹	山	15	
𡼺	山	15	
𡼻	山	15	
𡼼	山	15	
𡼽	山	16	
𡼾	山	16	
𡼿	山	16	
𡽀	山	16	
𡽁	山	16	
𡽂	山	16	
𡽃	山	16	
𡽄	山	16	
𡽅	山	16	
𡽆	山	16	
𡽇	山	16	
𡽈	山	16	
𡽉	山	17	
𡽊	山	16	
𡽋	山	16	
𡽌	山	16	
𡽍	山	16	
𡽎	山	16	
𡽏	山	16	
𡽐	山	16	
𡽑	山	16	
𡽒	山	16	
𡽓	山	16	
𡽔	山	16	
𡽕	山	16	
𡽖	山	16	
𡽗	山	16	
𡽘	山	16	
𡽙	山	16	
𡽚	山	16	
𡽛	山	16	
𡽜	山	17	
𡽝	山	17	
𡽞	山	17	
𡽟	山	17	
𡽠	山	17	
𡽡	山	17	
𡽢	山	17	
𡽣	山	17	
𡽤	山	17	
𡽥	山	17	
𡽦	山	17	
𡽧	山	17	
𡽨	山	17	
𡽩	山	17	
𡽪	山	17	
𡽫	山	17	
𡽬	山	17	
𡽭	山	17	
𡽮	山	17	
𡽯	山	17	
𡽰	山	17	
𡽱	山	17	
𡽲	山	17	
𡽳	山	17	
𡽴	山	17	
𡽵	山	17	
𡽶	山	17	
𡽷	山	17	
𡽸	山	17	
𡽹	山	17	
𡽺	山	17	
𡽻	山	17	
𡽼	山	17	
𡽽	山	17	
𡽾	山	17	
𡽿	山	17	
𡾀	山	17	
𡾁	山	17	
𡾂	山	18	
𡾃	山	18	
𡾄	山	18	
𡾅	山	18	
𡾆	山	18	
𡾇	山	18	
𡾈	山	18	
𡾉	山	18	
𡾊	山	18	
𡾋	山	18	
𡾌	山	18	
𡾍	山	18	
𡾎	山	18	
𡾏	山	18	
𡾐	山	18	
𡾑	山	18	
𡾒	山	18	
𡾓	山	18	
𡾔	山	18	
𡾕	山	18	
𡾖	山	18	
𡾗	大	18	
𡾘	山	19	
𡾙	山	19	
𡾚	山	19	
𡾛	山	19	
𡾜	山	19	
𡾝	山	19	
𡾞	山	19	
𡾟	山	19	
𡾠	山	18	
𡾡	山	19	
𡾢	山	19	
𡾣	山	19	
𡾤	山	19	
𡾥	山	19	
𡾦	山	19	
𡾧	山	19	
𡾨	山	19	
𡾩	山	19	
𡾪	山	19	
𡾫	山	19	
𡾬	山	19	
𡾭	山	19	
𡾮	山	20	
𡾯	山	20	
𡾰	山	20	
𡾱	山	20	
𡾲	山	20	
𡾳	山	20	
𡾴	山	20	
𡾵	山	20	
𡾶	山	20	
𡾷	山	20	
𡾸	山	20	
𡾹	山	20	
𡾺	山	20	
𡾻	山	17	
𡾼	山	21	
𡾽	山	21	
𡾾	山	21	
𡾿	山	21	
𡿀	山	21	
𡿁	山	21	
𡿂	山	21	
𡿃	山	21	
𡿄	山	21	
𡿅	山	21	
𡿆	山	21	
𡿇	山	22	
𡿈	山	22	
𡿉	山	22	
𡿊	山	22	
𡿋	山	22	
𡿌	山	22	
𡿍	山	22	
𡿎	山	22	
𡿏	山	22	
𡿐	山	22	
𡿑	山	22	
𡿒	山	23	
𡿓	山	23	
𡿔	山	24	
𡿕	山	24	
𡿖	山	24	
𡿗	山	24	
𡿘	山	24	
𡿙	山	24	
𡿚	山	24	
𡿛	山	24	
𡿜	山	24	
𡿝	山	25	
𡿞	山	25	
𡿟	山	25	
𡿠	山	27	
𡿡	山	27	
𡿢	山	28	
𡿣	山	27	
𡿤	山	27	
𡿥	山	32	
𡿦	巛	3	
𡿧	巛	4	
𡿨	巛	1	
𡿩	巛	6	
𡿪	巛	6	
𡿫	巛	6	
𡿬	巛	6	
𡿭	巛	6	
𡿮	巛	7	
𡿯	巛	7	
𡿰	巛	7	
𡿱	巛	8	
𡿲	巛	8	
𡿳	巛	8	
𡿴	巛	8	
𡿵	巛	8	
𡿶	巛	8	
𡿷	巛	9	
𡿸	巛	9	
𡿹	巛	9	
𡿺	巛	9	
𡿻	巛	9	
𡿼	巛	10	
𡿽	巛	10	
𡿾	巛	11	
𡿿	巛	11	
𢀀	巛	11	
𢀁	巛	12	
𢀂	巛	14	
𢀃	巛	15	
𢀄	巛	16	
𢀅	巛	16	
𢀆	巛	16	
𢀇	巛	17	
𢀈	巛	18	
𢀉	巛	19	
𢀊	巛	19	
𢀋	巛	20	
𢀌	巛	22	
𢀍	巛	22	
𢀎	巛	24	
𢀏	巛	27	
𢀐	巛	29	
𢀑	工	4	
𢀒	工	4	
𢀓	工	4	
𢀔	工	4	
𢀕	工	4	
𢀖	工	5	
𢀗	工	5	
𢀘	工	5	
𢀙	工	5	
𢀚	工	6	
𢀛	工	6	
𢀜	工	7	
𢀝	工	7	
𢀞	工	7	
𢀟	工	8	
𢀠	工	9	
𢀡	工	10	
𢀢	工	10	
𢀣	工	11	
𢀤	工	12	
𢀥	工	12	
𢀦	工	13	
𢀧	工	13	
𢀨	工	15	
𢀩	工	15	
𢀪	工	15	
𢀫	工	15	
𢀬	工	16	
𢀭	工	17	
𢀮	工	18	
𢀯	工	19	
𢀰	工	21	
𢀱	工	21	
𢀲	工	21	
𢀳	己	4	
𢀴	己	5	
𢀵	己	5	
𢀶	己	6	
𢀷	己	8	
𢀸	己	8	
𢀹	己	9	
𢀺	己	9	
𢀻	己	9	
𢀼	己	10	
𢀽	己	10	
𢀾	己	10	
𢀿	己	10	
𢁀	己	11	
𢁁	己	11	
𢁂	己	11	
𢁃	己	11	
𢁄	己	11	
𢁅	己	12	
𢁆	己	12	
𢁇	己	12	
𢁈	己	12	
𢁉	己	12	
𢁊	己	13	
𢁋	己	15	
𢁌	己	15	
𢁍	己	16	
𢁎	己	17	
𢁏	己	16	
𢁐	己	18	
𢁑	己	20	
𢁒	巾	5	
𢁓	巾	5	
𢁔	巾	5	
𢁕	巾	6	
𢁖	巾	6	
𢁗	巾	6	
𢁘	巾	6	
𢁙	巾	6	
𢁚	巾	6	
𢁛	巾	6	
𢁜	巾	6	
𢁝	巾	6	
𢁞	巾	6	
𢁟	巾	6	
𢁠	巾	6	
𢁡	巾	6	
𢁢	巾	6	
𢁣	巾	6	
𢁤	巾	6	
𢁥	巾	7	
𢁦	巾	7	
𢁧	巾	7	
𢁨	巾	7	
𢁩	巾	7	
𢁪	巾	7	
𢁫	巾	7	
𢁬	巾	7	
𢁭	巾	7	
𢁮	巾	7	
𢁯	巾	7	
𢁰	巾	7	
𢁱	巾	7	
𢁲	巾	7	
𢁳	巾	7	
𢁴	巾	7	
𢁵	巾	7	
𢁶	巾	7	
𢁷	巾	7	
𢁸	巾	7	
𢁹	巾	7	
𢁺	巾	7	
𢁻	巾	8	
𢁼	巾	8	
𢁽	巾	8	
𢁾	巾	8	
𢁿	巾	8	
𢂀	巾	8	
𢂁	巾	8	
𢂂	巾	8	
𢂃	巾	8	
𢂄	巾	8	
𢂅	巾	8	
𢂆	巾	8	
𢂇	巾	8	
𢂈	巾	8	
𢂉	巾	8	
𢂊	巾	8	
𢂋	巾	8	
𢂌	巾	8	
𢂍	巾	8	
𢂎	巾	8	
𢂏	巾	8	
𢂐	巾	9	
𢂑	巾	9	
𢂒	巾	9	
𢂓	巾	9	
𢂔	巾	9	
𢂕	巾	9	
𢂖	巾	9	
𢂗	巾	9	
𢂘	巾	9	
𢂙	巾	9	
𢂚	巾	9	
𢂛	巾	9	
𢂜	巾	9	
𢂝	巾	9	
𢂞	巾	9	
𢂟	巾	9	
𢂠	巾	9	
𢂡	巾	9	
𢂢	巾	9	
𢂣	巾	9	
𢂤	巾	9	
𢂥	巾	9	
𢂦	巾	9	
𢂧	巾	9	
𢂨	巾	9	
𢂩	巾	9	
𢂪	巾	9	
𢂫	巾	9	
𢂬	巾	9	
𢂭	巾	9	
𢂮	巾	9	
𢂯	巾	9	
𢂰	巾	9	
𢂱	巾	10	
𢂲	巾	10	
𢂳	巾	10	
𢂴	巾	10	
𢂵	巾	10	
𢂶	巾	10	
𢂷	巾	10	
𢂸	巾	10	
𢂹	巾	10	
𢂺	巾	10	
𢂻	巾	10	
𢂼	巾	10	
𢂽	巾	10	
𢂾	巾	10	
𢂿	巾	10	
𢃀	巾	10	
𢃁	巾	10	
𢃂	巾	10	
𢃃	巾	10	
𢃄	巾	10	
𢃅	巾	10	
𢃆	巾	10	
𢃇	巾	10	
𢃈	巾	10	
𢃉	巾	10	
𢃊	巾	10	
𢃋	巾	10	
𢃌	巾	10	
𢃍	巾	11	
𢃎	巾	11	
𢃏	巾	11	
𢃐	巾	11	
𢃑	巾	11	
𢃒	巾	11	
𢃓	巾	11	
𢃔	巾	11	
𢃕	巾	11	
𢃖	巾	11	
𢃗	巾	11	
𢃘	巾	11	
𢃙	巾	11	
𢃚	巾	11	
𢃛	巾	11	
𢃜	巾	11	
𢃝	巾	11	
𢃞	巾	11	
𢃟	巾	11	
𢃠	巾	11	
𢃡	巾	11	
𢃢	巾	11	
𢃣	巾	11	
𢃤	巾	11	
𢃥	巾	11	
𢃦	巾	11	
𢃧	巾	11	
𢃨	巾	11	
𢃩	巾	11	
𢃪	巾	11	
𢃫	巾	12	
𢃬	巾	12	
𢃭	巾	12	
𢃮	巾	12	
𢃯	巾	12	
𢃰	巾	12	
𢃱	巾	12	
𢃲	巾	12	
𢃳	巾	12	
𢃴	巾	12	
𢃵	巾	12	
𢃶	巾	12	
𢃷	巾	12	
𢃸	巾	12	
𢃹	巾	12	
𢃺	巾	12	
𢃻	巾	12	
𢃼	巾	12	
𢃽	巾	12	
𢃾	巾	12	
𢃿	巾	12	
𢄀	巾	12	
𢄁	巾	12	
𢄂	巾	12	
𢄃	巾	12	
𢄄	巾	12	
𢄅	巾	12	
𢄆	巾	12	
𢄇	巾	12	
𢄈	巾	12	
𢄉	巾	12	
𢄊	巾	13	
𢄋	巾	13	
𢄌	巾	13	
𢄍	巾	13	
𢄎	巾	13	
𢄏	巾	13	
𢄐	巾	13	
𢄑	巾	13	
𢄒	巾	13	
𢄓	巾	13	
𢄔	巾	13	
𢄕	巾	13	
𢄖	巾	13	
𢄗	巾	13	
𢄘	巾	13	
𢄙	巾	13	
𢄚	巾	13	
𢄛	巾	13	
𢄜	巾	13	
𢄝	巾	13	
𢄞	巾	13	
𢄟	巾	14	
𢄠	巾	14	
𢄡	巾	14	
𢄢	巾	14	
𢄣	巾	14	
𢄤	巾	14	
𢄥	巾	14	
𢄦	巾	14	
𢄧	巾	14	
𢄨	巾	14	
𢄩	巾	14	
𢄪	巾	14	
𢄫	巾	14	
𢄬	巾	14	
𢄭	巾	14	
𢄮	巾	14	
𢄯	巾	14	
𢄰	巾	14	
𢄱	巾	14	
𢄲	巾	14	
𢄳	巾	15	
𢄴	巾	15	
𢄵	巾	15	
𢄶	巾	15	
𢄷	巾	15	
𢄸	巾	15	
𢄹	巾	15	
𢄺	巾	15	
𢄻	巾	15	
𢄼	巾	15	
𢄽	巾	15	
𢄾	巾	15	
𢄿	巾	15	
𢅀	巾	15	
𢅁	巾	15	
𢅂	巾	15	
𢅃	巾	15	
𢅄	巾	15	
𢅅	巾	15	
𢅆	巾	15	
𢅇	巾	15	
𢅈	巾	15	
𢅉	巾	15	
𢅊	巾	15	
𢅋	巾	15	
𢅌	巾	15	
𢅍	巾	16	
𢅎	巾	16	
𢅏	巾	16	
𢅐	巾	16	
𢅑	巾	16	
𢅒	巾	16	
𢅓	巾	16	
𢅔	巾	16	
𢅕	巾	16	
𢅖	巾	16	
𢅗	巾	16	
𢅘	巾	16	
𢅙	巾	16	
𢅚	巾	16	
𢅛	巾	16	
𢅜	巾	16	
𢅝	巾	16	
𢅞	巾	16	
𢅟	巾	17	
𢅠	巾	17	
𢅡	巾	17	
𢅢	巾	17	
𢅣	巾	17	
𢅤	巾	17	
𢅥	巾	17	
𢅦	巾	17	
𢅧	巾	17	
𢅨	巾	17	
𢅩	巾	18	
𢅪	巾	18	
𢅫	巾	18	
𢅬	巾	18	
𢅭	巾	19	
𢅮	巾	19	
𢅯	巾	19	
𢅰	巾	19	
𢅱	巾	19	
𢅲	巾	19	
𢅳	巾	19	
𢅴	巾	19	
𢅵	巾	19	
𢅶	巾	19	
𢅷	巾	19	
𢅸	巾	20	
𢅹	巾	20	
𢅺	巾	20	
𢅻	巾	21	
𢅼	巾	21	
𢅽	巾	21	
𢅾	巾	22	
𢅿	巾	22	
𢆀	巾	22	
𢆁	巾	22	
𢆂	巾	23	
𢆃	巾	24	
𢆄	巾	24	
𢆅	巾	24	
𢆆	巾	24	
𢆇	巾	27	
𢆈	巾	27	
𢆉	干	5	
𢆊	干	7	
𢆋	干	7	
𢆌	干	7	
𢆍	干	8	
𢆎	干	8	
𢆏	干	8	
𢆐	干	8	
𢆑	干	9	
𢆒	干	9	
𢆓	干	9	
𢆔	干	9	
𢆕	干	9	
𢆖	干	10	
𢆗	干	10	
𢆘	干	10	
𢆙	干	10	
𢆚	干	11	
𢆛	干	12	
𢆜	干	12	
𢆝	干	12	
𢆞	干	13	
𢆟	干	13	
𢆠	干	13	
𢆡	乙	14	
𢆢	干	14	
𢆣	夕	14	
𢆤	干	14	
𢆥	干	15	
𢆦	干	16	
𢆧	干	16	
𢆨	干	16	
𢆩	干	16	
𢆪	干	18	
𢆫	干	19	
𢆬	干	20	
𢆭	干	21	
𢆮	干	23	
𢆯	幺	4	
𢆰	幺	4	
𢆱	幺	4	
𢆲	幺	5	
𢆳	幺	5	
𢆴	幺	5	
𢆵	幺	5	
𢆶	幺	6	
𢆷	幺	7	
𢆸	幺	7	
𢆹	幺	7	
𢆺	幺	7	
𢆻	幺	8	
𢆼	幺	8	
𢆽	幺	8	
𢆾	幺	8	
𢆿	幺	9	
𢇀	尸	9	
𢇁	幺	10	
𢇂	幺	9	
𢇃	幺	10	
𢇄	幺	10	
𢇅	幺	10	
𢇆	幺	10	
𢇇	幺	11	
𢇈	幺	11	
𢇉	幺	11	
𢇊	幺	12	
𢇋	幺	13	
𢇌	幺	14	
𢇍	幺	14	
𢇎	幺	14	
𢇏	幺	14	
𢇐	幺	15	
𢇑	幺	15	
𢇒	幺	15	
𢇓	幺	15	
𢇔	小	17	
𢇕	凵	18	
𢇖	幺	22	
𢇗	广	6	
𢇘	广	6	
𢇙	广	6	
𢇚	广	6	
𢇛	广	6	
𢇜	广	6	
𢇝	广	6	
𢇞	广	6	
𢇟	广	6	
𢇠	广	6	
𢇡	广	6	
𢇢	广	6	
𢇣	广	7	
𢇤	广	7	
𢇥	广	7	
𢇦	广	7	
𢇧	广	7	
𢇨	广	7	
𢇩	广	7	
𢇪	广	7	
𢇫	广	7	
𢇬	广	7	
𢇭	广	7	
𢇮	广	7	
𢇯	广	7	
𢇰	广	7	
𢇱	广	7	
𢇲	广	8	
𢇳	广	8	
𢇴	广	8	
𢇵	广	8	
𢇶	广	8	
𢇷	广	8	
𢇸	广	8	
𢇹	广	8	
𢇺	广	8	
𢇻	广	8	
𢇼	广	8	
𢇽	广	8	
𢇾	广	8	
𢇿	广	8	
𢈀	广	8	
𢈁	广	8	
𢈂	广	8	
𢈃	广	8	
𢈄	广	8	
𢈅	广	8	
𢈆	广	8	
𢈇	广	9	
𢈈	广	9	
𢈉	广	9	
𢈊	广	9	
𢈋	广	9	
𢈌	广	9	
𢈍	广	9	
𢈎	广	9	
𢈏	广	9	
𢈐	广	9	
𢈑	广	9	
𢈒	广	9	
𢈓	广	9	
𢈔	广	9	
𢈕	广	9	
𢈖	广	9	
𢈗	广	9	
𢈘	广	9	
𢈙	广	10	
𢈚	广	10	
𢈛	广	10	
𢈜	广	10	
𢈝	广	10	
𢈞	广	10	
𢈟	广	10	
𢈠	广	10	
𢈡	广	10	
𢈢	广	10	
𢈣	广	10	
𢈤	广	10	
𢈥	广	10	
𢈦	广	10	
𢈧	广	10	
𢈨	广	10	
𢈩	广	10	
𢈪	广	10	
𢈫	广	10	
𢈬	广	10	
𢈭	广	10	
𢈮	广	10	
𢈯	广	10	
𢈰	广	10	
𢈱	广	10	
𢈲	子	10	
𢈳	广	11	
𢈴	广	11	
𢈵	广	11	
𢈶	广	11	
𢈷	广	11	
𢈸	广	11	
𢈹	广	11	
𢈺	广	11	
𢈻	广	11	
𢈼	广	11	
𢈽	广	11	
𢈾	广	11	
𢈿	广	11	
𢉀	广	11	
𢉁	广	11	
𢉂	广	11	
𢉃	广	11	
𢉄	广	11	
𢉅	广	11	
𢉆	广	11	
𢉇	广	11	
𢉈	广	11	
𢉉	广	11	
𢉊	广	11	
𢉋	广	11	
𢉌	广	11	
𢉍	广	11	
𢉎	广	11	
𢉏	广	11	
𢉐	广	11	
𢉑	广	11	
𢉒	广	11	
𢉓	广	11	
𢉔	广	11	
𢉕	广	11	
𢉖	鹿	11	
𢉗	广	11	
𢉘	广	11	
𢉙	广	11	
𢉚	广	11	
𢉛	广	12	
𢉜	广	12	
𢉝	广	12	
𢉞	广	12	
𢉟	广	12	
𢉠	广	12	
𢉡	广	12	
𢉢	广	12	
𢉣	广	12	
𢉤	广	12	
𢉥	广	12	
𢉦	广	12	
𢉧	广	12	
𢉨	广	12	
𢉩	广	12	
𢉪	广	12	
𢉫	广	12	
𢉬	广	12	
𢉭	广	12	
𢉮	广	12	
𢉯	广	12	
𢉰	广	12	
𢉱	广	12	
𢉲	广	12	
𢉳	广	12	
𢉴	广	12	
𢉵	广	12	
𢉶	广	12	
𢉷	广	12	
𢉸	广	12	
𢉹	广	12	
𢉺	广	12	
𢉻	广	12	
𢉼	广	13	
𢉽	广	12	
𢉾	广	12	
𢉿	广	13	
𢊀	广	13	
𢊁	广	13	
𢊂	广	13	
𢊃	广	13	
𢊄	广	13	
𢊅	广	13	
𢊆	广	13	
𢊇	广	13	
𢊈	广	13	
𢊉	广	13	
𢊊	广	13	
𢊋	广	13	
𢊌	广	13	
𢊍	广	13	
𢊎	广	13	
𢊏	广	13	
𢊐	广	13	
𢊑	广	13	
𢊒	广	13	
𢊓	广	13	
𢊔	广	13	
𢊕	广	14	
𢊖	广	14	
𢊗	广	14	
𢊘	广	14	
𢊙	广	14	
𢊚	广	14	
𢊛	广	14	
𢊜	广	14	
𢊝	广	14	
𢊞	广	14	
𢊟	广	14	
𢊠	广	14	
𢊡	广	14	
𢊢	广	14	
𢊣	广	14	
𢊤	广	14	
𢊥	广	14	
𢊦	广	14	
𢊧	广	14	
𢊨	广	14	
𢊩	广	14	
𢊪	广	14	
𢊫	广	14	
𢊬	广	14	
𢊭	广	15	
𢊮	广	15	
𢊯	广	15	
𢊰	广	15	
𢊱	广	15	
𢊲	广	15	
𢊳	广	15	
𢊴	广	15	
𢊵	广	15	
𢊶	广	15	
𢊷	广	15	
𢊸	广	15	
𢊹	广	15	
𢊺	广	15	
𢊻	广	15	
𢊼	广	15	
𢊽	广	15	
𢊾	广	15	
𢊿	广	15	
𢋀	广	15	
𢋁	广	15	
𢋂	广	16	
𢋃	广	16	
𢋄	广	16	
𢋅	广	16	
𢋆	广	16	
𢋇	广	16	
𢋈	广	16	
𢋉	广	16	
𢋊	广	16	
𢋋	广	16	
𢋌	广	16	
𢋍	广	16	
𢋎	广	16	
𢋏	广	16	
𢋐	广	16	
𢋑	广	17	
𢋒	广	17	
𢋓	广	17	
𢋔	广	17	
𢋕	广	17	
𢋖	广	17	
𢋗	广	17	
𢋘	广	17	
𢋙	广	17	
𢋚	广	17	
𢋛	广	17	
𢋜	虫	17	
𢋝	广	17	
𢋞	广	17	
𢋟	广	17	
𢋠	广	17	
𢋡	广	18	
𢋢	广	18	
𢋣	广	18	
𢋤	广	18	
𢋥	广	18	
𢋦	广	18	
𢋧	广	18	
𢋨	广	18	
𢋩	广	18	
𢋪	广	18	
𢋫	广	18	
𢋬	广	18	
𢋭	广	18	
𢋮	广	19	
𢋯	广	19	
𢋰	广	19	
𢋱	广	19	
𢋲	广	19	
𢋳	广	19	
𢋴	广	19	
𢋵	广	19	
𢋶	广	19	
𢋷	广	19	
𢋸	广	19	
𢋹	广	19	
𢋺	广	19	
𢋻	广	20	
𢋼	广	20	
𢋽	广	20	
𢋾	广	20	
𢋿	广	20	
𢌀	广	20	
𢌁	广	20	
𢌂	广	20	
𢌃	广	20	
𢌄	广	21	
𢌅	广	21	
𢌆	广	21	
𢌇	水	21	
𢌈	广	22	
𢌉	广	22	
𢌊	广	22	
𢌋	广	22	
𢌌	广	22	
𢌍	广	23	
𢌎	广	23	
𢌏	广	23	
𢌐	广	23	
𢌑	广	23	
𢌒	广	24	
𢌓	广	26	
𢌔	广	27	
𢌕	广	27	
𢌖	广	28	
𢌗	廴	4	
𢌘	廴	5	
𢌙	廴	5	
𢌚	廴	5	
𢌛	廴	7	
𢌜	廴	6	
𢌝	廴	7	
𢌞	廴	7	
𢌟	廴	8	
𢌠	廴	9	
𢌡	廴	9	
𢌢	廴	9	
𢌣	廴	9	
𢌤	廴	9	
𢌥	廴	9	
𢌦	廴	10	
𢌧	廴	10	
𢌨	廴	11	
𢌩	廴	11	
𢌪	廴	11	
𢌫	廴	12	
𢌬	廾	3	
𢌭	廾	4	
𢌮	廾	5	
𢌯	廾	5	
𢌰	廾	6	
𢌱	廾	6	
𢌲	廾	6	
𢌳	廾	7	
𢌴	廾	9	
𢌵	廾	7	
𢌶	廾	7	
𢌷	廾	7	
𢌸	廾	7	
𢌹	廾	7	
𢌺	廾	7	
𢌻	廾	8	
𢌼	廾	9	
𢌽	廾	8	
𢌾	廾	8	
𢌿	廾	8	
𢍀	廾	8	
𢍁	廾	8	
𢍂	廾	9	
𢍃	廾	9	
𢍄	廾	9	
𢍅	廾	9	
𢍆	廾	9	
𢍇	廾	9	
𢍈	廾	9	
𢍉	廾	9	
𢍊	廾	9	
𢍋	廾	9	
𢍌	廾	9	
𢍍	廾	10	
𢍎	廾	10	
𢍏	廾	10	
𢍐	廾	10	
𢍑	廾	10	
𢍒	廾	10	
𢍓	廾	10	
𢍔	廾	11	
𢍕	廾	11	
𢍖	廾	11	
𢍗	廾	11	
𢍘	廾	11	
𢍙	廾	11	
𢍚	廾	12	
𢍛	廾	12	
𢍜	廾	12	
𢍝	廾	12	
𢍞	廾	12	
𢍟	廾	12	
𢍠	廾	12	
𢍡	廾	12	
𢍢	廾	13	
𢍣	廾	13	
𢍤	廾	13	
𢍥	廾	13	
𢍦	廾	14	
𢍧	廾	14	
𢍨	廾	14	
𢍩	廾	14	
𢍪	廾	14	
𢍫	廾	14	
𢍬	廾	15	
𢍭	凵	14	
𢍮	廾	16	
𢍯	廾	16	
𢍰	廾	16	
𢍱	廾	16	
𢍲	廾	17	
𢍳	廾	17	
𢍴	廾	17	
𢍵	廾	19	
𢍶	廾	22	
𢍷	廾	27	
𢍸	廾	27	
𢍹	廾	29	
𢍺	弋	3	
𢍻	弋	4	
𢍼	弋	4	
𢍽	弋	6	
𢍾	弋	6	
𢍿	弋	7	
𢎀	弋	7	
𢎁	弋	7	
𢎂	弋	7	
𢎃	弋	7	
𢎄	弋	8	
𢎅	弋	8	
𢎆	弋	9	
𢎇	弋	9	
𢎈	弋	9	
𢎉	弋	9	
𢎊	弋	9	
𢎋	弋	10	
𢎌	弋	10	
𢎍	弋	11	
𢎎	弋	12	
𢎏	弋	13	
𢎐	弋	13	
𢎑	弋	15	
𢎒	弋	15	
𢎓	弋	16	
𢎔	弋	17	
𢎕	弋	18	
𢎖	弋	21	
𢎗	弓	3	
𢎘	弓	3	
𢎙	弓	4	
𢎚	弓	4	
𢎛	弓	4	
𢎜	弓	4	
𢎝	弓	4	
𢎞	弓	4	
𢎟	弓	4	
𢎠	弓	4	
𢎡	弓	4	
𢎢	弓	5	
𢎣	弓	5	
𢎤	弓	5	
𢎥	弓	5	
𢎦	弓	5	
𢎧	弓	5	
𢎨	弓	5	
𢎩	弓	5	
𢎪	弓	5	
𢎫	弓	6	
𢎬	弓	6	
𢎭	弓	6	
𢎮	弓	6	
𢎯	弓	6	
𢎰	弓	6	
𢎱	弓	6	
𢎲	弓	6	
𢎳	弓	6	
𢎴	弓	6	
𢎵	弓	6	
𢎶	弓	6	
𢎷	弓	7	
𢎸	弓	7	
𢎹	弓	7	
𢎺	弓	7	
𢎻	弓	7	
𢎼	弓	7	
𢎽	弓	7	
𢎾	弓	7	
𢎿	弓	7	
𢏀	弓	7	
𢏁	弓	7	
𢏂	弓	7	
𢏃	弓	7	
𢏄	弓	7	
𢏅	弓	7	
𢏆	弓	8	
𢏇	弓	8	
𢏈	弓	8	
𢏉	弓	8	
𢏊	弓	8	
𢏋	弓	8	
𢏌	弓	8	
𢏍	弓	8	
𢏎	弓	8	
𢏏	弓	8	
𢏐	弓	8	
𢏑	弓	8	
𢏒	弓	8	
𢏓	弓	8	
𢏔	弓	9	
𢏕	弓	9	
𢏖	弓	9	
𢏗	弓	9	
𢏘	弓	9	
𢏙	弓	9	
𢏚	弓	9	
𢏛	弓	9	
𢏜	弓	9	
𢏝	弓	9	
𢏞	弓	9	
𢏟	弓	9	
𢏠	弓	9	
𢏡	弓	9	
𢏢	弓	9	
𢏣	弓	9	
𢏤	弓	10	
𢏥	弓	10	
𢏦	弓	10	
𢏧	弓	10	
𢏨	弓	10	
𢏩	弓	10	
𢏪	弓	10	
𢏫	弓	10	
𢏬	弓	10	
𢏭	弓	10	
𢏮	弓	11	
𢏯	弓	11	
𢏰	弓	11	
𢏱	弓	11	
𢏲	弓	11	
𢏳	弓	11	
𢏴	弓	11	
𢏵	弓	11	
𢏶	弓	11	
𢏷	弓	11	
𢏸	弓	11	
𢏹	弓	11	
𢏺	弓	11	
𢏻	弓	11	
𢏼	弓	11	
𢏽	弓	11	
𢏾	弓	11	
𢏿	弓	11	
𢐀	弓	12	
𢐁	弓	12	
𢐂	弓	12	
𢐃	弓	12	
𢐄	弓	12	
𢐅	弓	12	
𢐆	弓	12	
𢐇	弓	12	
𢐈	弓	12	
𢐉	弓	12	
𢐊	弓	13	
𢐋	弓	13	
𢐌	弓	13	
𢐍	弓	13	
𢐎	弓	13	
𢐏	弓	13	
𢐐	弓	13	
𢐑	弓	13	
𢐒	弓	14	
𢐓	弓	14	
𢐔	弓	14	
𢐕	弓	14	
𢐖	弓	14	
𢐗	弓	14	
𢐘	弓	14	
𢐙	弓	14	
𢐚	弓	14	
𢐛	弓	14	
𢐜	弓	14	
𢐝	弓	14	
𢐞	弓	15	
𢐟	弓	15	
𢐠	弓	15	
𢐡	弓	15	
𢐢	弓	15	
𢐣	弓	15	
𢐤	弓	15	
𢐥	弓	16	
𢐦	弓	16	
𢐧	弓	16	
𢐨	弓	16	
𢐩	弓	16	
𢐪	弓	16	
𢐫	米	16	
𢐬	弓	17	
𢐭	弓	17	
𢐮	弓	17	
𢐯	弓	17	
𢐰	弓	17	
𢐱	弓	17	
𢐲	弓	18	
𢐳	弓	18	
𢐴	弓	18	
𢐵	弓	18	
𢐶	弓	18	
𢐷	弓	18	
𢐸	弓	19	
𢐹	弓	19	
𢐺	弓	19	
𢐻	弓	19	
𢐼	弓	19	
𢐽	弓	19	
𢐾	弓	19	
𢐿	弓	20	
𢑀	弓	20	
𢑁	弓	20	
𢑂	弓	20	
𢑃	弓	20	
𢑄	弓	20	
𢑅	弓	20	
𢑆	弓	21	
𢑇	弓	21	
𢑈	弓	21	
𢑉	弓	21	
𢑊	弓	22	
𢑋	弓	24	
𢑌	弓	25	
𢑍	弓	28	
𢑎	弓	32	
𢑏	彐	6	
𢑐	彐	6	
𢑑	彐	6	
𢑒	彐	6	
𢑓	彐	7	
𢑔	彐	8	
𢑕	彐	8	
𢑖	田	8	
𢑗	彐	9	
𢑘	彐	9	
𢑙	彐	9	
𢑚	彐	9	
𢑛	彐	10	
𢑜	彐	10	
𢑝	彐	10	
𢑞	彐	11	
𢑟	彐	11	
𢑠	彐	11	
𢑡	彐	11	
𢑢	彐	12	
𢑣	彐	12	
𢑤	彐	12	
𢑥	彐	13	
𢑦	彐	13	
𢑧	彐	13	
𢑨	彐	14	
𢑩	彐	14	
𢑪	彐	14	
𢑫	彐	14	
𢑬	彐	14	
𢑭	彐	15	
𢑮	彐	15	
𢑯	彐	16	
𢑰	工	16	
𢑱	彐	16	
𢑲	彐	17	
𢑳	彐	18	
𢑴	彐	18	
𢑵	彐	18	
𢑶	彐	18	
𢑷	彐	19	
𢑸	彐	19	
𢑹	彐	19	
𢑺	彐	19	
𢑻	彐	20	
𢑼	彐	20	
𢑽	彐	22	
𢑾	彐	23	
𢑿	彐	26	
𢒀	彡	5	
𢒁	彡	5	
𢒂	彡	5	
𢒃	彡	6	
𢒄	彡	6	
𢒅	彡	6	
𢒆	彡	6	
𢒇	彡	7	
𢒈	彡	7	
𢒉	彡	8	
𢒊	彡	8	
𢒋	彡	8	
𢒌	彡	8	
𢒍	彡	8	
𢒎	彡	9	
𢒏	彡	10	
𢒐	彡	10	
𢒑	彡	10	
𢒒	彡	10	
𢒓	彡	10	
𢒔	彡	11	
𢒕	彡	11	
𢒖	彡	11	
𢒗	彡	11	
𢒘	彡	11	
𢒙	彡	11	
𢒚	彡	11	
𢒛	彡	11	
𢒜	彡	11	
𢒝	彡	11	
𢒞	彡	12	
𢒟	彡	12	
𢒠	彡	12	
𢒡	彡	12	
𢒢	彡	12	
𢒣	彡	12	
𢒤	彡	13	
𢒥	彡	13	
𢒦	彡	13	
𢒧	彡	13	
𢒨	彡	13	
𢒩	彡	14	
𢒪	彡	14	
𢒫	彡	15	
𢒬	彡	15	
𢒭	彡	15	
𢒮	彡	15	
𢒯	彡	15	
𢒰	彡	16	
𢒱	彡	16	
𢒲	彡	16	
𢒳	彡	16	
𢒴	彡	17	
𢒵	彡	18	
𢒶	彡	21	
𢒷	彡	20	
𢒸	彡	22	
𢒹	彡	22	
𢒺	彡	22	
𢒻	彡	25	
𢒼	彳	4	
𢒽	彳	4	
𢒾	彳	5	
𢒿	彳	5	
𢓀	彳	6	
𢓁	彳	6	
𢓂	彳	6	
𢓃	彳	6	
𢓄	彳	7	
𢓅	彳	7	
𢓆	彳	7	
𢓇	彳	7	
𢓈	彳	7	
𢓉	彳	7	
𢓊	彳	7	
𢓋	彳	7	
𢓌	彳	7	
𢓍	彳	7	
𢓎	彳	7	
𢓏	彳	7	
𢓐	彳	7	
𢓑	彳	7	
𢓒	彳	8	
𢓓	彳	8	
𢓔	彳	8	
𢓕	彳	8	
𢓖	彳	8	
𢓗	彳	8	
𢓘	彳	8	
𢓙	彳	8	
𢓚	彳	8	
𢓛	彳	8	
𢓜	彳	9	
𢓝	彳	9	
𢓞	彳	9	
𢓟	彳	9	
𢓠	彳	9	
𢓡	彳	9	
𢓢	彳	9	
𢓣	彳	9	
𢓤	彳	9	
𢓥	彳	9	
𢓦	彳	9	
𢓧	彳	9	
𢓨	彳	9	
𢓩	彳	9	
𢓪	彳	10	
𢓫	彳	10	
𢓬	彳	10	
𢓭	彳	10	
𢓮	彳	10	
𢓯	彳	10	
𢓰	彳	10	
𢓱	彳	10	
𢓲	彳	10	
𢓳	彳	10	
𢓴	彳	10	
𢓵	彳	10	
𢓶	彳	10	
𢓷	彳	10	
𢓸	彳	10	
𢓹	彳	10	
𢓺	彳	10	
𢓻	彳	10	
𢓼	彳	10	
𢓽	彳	10	
𢓾	彳	10	
𢓿	彳	10	
𢔀	彳	10	
𢔁	彳	11	
𢔂	彳	11	
𢔃	彳	11	
𢔄	彳	11	
𢔅	彳	11	
𢔆	彳	11	
𢔇	彳	11	
𢔈	彳	11	
𢔉	彳	11	
𢔊	彳	11	
𢔋	彳	11	
𢔌	彳	11	
𢔍	彳	11	
𢔎	彳	11	
𢔏	彳	11	
𢔐	彳	11	
𢔑	彳	11	
𢔒	彳	11	
𢔓	彳	11	
𢔔	彳	11	
𢔕	彳	11	
𢔖	彳	11	
𢔗	彳	11	
𢔘	彳	11	
𢔙	彳	11	
𢔚	彳	11	
𢔛	彳	11	
𢔜	彳	11	
𢔝	彳	11	
𢔞	彳	11	
𢔟	彳	12	
𢔠	彳	12	
𢔡	彳	12	
𢔢	彳	12	
𢔣	彳	12	
𢔤	彳	12	
𢔥	彳	12	
𢔦	彳	12	
𢔧	彳	12	
𢔨	彳	12	
𢔩	彳	12	
𢔪	彳	12	
𢔫	彳	12	
𢔬	行	12	
𢔭	彳	12	
𢔮	彳	12	
𢔯	彳	12	
𢔰	彳	12	
𢔱	彳	12	
𢔲	彳	13	
𢔳	彳	13	
𢔴	彳	13	
𢔵	彳	13	
𢔶	彳	13	
𢔷	彳	13	
𢔸	彳	13	
𢔹	彳	13	
𢔺	彳	13	
𢔻	彳	13	
𢔼	彳	13	
𢔽	彳	13	
𢔾	彳	13	
𢔿	彳	13	
𢕀	彳	13	
𢕁	彳	13	
𢕂	彳	13	
𢕃	彳	13	
𢕄	彳	13	
𢕅	彳	13	
𢕆	彳	13	
𢕇	彳	13	
𢕈	彳	13	
𢕉	彳	13	
𢕊	彳	13	
𢕋	彳	13	
𢕌	彳	13	
𢕍	彳	13	
𢕎	彳	13	
𢕏	彳	14	
𢕐	彳	14	
𢕑	彳	14	
𢕒	彳	14	
𢕓	彳	14	
𢕔	彳	14	
𢕕	彳	14	
𢕖	彳	14	
𢕗	彳	14	
𢕘	彳	14	
𢕙	彳	14	
𢕚	彳	14	
𢕛	彳	14	
𢕜	彳	14	
𢕝	彳	14	
𢕞	彳	14	
𢕟	彳	14	
𢕠	彳	14	
𢕡	彳	14	
𢕢	彳	14	
𢕣	彳	14	
𢕤	彳	14	
𢕥	彳	14	
𢕦	彳	14	
𢕧	彳	13	
𢕨	彳	14	
𢕩	彳	14	
𢕪	彳	15	
𢕫	彳	15	
𢕬	彳	15	
𢕭	彳	15	
𢕮	彳	15	
𢕯	彳	15	
𢕰	彳	15	
𢕱	彳	15	
𢕲	彳	15	
𢕳	彳	15	
𢕴	彳	15	
𢕵	彳	15	
𢕶	彳	15	
𢕷	彳	15	
𢕸	彳	15	
𢕹	彳	16	
𢕺	彳	16	
𢕻	彳	16	
𢕼	彳	16	
𢕽	彳	16	
𢕾	彳	16	
𢕿	彳	16	
𢖀	彳	16	
𢖁	彳	16	
𢖂	彳	16	
𢖃	彳	16	
𢖄	彳	16	
𢖅	行	16	
𢖆	彳	16	
𢖇	彳	16	
𢖈	彳	17	
𢖉	彳	17	
𢖊	彳	17	
𢖋	行	17	
𢖌	彳	17	
𢖍	彳	17	
𢖎	彳	17	
𢖏	彳	18	
𢖐	彳	18	
𢖑	彳	18	
𢖒	彳	18	
𢖓	彳	18	
𢖔	彳	18	
𢖕	彳	18	
𢖖	彳	18	
𢖗	彳	18	
𢖘	彳	19	
𢖙	彳	19	
𢖚	彳	19	
𢖛	黑	19	
𢖜	彳	19	
𢖝	彳	20	
𢖞	彳	20	
𢖟	彳	20	
𢖠	彳	20	
𢖡	行	20	
𢖢	彳	20	
𢖣	彳	21	
𢖤	彳	21	
𢖥	彳	22	
𢖦	彳	23	
𢖧	彳	25	
𢖨	彳	27	
𢖩	心	3	
𢖪	心	4	
𢖫	心	5	
𢖬	心	5	
𢖭	心	5	
𢖮	心	5	
𢖯	心	5	
𢖰	心	5	
𢖱	心	5	
𢖲	心	6	
𢖳	心	6	
𢖴	心	6	
𢖵	心	6	
𢖶	心	6	
𢖷	心	6	
𢖸	心	6	
𢖹	心	6	
𢖺	心	6	
𢖻	心	6	
𢖼	心	6	
𢖽	心	6	
𢖾	心	6	
𢖿	心	6	
𢗀	心	6	
𢗁	心	6	
𢗂	心	6	
𢗃	心	6	
𢗄	心	6	
𢗅	心	6	
𢗆	心	6	
𢗇	心	6	
𢗈	心	6	
𢗉	心	7	
𢗊	心	7	
𢗋	心	7	
𢗌	心	7	
𢗍	心	7	
𢗎	心	7	
𢗏	心	7	
𢗐	心	7	
𢗑	心	7	
𢗒	心	7	
𢗓	心	7	
𢗔	心	7	
𢗕	心	7	
𢗖	心	7	
𢗗	心	7	
𢗘	心	7	
𢗙	心	7	
𢗚	心	7	
𢗛	心	7	
𢗜	心	7	
𢗝	心	7	
𢗞	心	7	
𢗟	心	7	
𢗠	心	7	
𢗡	心	7	
𢗢	心	7	
𢗣	心	7	
𢗤	心	7	
𢗥	心	7	
𢗦	心	7	
𢗧	心	7	
𢗨	心	7	
𢗩	心	7	
𢗪	心	7	
𢗫	心	7	
𢗬	心	7	
𢗭	心	7	
𢗮	心	7	
𢗯	心	7	
𢗰	心	7	
𢗱	心	7	
𢗲	心	7	
𢗳	心	7	
𢗴	心	7	
𢗵	心	7	
𢗶	心	7	
𢗷	心	7	
𢗸	心	7	
𢗹	心	7	
𢗺	心	7	
𢗻	心	7	
𢗼	心	7	
𢗽	心	7	
𢗾	心	7	
𢗿	心	8	
𢘀	心	8	
𢘁	心	8	
𢘂	心	8	
𢘃	心	8	
𢘄	心	8	
𢘅	心	8	
𢘆	心	8	
𢘇	心	8	
𢘈	心	8	
𢘉	心	8	
𢘊	心	8	
𢘋	心	8	
𢘌	心	8	
𢘍	心	8	
𢘎	心	8	
𢘏	心	8	
𢘐	心	8	
𢘑	心	8	
𢘒	心	8	
𢘓	心	8	
𢘔	心	8	
𢘕	心	8	
𢘖	心	8	
𢘗	心	8	
𢘘	心	8	
𢘙	心	8	
𢘚	心	8	
𢘛	心	8	
𢘜	心	8	
𢘝	心	8	
𢘞	心	8	
𢘟	心	8	
𢘠	心	8	
𢘡	心	8	
𢘢	心	8	
𢘣	心	8	
𢘤	心	8	
𢘥	心	8	
𢘦	心	8	
𢘧	心	8	
𢘨	心	8	
𢘩	心	8	
𢘪	心	8	
𢘫	心	8	
𢘬	心	8	
𢘭	心	8	
𢘮	心	8	
𢘯	心	8	
𢘰	心	8	
𢘱	心	8	
𢘲	心	8	
𢘳	心	8	
𢘴	心	9	
𢘵	心	9	
𢘶	心	9	
𢘷	心	9	
𢘸	心	9	
𢘹	心	9	
𢘺	心	9	
𢘻	心	9	
𢘼	心	9	
𢘽	心	9	
𢘾	心	9	
𢘿	心	9	
𢙀	心	9	
𢙁	心	9	
𢙂	心	9	
𢙃	心	9	
𢙄	心	9	
𢙅	心	9	
𢙆	心	9	
𢙇	心	9	
𢙈	心	9	
𢙉	心	9	
𢙊	心	9	
𢙋	心	9	
𢙌	心	9	
𢙍	心	9	
𢙎	心	9	
𢙏	心	9	
𢙐	心	9	
𢙑	心	9	
𢙒	心	9	
𢙓	心	9	
𢙔	心	9	
𢙕	心	9	
𢙖	心	9	
𢙗	心	9	
𢙘	心	9	
𢙙	心	9	
𢙚	心	9	
𢙛	心	9	
𢙜	心	9	
𢙝	心	9	
𢙞	心	9	
𢙟	心	9	
𢙠	心	9	
𢙡	心	9	
𢙢	心	9	
𢙣	心	9	
𢙤	心	9	
𢙥	心	9	
𢙦	心	9	
𢙧	心	9	
𢙨	心	9	
𢙩	心	9	
𢙪	心	9	
𢙫	心	9	
𢙬	心	9	
𢙭	心	9	
𢙮	心	9	
𢙯	心	9	
𢙰	心	9	
𢙱	心	10	
𢙲	心	10	
𢙳	心	10	
𢙴	心	10	
𢙵	心	10	
𢙶	心	10	
𢙷	心	10	
𢙸	心	10	
𢙹	心	10	
𢙺	心	10	
𢙻	心	10	
𢙼	心	10	
𢙽	心	10	
𢙾	心	10	
𢙿	心	10	
𢚀	心	10	
𢚁	心	10	
𢚂	心	10	
𢚃	心	10	
𢚄	心	10	
𢚅	心	10	
𢚆	心	10	
𢚇	心	10	
𢚈	心	10	
𢚉	心	10	
𢚊	心	10	
𢚋	心	10	
𢚌	心	10	
𢚍	心	10	
𢚎	心	10	
𢚏	心	10	
𢚐	心	10	
𢚑	心	10	
𢚒	心	10	
𢚓	心	10	
𢚔	心	10	
𢚕	心	10	
𢚖	心	10	
𢚗	心	10	
𢚘	心	10	
𢚙	心	10	
𢚚	心	10	
𢚛	心	10	
𢚜	心	10	
𢚝	心	10	
𢚞	心	10	
𢚟	心	10	
𢚠	心	10	
𢚡	心	10	
𢚢	心	10	
𢚣	心	10	
𢚤	心	10	
𢚥	心	10	
𢚦	心	10	
𢚧	心	10	
𢚨	心	10	
𢚩	心	10	
𢚪	心	10	
𢚫	心	10	
𢚬	心	10	
𢚭	心	10	
𢚮	心	10	
𢚯	心	10	
𢚰	心	10	
𢚱	心	10	
𢚲	心	10	
𢚳	心	10	
𢚴	心	10	
𢚵	心	10	
𢚶	心	10	
𢚷	心	10	
𢚸	心	10	
𢚹	心	10	
𢚺	心	10	
𢚻	心	10	
𢚼	心	10	
𢚽	心	10	
𢚾	心	10	
𢚿	心	10	
𢛀	心	11	
𢛁	心	11	
𢛂	心	11	
𢛃	心	11	
𢛄	心	11	
𢛅	心	11	
𢛆	心	11	
𢛇	心	11	
𢛈	心	11	
𢛉	心	11	
𢛊	心	11	
𢛋	心	11	
𢛌	心	11	
𢛍	心	11	
𢛎	心	11	
𢛏	心	11	
𢛐	心	11	
𢛑	心	11	
𢛒	心	11	
𢛓	心	11	
𢛔	心	11	
𢛕	心	11	
𢛖	心	11	
𢛗	心	11	
𢛘	心	11	
𢛙	心	11	
𢛚	心	11	
𢛛	心	11	
𢛜	心	11	
𢛝	心	11	
𢛞	心	11	
𢛟	心	11	
𢛠	心	11	
𢛡	心	11	
𢛢	心	11	
𢛣	心	11	
𢛤	心	11	
𢛥	心	11	
𢛦	心	11	
𢛧	心	11	
𢛨	心	11	
𢛩	心	11	
𢛪	心	11	
𢛫	心	11	
𢛬	心	11	
𢛭	心	11	
𢛮	心	11	
𢛯	心	11	
𢛰	心	11	
𢛱	心	11	
𢛲	心	11	
𢛳	心	11	
𢛴	心	11	
𢛵	心	11	
𢛶	心	11	
𢛷	心	11	
𢛸	心	11	
𢛹	心	11	
𢛺	心	11	
𢛻	心	11	
𢛼	心	11	
𢛽	心	11	
𢛾	心	11	
𢛿	心	11	
𢜀	心	11	
𢜁	心	11	
𢜂	心	11	
𢜃	心	11	
𢜄	心	11	
𢜅	心	11	
𢜆	心	11	
𢜇	心	11	
𢜈	心	11	
𢜉	心	11	
𢜊	心	11	
𢜋	心	11	
𢜌	心	11	
𢜍	心	11	
𢜎	心	11	
𢜏	心	11	
𢜐	心	11	
𢜑	心	11	
𢜒	心	11	
𢜓	心	11	
𢜔	心	11	
𢜕	心	11	
𢜖	心	11	
𢜗	心	11	
𢜘	心	11	
𢜙	心	11	
𢜚	心	11	
𢜛	心	11	
𢜜	心	11	
𢜝	心	11	
𢜞	心	11	
𢜟	心	11	
𢜠	心	11	
𢜡	心	11	
𢜢	心	11	
𢜣	心	11	
𢜤	心	11	
𢜥	心	11	
𢜦	心	11	
𢜧	心	11	
𢜨	心	12	
𢜩	心	12	
𢜪	心	12	
𢜫	心	12	
𢜬	心	12	
𢜭	心	12	
𢜮	心	12	
𢜯	心	12	
𢜰	心	12	
𢜱	心	12	
𢜲	心	12	
𢜳	心	12	
𢜴	心	12	
𢜵	心	12	
𢜶	心	12	
𢜷	心	12	
𢜸	心	12	
𢜹	心	12	
𢜺	心	12	
𢜻	心	12	
𢜼	心	12	
𢜽	心	12	
𢜾	心	12	
𢜿	心	12	
𢝀	心	12	
𢝁	心	12	
𢝂	心	12	
𢝃	心	12	
𢝄	心	12	
𢝅	心	12	
𢝆	心	12	
𢝇	心	12	
𢝈	心	12	
𢝉	心	12	
𢝊	心	12	
𢝋	心	12	
𢝌	心	12	
𢝍	心	12	
𢝎	心	12	
𢝏	心	12	
𢝐	心	12	
𢝑	心	12	
𢝒	心	12	
𢝓	心	12	
𢝔	心	12	
𢝕	心	12	
𢝖	心	12	
𢝗	心	12	
𢝘	心	12	
𢝙	心	12	
𢝚	心	12	
𢝛	心	12	
𢝜	心	12	
𢝝	心	12	
𢝞	心	12	
𢝟	心	12	
𢝠	心	12	
𢝡	心	12	
𢝢	心	12	
𢝣	心	12	
𢝤	心	12	
𢝥	心	12	
𢝦	心	12	
𢝧	心	12	
𢝨	心	12	
𢝩	心	12	
𢝪	心	12	
𢝫	心	12	
𢝬	心	12	
𢝭	心	12	
𢝮	心	12	
𢝯	心	12	
𢝰	心	12	
𢝱	心	12	
𢝲	心	12	
𢝳	心	12	
𢝴	心	12	
𢝵	心	12	
𢝶	心	12	
𢝷	心	12	
𢝸	心	12	
𢝹	心	12	
𢝺	心	12	
𢝻	心	12	
𢝼	心	12	
𢝽	心	12	
𢝾	心	12	
𢝿	心	12	
𢞀	心	12	
𢞁	心	12	
𢞂	心	12	
𢞃	心	12	
𢞄	心	12	
𢞅	心	12	
𢞆	心	12	
𢞇	心	12	
𢞈	心	12	
𢞉	心	12	
𢞊	心	12	
𢞋	心	12	
𢞌	心	12	
𢞍	心	13	
𢞎	心	13	
𢞏	心	13	
𢞐	心	13	
𢞑	心	13	
𢞒	心	13	
𢞓	心	13	
𢞔	心	13	
𢞕	心	13	
𢞖	心	13	
𢞗	心	13	
𢞘	心	13	
𢞙	心	13	
𢞚	心	13	
𢞛	心	13	
𢞜	心	13	
𢞝	心	13	
𢞞	心	13	
𢞟	心	13	
𢞠	心	13	
𢞡	心	13	
𢞢	心	13	
𢞣	心	13	
𢞤	心	13	
𢞥	心	13	
𢞦	心	13	
𢞧	心	13	
𢞨	心	13	
𢞩	心	13	
𢞪	心	13	
𢞫	心	13	
𢞬	心	13	
𢞭	心	13	
𢞮	心	13	
𢞯	心	13	
𢞰	心	13	
𢞱	心	13	
𢞲	心	13	
𢞳	心	13	
𢞴	心	13	
𢞵	心	13	
𢞶	心	13	
𢞷	心	13	
𢞸	心	13	
𢞹	心	13	
𢞺	心	13	
𢞻	心	13	
𢞼	心	13	
𢞽	心	13	
𢞾	心	13	
𢞿	心	13	
𢟀	心	13	
𢟁	心	13	
𢟂	心	13	
𢟃	心	13	
𢟄	心	13	
𢟅	心	13	
𢟆	心	13	
𢟇	心	13	
𢟈	心	13	
𢟉	心	13	
𢟊	心	13	
𢟋	心	13	
𢟌	心	13	
𢟍	心	13	
𢟎	心	13	
𢟏	心	13	
𢟐	心	13	
𢟑	心	13	
𢟒	心	13	
𢟓	心	13	
𢟔	心	13	
𢟕	心	13	
𢟖	心	13	
𢟗	心	13	
𢟘	心	13	
𢟙	心	13	
𢟚	心	13	
𢟛	心	13	
𢟜	心	13	
𢟝	心	13	
𢟞	心	13	
𢟟	心	13	
𢟠	心	14	
𢟡	心	14	
𢟢	心	14	
𢟣	心	14	
𢟤	心	14	
𢟥	心	14	
𢟦	心	14	
𢟧	心	14	
𢟨	心	14	
𢟩	心	14	
𢟪	心	14	
𢟫	心	14	
𢟬	心	14	
𢟭	心	14	
𢟮	心	14	
𢟯	心	14	
𢟰	心	14	
𢟱	心	14	
𢟲	心	14	
𢟳	心	14	
𢟴	心	14	
𢟵	心	14	
𢟶	心	14	
𢟷	心	14	
𢟸	心	14	
𢟹	心	14	
𢟺	心	14	
𢟻	心	14	
𢟼	心	14	
𢟽	心	14	
𢟾	心	14	
𢟿	心	14	
𢠀	心	14	
𢠁	心	14	
𢠂	心	14	
𢠃	心	14	
𢠄	心	14	
𢠅	心	14	
𢠆	心	14	
𢠇	心	14	
𢠈	心	14	
𢠉	心	14	
𢠊	心	14	
𢠋	心	14	
𢠌	心	14	
𢠍	心	14	
𢠎	心	14	
𢠏	心	14	
𢠐	心	14	
𢠑	心	14	
𢠒	心	14	
𢠓	心	14	
𢠔	心	14	
𢠕	心	14	
𢠖	心	14	
𢠗	心	14	
𢠘	心	14	
𢠙	心	14	
𢠚	心	14	
𢠛	心	14	
𢠜	心	14	
𢠝	心	14	
𢠞	心	14	
𢠟	心	14	
𢠠	心	14	
𢠡	心	14	
𢠢	心	14	
𢠣	心	14	
𢠤	心	14	
𢠥	心	14	
𢠦	心	14	
𢠧	心	14	
𢠨	心	14	
𢠩	心	14	
𢠪	心	14	
𢠫	心	14	
𢠬	心	14	
𢠭	心	14	
𢠮	心	14	
𢠯	心	14	
𢠰	心	14	
𢠱	心	15	
𢠲	心	15	
𢠳	心	15	
𢠴	心	15	
𢠵	心	15	
𢠶	心	15	
𢠷	心	15	
𢠸	心	15	
𢠹	心	15	
𢠺	心	15	
𢠻	心	15	
𢠼	心	15	
𢠽	心	15	
𢠾	心	15	
𢠿	心	15	
𢡀	心	15	
𢡁	心	15	
𢡂	心	15	
𢡃	心	15	
𢡄	心	15	
𢡅	心	15	
𢡆	心	15	
𢡇	心	15	
𢡈	心	15	
𢡉	心	15	
𢡊	心	15	
𢡋	心	15	
𢡌	心	15	
𢡍	心	15	
𢡎	心	15	
𢡏	心	15	
𢡐	心	15	
𢡑	心	15	
𢡒	心	15	
𢡓	心	15	
𢡔	心	15	
𢡕	心	15	
𢡖	心	15	
𢡗	心	15	
𢡘	心	15	
𢡙	心	15	
𢡚	心	15	
𢡛	心	15	
𢡜	心	15	
𢡝	心	15	
𢡞	心	15	
𢡟	心	15	
𢡠	心	15	
𢡡	心	15	
𢡢	心	15	
𢡣	心	15	
𢡤	心	15	
𢡥	心	15	
𢡦	心	15	
𢡧	心	15	
𢡨	心	15	
𢡩	心	15	
𢡪	心	15	
𢡫	心	15	
𢡬	心	15	
𢡭	心	15	
𢡮	心	15	
𢡯	心	15	
𢡰	心	15	
𢡱	心	15	
𢡲	心	15	
𢡳	心	15	
𢡴	心	15	
𢡵	心	15	
𢡶	心	15	
𢡷	心	15	
𢡸	心	15	
𢡹	心	15	
𢡺	心	15	
𢡻	心	15	
𢡼	心	15	
𢡽	心	15	
𢡾	心	15	
𢡿	心	15	
𢢀	心	15	
𢢁	心	15	
𢢂	心	15	
𢢃	心	15	
𢢄	心	15	
𢢅	心	15	
𢢆	心	15	
𢢇	心	15	
𢢈	心	15	
𢢉	心	15	
𢢊	心	15	
𢢋	心	15	
𢢌	心	15	
𢢍	心	15	
𢢎	心	15	
𢢏	心	15	
𢢐	心	15	
𢢑	心	15	
𢢒	心	16	
𢢓	心	16	
𢢔	心	16	
𢢕	心	16	
𢢖	心	16	
𢢗	心	16	
𢢘	心	16	
𢢙	心	16	
𢢚	心	16	
𢢛	心	16	
𢢜	心	16	
𢢝	心	16	
𢢞	心	16	
𢢟	心	16	
𢢠	心	16	
𢢡	心	16	
𢢢	心	16	
𢢣	心	16	
𢢤	心	16	
𢢥	心	16	
𢢦	心	16	
𢢧	心	16	
𢢨	心	16	
𢢩	心	16	
𢢪	心	16	
𢢫	心	16	
𢢬	心	16	
𢢭	心	16	
𢢮	心	16	
𢢯	心	16	
𢢰	心	16	
𢢱	心	16	
𢢲	心	16	
𢢳	心	16	
𢢴	心	16	
𢢵	心	16	
𢢶	心	16	
𢢷	心	16	
𢢸	心	16	
𢢹	心	16	
𢢺	心	16	
𢢻	心	16	
𢢼	心	16	
𢢽	心	16	
𢢾	心	16	
𢢿	心	16	
𢣀	心	16	
𢣁	心	16	
𢣂	心	16	
𢣃	心	16	
𢣄	心	16	
𢣅	心	16	
𢣆	心	16	
𢣇	心	16	
𢣈	心	16	
𢣉	心	16	
𢣊	心	16	
𢣋	心	16	
𢣌	心	16	
𢣍	心	16	
𢣎	心	17	
𢣏	心	17	
𢣐	心	17	
𢣑	心	17	
𢣒	心	17	
𢣓	心	17	
𢣔	心	17	
𢣕	心	17	
𢣖	心	17	
𢣗	心	17	
𢣘	心	17	
𢣙	心	17	
𢣚	心	17	
𢣛	心	17	
𢣜	心	17	
𢣝	心	17	
𢣞	心	17	
𢣟	心	17	
𢣠	心	17	
𢣡	心	17	
𢣢	心	17	
𢣣	心	17	
𢣤	心	17	
𢣥	心	17	
𢣦	心	17	
𢣧	心	17	
𢣨	心	17	
𢣩	心	17	
𢣪	心	17	
𢣫	心	17	
𢣬	心	17	
𢣭	心	17	
𢣮	心	17	
𢣯	心	17	
𢣰	心	17	
𢣱	心	17	
𢣲	心	17	
𢣳	心	17	
𢣴	心	17	
𢣵	心	17	
𢣶	心	17	
𢣷	心	17	
𢣸	心	17	
𢣹	心	17	
𢣺	心	17	
𢣻	心	18	
𢣼	心	18	
𢣽	心	18	
𢣾	心	18	
𢣿	心	18	
𢤀	心	18	
𢤁	心	18	
𢤂	心	18	
𢤃	心	18	
𢤄	心	18	
𢤅	心	18	
𢤆	心	18	
𢤇	心	18	
𢤈	心	18	
𢤉	心	18	
𢤊	心	18	
𢤋	心	18	
𢤌	心	18	
𢤍	心	18	
𢤎	心	18	
𢤏	心	18	
𢤐	心	18	
𢤑	心	18	
𢤒	心	18	
𢤓	心	18	
𢤔	心	18	
𢤕	心	18	
𢤖	心	18	
𢤗	心	18	
𢤘	心	18	
𢤙	心	18	
𢤚	心	18	
𢤛	心	18	
𢤜	心	18	
𢤝	心	18	
𢤞	心	18	
𢤟	心	18	
𢤠	心	18	
𢤡	心	18	
𢤢	心	18	
𢤣	心	18	
𢤤	心	18	
𢤥	心	18	
𢤦	心	19	
𢤧	心	19	
𢤨	心	19	
𢤩	心	19	
𢤪	心	19	
𢤫	心	19	
𢤬	心	19	
𢤭	心	19	
𢤮	心	19	
𢤯	心	19	
𢤰	心	19	
𢤱	心	19	
𢤲	心	19	
𢤳	心	19	
𢤴	心	19	
𢤵	心	19	
𢤶	心	19	
𢤷	心	19	
𢤸	心	19	
𢤹	心	19	
𢤺	心	19	
𢤻	心	19	
𢤼	心	19	
𢤽	心	19	
𢤾	心	19	
𢤿	心	19	
𢥀	心	19	
𢥁	心	19	
𢥂	心	19	
𢥃	心	19	
𢥄	心	19	
𢥅	心	19	
𢥆	心	19	
𢥇	心	19	
𢥈	心	19	
𢥉	心	19	
𢥊	心	19	
𢥋	心	20	
𢥌	心	20	
𢥍	心	20	
𢥎	心	20	
𢥏	心	20	
𢥐	心	20	
𢥑	心	20	
𢥒	心	20	
𢥓	心	20	
𢥔	心	20	
𢥕	心	20	
𢥖	心	20	
𢥗	心	21	
𢥘	心	21	
𢥙	心	21	
𢥚	心	21	
𢥛	心	21	
𢥜	心	21	
𢥝	心	21	
𢥞	心	21	
𢥟	心	21	
𢥠	心	21	
𢥡	心	21	
𢥢	心	21	
𢥣	心	21	
𢥤	心	21	
𢥥	心	22	
𢥦	心	22	
𢥧	心	22	
𢥨	心	22	
𢥩	心	22	
𢥪	心	22	
𢥫	心	22	
𢥬	心	22	
𢥭	心	22	
𢥮	心	22	
𢥯	心	23	
𢥰	心	23	
𢥱	心	23	
𢥲	心	23	
𢥳	心	23	
𢥴	心	23	
𢥵	心	23	
𢥶	心	23	
𢥷	心	23	
𢥸	心	23	
𢥹	心	23	
𢥺	心	23	
𢥻	心	24	
𢥼	心	24	
𢥽	心	24	
𢥾	心	24	
𢥿	心	24	
𢦀	心	24	
𢦁	心	24	
𢦂	心	24	
𢦃	心	26	
𢦄	心	26	
𢦅	心	27	
𢦆	心	27	
𢦇	心	27	
𢦈	心	28	
𢦉	心	28	
𢦊	心	30	
𢦋	心	31	
𢦌	戈	5	
𢦍	戈	5	
𢦎	戈	6	
𢦏	戈	6	
𢦐	戈	6	
𢦑	戈	6	
𢦒	戈	7	
𢦓	戈	7	
𢦔	戈	7	
𢦕	戈	7	
𢦖	戈	7	
𢦗	戈	7	
𢦘	戈	7	
𢦙	戈	7	
𢦚	戈	8	
𢦛	戈	8	
𢦜	戈	8	
𢦝	戈	8	
𢦞	戈	8	
𢦟	戈	8	
𢦠	戈	8	
𢦡	戈	8	
𢦢	戈	8	
𢦣	戈	8	
𢦤	戈	8	
𢦥	戈	8	
𢦦	戈	9	
𢦧	戈	9	
𢦨	戈	9	
𢦩	戈	9	
𢦪	戈	9	
𢦫	戈	9	
𢦬	戈	9	
𢦭	戈	9	
𢦮	戈	9	
𢦯	戈	9	
𢦰	戈	9	
𢦱	戈	9	
𢦲	戈	9	
𢦳	戈	9	
𢦴	戈	9	
𢦵	戈	9	
𢦶	戈	9	
𢦷	戈	10	
𢦸	戈	10	
𢦹	戈	10	
𢦺	戈	10	
𢦻	戈	10	
𢦼	戈	10	
𢦽	戈	10	
𢦾	戈	10	
𢦿	戈	11	
𢧀	戈	11	
𢧁	戈	11	
𢧂	戈	11	
𢧃	戈	11	
𢧄	戈	11	
𢧅	戈	11	
𢧆	戈	11	
𢧇	戈	11	
𢧈	戈	12	
𢧉	戈	12	
𢧊	戈	12	
𢧋	戈	12	
𢧌	戈	12	
𢧍	戈	12	
𢧎	戈	12	
𢧏	戈	12	
𢧐	戈	12	
𢧑	戈	12	
𢧒	戈	12	
𢧓	戈	12	
𢧔	戈	13	
𢧕	戈	13	
𢧖	戈	13	
𢧗	戈	13	
𢧘	戈	13	
𢧙	戈	13	
𢧚	戈	13	
𢧛	戈	13	
𢧜	戈	13	
𢧝	戈	13	
𢧞	戈	13	
𢧟	戈	13	
𢧠	戈	13	
𢧡	戈	13	
𢧢	戈	14	
𢧣	戈	14	
𢧤	戈	14	
𢧥	戈	14	
𢧦	戈	14	
𢧧	戈	14	
𢧨	戈	15	
𢧩	戈	14	
𢧪	戈	14	
𢧫	戈	14	
𢧬	戈	14	
𢧭	戈	14	
𢧮	戈	14	
𢧯	戈	14	
𢧰	戈	14	
𢧱	戈	14	
𢧲	戈	15	
𢧳	戈	15	
𢧴	戈	15	
𢧵	戈	15	
𢧶	戈	15	
𢧷	戈	15	
𢧸	戈	15	
𢧹	戈	15	
𢧺	戈	15	
𢧻	戈	15	
𢧼	戈	15	
𢧽	戈	15	
𢧾	戈	15	
𢧿	戈	15	
𢨀	戈	15	
𢨁	戈	15	
𢨂	戈	15	
𢨃	戈	15	
𢨄	戈	15	
𢨅	戈	15	
𢨆	戈	15	
𢨇	戈	16	
𢨈	戈	16	
𢨉	戈	16	
𢨊	戈	16	
𢨋	戈	16	
𢨌	戈	16	
𢨍	戈	16	
𢨎	戈	16	
𢨏	戈	16	
𢨐	口	16	
𢨑	戈	16	
𢨒	戈	16	
𢨓	戈	17	
𢨔	戈	17	
𢨕	戈	17	
𢨖	戈	17	
𢨗	戈	17	
𢨘	戈	18	
𢨙	戈	18	
𢨚	戈	19	
𢨛	戈	19	
𢨜	戈	19	
𢨝	戈	19	
𢨞	戈	20	
𢨟	戈	20	
𢨠	戈	20	
𢨡	戈	21	
𢨢	戈	21	
𢨣	戈	21	
𢨤	戶	5	
𢨥	戶	5	
𢨦	戶	6	
𢨧	戶	6	
𢨨	戶	6	
𢨩	戶	6	
𢨪	戶	7	
𢨫	戶	7	
𢨬	戶	7	
𢨭	戶	7	
𢨮	戶	7	
𢨯	戶	8	
𢨰	戶	8	
𢨱	戶	8	
𢨲	戶	8	
𢨳	戶	8	
𢨴	戶	8	
𢨵	戶	8	
𢨶	戶	9	
𢨷	戶	9	
𢨸	戶	9	
𢨹	戶	9	
𢨺	戶	9	
𢨻	戶	9	
𢨼	戶	9	
𢨽	戶	9	
𢨾	戶	9	
𢨿	戶	9	
𢩀	戶	9	
𢩁	戶	9	
𢩂	戶	9	
𢩃	戶	9	
𢩄	戶	9	
𢩅	戶	10	
𢩆	戶	10	
𢩇	戶	10	
𢩈	戶	10	
𢩉	戶	10	
𢩊	戶	10	
𢩋	戶	10	
𢩌	戶	10	
𢩍	戶	11	
𢩎	戶	11	
𢩏	戶	11	
𢩐	戶	11	
𢩑	戶	12	
𢩒	戶	12	
𢩓	戶	12	
𢩔	戶	12	
𢩕	戶	12	
𢩖	戶	13	
𢩗	戶	13	
𢩘	戶	14	
𢩙	戶	14	
𢩚	戶	14	
𢩛	戶	14	
𢩜	戶	15	
𢩝	戶	15	
𢩞	戶	15	
𢩟	戶	16	
𢩠	戶	17	
𢩡	戶	18	
𢩢	戶	21	
𢩣	戶	23	
𢩤	戶	23	
𢩥	手	4	
𢩦	手	4	
𢩧	手	4	
𢩨	手	5	
𢩩	手	5	
𢩪	手	5	
𢩫	手	5	
𢩬	手	5	
𢩭	手	6	
𢩮	手	6	
𢩯	手	6	
𢩰	手	6	
𢩱	手	6	
𢩲	手	6	
𢩳	手	6	
𢩴	手	6	
𢩵	手	6	
𢩶	手	6	
𢩷	手	6	
𢩸	手	6	
𢩹	手	6	
𢩺	手	6	
𢩻	手	6	
𢩼	手	6	
𢩽	手	6	
𢩾	手	6	
𢩿	手	6	
𢪀	手	6	
𢪁	手	6	
𢪂	手	6	
𢪃	手	7	
𢪄	手	7	
𢪅	手	7	
𢪆	手	7	
𢪇	手	7	
𢪈	手	7	
𢪉	手	7	
𢪊	手	7	
𢪋	手	7	
𢪌	手	7	
𢪍	手	7	
𢪎	手	7	
𢪏	手	7	
𢪐	手	7	
𢪑	手	7	
𢪒	手	7	
𢪓	手	7	
𢪔	手	7	
𢪕	手	7	
𢪖	手	7	
𢪗	手	7	
𢪘	手	7	
𢪙	手	7	
𢪚	手	7	
𢪛	手	7	
𢪜	手	7	
𢪝	手	7	
𢪞	手	7	
𢪟	手	7	
𢪠	手	7	
𢪡	手	7	
𢪢	手	7	
𢪣	手	7	
𢪤	手	7	
𢪥	手	7	
𢪦	手	7	
𢪧	手	7	
𢪨	手	7	
𢪩	手	7	
𢪪	手	7	
𢪫	手	7	
𢪬	手	7	
𢪭	手	7	
𢪮	手	7	
𢪯	手	7	
𢪰	手	7	
𢪱	手	7	
𢪲	手	7	
𢪳	手	7	
𢪴	手	8	
𢪵	手	8	
𢪶	手	8	
𢪷	手	8	
𢪸	手	8	
𢪹	手	8	
𢪺	手	8	
𢪻	手	8	
𢪼	手	8	
𢪽	手	8	
𢪾	手	8	
𢪿	手	8	
𢫀	手	8	
𢫁	手	8	
𢫂	手	8	
𢫃	手	8	
𢫄	手	8	
𢫅	手	8	
𢫆	手	8	
𢫇	手	8	
𢫈	手	8	
𢫉	手	8	
𢫊	手	8	
𢫋	手	8	
𢫌	手	8	
𢫍	手	8	
𢫎	手	8	
𢫏	手	8	
𢫐	手	8	
𢫑	手	8	
𢫒	手	8	
𢫓	手	8	
𢫔	手	8	
𢫕	手	8	
𢫖	手	8	
𢫗	手	8	
𢫘	手	8	
𢫙	手	8	
𢫚	手	8	
𢫛	手	8	
𢫜	手	8	
𢫝	手	8	
𢫞	手	8	
𢫟	手	8	
𢫠	手	8	
𢫡	手	8	
𢫢	手	8	
𢫣	手	8	
𢫤	手	9	
𢫥	手	9	
𢫦	手	9	
𢫧	手	9	
𢫨	手	9	
𢫩	手	9	
𢫪	手	9	
𢫫	手	9	
𢫬	手	9	
𢫭	手	9	
𢫮	手	9	
𢫯	手	9	
𢫰	手	9	
𢫱	手	9	
𢫲	手	9	
𢫳	手	9	
𢫴	手	9	
𢫵	手	9	
𢫶	手	9	
𢫷	手	9	
𢫸	手	9	
𢫹	手	9	
𢫺	手	9	
𢫻	手	9	
𢫼	手	9	
𢫽	手	9	
𢫾	手	9	
𢫿	手	9	
𢬀	手	9	
𢬁	手	9	
𢬂	手	9	
𢬃	手	9	
𢬄	手	9	
𢬅	手	9	
𢬆	手	9	
𢬇	手	9	
𢬈	手	9	
𢬉	手	9	
𢬊	手	9	
𢬋	手	9	
𢬌	手	9	
𢬍	手	9	
𢬎	手	9	
𢬏	手	9	
𢬐	手	9	
𢬑	手	9	
𢬒	手	9	
𢬓	手	9	
𢬔	手	9	
𢬕	手	9	
𢬖	手	9	
𢬗	手	9	
𢬘	手	9	
𢬙	手	9	
𢬚	手	9	
𢬛	手	9	
𢬜	手	9	
𢬝	手	9	
𢬞	手	9	
𢬟	手	9	
𢬠	手	9	
𢬡	手	9	
𢬢	手	9	
𢬣	手	9	
𢬤	手	9	
𢬥	手	9	
𢬦	手	9	
𢬧	手	9	
𢬨	手	9	
𢬩	手	9	
𢬪	手	9	
𢬫	手	9	
𢬬	手	9	
𢬭	手	9	
𢬮	手	9	
𢬯	手	10	
𢬰	手	10	
𢬱	手	10	
𢬲	手	10	
𢬳	手	10	
𢬴	手	10	
𢬵	手	10	
𢬶	手	10	
𢬷	手	10	
𢬸	手	10	
𢬹	手	10	
𢬺	手	10	
𢬻	手	10	
𢬼	手	10	
𢬽	手	10	
𢬾	手	10	
𢬿	手	10	
𢭀	手	10	
𢭁	手	10	
𢭂	手	10	
𢭃	手	10	
𢭄	手	10	
𢭅	手	10	
𢭆	手	10	
𢭇	手	10	
𢭈	手	10	
𢭉	手	10	
𢭊	手	10	
𢭋	手	10	
𢭌	手	10	
𢭍	手	10	
𢭎	手	10	
𢭏	手	10	
𢭐	手	10	
𢭑	手	10	
𢭒	手	10	
𢭓	手	10	
𢭔	手	10	
𢭕	手	10	
𢭖	手	10	
𢭗	手	10	
𢭘	手	10	
𢭙	手	10	
𢭚	手	10	
𢭛	手	10	
𢭜	手	10	
𢭝	手	10	
𢭞	手	10	
𢭟	手	10	
𢭠	手	10	
𢭡	手	10	
𢭢	手	10	
𢭣	手	10	
𢭤	手	10	
𢭥	手	10	
𢭦	手	10	
𢭧	手	10	
𢭨	手	10	
𢭩	手	10	
𢭪	手	10	
𢭫	手	10	
𢭬	手	10	
𢭭	手	10	
𢭮	手	10	
𢭯	手	10	
𢭰	手	10	
𢭱	手	10	
𢭲	手	10	
𢭳	手	10	
𢭴	手	10	
𢭵	手	10	
𢭶	手	10	
𢭷	手	10	
𢭸	手	10	
𢭹	手	10	
𢭺	手	10	
𢭻	手	10	
𢭼	手	10	
𢭽	手	10	
𢭾	手	10	
𢭿	手	10	
𢮀	手	10	
𢮁	手	11	
𢮂	手	11	
𢮃	手	11	
𢮄	手	11	
𢮅	手	11	
𢮆	手	11	
𢮇	手	11	
𢮈	手	11	
𢮉	手	11	
𢮊	手	11	
𢮋	手	11	
𢮌	手	11	
𢮍	手	11	
𢮎	手	11	
𢮏	手	11	
𢮐	手	11	
𢮑	手	11	
𢮒	手	11	
𢮓	手	11	
𢮔	手	11	
𢮕	手	11	
𢮖	手	11	
𢮗	手	11	
𢮘	手	11	
𢮙	手	11	
𢮚	手	11	
𢮛	手	11	
𢮜	手	11	
𢮝	手	11	
𢮞	手	11	
𢮟	手	11	
𢮠	手	11	
𢮡	手	11	
𢮢	手	11	
𢮣	手	11	
𢮤	手	11	
𢮥	手	11	
𢮦	手	11	
𢮧	手	11	
𢮨	手	11	
𢮩	手	11	
𢮪	手	11	
𢮫	手	11	
𢮬	手	11	
𢮭	手	11	
𢮮	手	11	
𢮯	手	11	
𢮰	手	11	
𢮱	手	11	
𢮲	手	11	
𢮳	手	11	
𢮴	手	11	
𢮵	手	11	
𢮶	手	11	
𢮷	手	11	
𢮸	手	11	
𢮹	手	11	
𢮺	手	11	
𢮻	手	11	
𢮼	手	11	
𢮽	手	11	
𢮾	手	11	
𢮿	手	11	
𢯀	手	11	
𢯁	手	11	
𢯂	手	11	
𢯃	手	11	
𢯄	手	11	
𢯅	手	11	
𢯆	手	11	
𢯇	手	11	
𢯈	手	11	
𢯉	手	11	
𢯊	手	11	
𢯋	手	11	
𢯌	手	11	
𢯍	手	11	
𢯎	手	11	
𢯏	手	11	
𢯐	手	11	
𢯑	手	11	
𢯒	手	11	
𢯓	手	11	
𢯔	手	11	
𢯕	手	11	
𢯖	手	11	
𢯗	手	11	
𢯘	手	11	
𢯙	手	11	
𢯚	手	11	
𢯛	手	11	
𢯜	手	11	
𢯝	手	11	
𢯞	手	11	
𢯟	手	11	
𢯠	手	11	
𢯡	手	11	
𢯢	手	11	
𢯣	手	11	
𢯤	手	11	
𢯥	手	11	
𢯦	手	11	
𢯧	手	11	
𢯨	手	11	
𢯩	手	12	
𢯪	手	12	
𢯫	手	12	
𢯬	手	12	
𢯭	手	12	
𢯮	手	12	
𢯯	手	12	
𢯰	手	12	
𢯱	手	12	
𢯲	手	12	
𢯳	手	12	
𢯴	手	12	
𢯵	手	12	
𢯶	手	12	
𢯷	手	12	
𢯸	手	12	
𢯹	手	12	
𢯺	手	12	
𢯻	手	12	
𢯼	手	12	
𢯽	手	12	
𢯾	手	12	
𢯿	手	12	
𢰀	手	12	
𢰁	手	12	
𢰂	手	12	
𢰃	手	12	
𢰄	手	12	
𢰅	手	12	
𢰆	手	12	
𢰇	手	12	
𢰈	手	12	
𢰉	手	12	
𢰊	手	12	
𢰋	手	12	
𢰌	手	12	
𢰍	手	12	
𢰎	手	12	
𢰏	手	12	
𢰐	手	12	
𢰑	手	12	
𢰒	手	12	
𢰓	手	12	
𢰔	手	12	
𢰕	手	12	
𢰖	手	12	
𢰗	手	12	
𢰘	手	12	
𢰙	手	12	
𢰚	手	12	
𢰛	手	12	
𢰜	手	12	
𢰝	手	12	
𢰞	手	12	
𢰟	手	12	
𢰠	手	12	
𢰡	手	12	
𢰢	手	12	
𢰣	手	12	
𢰤	手	12	
𢰥	手	12	
𢰦	手	12	
𢰧	手	12	
𢰨	手	12	
𢰩	手	12	
𢰪	手	12	
𢰫	手	12	
𢰬	手	12	
𢰭	手	12	
𢰮	手	12	
𢰯	手	12	
𢰰	手	12	
𢰱	手	12	
𢰲	手	12	
𢰳	手	12	
𢰴	手	12	
𢰵	手	12	
𢰶	手	12	
𢰷	手	12	
𢰸	手	12	
𢰹	手	12	
𢰺	手	12	
𢰻	手	12	
𢰼	手	12	
𢰽	手	12	
𢰾	手	12	
𢰿	目	13	
𢱀	手	12	
𢱁	手	12	
𢱂	手	12	
𢱃	手	12	
𢱄	手	12	
𢱅	手	12	
𢱆	手	12	
𢱇	手	12	
𢱈	手	12	
𢱉	手	12	
𢱊	手	12	
𢱋	手	12	
𢱌	手	12	
𢱍	手	12	
𢱎	手	12	
𢱏	手	12	
𢱐	手	12	
𢱑	手	12	
𢱒	手	12	
𢱓	手	12	
𢱔	手	12	
𢱕	手	12	
𢱖	手	12	
𢱗	手	12	
𢱘	手	12	
𢱙	手	12	
𢱚	手	12	
𢱛	手	12	
𢱜	手	12	
𢱝	手	12	
𢱞	手	12	
𢱟	手	13	
𢱠	手	13	
𢱡	手	13	
𢱢	手	13	
𢱣	手	13	
𢱤	手	13	
𢱥	手	13	
𢱦	手	13	
𢱧	手	13	
𢱨	手	13	
𢱩	手	13	
𢱪	手	13	
𢱫	手	13	
𢱬	手	13	
𢱭	手	13	
𢱮	手	13	
𢱯	手	13	
𢱰	手	13	
𢱱	手	13	
𢱲	手	13	
𢱳	手	13	
𢱴	手	13	
𢱵	手	13	
𢱶	手	13	
𢱷	手	13	
𢱸	手	13	
𢱹	手	13	
𢱺	手	13	
𢱻	手	13	
𢱼	手	13	
𢱽	手	13	
𢱾	手	13	
𢱿	手	13	
𢲀	手	13	
𢲁	手	13	
𢲂	手	13	
𢲃	手	13	
𢲄	手	13	
𢲅	手	13	
𢲆	手	13	
𢲇	手	13	
𢲈	手	13	
𢲉	手	13	
𢲊	手	13	
𢲋	手	13	
𢲌	手	13	
𢲍	手	13	
𢲎	手	13	
𢲏	手	13	
𢲐	手	13	
𢲑	手	13	
𢲒	手	13	
𢲓	手	13	
𢲔	手	13	
𢲕	手	13	
𢲖	手	13	
𢲗	手	13	
𢲘	手	13	
𢲙	手	13	
𢲚	手	13	
𢲛	手	13	
𢲜	手	13	
𢲝	手	13	
𢲞	手	13	
𢲟	手	13	
𢲠	手	13	
𢲡	手	13	
𢲢	手	13	
𢲣	手	13	
𢲤	手	13	
𢲥	手	13	
𢲦	手	13	
𢲧	手	13	
𢲨	手	13	
𢲩	手	13	
𢲪	手	13	
𢲫	手	13	
𢲬	手	13	
𢲭	手	13	
𢲮	手	13	
𢲯	手	13	
𢲰	手	13	
𢲱	手	13	
𢲲	手	13	
𢲳	手	14	
𢲴	手	14	
𢲵	手	14	
𢲶	手	14	
𢲷	手	14	
𢲸	手	14	
𢲹	手	14	
𢲺	手	14	
𢲻	手	14	
𢲼	手	14	
𢲽	手	14	
𢲾	手	14	
𢲿	手	14	
𢳀	手	14	
𢳁	手	14	
𢳂	手	14	
𢳃	手	14	
𢳄	手	14	
𢳅	手	14	
𢳆	手	14	
𢳇	手	14	
𢳈	手	14	
𢳉	手	14	
𢳊	手	14	
𢳋	手	14	
𢳌	手	14	
𢳍	手	14	
𢳎	手	14	
𢳏	手	14	
𢳐	手	14	
𢳑	手	14	
𢳒	手	14	
𢳓	手	14	
𢳔	手	14	
𢳕	手	14	
𢳖	手	14	
𢳗	手	14	
𢳘	手	14	
𢳙	手	14	
𢳚	手	14	
𢳛	手	14	
𢳜	手	14	
𢳝	手	14	
𢳞	手	14	
𢳟	手	14	
𢳠	手	14	
𢳡	手	14	
𢳢	手	14	
𢳣	手	14	
𢳤	手	14	
𢳥	手	14	
𢳦	手	14	
𢳧	手	14	
𢳨	手	14	
𢳩	手	14	
𢳪	手	14	
𢳫	手	14	
𢳬	手	14	
𢳭	手	14	
𢳮	手	14	
𢳯	手	14	
𢳰	手	14	
𢳱	手	14	
𢳲	手	14	
𢳳	手	14	
𢳴	手	14	
𢳵	手	14	
𢳶	手	14	
𢳷	手	14	
𢳸	手	14	
𢳹	手	14	
𢳺	手	14	
𢳻	手	14	
𢳼	手	14	
𢳽	手	14	
𢳾	手	14	
𢳿	手	14	
𢴀	手	14	
𢴁	手	14	
𢴂	手	14	
𢴃	手	14	
𢴄	手	14	
𢴅	手	14	
𢴆	手	14	
𢴇	手	14	
𢴈	手	14	
𢴉	手	14	
𢴊	手	14	
𢴋	手	14	
𢴌	手	14	
𢴍	手	14	
𢴎	手	14	
𢴏	手	14	
𢴐	手	14	
𢴑	手	14	
𢴒	手	14	
𢴓	手	14	
𢴔	手	14	
𢴕	手	14	
𢴖	手	14	
𢴗	手	14	
𢴘	手	14	
𢴙	手	14	
𢴚	手	14	
𢴛	手	14	
𢴜	手	14	
𢴝	手	14	
𢴞	手	14	
𢴟	手	14	
𢴠	手	15	
𢴡	手	15	
𢴢	手	15	
𢴣	手	15	
𢴤	手	15	
𢴥	手	15	
𢴦	手	15	
𢴧	手	15	
𢴨	手	15	
𢴩	手	15	
𢴪	手	15	
𢴫	手	15	
𢴬	手	15	
𢴭	手	15	
𢴮	手	15	
𢴯	手	15	
𢴰	手	15	
𢴱	手	15	
𢴲	手	15	
𢴳	手	15	
𢴴	手	15	
𢴵	手	15	
𢴶	手	15	
𢴷	手	15	
𢴸	手	15	
𢴹	手	15	
𢴺	手	15	
𢴻	手	15	
𢴼	手	15	
𢴽	手	15	
𢴾	手	15	
𢴿	手	15	
𢵀	手	15	
𢵁	手	15	
𢵂	手	15	
𢵃	手	15	
𢵄	手	15	
𢵅	手	15	
𢵆	手	15	
𢵇	手	15	
𢵈	手	15	
𢵉	手	15	
𢵊	手	15	
𢵋	手	15	
𢵌	手	15	
𢵍	手	15	
𢵎	手	15	
𢵏	手	15	
𢵐	手	15	
𢵑	手	15	
𢵒	手	15	
𢵓	手	15	
𢵔	手	15	
𢵕	手	15	
𢵖	手	15	
𢵗	手	15	
𢵘	手	15	
𢵙	手	15	
𢵚	手	15	
𢵛	手	15	
𢵜	手	15	
𢵝	手	15	
𢵞	手	15	
𢵟	手	15	
𢵠	手	15	
𢵡	手	15	
𢵢	手	15	
𢵣	手	15	
𢵤	手	15	
𢵥	手	15	
𢵦	手	15	
𢵧	手	15	
𢵨	手	15	
𢵩	手	15	
𢵪	手	15	
𢵫	手	15	
𢵬	手	15	
𢵭	手	15	
𢵮	手	15	
𢵯	手	15	
𢵰	手	15	
𢵱	手	15	
𢵲	手	15	
𢵳	手	15	
𢵴	手	15	
𢵵	手	15	
𢵶	手	15	
𢵷	手	15	
𢵸	手	15	
𢵹	手	15	
𢵺	手	15	
𢵻	手	15	
𢵼	手	15	
𢵽	手	15	
𢵾	手	15	
𢵿	手	16	
𢶀	手	16	
𢶁	手	16	
𢶂	手	16	
𢶃	手	16	
𢶄	手	16	
𢶅	手	16	
𢶆	手	16	
𢶇	手	16	
𢶈	手	16	
𢶉	手	16	
𢶊	手	16	
𢶋	手	16	
𢶌	手	16	
𢶍	手	16	
𢶎	手	16	
𢶏	手	16	
𢶐	手	16	
𢶑	手	16	
𢶒	手	16	
𢶓	手	16	
𢶔	手	16	
𢶕	手	16	
𢶖	手	16	
𢶗	手	16	
𢶘	手	16	
𢶙	手	16	
𢶚	手	16	
𢶛	手	16	
𢶜	手	16	
𢶝	手	16	
𢶞	手	16	
𢶟	手	16	
𢶠	手	16	
𢶡	手	16	
𢶢	手	16	
𢶣	手	16	
𢶤	手	16	
𢶥	手	16	
𢶦	手	16	
𢶧	手	16	
𢶨	手	16	
𢶩	手	16	
𢶪	手	16	
𢶫	手	16	
𢶬	手	16	
𢶭	手	16	
𢶮	手	16	
𢶯	手	16	
𢶰	手	16	
𢶱	手	16	
𢶲	手	16	
𢶳	手	16	
𢶴	手	16	
𢶵	手	16	
𢶶	手	16	
𢶷	手	16	
𢶸	手	16	
𢶹	手	16	
𢶺	手	16	
𢶻	手	16	
𢶼	手	16	
𢶽	手	16	
𢶾	手	16	
𢶿	手	16	
𢷀	手	16	
𢷁	手	16	
𢷂	手	16	
𢷃	手	16	
𢷄	手	16	
𢷅	手	15	
𢷆	手	16	
𢷇	手	16	
𢷈	手	16	
𢷉	手	16	
𢷊	手	16	
𢷋	手	17	
𢷌	手	17	
𢷍	手	17	
𢷎	手	17	
𢷏	手	17	
𢷐	手	17	
𢷑	手	17	
𢷒	手	17	
𢷓	手	17	
𢷔	手	17	
𢷕	手	17	
𢷖	手	17	
𢷗	手	17	
𢷘	手	17	
𢷙	手	17	
𢷚	手	17	
𢷛	手	17	
𢷜	手	17	
𢷝	手	17	
𢷞	手	17	
𢷟	手	17	
𢷠	手	17	
𢷡	手	17	
𢷢	手	17	
𢷣	手	17	
𢷤	手	17	
𢷥	手	17	
𢷦	手	17	
𢷧	手	17	
𢷨	手	17	
𢷩	手	17	
𢷪	手	17	
𢷫	手	17	
𢷬	手	17	
𢷭	手	17	
𢷮	手	17	
𢷯	手	17	
𢷰	手	17	
𢷱	手	17	
𢷲	手	17	
𢷳	手	17	
𢷴	手	17	
𢷵	手	17	
𢷶	手	18	
𢷷	手	18	
𢷸	手	18	
𢷹	手	18	
𢷺	手	18	
𢷻	手	18	
𢷼	手	18	
𢷽	手	18	
𢷾	手	18	
𢷿	手	18	
𢸀	手	18	
𢸁	手	18	
𢸂	手	18	
𢸃	手	18	
𢸄	手	18	
𢸅	手	18	
𢸆	手	18	
𢸇	手	18	
𢸈	手	18	
𢸉	手	18	
𢸊	手	18	
𢸋	手	18	
𢸌	手	18	
𢸍	手	18	
𢸎	手	18	
𢸏	手	18	
𢸐	手	18	
𢸑	手	18	
𢸒	手	18	
𢸓	手	18	
𢸔	手	18	
𢸕	手	18	
𢸖	手	18	
𢸗	手	18	
𢸘	手	18	
𢸙	手	18	
𢸚	手	18	
𢸛	手	18	
𢸜	手	18	
𢸝	手	18	
𢸞	手	18	
𢸟	手	18	
𢸠	手	18	
𢸡	手	18	
𢸢	手	18	
𢸣	手	19	
𢸤	手	19	
𢸥	手	19	
𢸦	手	19	
𢸧	手	19	
𢸨	手	19	
𢸩	手	19	
𢸪	手	19	
𢸫	手	19	
𢸬	手	19	
𢸭	手	19	
𢸮	手	19	
𢸯	手	19	
𢸰	手	19	
𢸱	手	19	
𢸲	手	19	
𢸳	手	19	
𢸴	手	19	
𢸵	手	19	
𢸶	手	19	
𢸷	手	19	
𢸸	手	19	
𢸹	手	19	
𢸺	手	19	
𢸻	手	19	
𢸼	手	19	
𢸽	手	19	
𢸾	手	19	
𢸿	手	19	
𢹀	手	19	
𢹁	手	19	
𢹂	手	19	
𢹃	手	19	
𢹄	手	19	
𢹅	手	19	
𢹆	手	19	
𢹇	手	19	
𢹈	手	19	
𢹉	手	19	
𢹊	手	19	
𢹋	手	19	
𢹌	手	19	
𢹍	手	20	
𢹎	手	20	
𢹏	手	20	
𢹐	手	20	
𢹑	手	20	
𢹒	手	20	
𢹓	手	20	
𢹔	手	20	
𢹕	手	20	
𢹖	手	20	
𢹗	手	20	
𢹘	手	20	
𢹙	手	20	
𢹚	手	20	
𢹛	手	20	
𢹜	手	20	
𢹝	手	20	
𢹞	手	20	
𢹟	手	20	
𢹠	手	20	
𢹡	手	20	
𢹢	手	21	
𢹣	手	20	
𢹤	手	20	
𢹥	手	20	
𢹦	手	20	
𢹧	手	20	
𢹨	手	20	
𢹩	手	20	
𢹪	手	20	
𢹫	手	20	
𢹬	手	21	
𢹭	手	21	
𢹮	手	21	
𢹯	手	21	
𢹰	手	21	
𢹱	手	21	
𢹲	手	21	
𢹳	手	21	
𢹴	手	21	
𢹵	手	21	
𢹶	手	21	
𢹷	手	21	
𢹸	手	21	
𢹹	手	21	
𢹺	手	21	
𢹻	手	21	
𢹼	手	21	
𢹽	手	21	
𢹾	手	21	
𢹿	手	21	
𢺀	手	21	
𢺁	手	21	
𢺂	手	22	
𢺃	手	22	
𢺄	手	22	
𢺅	手	22	
𢺆	手	22	
𢺇	手	22	
𢺈	手	22	
𢺉	手	22	
𢺊	手	22	
𢺋	手	22	
𢺌	手	22	
𢺍	手	22	
𢺎	手	22	
𢺏	手	22	
𢺐	手	22	
𢺑	手	22	
𢺒	手	22	
𢺓	手	22	
𢺔	手	22	
𢺕	手	22	
𢺖	手	23	
𢺗	手	23	
𢺘	手	23	
𢺙	手	23	
𢺚	手	23	
𢺛	手	23	
𢺜	手	23	
𢺝	手	23	
𢺞	手	24	
𢺟	手	24	
𢺠	手	24	
𢺡	手	24	
𢺢	手	24	
𢺣	手	24	
𢺤	手	24	
𢺥	手	24	
𢺦	手	24	
𢺧	手	24	
𢺨	手	24	
𢺩	手	24	
𢺪	手	24	
𢺫	手	24	
𢺬	手	25	
𢺭	手	25	
𢺮	手	25	
𢺯	手	25	
𢺰	手	27	
𢺱	手	27	
𢺲	手	27	
𢺳	手	28	
𢺴	手	32	
𢺵	支	6	
𢺶	支	7	
𢺷	支	8	
𢺸	支	8	
𢺹	支	8	
𢺺	支	8	
𢺻	支	8	
𢺼	支	8	
𢺽	支	8	
𢺾	支	9	
𢺿	支	9	
𢻀	支	9	
𢻁	支	10	
𢻂	支	10	
𢻃	支	10	
𢻄	支	10	
𢻅	支	10	
𢻆	支	10	
𢻇	支	10	
𢻈	夕	10	
𢻉	支	10	
𢻊	支	11	
𢻋	支	11	
𢻌	支	11	
𢻍	支	11	
𢻎	支	12	
𢻏	支	12	
𢻐	支	12	
𢻑	支	12	
𢻒	支	12	
𢻓	支	12	
𢻔	支	12	
𢻕	支	13	
𢻖	支	13	
𢻗	支	13	
𢻘	支	13	
𢻙	支	13	
𢻚	支	14	
𢻛	支	14	
𢻜	支	14	
𢻝	支	15	
𢻞	支	15	
𢻟	支	15	
𢻠	支	16	
𢻡	支	16	
𢻢	支	16	
𢻣	支	16	
𢻤	支	16	
𢻥	支	17	
𢻦	支	17	
𢻧	支	17	
𢻨	支	17	
𢻩	支	17	
𢻪	支	20	
𢻫	攴	7	
𢻬	攴	7	
𢻭	攴	7	
𢻮	攴	7	
𢻯	攴	7	
𢻰	攴	7	
𢻱	攴	7	
𢻲	攴	7	
𢻳	攴	8	
𢻴	攴	8	
𢻵	攴	8	
𢻶	攴	8	
𢻷	攴	8	
𢻸	攴	8	
𢻹	攴	8	
𢻺	攴	8	
𢻻	攴	8	
𢻼	攴	8	
𢻽	攴	8	
𢻾	攴	8	
𢻿	攴	8	
𢼀	攴	8	
𢼁	攴	8	
𢼂	攴	8	
𢼃	攴	8	
𢼄	攴	8	
𢼅	攴	8	
𢼆	攴	8	
𢼇	攴	8	
𢼈	攴	8	
𢼉	攴	9	
𢼊	攴	9	
𢼋	攴	9	
𢼌	攴	9	
𢼍	攴	9	
𢼎	攴	9	
𢼏	攴	9	
𢼐	攴	9	
𢼑	攴	9	
𢼒	攴	9	
𢼓	攴	9	
𢼔	攴	9	
𢼕	攴	9	
𢼖	攴	9	
𢼗	攴	9	
𢼘	攴	9	
𢼙	攴	9	
𢼚	攴	9	
𢼛	攴	10	
𢼜	攴	10	
𢼝	攴	10	
𢼞	攴	10	
𢼟	攴	10	
𢼠	攴	10	
𢼡	攴	10	
𢼢	攴	10	
𢼣	攴	10	
𢼤	攴	10	
𢼥	攴	10	
𢼦	攴	10	
𢼧	攴	10	
𢼨	攴	10	
𢼩	攴	10	
𢼪	攴	10	
𢼫	攴	10	
𢼬	攴	10	
𢼭	攴	10	
𢼮	攴	10	
𢼯	攴	10	
𢼰	攴	10	
𢼱	攴	10	
𢼲	攴	10	
𢼳	攴	10	
𢼴	攴	10	
𢼵	攴	10	
𢼶	攴	10	
𢼷	攴	10	
𢼸	攴	10	
𢼹	攴	11	
𢼺	攴	11	
𢼻	攴	11	
𢼼	攴	11	
𢼽	攴	11	
𢼾	攴	11	
𢼿	攴	11	
𢽀	攴	11	
𢽁	攴	11	
𢽂	攴	11	
𢽃	攴	11	
𢽄	攴	11	
𢽅	攴	11	
𢽆	攴	11	
𢽇	攴	11	
𢽈	攴	11	
𢽉	攴	11	
𢽊	攴	11	
𢽋	攴	11	
𢽌	攴	11	
𢽍	攴	11	
𢽎	攴	11	
𢽏	攴	11	
𢽐	攴	11	
𢽑	攴	11	
𢽒	攴	11	
𢽓	攴	11	
𢽔	攴	11	
𢽕	攴	11	
𢽖	攴	11	
𢽗	攴	11	
𢽘	攴	11	
𢽙	攴	11	
𢽚	攴	12	
𢽛	攴	12	
𢽜	攴	11	
𢽝	攴	12	
𢽞	攴	12	
𢽟	攴	12	
𢽠	攴	12	
𢽡	攴	12	
𢽢	攴	12	
𢽣	攴	12	
𢽤	攴	12	
𢽥	攴	12	
𢽦	攴	12	
𢽧	攴	12	
𢽨	攴	12	
𢽩	攴	12	
𢽪	攴	12	
𢽫	攴	12	
𢽬	攴	12	
𢽭	攴	12	
𢽮	攴	12	
𢽯	攴	12	
𢽰	攴	12	
𢽱	攴	12	
𢽲	攴	12	
𢽳	攴	12	
𢽴	攴	12	
𢽵	攴	12	
𢽶	攴	12	
𢽷	攴	11	
𢽸	攴	12	
𢽹	攴	12	
𢽺	攴	12	
𢽻	攴	12	
𢽼	攴	12	
𢽽	攴	12	
𢽾	攴	12	
𢽿	攴	13	
𢾀	攴	13	
𢾁	攴	13	
𢾂	攴	13	
𢾃	攴	13	
𢾄	攴	13	
𢾅	攴	13	
𢾆	攴	13	
𢾇	攴	13	
𢾈	攴	13	
𢾉	攴	13	
𢾊	攴	13	
𢾋	攴	13	
𢾌	攴	13	
𢾍	攴	13	
𢾎	攴	13	
𢾏	攴	13	
𢾐	攴	13	
𢾑	攴	13	
𢾒	攴	13	
𢾓	攴	13	
𢾔	攴	13	
𢾕	攴	13	
𢾖	攴	13	
𢾗	攴	13	
𢾘	攴	13	
𢾙	攴	13	
𢾚	攴	13	
𢾛	攴	13	
𢾜	攴	13	
𢾝	攴	13	
𢾞	攴	13	
𢾟	攴	13	
𢾠	攴	13	
𢾡	攴	13	
𢾢	攴	13	
𢾣	攴	12	
𢾤	攴	13	
𢾥	目	13	
𢾦	攴	14	
𢾧	攴	14	
𢾨	攴	14	
𢾩	攴	14	
𢾪	攴	14	
𢾫	攴	14	
𢾬	攴	14	
𢾭	攴	14	
𢾮	攴	14	
𢾯	攴	14	
𢾰	攴	14	
𢾱	攴	14	
𢾲	攴	14	
𢾳	攴	14	
𢾴	攴	14	
𢾵	攴	14	
𢾶	攴	14	
𢾷	攴	14	
𢾸	攴	14	
𢾹	攴	14	
𢾺	攴	14	
𢾻	攴	14	
𢾼	攴	14	
𢾽	攴	14	
𢾾	攴	14	
𢾿	攴	14	
𢿀	攴	14	
𢿁	攴	14	
𢿂	攴	14	
𢿃	攴	14	
𢿄	攴	14	
𢿅	攴	14	
𢿆	示	13	
𢿇	攴	15	
𢿈	攴	15	
𢿉	攴	15	
𢿊	攴	15	
𢿋	攴	15	
𢿌	攴	15	
𢿍	攴	15	
𢿎	攴	15	
𢿏	攴	15	
𢿐	攴	15	
𢿑	攴	15	
𢿒	攴	15	
𢿓	攴	15	
𢿔	攴	15	
𢿕	攴	15	
𢿖	攴	15	
𢿗	攴	15	
𢿘	攴	15	
𢿙	攴	15	
𢿚	攴	15	
𢿛	攴	15	
𢿜	攴	15	
𢿝	攴	15	
𢿞	攴	16	
𢿟	攴	16	
𢿠	攴	16	
𢿡	攴	16	
𢿢	攴	16	
𢿣	攴	16	
𢿤	攴	16	
𢿥	攴	16	
𢿦	攴	16	
𢿧	攴	16	
𢿨	攴	16	
𢿩	攴	16	
𢿪	攴	16	
𢿫	攴	16	
𢿬	攴	16	
𢿭	攴	16	
𢿮	攴	16	
𢿯	攴	16	
𢿰	攴	16	
𢿱	攴	16	
𢿲	攴	16	
𢿳	攴	16	
𢿴	攴	16	
𢿵	攴	16	
𢿶	攴	16	
𢿷	攴	16	
𢿸	攴	16	
𢿹	攴	16	
𢿺	攴	16	
𢿻	攴	16	
𢿼	攴	16	
𢿽	攴	16	
𢿾	攴	17	
𢿿	攴	17	
𣀀	攴	17	
𣀁	攴	17	
𣀂	攴	17	
𣀃	攴	17	
𣀄	攴	18	
𣀅	攴	17	
𣀆	攴	17	
𣀇	攴	17	
𣀈	攴	17	
𣀉	攴	17	
𣀊	攴	17	
𣀋	攴	17	
𣀌	攴	17	
𣀍	攴	17	
𣀎	攴	17	
𣀏	攴	17	
𣀐	攴	18	
𣀑	攴	18	
𣀒	攴	18	
𣀓	攴	18	
𣀔	攴	18	
𣀕	攴	18	
𣀖	攴	18	
𣀗	攴	18	
𣀘	攴	18	
𣀙	攴	18	
𣀚	攴	18	
𣀛	攴	19	
𣀜	攴	19	
𣀝	攴	19	
𣀞	攴	19	
𣀟	攴	19	
𣀠	攴	19	
𣀡	攴	19	
𣀢	攴	19	
𣀣	攴	20	
𣀤	攴	20	
𣀥	攴	20	
𣀦	攴	20	
𣀧	攴	20	
𣀨	攴	20	
𣀩	攴	20	
𣀪	攴	20	
𣀫	攴	20	
𣀬	攴	20	
𣀭	攴	20	
𣀮	攴	21	
𣀯	攴	21	
𣀰	攴	21	
𣀱	攴	21	
𣀲	攴	21	
𣀳	攴	22	
𣀴	攴	22	
𣀵	攴	23	
𣀶	攴	23	
𣀷	攴	23	
𣀸	攴	23	
𣀹	攴	23	
𣀺	攴	23	
𣀻	攴	25	
𣀼	攴	25	
𣀽	攴	27	
𣀾	攴	27	
𣀿	攴	28	
𣁀	攴	29	
𣁁	文	6	
𣁂	文	7	
𣁃	文	8	
𣁄	文	8	
𣁅	文	8	
𣁆	文	9	
𣁇	文	9	
𣁈	文	9	
𣁉	文	9	
𣁊	文	10	
𣁋	攴	10	
𣁌	文	10	
𣁍	文	10	
𣁎	文	11	
𣁏	文	11	
𣁐	文	11	
𣁑	文	11	
𣁒	文	11	
𣁓	文	11	
𣁔	文	12	
𣁕	文	12	
𣁖	文	12	
𣁗	文	13	
𣁘	文	13	
𣁙	文	13	
𣁚	文	15	
𣁛	攴	15	
𣁜	文	15	
𣁝	文	15	
𣁞	文	15	
𣁟	文	15	
𣁠	文	15	
𣁡	文	15	
𣁢	文	16	
𣁣	文	16	
𣁤	文	17	
𣁥	文	18	
𣁦	文	18	
𣁧	文	19	
𣁨	文	20	
𣁩	文	21	
𣁪	文	21	
𣁫	文	23	
𣁬	斗	4	
𣁭	斗	7	
𣁮	斗	8	
𣁯	斗	8	
𣁰	斗	8	
𣁱	斗	9	
𣁲	斗	9	
𣁳	斗	10	
𣁴	斗	10	
𣁵	斗	10	
𣁶	斗	10	
𣁷	斗	11	
𣁸	斗	11	
𣁹	斗	11	
𣁺	斗	11	
𣁻	斗	11	
𣁼	斗	12	
𣁽	斗	12	
𣁾	斗	12	
𣁿	斗	12	
𣂀	斗	12	
𣂁	斗	13	
𣂂	斗	14	
𣂃	斗	13	
𣂄	斗	13	
𣂅	斗	13	
𣂆	斗	14	
𣂇	斗	14	
𣂈	斗	14	
𣂉	斗	15	
𣂊	斗	15	
𣂋	斗	15	
𣂌	斗	17	
𣂍	斗	17	
𣂎	斗	18	
𣂏	斗	19	
𣂐	斗	20	
𣂑	斤	4	
𣂒	斤	6	
𣂓	斤	7	
𣂔	斤	8	
𣂕	斤	8	
𣂖	斤	8	
𣂗	斤	8	
𣂘	斤	8	
𣂙	斤	9	
𣂚	斤	9	
𣂛	斤	10	
𣂜	斤	10	
𣂝	斤	10	
𣂞	斤	11	
𣂟	斤	11	
𣂠	斤	11	
𣂡	斤	12	
𣂢	斤	12	
𣂣	斤	12	
𣂤	斤	12	
𣂥	斤	12	
𣂦	斤	12	
𣂧	斤	12	
𣂨	斤	12	
𣂩	斤	12	
𣂪	斤	12	
𣂫	示	11	
𣂬	斤	12	
𣂭	斤	12	
𣂮	斤	13	
𣂯	斤	13	
𣂰	斤	13	
𣂱	斤	13	
𣂲	斤	13	
𣂳	斤	13	
𣂴	斤	13	
𣂵	斤	13	
𣂶	斤	14	
𣂷	斤	14	
𣂸	斤	14	
𣂹	斤	14	
𣂺	斤	14	
𣂻	斤	15	
𣂼	斤	15	
𣂽	斤	15	
𣂾	斤	15	
𣂿	斤	15	
𣃀	斤	16	
𣃁	斤	16	
𣃂	斤	16	
𣃃	斤	16	
𣃄	斤	16	
𣃅	斤	16	
𣃆	斤	16	
𣃇	斤	17	
𣃈	斤	17	
𣃉	斤	17	
𣃊	斤	17	
𣃋	斤	17	
𣃌	斤	18	
𣃍	斤	18	
𣃎	斤	18	
𣃏	斤	18	
𣃐	斤	18	
𣃑	斤	19	
𣃒	斤	19	
𣃓	斤	19	
𣃔	斤	20	
𣃕	斤	20	
𣃖	斤	22	
𣃗	方	6	
𣃘	方	7	
𣃙	方	7	
𣃚	方	8	
𣃛	方	8	
𣃜	方	8	
𣃝	方	9	
𣃞	方	9	
𣃟	方	9	
𣃠	方	9	
𣃡	方	9	
𣃢	方	9	
𣃣	方	9	
𣃤	方	9	
𣃥	方	9	
𣃦	方	10	
𣃧	方	10	
𣃨	方	10	
𣃩	方	10	
𣃪	方	10	
𣃫	方	10	
𣃬	方	10	
𣃭	方	10	
𣃮	方	10	
𣃯	方	10	
𣃰	方	10	
𣃱	方	10	
𣃲	方	10	
𣃳	方	11	
𣃴	方	11	
𣃵	方	11	
𣃶	方	11	
𣃷	方	11	
𣃸	方	11	
𣃹	方	11	
𣃺	方	11	
𣃻	方	11	
𣃼	方	12	
𣃽	方	12	
𣃾	方	12	
𣃿	方	12	
𣄀	方	12	
𣄁	方	12	
𣄂	方	12	
𣄃	方	12	
𣄄	方	12	
𣄅	方	12	
𣄆	方	12	
𣄇	方	12	
𣄈	方	13	
𣄉	方	13	
𣄊	方	13	
𣄋	方	13	
𣄌	方	13	
𣄍	方	13	
𣄎	方	14	
𣄏	方	14	
𣄐	方	14	
𣄑	方	14	
𣄒	方	14	
𣄓	方	14	
𣄔	方	15	
𣄕	方	15	
𣄖	方	15	
𣄗	方	16	
𣄘	方	16	
𣄙	方	16	
𣄚	方	16	
𣄛	方	16	
𣄜	方	16	
𣄝	方	17	
𣄞	方	18	
𣄟	方	18	
𣄠	方	18	
𣄡	方	18	
𣄢	方	18	
𣄣	方	18	
𣄤	方	19	
𣄥	方	20	
𣄦	方	21	
𣄧	方	22	
𣄨	方	22	
𣄩	方	23	
𣄪	方	24	
𣄫	方	25	
𣄬	方	26	
𣄭	无	6	
𣄮	无	7	
𣄯	无	7	
𣄰	无	9	
𣄱	无	10	
𣄲	无	10	
𣄳	无	10	
𣄴	无	12	
𣄵	无	12	
𣄶	无	13	
𣄷	无	13	
𣄸	无	13	
𣄹	无	15	
𣄺	无	16	
𣄻	日	5	
𣄼	日	5	
𣄽	日	5	
𣄾	日	6	
𣄿	日	6	
𣅀	日	6	
𣅁	日	6	
𣅂	日	6	
𣅃	日	6	
𣅄	日	7	
𣅅	日	6	
𣅆	日	7	
𣅇	日	7	
𣅈	日	7	
𣅉	日	7	
𣅊	日	7	
𣅋	日	7	
𣅌	日	7	
𣅍	日	7	
𣅎	日	7	
𣅏	日	7	
𣅐	日	7	
𣅑	日	7	
𣅒	日	7	
𣅓	日	7	
𣅔	日	7	
𣅕	日	7	
𣅖	日	7	
𣅗	日	7	
𣅘	日	7	
𣅙	日	7	
𣅚	日	8	
𣅛	日	8	
𣅜	日	8	
𣅝	日	8	
𣅞	日	8	
𣅟	日	8	
𣅠	日	8	
𣅡	日	8	
𣅢	日	8	
𣅣	日	8	
𣅤	日	8	
𣅥	日	8	
𣅦	日	8	
𣅧	日	8	
𣅨	日	8	
𣅩	日	8	
𣅪	日	8	
𣅫	日	8	
𣅬	日	8	
𣅭	日	8	
𣅮	日	8	
𣅯	日	8	
𣅰	日	8	
𣅱	日	8	
𣅲	日	8	
𣅳	日	8	
𣅴	日	8	
𣅵	日	8	
𣅶	日	8	
𣅷	日	9	
𣅸	日	9	
𣅹	日	9	
𣅺	日	9	
𣅻	日	9	
𣅼	日	9	
𣅽	日	9	
𣅾	日	9	
𣅿	日	9	
𣆀	日	9	
𣆁	日	9	
𣆂	日	9	
𣆃	日	9	
𣆄	日	9	
𣆅	日	9	
𣆆	日	9	
𣆇	日	9	
𣆈	日	9	
𣆉	曰	9	
𣆊	日	9	
𣆋	日	9	
𣆌	日	9	
𣆍	日	9	
𣆎	日	9	
𣆏	日	9	
𣆐	日	9	
𣆑	日	9	
𣆒	日	10	
𣆓	日	10	
𣆔	日	10	
𣆕	日	10	
𣆖	日	10	
𣆗	日	10	
𣆘	日	10	
𣆙	日	10	
𣆚	日	10	
𣆛	日	10	
𣆜	日	10	
𣆝	日	10	
𣆞	日	10	
𣆟	日	10	
𣆠	日	10	
𣆡	日	10	
𣆢	日	10	
𣆣	日	10	
𣆤	日	10	
𣆥	日	10	
𣆦	日	10	
𣆧	日	10	
𣆨	日	10	
𣆩	日	10	
𣆪	日	10	
𣆫	日	10	
𣆬	日	10	
𣆭	日	10	
𣆮	日	10	
𣆯	日	10	
𣆰	日	10	
𣆱	日	10	
𣆲	日	11	
𣆳	日	11	
𣆴	日	11	
𣆵	日	11	
𣆶	日	11	
𣆷	日	11	
𣆸	日	11	
𣆹	日	11	
𣆺	日	11	
𣆻	日	11	
𣆼	日	11	
𣆽	日	11	
𣆾	日	11	
𣆿	日	11	
𣇀	日	11	
𣇁	日	11	
𣇂	日	11	
𣇃	日	11	
𣇄	日	11	
𣇅	日	11	
𣇆	日	11	
𣇇	日	11	
𣇈	日	11	
𣇉	日	11	
𣇊	日	11	
𣇋	日	11	
𣇌	日	11	
𣇍	日	11	
𣇎	日	11	
𣇏	日	11	
𣇐	日	11	
𣇑	日	11	
𣇒	日	11	
𣇓	日	11	
𣇔	日	11	
𣇕	日	11	
𣇖	日	11	
𣇗	日	11	
𣇘	日	11	
𣇙	日	11	
𣇚	日	11	
𣇛	日	11	
𣇜	日	11	
𣇝	日	11	
𣇞	日	11	
𣇟	日	11	
𣇠	日	11	
𣇡	日	11	
𣇢	日	12	
𣇣	日	12	
𣇤	日	12	
𣇥	日	12	
𣇦	日	12	
𣇧	日	12	
𣇨	日	12	
𣇩	日	12	
𣇪	日	12	
𣇫	日	12	
𣇬	日	12	
𣇭	日	12	
𣇮	日	12	
𣇯	日	12	
𣇰	日	12	
𣇱	日	12	
𣇲	日	12	
𣇳	日	12	
𣇴	日	12	
𣇵	日	12	
𣇶	日	12	
𣇷	日	12	
𣇸	日	12	
𣇹	日	12	
𣇺	日	12	
𣇻	日	12	
𣇼	日	12	
𣇽	日	12	
𣇾	日	12	
𣇿	日	12	
𣈀	日	12	
𣈁	日	12	
𣈂	日	12	
𣈃	日	12	
𣈄	日	12	
𣈅	日	12	
𣈆	日	12	
𣈇	日	12	
𣈈	日	12	
𣈉	日	12	
𣈊	日	12	
𣈋	日	12	
𣈌	日	12	
𣈍	日	12	
𣈎	日	12	
𣈏	日	12	
𣈐	日	12	
𣈑	日	12	
𣈒	日	12	
𣈓	日	12	
𣈔	日	12	
𣈕	日	12	
𣈖	日	12	
𣈗	日	12	
𣈘	日	12	
𣈙	日	12	
𣈚	日	12	
𣈛	日	12	
𣈜	日	12	
𣈝	日	12	
𣈞	日	12	
𣈟	日	12	
𣈠	日	12	
𣈡	日	12	
𣈢	日	12	
𣈣	日	12	
𣈤	日	13	
𣈥	日	13	
𣈦	日	13	
𣈧	日	13	
𣈨	日	13	
𣈩	日	13	
𣈪	日	13	
𣈫	日	13	
𣈬	日	13	
𣈭	日	13	
𣈮	日	13	
𣈯	日	13	
𣈰	日	10	
𣈱	日	13	
𣈲	日	13	
𣈳	日	13	
𣈴	日	13	
𣈵	日	13	
𣈶	日	13	
𣈷	日	13	
𣈸	日	13	
𣈹	日	13	
𣈺	日	13	
𣈻	日	13	
𣈼	日	13	
𣈽	日	13	
𣈾	日	13	
𣈿	日	13	
𣉀	日	13	
𣉁	日	13	
𣉂	日	13	
𣉃	日	13	
𣉄	日	13	
𣉅	日	13	
𣉆	日	13	
𣉇	日	13	
𣉈	日	13	
𣉉	日	13	
𣉊	日	13	
𣉋	日	13	
𣉌	日	13	
𣉍	日	13	
𣉎	日	13	
𣉏	日	13	
𣉐	日	13	
𣉑	日	13	
𣉒	日	14	
𣉓	日	14	
𣉔	日	14	
𣉕	日	14	
𣉖	日	14	
𣉗	日	14	
𣉘	日	14	
𣉙	日	14	
𣉚	日	14	
𣉛	日	14	
𣉜	日	14	
𣉝	日	14	
𣉞	日	14	
𣉟	日	14	
𣉠	日	14	
𣉡	廴	13	
𣉢	日	14	
𣉣	日	14	
𣉤	日	14	
𣉥	日	14	
𣉦	日	14	
𣉧	日	14	
𣉨	日	14	
𣉩	日	14	
𣉪	日	14	
𣉫	日	14	
𣉬	日	14	
𣉭	日	14	
𣉮	日	14	
𣉯	日	14	
𣉰	日	14	
𣉱	日	14	
𣉲	日	14	
𣉳	日	14	
𣉴	日	14	
𣉵	日	14	
𣉶	日	14	
𣉷	日	14	
𣉸	日	14	
𣉹	日	14	
𣉺	日	14	
𣉻	日	15	
𣉼	日	15	
𣉽	日	15	
𣉾	日	15	
𣉿	日	15	
𣊀	日	15	
𣊁	日	15	
𣊂	日	15	
𣊃	日	15	
𣊄	日	15	
𣊅	日	15	
𣊆	日	15	
𣊇	日	15	
𣊈	日	15	
𣊉	日	16	
𣊊	日	15	
𣊋	日	15	
𣊌	日	15	
𣊍	日	15	
𣊎	日	15	
𣊏	日	15	
𣊐	日	15	
𣊑	日	15	
𣊒	寸	15	
𣊓	日	15	
𣊔	日	15	
𣊕	日	15	
𣊖	日	15	
𣊗	日	15	
𣊘	日	15	
𣊙	日	15	
𣊚	日	15	
𣊛	日	15	
𣊜	日	15	
𣊝	日	15	
𣊞	日	16	
𣊟	日	16	
𣊠	日	16	
𣊡	日	16	
𣊢	日	16	
𣊣	日	16	
𣊤	日	16	
𣊥	日	16	
𣊦	日	16	
𣊧	日	16	
𣊨	日	16	
𣊩	日	16	
𣊪	日	16	
𣊫	日	16	
𣊬	日	16	
𣊭	日	16	
𣊮	日	16	
𣊯	日	16	
𣊰	日	16	
𣊱	日	16	
𣊲	日	16	
𣊳	日	16	
𣊴	日	16	
𣊵	日	16	
𣊶	日	16	
𣊷	日	16	
𣊸	日	16	
𣊹	日	16	
𣊺	日	16	
𣊻	日	16	
𣊼	日	16	
𣊽	日	16	
𣊾	日	16	
𣊿	日	16	
𣋀	日	16	
𣋁	日	16	
𣋂	日	16	
𣋃	日	16	
𣋄	日	16	
𣋅	日	16	
𣋆	日	16	
𣋇	日	15	
𣋈	日	16	
𣋉	日	17	
𣋊	日	17	
𣋋	日	17	
𣋌	日	17	
𣋍	日	17	
𣋎	日	17	
𣋏	日	17	
𣋐	日	17	
𣋑	日	17	
𣋒	日	17	
𣋓	日	17	
𣋔	日	17	
𣋕	日	17	
𣋖	日	17	
𣋗	日	17	
𣋘	日	17	
𣋙	日	17	
𣋚	日	17	
𣋛	日	17	
𣋜	日	17	
𣋝	日	17	
𣋞	日	18	
𣋟	日	18	
𣋠	日	18	
𣋡	日	18	
𣋢	日	18	
𣋣	日	18	
𣋤	日	18	
𣋥	日	18	
𣋦	日	18	
𣋧	日	18	
𣋨	日	18	
𣋩	日	18	
𣋪	日	18	
𣋫	日	18	
𣋬	日	18	
𣋭	日	18	
𣋮	日	18	
𣋯	日	18	
𣋰	日	18	
𣋱	日	18	
𣋲	日	19	
𣋳	日	19	
𣋴	日	19	
𣋵	日	19	
𣋶	日	19	
𣋷	日	19	
𣋸	日	19	
𣋹	日	19	
𣋺	日	19	
𣋻	日	19	
𣋼	日	19	
𣋽	日	19	
𣋾	日	19	
𣋿	日	20	
𣌀	日	20	
𣌁	日	20	
𣌂	日	20	
𣌃	日	20	
𣌄	日	20	
𣌅	日	20	
𣌆	日	20	
𣌇	日	20	
𣌈	日	21	
𣌉	日	21	
𣌊	日	21	
𣌋	日	21	
𣌌	日	21	
𣌍	日	22	
𣌎	日	22	
𣌏	日	22	
𣌐	日	22	
𣌑	日	22	
𣌒	日	22	
𣌓	日	22	
𣌔	日	22	
𣌕	日	22	
𣌖	日	23	
𣌗	日	24	
𣌘	日	24	
𣌙	日	24	
𣌚	言	24	
𣌛	日	24	
𣌜	日	25	
𣌝	日	25	
𣌞	羊	27	
𣌟	日	28	
𣌠	日	36	
𣌡	曰	7	
𣌢	曰	7	
𣌣	曰	8	
𣌤	曰	8	
𣌥	曰	8	
𣌦	曰	8	
𣌧	曰	9	
𣌨	曰	9	
𣌩	曰	9	
𣌪	曰	9	
𣌫	曰	9	
𣌬	曰	9	
𣌭	曰	10	
𣌮	曰	10	
𣌯	曰	10	
𣌰	曰	10	
𣌱	曰	10	
𣌲	曰	10	
𣌳	曰	10	
𣌴	曰	10	
𣌵	曰	10	
𣌶	曰	10	
𣌷	曰	11	
𣌸	曰	11	
𣌹	曰	11	
𣌺	曰	11	
𣌻	曰	12	
𣌼	曰	12	
𣌽	曰	12	
𣌾	曰	13	
𣌿	曰	13	
𣍀	曰	13	
𣍁	曰	13	
𣍂	曰	13	
𣍃	曰	14	
𣍄	曰	14	
𣍅	曰	14	
𣍆	曰	15	
𣍇	曰	15	
𣍈	曰	15	
𣍉	曰	15	
𣍊	曰	15	
𣍋	曰	16	
𣍌	曰	16	
𣍍	曰	16	
𣍎	曰	16	
𣍏	曰	17	
𣍐	曰	17	
𣍑	曰	18	
𣍒	曰	18	
𣍓	曰	18	
𣍔	曰	18	
𣍕	曰	18	
𣍖	曰	19	
𣍗	曰	19	
𣍘	曰	20	
𣍙	曰	20	
𣍚	曰	24	
𣍛	曰	28	
𣍜	曰	35	
𣍝	月	5	
𣍞	月	6	
𣍟	月	7	
𣍠	月	7	
𣍡	月	7	
𣍢	月	7	
𣍣	月	7	
𣍤	月	8	
𣍥	月	9	
𣍦	月	9	
𣍧	月	9	
𣍨	肉	9	
𣍩	月	9	
𣍪	月	9	
𣍫	月	9	
𣍬	月	9	
𣍭	月	10	
𣍮	月	10	
𣍯	肉	10	
𣍰	肉	10	
𣍱	月	11	
𣍲	月	11	
𣍳	月	11	
𣍴	月	11	
𣍵	月	11	
𣍶	月	11	
𣍷	月	12	
𣍸	月	12	
𣍹	月	12	
𣍺	月	12	
𣍻	月	12	
𣍼	月	12	
𣍽	月	12	
𣍾	月	12	
𣍿	月	12	
𣎀	月	12	
𣎁	月	12	
𣎂	月	12	
𣎃	月	12	
𣎄	月	13	
𣎅	月	13	
𣎆	月	13	
𣎇	月	13	
𣎈	月	13	
𣎉	月	13	
𣎊	月	13	
𣎋	月	13	
𣎌	月	13	
𣎍	月	14	
𣎎	月	14	
𣎏	月	14	
𣎐	月	14	
𣎑	月	14	
𣎒	月	15	
𣎓	月	15	
𣎔	月	15	
𣎕	月	15	
𣎖	月	15	
𣎗	月	15	
𣎘	月	15	
𣎙	月	15	
𣎚	月	16	
𣎛	月	16	
𣎜	月	17	
𣎝	月	16	
𣎞	月	16	
𣎟	月	16	
𣎠	月	16	
𣎡	月	16	
𣎢	月	16	
𣎣	月	17	
𣎤	月	17	
𣎥	月	17	
𣎦	月	17	
𣎧	月	17	
𣎨	月	17	
𣎩	月	18	
𣎪	月	18	
𣎫	月	18	
𣎬	月	18	
𣎭	月	18	
𣎮	月	20	
𣎯	月	20	
𣎰	月	22	
𣎱	月	23	
𣎲	月	24	
𣎳	木	4	
𣎴	木	4	
𣎵	木	5	
𣎶	木	5	
𣎷	木	5	
𣎸	木	6	
𣎹	木	6	
𣎺	木	6	
𣎻	木	6	
𣎼	木	6	
𣎽	木	6	
𣎾	木	6	
𣎿	木	6	
𣏀	木	6	
𣏁	木	7	
𣏂	木	7	
𣏃	木	7	
𣏄	木	7	
𣏅	木	7	
𣏆	木	7	
𣏇	木	7	
𣏈	木	7	
𣏉	木	7	
𣏊	木	7	
𣏋	木	7	
𣏌	木	7	
𣏍	木	7	
𣏎	木	7	
𣏏	木	7	
𣏐	木	7	
𣏑	木	7	
𣏒	木	7	
𣏓	木	7	
𣏔	木	8	
𣏕	木	8	
𣏖	木	8	
𣏗	木	8	
𣏘	木	8	
𣏙	木	8	
𣏚	木	8	
𣏛	木	8	
𣏜	木	8	
𣏝	木	8	
𣏞	木	8	
𣏟	木	8	
𣏠	木	8	
𣏡	木	8	
𣏢	木	8	
𣏣	木	8	
𣏤	木	8	
𣏥	木	8	
𣏦	木	8	
𣏧	木	8	
𣏨	木	8	
𣏩	木	8	
𣏪	木	8	
𣏫	木	8	
𣏬	木	8	
𣏭	木	8	
𣏮	木	8	
𣏯	木	8	
𣏰	木	8	
𣏱	木	8	
𣏲	木	8	
𣏳	木	8	
𣏴	木	8	
𣏵	木	8	
𣏶	木	8	
𣏷	木	8	
𣏸	木	8	
𣏹	木	8	
𣏺	木	8	
𣏻	木	8	
𣏼	木	8	
𣏽	木	8	
𣏾	木	8	
𣏿	木	8	
𣐀	木	8	
𣐁	木	8	
𣐂	木	8	
𣐃	木	8	
𣐄	木	8	
𣐅	木	8	
𣐆	木	8	
𣐇	木	8	
𣐈	木	9	
𣐉	木	9	
𣐊	木	9	
𣐋	木	9	
𣐌	木	9	
𣐍	木	9	
𣐎	木	9	
𣐏	木	9	
𣐐	木	9	
𣐑	木	9	
𣐒	木	9	
𣐓	木	9	
𣐔	木	9	
𣐕	木	9	
𣐖	木	9	
𣐗	木	9	
𣐘	木	9	
𣐙	木	9	
𣐚	木	9	
𣐛	木	9	
𣐜	木	9	
𣐝	木	9	
𣐞	木	9	
𣐟	木	9	
𣐠	木	9	
𣐡	木	9	
𣐢	木	9	
𣐣	木	9	
𣐤	木	9	
𣐥	木	9	
𣐦	木	9	
𣐧	木	9	
𣐨	木	9	
𣐩	木	9	
𣐪	木	9	
𣐫	木	9	
𣐬	木	9	
𣐭	木	9	
𣐮	木	9	
𣐯	木	9	
𣐰	木	9	
𣐱	木	9	
𣐲	木	9	
𣐳	木	9	
𣐴	木	9	
𣐵	木	10	
𣐶	木	10	
𣐷	木	10	
𣐸	木	10	
𣐹	木	10	
𣐺	木	10	
𣐻	木	10	
𣐼	木	10	
𣐽	木	10	
𣐾	木	10	
𣐿	木	10	
𣑀	木	10	
𣑁	木	10	
𣑂	木	10	
𣑃	木	10	
𣑄	木	10	
𣑅	木	10	
𣑆	木	10	
𣑇	木	10	
𣑈	木	10	
𣑉	木	10	
𣑊	木	10	
𣑋	木	10	
𣑌	木	10	
𣑍	木	10	
𣑎	木	10	
𣑏	木	10	
𣑐	木	10	
𣑑	木	10	
𣑒	木	10	
𣑓	木	10	
𣑔	木	10	
𣑕	木	10	
𣑖	木	10	
𣑗	木	10	
𣑘	木	10	
𣑙	木	10	
𣑚	木	10	
𣑛	木	10	
𣑜	木	10	
𣑝	木	10	
𣑞	木	10	
𣑟	木	10	
𣑠	木	10	
𣑡	木	10	
𣑢	木	10	
𣑣	木	10	
𣑤	木	10	
𣑥	木	10	
𣑦	木	10	
𣑧	土	10	
𣑨	木	10	
𣑩	木	10	
𣑪	木	10	
𣑫	木	10	
𣑬	木	10	
𣑭	木	10	
𣑮	木	10	
𣑯	木	10	
𣑰	木	10	
𣑱	木	10	
𣑲	木	10	
𣑳	木	10	
𣑴	木	10	
𣑵	木	10	
𣑶	木	10	
𣑷	木	10	
𣑸	木	10	
𣑹	木	10	
𣑺	木	10	
𣑻	木	10	
𣑼	木	10	
𣑽	木	10	
𣑾	木	10	
𣑿	木	11	
𣒀	木	11	
𣒁	木	11	
𣒂	木	11	
𣒃	木	11	
𣒄	木	11	
𣒅	木	11	
𣒆	木	11	
𣒇	木	11	
𣒈	木	11	
𣒉	木	11	
𣒊	木	11	
𣒋	木	11	
𣒌	木	11	
𣒍	木	11	
𣒎	木	11	
𣒏	木	11	
𣒐	木	11	
𣒑	木	11	
𣒒	木	11	
𣒓	木	11	
𣒔	木	11	
𣒕	木	11	
𣒖	木	11	
𣒗	木	11	
𣒘	木	11	
𣒙	木	11	
𣒚	木	11	
𣒛	木	11	
𣒜	木	11	
𣒝	木	11	
𣒞	木	11	
𣒟	木	11	
𣒠	木	11	
𣒡	木	11	
𣒢	木	11	
𣒣	木	11	
𣒤	木	11	
𣒥	木	11	
𣒦	木	11	
𣒧	木	11	
𣒨	木	11	
𣒩	木	11	
𣒪	木	11	
𣒫	木	11	
𣒬	木	11	
𣒭	木	11	
𣒮	木	11	
𣒯	木	11	
𣒰	木	11	
𣒱	木	11	
𣒲	木	11	
𣒳	木	11	
𣒴	木	11	
𣒵	木	11	
𣒶	木	11	
𣒷	木	11	
𣒸	木	11	
𣒹	木	11	
𣒺	木	11	
𣒻	木	11	
𣒼	木	11	
𣒽	木	11	
𣒾	木	11	
𣒿	木	11	
𣓀	木	11	
𣓁	木	12	
𣓂	木	12	
𣓃	木	12	
𣓄	木	12	
𣓅	木	12	
𣓆	木	12	
𣓇	木	12	
𣓈	木	12	
𣓉	木	12	
𣓊	木	12	
𣓋	木	12	
𣓌	木	12	
𣓍	木	12	
𣓎	木	12	
𣓏	木	12	
𣓐	木	12	
𣓑	木	12	
𣓒	木	12	
𣓓	木	12	
𣓔	木	12	
𣓕	木	12	
𣓖	木	12	
𣓗	木	12	
𣓘	木	12	
𣓙	木	12	
𣓚	木	12	
𣓛	木	12	
𣓜	木	12	
𣓝	木	12	
𣓞	木	12	
𣓟	木	12	
𣓠	木	12	
𣓡	木	12	
𣓢	木	12	
𣓣	木	12	
𣓤	木	12	
𣓥	木	12	
𣓦	木	12	
𣓧	木	12	
𣓨	木	12	
𣓩	木	12	
𣓪	木	12	
𣓫	木	12	
𣓬	木	12	
𣓭	木	12	
𣓮	木	12	
𣓯	木	12	
𣓰	木	12	
𣓱	木	12	
𣓲	木	12	
𣓳	木	12	
𣓴	木	12	
𣓵	木	12	
𣓶	木	12	
𣓷	木	12	
𣓸	木	12	
𣓹	木	12	
𣓺	木	12	
𣓻	木	12	
𣓼	木	12	
𣓽	木	12	
𣓾	木	12	
𣓿	木	12	
𣔀	木	12	
𣔁	木	12	
𣔂	木	12	
𣔃	木	12	
𣔄	木	12	
𣔅	木	12	
𣔆	木	12	
𣔇	木	12	
𣔈	木	12	
𣔉	木	12	
𣔊	木	12	
𣔋	木	12	
𣔌	木	12	
𣔍	木	12	
𣔎	木	12	
𣔏	木	12	
𣔐	木	12	
𣔑	木	12	
𣔒	木	12	
𣔓	木	12	
𣔔	木	12	
𣔕	木	12	
𣔖	木	12	
𣔗	木	12	
𣔘	木	12	
𣔙	木	12	
𣔚	木	12	
𣔛	木	12	
𣔜	木	12	
𣔝	木	12	
𣔞	木	12	
𣔟	木	12	
𣔠	木	12	
𣔡	木	12	
𣔢	木	12	
𣔣	木	12	
𣔤	木	12	
𣔥	木	12	
𣔦	木	12	
𣔧	木	12	
𣔨	木	12	
𣔩	木	12	
𣔪	木	12	
𣔫	木	12	
𣔬	木	12	
𣔭	木	12	
𣔮	木	12	
𣔯	木	12	
𣔰	木	12	
𣔱	木	13	
𣔲	木	13	
𣔳	木	13	
𣔴	木	13	
𣔵	木	13	
𣔶	木	13	
𣔷	木	13	
𣔸	木	13	
𣔹	木	13	
𣔺	木	13	
𣔻	木	13	
𣔼	木	13	
𣔽	木	13	
𣔾	木	13	
𣔿	木	13	
𣕀	木	13	
𣕁	木	13	
𣕂	木	13	
𣕃	木	13	
𣕄	木	13	
𣕅	木	13	
𣕆	木	13	
𣕇	木	13	
𣕈	木	13	
𣕉	木	13	
𣕊	木	13	
𣕋	木	13	
𣕌	木	13	
𣕍	木	13	
𣕎	木	13	
𣕏	木	13	
𣕐	木	13	
𣕑	木	13	
𣕒	木	13	
𣕓	木	13	
𣕔	木	13	
𣕕	木	13	
𣕖	木	13	
𣕗	木	13	
𣕘	木	13	
𣕙	木	13	
𣕚	木	13	
𣕛	木	13	
𣕜	木	13	
𣕝	木	13	
𣕞	木	13	
𣕟	木	13	
𣕠	木	13	
𣕡	木	13	
𣕢	木	13	
𣕣	木	13	
𣕤	木	14	
𣕥	木	13	
𣕦	木	13	
𣕧	木	13	
𣕨	木	13	
𣕩	木	13	
𣕪	木	13	
𣕫	木	13	
𣕬	木	13	
𣕭	木	13	
𣕮	木	13	
𣕯	木	13	
𣕰	木	13	
𣕱	木	13	
𣕲	木	13	
𣕳	木	13	
𣕴	木	13	
𣕵	木	13	
𣕶	木	13	
𣕷	木	13	
𣕸	木	13	
𣕹	木	13	
𣕺	木	13	
𣕻	木	13	
𣕼	木	13	
𣕽	木	13	
𣕾	木	13	
𣕿	木	13	
𣖀	木	13	
𣖁	木	13	
𣖂	木	13	
𣖃	木	13	
𣖄	木	13	
𣖅	木	13	
𣖆	木	13	
𣖇	木	13	
𣖈	木	13	
𣖉	木	13	
𣖊	木	13	
𣖋	木	13	
𣖌	木	13	
𣖍	木	13	
𣖎	木	13	
𣖏	木	13	
𣖐	木	13	
𣖑	木	13	
𣖒	木	13	
𣖓	木	13	
𣖔	木	13	
𣖕	木	13	
𣖖	木	13	
𣖗	木	13	
𣖘	木	13	
𣖙	木	13	
𣖚	木	13	
𣖛	木	13	
𣖜	木	13	
𣖝	木	13	
𣖞	木	13	
𣖟	木	13	
𣖠	木	13	
𣖡	木	13	
𣖢	木	13	
𣖣	木	13	
𣖤	木	13	
𣖥	木	13	
𣖦	木	13	
𣖧	木	13	
𣖨	木	13	
𣖩	木	13	
𣖪	木	14	
𣖫	木	14	
𣖬	木	14	
𣖭	木	14	
𣖮	木	14	
𣖯	木	14	
𣖰	木	14	
𣖱	木	14	
𣖲	木	14	
𣖳	木	14	
𣖴	木	14	
𣖵	木	14	
𣖶	木	14	
𣖷	木	14	
𣖸	木	14	
𣖹	木	14	
𣖺	木	14	
𣖻	木	14	
𣖼	木	14	
𣖽	木	14	
𣖾	木	14	
𣖿	木	14	
𣗀	木	14	
𣗁	木	14	
𣗂	木	14	
𣗃	木	14	
𣗄	木	14	
𣗅	木	14	
𣗆	木	14	
𣗇	木	14	
𣗈	木	14	
𣗉	木	14	
𣗊	木	14	
𣗋	木	14	
𣗌	木	14	
𣗍	木	14	
𣗎	木	14	
𣗏	木	14	
𣗐	木	14	
𣗑	木	14	
𣗒	木	14	
𣗓	木	14	
𣗔	木	14	
𣗕	木	14	
𣗖	木	14	
𣗗	木	14	
𣗘	木	14	
𣗙	木	14	
𣗚	木	14	
𣗛	木	14	
𣗜	木	14	
𣗝	木	14	
𣗞	木	14	
𣗟	木	14	
𣗠	木	14	
𣗡	木	14	
𣗢	木	14	
𣗣	木	14	
𣗤	木	14	
𣗥	木	14	
𣗦	木	14	
𣗧	木	14	
𣗨	木	14	
𣗩	木	14	
𣗪	木	14	
𣗫	木	14	
𣗬	木	14	
𣗭	木	14	
𣗮	木	14	
𣗯	木	14	
𣗰	木	14	
𣗱	木	14	
𣗲	木	14	
𣗳	木	14	
𣗴	木	14	
𣗵	木	14	
𣗶	木	14	
𣗷	木	14	
𣗸	木	14	
𣗹	木	14	
𣗺	木	14	
𣗻	木	14	
𣗼	木	14	
𣗽	木	14	
𣗾	木	14	
𣗿	木	14	
𣘀	木	14	
𣘁	木	14	
𣘂	木	14	
𣘃	木	14	
𣘄	木	14	
𣘅	木	14	
𣘆	木	14	
𣘇	木	14	
𣘈	木	14	
𣘉	木	14	
𣘊	木	14	
𣘋	木	14	
𣘌	木	14	
𣘍	木	14	
𣘎	木	14	
𣘏	木	14	
𣘐	木	14	
𣘑	木	14	
𣘒	木	14	
𣘓	木	14	
𣘔	木	14	
𣘕	木	15	
𣘖	木	15	
𣘗	木	15	
𣘘	木	15	
𣘙	木	15	
𣘚	木	15	
𣘛	木	15	
𣘜	木	15	
𣘝	木	15	
𣘞	木	15	
𣘟	木	15	
𣘠	木	15	
𣘡	木	15	
𣘢	木	15	
𣘣	木	15	
𣘤	木	15	
𣘥	木	15	
𣘦	木	15	
𣘧	木	15	
𣘨	木	15	
𣘩	木	15	
𣘪	木	15	
𣘫	木	15	
𣘬	木	15	
𣘭	木	15	
𣘮	木	15	
𣘯	木	15	
𣘰	木	15	
𣘱	木	15	
𣘲	木	15	
𣘳	木	15	
𣘴	木	15	
𣘵	木	15	
𣘶	木	15	
𣘷	木	15	
𣘸	木	15	
𣘹	木	15	
𣘺	木	15	
𣘻	木	15	
𣘼	木	15	
𣘽	木	15	
𣘾	木	15	
𣘿	木	15	
𣙀	木	15	
𣙁	木	15	
𣙂	木	15	
𣙃	木	15	
𣙄	木	15	
𣙅	木	15	
𣙆	木	15	
𣙇	木	15	
𣙈	木	15	
𣙉	木	15	
𣙊	木	15	
𣙋	木	15	
𣙌	木	15	
𣙍	木	15	
𣙎	木	15	
𣙏	木	15	
𣙐	木	15	
𣙑	木	15	
𣙒	木	16	
𣙓	木	15	
𣙔	木	15	
𣙕	木	15	
𣙖	木	15	
𣙗	木	15	
𣙘	木	15	
𣙙	木	15	
𣙚	木	15	
𣙛	木	15	
𣙜	木	15	
𣙝	木	15	
𣙞	木	15	
𣙟	木	15	
𣙠	木	15	
𣙡	木	15	
𣙢	木	15	
𣙣	木	15	
𣙤	木	15	
𣙥	木	15	
𣙦	木	15	
𣙧	木	15	
𣙨	木	15	
𣙩	木	15	
𣙪	木	15	
𣙫	木	15	
𣙬	木	15	
𣙭	木	15	
𣙮	木	15	
𣙯	木	15	
𣙰	木	15	
𣙱	木	15	
𣙲	木	15	
𣙳	木	15	
𣙴	木	15	
𣙵	木	15	
𣙶	木	15	
𣙷	木	15	
𣙸	木	15	
𣙹	木	15	
𣙺	木	15	
𣙻	木	16	
𣙼	木	16	
𣙽	木	16	
𣙾	木	16	
𣙿	木	16	
𣚀	木	16	
𣚁	木	16	
𣚂	木	16	
𣚃	木	16	
𣚄	木	16	
𣚅	木	16	
𣚆	木	16	
𣚇	木	16	
𣚈	木	16	
𣚉	木	16	
𣚊	木	16	
𣚋	木	16	
𣚌	木	16	
𣚍	木	16	
𣚎	木	16	
𣚏	木	16	
𣚐	木	16	
𣚑	木	16	
𣚒	木	16	
𣚓	木	16	
𣚔	木	16	
𣚕	木	16	
𣚖	木	16	
𣚗	木	16	
𣚘	木	16	
𣚙	木	16	
𣚚	木	16	
𣚛	木	16	
𣚜	木	16	
𣚝	木	16	
𣚞	木	16	
𣚟	木	16	
𣚠	木	16	
𣚡	木	16	
𣚢	木	16	
𣚣	木	16	
𣚤	木	16	
𣚥	木	16	
𣚦	木	16	
𣚧	木	16	
𣚨	木	16	
𣚩	木	16	
𣚪	木	16	
𣚫	木	16	
𣚬	木	16	
𣚭	木	16	
𣚮	木	16	
𣚯	木	16	
𣚰	木	16	
𣚱	木	16	
𣚲	木	16	
𣚳	木	16	
𣚴	木	16	
𣚵	木	16	
𣚶	木	16	
𣚷	木	16	
𣚸	木	16	
𣚹	木	16	
𣚺	木	16	
𣚻	木	16	
𣚼	木	16	
𣚽	木	16	
𣚾	木	16	
𣚿	木	16	
𣛀	木	16	
𣛁	木	16	
𣛂	木	16	
𣛃	木	16	
𣛄	木	16	
𣛅	木	16	
𣛆	木	16	
𣛇	木	16	
𣛈	木	16	
𣛉	木	16	
𣛊	木	16	
𣛋	木	16	
𣛌	木	16	
𣛍	木	16	
𣛎	木	16	
𣛏	木	16	
𣛐	木	16	
𣛑	木	16	
𣛒	木	16	
𣛓	木	16	
𣛔	木	16	
𣛕	木	16	
𣛖	木	16	
𣛗	木	16	
𣛘	木	16	
𣛙	木	16	
𣛚	木	16	
𣛛	木	16	
𣛜	木	16	
𣛝	木	16	
𣛞	木	16	
𣛟	木	16	
𣛠	木	16	
𣛡	木	16	
𣛢	木	16	
𣛣	木	16	
𣛤	木	16	
𣛥	木	16	
𣛦	木	16	
𣛧	木	16	
𣛨	木	16	
𣛩	木	16	
𣛪	木	16	
𣛫	木	16	
𣛬	木	16	
𣛭	木	16	
𣛮	木	16	
𣛯	木	15	
𣛰	木	17	
𣛱	木	17	
𣛲	木	17	
𣛳	木	17	
𣛴	木	17	
𣛵	木	17	
𣛶	木	17	
𣛷	木	17	
𣛸	木	17	
𣛹	木	17	
𣛺	木	17	
𣛻	木	17	
𣛼	木	17	
𣛽	木	17	
𣛾	木	17	
𣛿	木	17	
𣜀	木	17	
𣜁	木	17	
𣜂	木	17	
𣜃	木	17	
𣜄	木	17	
𣜅	木	17	
𣜆	木	17	
𣜇	木	17	
𣜈	木	17	
𣜉	木	17	
𣜊	木	17	
𣜋	木	17	
𣜌	木	17	
𣜍	木	17	
𣜎	木	17	
𣜏	木	17	
𣜐	木	17	
𣜑	木	17	
𣜒	木	17	
𣜓	木	17	
𣜔	木	17	
𣜕	木	17	
𣜖	木	17	
𣜗	木	17	
𣜘	木	17	
𣜙	木	17	
𣜚	木	17	
𣜛	木	17	
𣜜	木	17	
𣜝	木	17	
𣜞	木	17	
𣜟	木	17	
𣜠	木	17	
𣜡	木	17	
𣜢	禸	16	
𣜣	木	17	
𣜤	木	17	
𣜥	木	17	
𣜦	木	17	
𣜧	木	17	
𣜨	木	17	
𣜩	木	17	
𣜪	木	17	
𣜫	木	17	
𣜬	木	17	
𣜭	木	17	
𣜮	木	17	
𣜯	木	17	
𣜰	木	17	
𣜱	木	17	
𣜲	木	17	
𣜳	木	17	
𣜴	木	17	
𣜵	木	17	
𣜶	木	17	
𣜷	木	17	
𣜸	木	17	
𣜹	木	17	
𣜺	木	17	
𣜻	木	17	
𣜼	木	17	
𣜽	木	17	
𣜾	木	17	
𣜿	木	17	
𣝀	木	17	
𣝁	木	18	
𣝂	木	18	
𣝃	木	18	
𣝄	木	18	
𣝅	木	18	
𣝆	木	18	
𣝇	木	18	
𣝈	木	18	
𣝉	木	18	
𣝊	木	18	
𣝋	木	18	
𣝌	木	18	
𣝍	木	18	
𣝎	木	18	
𣝏	木	18	
𣝐	木	18	
𣝑	木	18	
𣝒	木	18	
𣝓	木	18	
𣝔	木	18	
𣝕	木	18	
𣝖	木	18	
𣝗	木	18	
𣝘	木	18	
𣝙	木	19	
𣝚	木	18	
𣝛	木	18	
𣝜	木	18	
𣝝	木	18	
𣝞	木	18	
𣝟	木	18	
𣝠	木	18	
𣝡	木	18	
𣝢	木	18	
𣝣	木	18	
𣝤	木	18	
𣝥	木	18	
𣝦	木	18	
𣝧	木	18	
𣝨	木	18	
𣝩	木	18	
𣝪	木	18	
𣝫	木	18	
𣝬	木	18	
𣝭	木	18	
𣝮	木	18	
𣝯	木	18	
𣝰	木	18	
𣝱	木	18	
𣝲	木	18	
𣝳	木	18	
𣝴	木	18	
𣝵	木	18	
𣝶	木	18	
𣝷	木	18	
𣝸	木	18	
𣝹	木	18	
𣝺	木	18	
𣝻	木	18	
𣝼	木	18	
𣝽	木	18	
𣝾	木	18	
𣝿	木	18	
𣞀	木	18	
𣞁	木	18	
𣞂	木	18	
𣞃	木	18	
𣞄	木	18	
𣞅	木	18	
𣞆	木	18	
𣞇	木	18	
𣞈	木	18	
𣞉	木	18	
𣞊	木	18	
𣞋	木	18	
𣞌	木	18	
𣞍	木	18	
𣞎	木	18	
𣞏	石	18	
𣞐	木	19	
𣞑	木	19	
𣞒	木	19	
𣞓	木	19	
𣞔	木	19	
𣞕	木	19	
𣞖	木	19	
𣞗	木	19	
𣞘	木	19	
𣞙	木	19	
𣞚	木	19	
𣞛	木	19	
𣞜	木	19	
𣞝	木	19	
𣞞	木	19	
𣞟	木	19	
𣞠	木	19	
𣞡	木	19	
𣞢	木	19	
𣞣	木	19	
𣞤	木	19	
𣞥	木	19	
𣞦	木	19	
𣞧	木	19	
𣞨	木	19	
𣞩	木	19	
𣞪	木	19	
𣞫	木	19	
𣞬	木	19	
𣞭	木	19	
𣞮	木	19	
𣞯	木	19	
𣞰	木	19	
𣞱	木	19	
𣞲	木	19	
𣞳	木	19	
𣞴	木	19	
𣞵	木	19	
𣞶	木	19	
𣞷	木	19	
𣞸	木	19	
𣞹	木	19	
𣞺	木	19	
𣞻	木	19	
𣞼	木	19	
𣞽	木	19	
𣞾	木	19	
𣞿	木	19	
𣟀	木	19	
𣟁	木	19	
𣟂	木	19	
𣟃	木	19	
𣟄	木	20	
𣟅	木	20	
𣟆	木	20	
𣟇	木	20	
𣟈	木	20	
𣟉	木	20	
𣟊	木	20	
𣟋	木	20	
𣟌	木	20	
𣟍	木	20	
𣟎	木	20	
𣟏	木	20	
𣟐	木	20	
𣟑	木	19	
𣟒	木	20	
𣟓	木	20	
𣟔	木	20	
𣟕	木	20	
𣟖	木	20	
𣟗	木	20	
𣟘	木	20	
𣟙	木	20	
𣟚	木	20	
𣟛	木	20	
𣟜	木	20	
𣟝	木	20	
𣟞	木	20	
𣟟	木	20	
𣟠	木	20	
𣟡	木	20	
𣟢	木	20	
𣟣	木	20	
𣟤	木	20	
𣟥	木	20	
𣟦	木	20	
𣟧	木	20	
𣟨	木	20	
𣟩	木	20	
𣟪	木	20	
𣟫	木	20	
𣟬	木	20	
𣟭	木	20	
𣟮	木	20	
𣟯	木	21	
𣟰	木	21	
𣟱	木	21	
𣟲	木	21	
𣟳	木	21	
𣟴	木	21	
𣟵	木	21	
𣟶	木	21	
𣟷	木	21	
𣟸	木	21	
𣟹	木	21	
𣟺	木	21	
𣟻	木	21	
𣟼	木	21	
𣟽	木	21	
𣟾	木	21	
𣟿	木	21	
𣠀	木	21	
𣠁	木	21	
𣠂	木	22	
𣠃	木	21	
𣠄	木	21	
𣠅	木	21	
𣠆	木	21	
𣠇	木	21	
𣠈	木	21	
𣠉	木	21	
𣠊	木	21	
𣠋	木	21	
𣠌	木	21	
𣠍	木	21	
𣠎	木	21	
𣠏	木	21	
𣠐	木	21	
𣠑	木	21	
𣠒	木	21	
𣠓	木	21	
𣠔	木	21	
𣠕	木	21	
𣠖	木	21	
𣠗	木	21	
𣠘	木	21	
𣠙	木	22	
𣠚	木	22	
𣠛	木	22	
𣠜	木	22	
𣠝	木	22	
𣠞	木	22	
𣠟	木	22	
𣠠	木	22	
𣠡	木	22	
𣠢	木	22	
𣠣	木	22	
𣠤	木	22	
𣠥	木	22	
𣠦	木	22	
𣠧	木	22	
𣠨	木	22	
𣠩	木	22	
𣠪	木	22	
𣠫	木	22	
𣠬	木	22	
𣠭	木	22	
𣠮	木	22	
𣠯	木	22	
𣠰	木	22	
𣠱	木	22	
𣠲	木	22	
𣠳	木	22	
𣠴	木	22	
𣠵	木	22	
𣠶	木	22	
𣠷	木	23	
𣠸	木	23	
𣠹	木	23	
𣠺	木	23	
𣠻	木	23	
𣠼	木	23	
𣠽	木	23	
𣠾	木	23	
𣠿	木	23	
𣡀	木	23	
𣡁	木	23	
𣡂	木	23	
𣡃	木	23	
𣡄	木	23	
𣡅	木	23	
𣡆	木	23	
𣡇	木	23	
𣡈	木	23	
𣡉	木	23	
𣡊	木	23	
𣡋	木	24	
𣡌	木	24	
𣡍	木	24	
𣡎	木	24	
𣡏	木	24	
𣡐	木	24	
𣡑	木	24	
𣡒	木	24	
𣡓	木	24	
𣡔	木	24	
𣡕	木	24	
𣡖	木	24	
𣡗	木	24	
𣡘	木	24	
𣡙	木	24	
𣡚	木	24	
𣡛	木	24	
𣡜	木	24	
𣡝	木	24	
𣡞	木	25	
𣡟	木	25	
𣡠	木	25	
𣡡	木	25	
𣡢	木	25	
𣡣	木	25	
𣡤	木	25	
𣡥	木	25	
𣡦	木	25	
𣡧	木	25	
𣡨	木	25	
𣡩	木	26	
𣡪	木	26	
𣡫	木	26	
𣡬	木	26	
𣡭	木	26	
𣡮	木	25	
𣡯	木	26	
𣡰	木	26	
𣡱	木	26	
𣡲	木	27	
𣡳	夕	27	
𣡴	木	27	
𣡵	木	27	
𣡶	木	28	
𣡷	木	28	
𣡸	木	28	
𣡹	木	29	
𣡺	木	30	
𣡻	木	30	
𣡼	木	31	
𣡽	木	32	
𣡾	木	32	
𣡿	木	34	
𣢀	欠	6	
𣢁	欠	7	
𣢂	欠	7	
𣢃	欠	7	
𣢄	欠	7	
𣢅	欠	7	
𣢆	欠	7	
𣢇	欠	7	
𣢈	欠	7	
𣢉	欠	8	
𣢊	欠	8	
𣢋	欠	8	
𣢌	欠	8	
𣢍	欠	8	
𣢎	欠	8	
𣢏	欠	8	
𣢐	欠	8	
𣢑	欠	8	
𣢒	欠	8	
𣢓	欠	8	
𣢔	欠	8	
𣢕	欠	8	
𣢖	欠	8	
𣢗	欠	9	
𣢘	欠	9	
𣢙	欠	9	
𣢚	欠	9	
𣢛	欠	9	
𣢜	欠	9	
𣢝	欠	9	
𣢞	欠	9	
𣢟	欠	9	
𣢠	欠	9	
𣢡	欠	9	
𣢢	欠	9	
𣢣	欠	9	
𣢤	欠	9	
𣢥	欠	9	
𣢦	欠	9	
𣢧	欠	10	
𣢨	欠	10	
𣢩	欠	10	
𣢪	欠	10	
𣢫	欠	10	
𣢬	欠	10	
𣢭	欠	10	
𣢮	欠	10	
𣢯	欠	10	
𣢰	欠	10	
𣢱	欠	10	
𣢲	欠	10	
𣢳	欠	10	
𣢴	欠	10	
𣢵	欠	10	
𣢶	欠	10	
𣢷	欠	10	
𣢸	欠	10	
𣢹	欠	10	
𣢺	欠	11	
𣢻	欠	11	
𣢼	欠	11	
𣢽	欠	11	
𣢾	欠	11	
𣢿	欠	11	
𣣀	欠	11	
𣣁	欠	11	
𣣂	欠	11	
𣣃	欠	11	
𣣄	欠	11	
𣣅	欠	11	
𣣆	欠	11	
𣣇	欠	11	
𣣈	欠	12	
𣣉	欠	12	
𣣊	欠	12	
𣣋	欠	12	
𣣌	欠	12	
𣣍	欠	12	
𣣎	欠	12	
𣣏	欠	12	
𣣐	欠	12	
𣣑	欠	12	
𣣒	欠	12	
𣣓	欠	12	
𣣔	欠	12	
𣣕	欠	12	
𣣖	欠	12	
𣣗	欠	12	
𣣘	欠	12	
𣣙	欠	12	
𣣚	欠	12	
𣣛	欠	12	
𣣜	欠	12	
𣣝	欠	13	
𣣞	欠	13	
𣣟	欠	13	
𣣠	欠	13	
𣣡	欠	13	
𣣢	欠	13	
𣣣	欠	13	
𣣤	欠	13	
𣣥	欠	13	
𣣦	欠	13	
𣣧	欠	13	
𣣨	欠	13	
𣣩	欠	13	
𣣪	欠	13	
𣣫	欠	13	
𣣬	貝	13	
𣣭	欠	13	
𣣮	欠	13	
𣣯	欠	13	
𣣰	欠	13	
𣣱	欠	13	
𣣲	欠	14	
𣣳	欠	14	
𣣴	欠	14	
𣣵	欠	14	
𣣶	欠	14	
𣣷	欠	14	
𣣸	欠	14	
𣣹	欠	14	
𣣺	欠	14	
𣣻	欠	14	
𣣼	欠	14	
𣣽	欠	14	
𣣾	欠	14	
𣣿	欠	14	
𣤀	欠	14	
𣤁	欠	14	
𣤂	欠	14	
𣤃	欠	14	
𣤄	欠	14	
𣤅	欠	14	
𣤆	欠	14	
𣤇	欠	14	
𣤈	欠	15	
𣤉	欠	15	
𣤊	欠	15	
𣤋	欠	15	
𣤌	欠	15	
𣤍	欠	15	
𣤎	欠	15	
𣤏	欠	15	
𣤐	欠	15	
𣤑	欠	15	
𣤒	欠	15	
𣤓	欠	15	
𣤔	欠	15	
𣤕	欠	15	
𣤖	欠	15	
𣤗	欠	15	
𣤘	欠	16	
𣤙	欠	16	
𣤚	欠	16	
𣤛	欠	16	
𣤜	欠	16	
𣤝	欠	16	
𣤞	欠	16	
𣤟	欠	16	
𣤠	欠	17	
𣤡	欠	17	
𣤢	欠	17	
𣤣	欠	17	
𣤤	欠	17	
𣤥	欠	17	
𣤦	欠	17	
𣤧	欠	17	
𣤨	欠	18	
𣤩	欠	18	
𣤪	欠	18	
𣤫	欠	18	
𣤬	欠	19	
𣤭	欠	19	
𣤮	欠	19	
𣤯	欠	19	
𣤰	欠	19	
𣤱	欠	20	
𣤲	欠	20	
𣤳	欠	20	
𣤴	欠	21	
𣤵	欠	21	
𣤶	欠	22	
𣤷	欠	21	
𣤸	欠	21	
𣤹	欠	22	
𣤺	欠	22	
𣤻	欠	22	
𣤼	欠	22	
𣤽	欠	23	
𣤾	欠	24	
𣤿	欠	25	
𣥀	欠	25	
𣥁	欠	26	
𣥂	止	4	
𣥃	止	5	
𣥄	止	5	
𣥅	止	6	
𣥆	止	6	
𣥇	止	7	
𣥈	止	7	
𣥉	止	8	
𣥊	止	7	
𣥋	止	7	
𣥌	止	7	
𣥍	止	8	
𣥎	止	8	
𣥏	止	8	
𣥐	止	8	
𣥑	止	8	
𣥒	止	8	
𣥓	止	8	
𣥔	止	8	
𣥕	止	8	
𣥖	止	8	
𣥗	止	8	
𣥘	止	8	
𣥙	止	8	
𣥚	止	8	
𣥛	止	8	
𣥜	止	8	
𣥝	止	8	
𣥞	止	8	
𣥟	止	8	
𣥠	止	8	
𣥡	止	8	
𣥢	止	9	
𣥣	止	9	
𣥤	止	9	
𣥥	十	8	
𣥦	止	10	
𣥧	止	10	
𣥨	止	10	
𣥩	止	10	
𣥪	止	10	
𣥫	止	10	
𣥬	止	10	
𣥭	止	10	
𣥮	止	10	
𣥯	止	10	
𣥰	止	10	
𣥱	止	10	
𣥲	彡	10	
𣥳	止	11	
𣥴	止	11	
𣥵	止	11	
𣥶	止	11	
𣥷	止	11	
𣥸	止	11	
𣥹	止	12	
𣥺	止	12	
𣥻	止	12	
𣥼	止	12	
𣥽	止	12	
𣥾	止	12	
𣥿	止	12	
𣦀	止	12	
𣦁	止	12	
𣦂	止	12	
𣦃	止	12	
𣦄	止	12	
𣦅	止	12	
𣦆	止	12	
𣦇	止	13	
𣦈	止	13	
𣦉	止	13	
𣦊	止	13	
𣦋	齒	15	
𣦌	止	13	
𣦍	止	13	
𣦎	止	13	
𣦏	弋	13	
𣦐	止	14	
𣦑	止	14	
𣦒	止	14	
𣦓	止	14	
𣦔	止	15	
𣦕	止	15	
𣦖	止	15	
𣦗	止	15	
𣦘	止	15	
𣦙	止	15	
𣦚	止	15	
𣦛	止	15	
𣦜	止	16	
𣦝	止	16	
𣦞	止	16	
𣦟	止	16	
𣦠	止	16	
𣦡	止	17	
𣦢	止	17	
𣦣	止	17	
𣦤	止	17	
𣦥	止	17	
𣦦	止	18	
𣦧	止	18	
𣦨	止	18	
𣦩	止	18	
𣦪	止	18	
𣦫	止	18	
𣦬	止	19	
𣦭	山	19	
𣦮	止	21	
𣦯	止	22	
𣦰	止	22	
𣦱	止	23	
𣦲	止	23	
𣦳	止	24	
𣦴	止	24	
𣦵	歹	4	
𣦶	歹	4	
𣦷	歹	5	
𣦸	歹	6	
𣦹	歹	6	
𣦺	歹	6	
𣦻	歹	6	
𣦼	歹	6	
𣦽	歹	6	
𣦾	歹	6	
𣦿	歹	7	
𣧀	歹	7	
𣧁	歹	7	
𣧂	歹	7	
𣧃	歹	7	
𣧄	歹	7	
𣧅	歹	7	
𣧆	歹	7	
𣧇	歹	7	
𣧈	歹	7	
𣧉	歹	8	
𣧊	歹	8	
𣧋	歹	8	
𣧌	歹	8	
𣧍	歹	8	
𣧎	歹	8	
𣧏	歹	8	
𣧐	歹	8	
𣧑	歹	8	
𣧒	歹	8	
𣧓	歹	8	
𣧔	歹	8	
𣧕	歹	8	
𣧖	歹	8	
𣧗	歹	8	
𣧘	歹	8	
𣧙	歹	8	
𣧚	歹	8	
𣧛	歹	8	
𣧜	歹	8	
𣧝	歹	9	
𣧞	歹	9	
𣧟	歹	9	
𣧠	歹	9	
𣧡	歹	9	
𣧢	歹	9	
𣧣	歹	9	
𣧤	歹	9	
𣧥	歹	9	
𣧦	歹	9	
𣧧	歹	9	
𣧨	歹	9	
𣧩	歹	9	
𣧪	歹	9	
𣧫	歹	9	
𣧬	歹	9	
𣧭	歹	9	
𣧮	歹	9	
𣧯	歹	9	
𣧰	歹	9	
𣧱	歹	9	
𣧲	歹	10	
𣧳	歹	10	
𣧴	歹	10	
𣧵	歹	10	
𣧶	歹	10	
𣧷	歹	10	
𣧸	歹	10	
𣧹	歹	10	
𣧺	歹	10	
𣧻	歹	10	
𣧼	歹	10	
𣧽	歹	10	
𣧾	歹	10	
𣧿	歹	10	
𣨀	歹	10	
𣨁	歹	10	
𣨂	歹	10	
𣨃	歹	10	
𣨄	歹	10	
𣨅	歹	11	
𣨆	歹	11	
𣨇	歹	11	
𣨈	歹	11	
𣨉	歹	11	
𣨊	歹	11	
𣨋	歹	11	
𣨌	歹	11	
𣨍	歹	11	
𣨎	歹	11	
𣨏	歹	11	
𣨐	歹	11	
𣨑	歹	11	
𣨒	歹	11	
𣨓	歹	11	
𣨔	歹	11	
𣨕	歹	11	
𣨖	歹	12	
𣨗	歹	12	
𣨘	歹	12	
𣨙	歹	12	
𣨚	歹	12	
𣨛	歹	12	
𣨜	歹	12	
𣨝	歹	12	
𣨞	歹	12	
𣨟	歹	12	
𣨠	歹	12	
𣨡	歹	12	
𣨢	歹	12	
𣨣	歹	12	
𣨤	歹	12	
𣨥	歹	12	
𣨦	歹	12	
𣨧	歹	12	
𣨨	歹	12	
𣨩	歹	12	
𣨪	歹	12	
𣨫	歹	12	
𣨬	歹	12	
𣨭	歹	12	
𣨮	歹	12	
𣨯	歹	12	
𣨰	歹	12	
𣨱	歹	13	
𣨲	歹	13	
𣨳	歹	13	
𣨴	歹	13	
𣨵	歹	13	
𣨶	歹	13	
𣨷	歹	13	
𣨸	歹	13	
𣨹	歹	13	
𣨺	歹	13	
𣨻	歹	13	
𣨼	歹	13	
𣨽	歹	13	
𣨾	歹	13	
𣨿	歹	13	
𣩀	歹	13	
𣩁	歹	13	
𣩂	歹	13	
𣩃	歹	13	
𣩄	歹	14	
𣩅	歹	14	
𣩆	歹	14	
𣩇	歹	14	
𣩈	歹	14	
𣩉	歹	14	
𣩊	歹	14	
𣩋	歹	14	
𣩌	歹	14	
𣩍	歹	15	
𣩎	歹	15	
𣩏	歹	15	
𣩐	歹	15	
𣩑	歹	15	
𣩒	歹	15	
𣩓	歹	15	
𣩔	歹	15	
𣩕	歹	15	
𣩖	歹	15	
𣩗	歹	15	
𣩘	歹	15	
𣩙	歹	15	
𣩚	歹	15	
𣩛	歹	15	
𣩜	歹	15	
𣩝	歹	16	
𣩞	歹	16	
𣩟	歹	16	
𣩠	歹	16	
𣩡	歹	16	
𣩢	歹	16	
𣩣	歹	16	
𣩤	歹	16	
𣩥	歹	16	
𣩦	歹	16	
𣩧	歹	16	
𣩨	歹	17	
𣩩	歹	17	
𣩪	歹	17	
𣩫	歹	17	
𣩬	歹	17	
𣩭	歹	17	
𣩮	歹	17	
𣩯	歹	18	
𣩰	歹	18	
𣩱	歹	18	
𣩲	歹	18	
𣩳	歹	18	
𣩴	歹	18	
𣩵	歹	18	
𣩶	歹	18	
𣩷	歹	19	
𣩸	歹	19	
𣩹	歹	20	
𣩺	歹	20	
𣩻	歹	20	
𣩼	歹	21	
𣩽	歹	21	
𣩾	歹	22	
𣩿	歹	23	
𣪀	歹	23	
𣪁	歹	23	
𣪂	殳	8	
𣪃	殳	8	
𣪄	殳	8	
𣪅	殳	9	
𣪆	殳	9	
𣪇	殳	9	
𣪈	殳	10	
𣪉	殳	10	
𣪊	殳	10	
𣪋	殳	11	
𣪌	殳	11	
𣪍	殳	11	
𣪎	殳	11	
𣪏	殳	11	
𣪐	殳	11	
𣪑	殳	11	
𣪒	殳	11	
𣪓	殳	11	
𣪔	殳	11	
𣪕	殳	11	
𣪖	殳	11	
𣪗	殳	11	
𣪘	殳	11	
𣪙	殳	12	
𣪚	殳	12	
𣪛	殳	12	
𣪜	殳	12	
𣪝	殳	12	
𣪞	殳	12	
𣪟	殳	12	
𣪠	殳	13	
𣪡	殳	13	
𣪢	殳	13	
𣪣	殳	13	
𣪤	殳	13	
𣪥	殳	13	
𣪦	殳	13	
𣪧	殳	13	
𣪨	殳	13	
𣪩	殳	13	
𣪪	殳	13	
𣪫	殳	13	
𣪬	殳	13	
𣪭	目	13	
𣪮	殳	14	
𣪯	殳	14	
𣪰	殳	14	
𣪱	殳	14	
𣪲	殳	14	
𣪳	殳	14	
𣪴	殳	14	
𣪵	殳	14	
𣪶	殳	15	
𣪷	殳	15	
𣪸	殳	15	
𣪹	殳	15	
𣪺	殳	15	
𣪻	殳	16	
𣪼	殳	16	
𣪽	殳	16	
𣪾	殳	16	
𣪿	殳	16	
𣫀	殳	16	
𣫁	殳	16	
𣫂	殳	16	
𣫃	殳	16	
𣫄	殳	16	
𣫅	殳	16	
𣫆	殳	16	
𣫇	殳	16	
𣫈	殳	16	
𣫉	殳	16	
𣫊	殳	16	
𣫋	殳	16	
𣫌	殳	17	
𣫍	殳	17	
𣫎	殳	17	
𣫏	殳	17	
𣫐	殳	18	
𣫑	殳	18	
𣫒	殳	18	
𣫓	殳	18	
𣫔	殳	18	
𣫕	殳	18	
𣫖	殳	18	
𣫗	殳	18	
𣫘	殳	19	
𣫙	殳	19	
𣫚	殳	19	
𣫛	殳	19	
𣫜	殳	19	
𣫝	殳	19	
𣫞	殳	20	
𣫟	殳	20	
𣫠	殳	21	
𣫡	殳	21	
𣫢	殳	23	
𣫣	殳	23	
𣫤	殳	23	
𣫥	殳	23	
𣫦	殳	24	
𣫧	殳	24	
𣫨	殳	24	
𣫩	殳	25	
𣫪	殳	27	
𣫫	殳	27	
𣫬	毋	4	
𣫭	毋	6	
𣫮	毋	7	
𣫯	毋	8	
𣫰	毋	8	
𣫱	毋	8	
𣫲	毋	8	
𣫳	毋	9	
𣫴	毋	10	
𣫵	毋	11	
𣫶	毋	11	
𣫷	毋	11	
𣫸	毋	11	
𣫹	毋	13	
𣫺	毋	14	
𣫻	毋	14	
𣫼	毋	14	
𣫽	毋	16	
𣫾	毋	16	
𣫿	毋	17	
𣬀	毋	19	
𣬁	毋	22	
𣬂	比	7	
𣬃	比	7	
𣬄	比	8	
𣬅	比	8	
𣬆	比	8	
𣬇	比	8	
𣬈	比	10	
𣬉	比	10	
𣬊	比	10	
𣬋	比	11	
𣬌	比	11	
𣬍	比	13	
𣬎	比	14	
𣬏	比	14	
𣬐	比	14	
𣬑	比	14	
𣬒	比	15	
𣬓	比	16	
𣬔	比	16	
𣬕	比	17	
𣬖	比	19	
𣬗	比	20	
𣬘	比	20	
𣬙	比	22	
𣬚	比	27	
𣬛	毛	4	
𣬜	毛	6	
𣬝	毛	6	
𣬞	毛	6	
𣬟	毛	6	
𣬠	毛	6	
𣬡	毛	7	
𣬢	毛	7	
𣬣	毛	7	
𣬤	毛	7	
𣬥	毛	7	
𣬦	毛	7	
𣬧	毛	7	
𣬨	毛	7	
𣬩	毛	8	
𣬪	毛	8	
𣬫	毛	8	
𣬬	毛	8	
𣬭	毛	8	
𣬮	毛	8	
𣬯	毛	8	
𣬰	毛	8	
𣬱	毛	8	
𣬲	毛	8	
𣬳	毛	8	
𣬴	毛	8	
𣬵	毛	8	
𣬶	毛	8	
𣬷	毛	8	
𣬸	毛	9	
𣬹	毛	9	
𣬺	毛	9	
𣬻	毛	9	
𣬼	毛	9	
𣬽	毛	9	
𣬾	毛	9	
𣬿	毛	9	
𣭀	毛	9	
𣭁	毛	9	
𣭂	毛	9	
𣭃	毛	9	
𣭄	毛	9	
𣭅	毛	9	
𣭆	毛	9	
𣭇	毛	9	
𣭈	毛	9	
𣭉	毛	9	
𣭊	毛	9	
𣭋	毛	9	
𣭌	毛	9	
𣭍	毛	9	
𣭎	毛	9	
𣭏	毛	9	
𣭐	毛	9	
𣭑	毛	9	
𣭒	毛	9	
𣭓	毛	9	
𣭔	毛	9	
𣭕	毛	9	
𣭖	毛	9	
𣭗	毛	9	
𣭘	毛	9	
𣭙	毛	9	
𣭚	毛	9	
𣭛	毛	9	
𣭜	毛	10	
𣭝	毛	10	
𣭞	毛	10	
𣭟	毛	10	
𣭠	毛	10	
𣭡	毛	10	
𣭢	毛	10	
𣭣	毛	10	
𣭤	毛	10	
𣭥	毛	10	
𣭦	毛	10	
𣭧	毛	10	
𣭨	毛	10	
𣭩	毛	10	
𣭪	毛	10	
𣭫	毛	10	
𣭬	毛	10	
𣭭	毛	10	
𣭮	毛	10	
𣭯	毛	10	
𣭰	毛	10	
𣭱	毛	11	
𣭲	毛	11	
𣭳	毛	11	
𣭴	毛	11	
𣭵	毛	11	
𣭶	毛	11	
𣭷	毛	11	
𣭸	毛	11	
𣭹	毛	11	
𣭺	毛	11	
𣭻	毛	11	
𣭼	毛	11	
𣭽	毛	11	
𣭾	毛	11	
𣭿	毛	11	
𣮀	毛	11	
𣮁	毛	11	
𣮂	毛	11	
𣮃	毛	11	
𣮄	毛	11	
𣮅	毛	11	
𣮆	毛	11	
𣮇	毛	11	
𣮈	毛	12	
𣮉	毛	12	
𣮊	毛	12	
𣮋	毛	12	
𣮌	毛	12	
𣮍	毛	12	
𣮎	毛	12	
𣮏	毛	12	
𣮐	毛	12	
𣮑	毛	12	
𣮒	毛	12	
𣮓	毛	12	
𣮔	毛	12	
𣮕	毛	12	
𣮖	毛	12	
𣮗	毛	12	
𣮘	毛	12	
𣮙	毛	12	
𣮚	毛	12	
𣮛	毛	12	
𣮜	毛	12	
𣮝	毛	12	
𣮞	毛	12	
𣮟	毛	12	
𣮠	毛	12	
𣮡	毛	12	
𣮢	毛	12	
𣮣	毛	12	
𣮤	毛	12	
𣮥	毛	12	
𣮦	毛	12	
𣮧	毛	12	
𣮨	毛	13	
𣮩	毛	13	
𣮪	毛	13	
𣮫	毛	13	
𣮬	毛	13	
𣮭	毛	13	
𣮮	毛	13	
𣮯	毛	13	
𣮰	毛	13	
𣮱	毛	13	
𣮲	毛	13	
𣮳	毛	13	
𣮴	毛	13	
𣮵	毛	13	
𣮶	毛	13	
𣮷	毛	13	
𣮸	毛	13	
𣮹	毛	13	
𣮺	毛	13	
𣮻	毛	13	
𣮼	毛	13	
𣮽	毛	13	
𣮾	毛	13	
𣮿	毛	13	
𣯀	毛	13	
𣯁	毛	13	
𣯂	毛	13	
𣯃	毛	13	
𣯄	毛	13	
𣯅	毛	14	
𣯆	毛	14	
𣯇	毛	14	
𣯈	毛	14	
𣯉	毛	14	
𣯊	毛	14	
𣯋	毛	14	
𣯌	毛	14	
𣯍	毛	14	
𣯎	毛	14	
𣯏	毛	14	
𣯐	毛	14	
𣯑	毛	14	
𣯒	毛	14	
𣯓	毛	14	
𣯔	毛	14	
𣯕	毛	14	
𣯖	毛	14	
𣯗	毛	14	
𣯘	毛	14	
𣯙	毛	14	
𣯚	毛	14	
𣯛	毛	14	
𣯜	毛	14	
𣯝	毛	14	
𣯞	毛	14	
𣯟	毛	14	
𣯠	毛	14	
𣯡	毛	14	
𣯢	毛	14	
𣯣	毛	15	
𣯤	毛	15	
𣯥	毛	15	
𣯦	毛	15	
𣯧	毛	15	
𣯨	毛	15	
𣯩	毛	15	
𣯪	毛	15	
𣯫	毛	15	
𣯬	毛	15	
𣯭	毛	15	
𣯮	毛	15	
𣯯	毛	15	
𣯰	毛	15	
𣯱	毛	15	
𣯲	毛	15	
𣯳	毛	15	
𣯴	毛	15	
𣯵	毛	15	
𣯶	毛	15	
𣯷	毛	15	
𣯸	毛	16	
𣯹	毛	16	
𣯺	毛	16	
𣯻	毛	16	
𣯼	毛	16	
𣯽	毛	16	
𣯾	毛	16	
𣯿	毛	16	
𣰀	毛	16	
𣰁	毛	16	
𣰂	毛	16	
𣰃	毛	16	
𣰄	毛	16	
𣰅	毛	16	
𣰆	毛	16	
𣰇	毛	16	
𣰈	毛	16	
𣰉	毛	16	
𣰊	毛	17	
𣰋	毛	17	
𣰌	毛	17	
𣰍	毛	17	
𣰎	毛	17	
𣰏	毛	17	
𣰐	毛	17	
𣰑	毛	17	
𣰒	毛	17	
𣰓	毛	17	
𣰔	毛	17	
𣰕	毛	17	
𣰖	毛	17	
𣰗	毛	17	
𣰘	毛	17	
𣰙	毛	17	
𣰚	毛	18	
𣰛	毛	18	
𣰜	毛	18	
𣰝	毛	18	
𣰞	毛	18	
𣰟	毛	18	
𣰠	毛	18	
𣰡	毛	18	
𣰢	毛	18	
𣰣	毛	18	
𣰤	毛	18	
𣰥	毛	18	
𣰦	毛	18	
𣰧	毛	18	
𣰨	毛	18	
𣰩	毛	18	
𣰪	毛	18	
𣰫	毛	19	
𣰬	毛	19	
𣰭	毛	19	
𣰮	毛	19	
𣰯	毛	19	
𣰰	毛	19	
𣰱	毛	20	
𣰲	毛	20	
𣰳	毛	20	
𣰴	毛	20	
𣰵	毛	20	
𣰶	毛	21	
𣰷	毛	21	
𣰸	毛	21	
𣰹	毛	21	
𣰺	毛	21	
𣰻	毛	22	
𣰼	毛	22	
𣰽	毛	22	
𣰾	毛	22	
𣰿	毛	23	
𣱀	毛	23	
𣱁	毛	23	
𣱂	毛	26	
𣱃	毛	26	
𣱄	毛	28	
𣱅	氏	8	
𣱆	氏	8	
𣱇	氏	9	
𣱈	氏	9	
𣱉	氏	9	
𣱊	氏	9	
𣱋	氏	11	
𣱌	氏	11	
𣱍	氏	11	
𣱎	氏	11	
𣱏	氏	13	
𣱐	氏	14	
𣱑	氏	16	
𣱒	氏	17	
𣱓	氏	18	
𣱔	氏	18	
𣱕	气	6	
𣱖	气	6	
𣱗	气	7	
𣱘	气	7	
𣱙	气	8	
𣱚	气	8	
𣱛	气	8	
𣱜	气	9	
𣱝	气	9	
𣱞	气	9	
𣱟	气	9	
𣱠	气	9	
𣱡	气	10	
𣱢	气	12	
𣱣	气	11	
𣱤	气	12	
𣱥	气	12	
𣱦	气	13	
𣱧	气	13	
𣱨	气	13	
𣱩	气	14	
𣱪	气	15	
𣱫	气	15	
𣱬	气	17	
𣱭	气	17	
𣱮	气	18	
𣱯	气	21	
𣱰	气	21	
𣱱	水	3	
𣱲	水	4	
𣱳	水	4	
𣱴	水	4	
𣱵	水	5	
𣱶	水	5	
𣱷	水	5	
𣱸	水	5	
𣱹	水	5	
𣱺	水	5	
𣱻	水	5	
𣱼	水	5	
𣱽	水	5	
𣱾	水	5	
𣱿	水	5	
𣲀	水	6	
𣲁	水	6	
𣲂	水	6	
𣲃	水	6	
𣲄	水	6	
𣲅	水	6	
𣲆	水	6	
𣲇	水	6	
𣲈	水	6	
𣲉	水	6	
𣲊	水	6	
𣲋	水	6	
𣲌	水	6	
𣲍	水	6	
𣲎	水	7	
𣲏	水	7	
𣲐	水	7	
𣲑	水	7	
𣲒	水	7	
𣲓	水	7	
𣲔	水	7	
𣲕	水	7	
𣲖	水	7	
𣲗	水	7	
𣲘	水	7	
𣲙	水	7	
𣲚	水	7	
𣲛	水	7	
𣲜	水	7	
𣲝	水	7	
𣲞	水	7	
𣲟	水	7	
𣲠	水	7	
𣲡	水	7	
𣲢	水	7	
𣲣	水	7	
𣲤	水	7	
𣲥	水	7	
𣲦	水	7	
𣲧	水	7	
𣲨	水	7	
𣲩	水	7	
𣲪	水	7	
𣲫	水	7	
𣲬	水	7	
𣲭	水	7	
𣲮	水	7	
𣲯	水	7	
𣲰	水	7	
𣲱	水	7	
𣲲	水	8	
𣲳	水	8	
𣲴	水	8	
𣲵	水	8	
𣲶	水	8	
𣲷	水	8	
𣲸	水	8	
𣲹	水	8	
𣲺	水	8	
𣲻	水	8	
𣲼	水	8	
𣲽	水	8	
𣲾	水	8	
𣲿	水	8	
𣳀	水	8	
𣳁	水	8	
𣳂	水	8	
𣳃	水	8	
𣳄	水	8	
𣳅	水	8	
𣳆	水	8	
𣳇	水	8	
𣳈	水	8	
𣳉	水	8	
𣳊	水	8	
𣳋	水	8	
𣳌	水	8	
𣳍	水	8	
𣳎	水	8	
𣳏	水	8	
𣳐	水	8	
𣳑	水	8	
𣳒	水	8	
𣳓	水	8	
𣳔	水	8	
𣳕	水	8	
𣳖	水	8	
𣳗	水	8	
𣳘	水	8	
𣳙	水	8	
𣳚	水	8	
𣳛	水	8	
𣳜	水	8	
𣳝	水	8	
𣳞	水	8	
𣳟	水	8	
𣳠	水	8	
𣳡	水	8	
𣳢	水	8	
𣳣	水	8	
𣳤	水	9	
𣳥	水	9	
𣳦	水	9	
𣳧	水	9	
𣳨	水	9	
𣳩	水	9	
𣳪	水	9	
𣳫	水	9	
𣳬	水	9	
𣳭	水	9	
𣳮	水	9	
𣳯	水	9	
𣳰	水	9	
𣳱	水	9	
𣳲	水	9	
𣳳	水	9	
𣳴	水	9	
𣳵	水	9	
𣳶	水	9	
𣳷	水	9	
𣳸	水	9	
𣳹	水	9	
𣳺	水	9	
𣳻	水	9	
𣳼	水	9	
𣳽	水	9	
𣳾	水	9	
𣳿	水	9	
𣴀	水	9	
𣴁	水	9	
𣴂	水	9	
𣴃	水	9	
𣴄	水	9	
𣴅	水	9	
𣴆	水	9	
𣴇	水	9	
𣴈	水	9	
𣴉	水	9	
𣴊	水	9	
𣴋	水	9	
𣴌	水	9	
𣴍	水	9	
𣴎	水	9	
𣴏	水	9	
𣴐	水	9	
𣴑	水	9	
𣴒	水	9	
𣴓	水	9	
𣴔	水	9	
𣴕	水	9	
𣴖	水	9	
𣴗	水	9	
𣴘	水	9	
𣴙	水	9	
𣴚	水	9	
𣴛	水	9	
𣴜	水	9	
𣴝	水	9	
𣴞	水	10	
𣴟	水	10	
𣴠	水	10	
𣴡	水	10	
𣴢	水	10	
𣴣	水	10	
𣴤	水	10	
𣴥	水	10	
𣴦	水	10	
𣴧	水	10	
𣴨	水	10	
𣴩	水	10	
𣴪	水	10	
𣴫	水	10	
𣴬	水	10	
𣴭	水	10	
𣴮	水	10	
𣴯	水	10	
𣴰	水	10	
𣴱	水	10	
𣴲	水	10	
𣴳	水	10	
𣴴	水	10	
𣴵	水	10	
𣴶	水	10	
𣴷	水	10	
𣴸	水	10	
𣴹	水	10	
𣴺	水	10	
𣴻	水	10	
𣴼	水	10	
𣴽	水	10	
𣴾	水	10	
𣴿	水	10	
𣵀	水	10	
𣵁	水	10	
𣵂	水	10	
𣵃	水	10	
𣵄	水	10	
𣵅	水	10	
𣵆	水	10	
𣵇	水	10	
𣵈	水	10	
𣵉	水	10	
𣵊	水	10	
𣵋	水	10	
𣵌	水	10	
𣵍	水	10	
𣵎	水	10	
𣵏	水	10	
𣵐	水	10	
𣵑	水	10	
𣵒	水	10	
𣵓	水	10	
𣵔	水	10	
𣵕	水	10	
𣵖	水	10	
𣵗	水	10	
𣵘	水	10	
𣵙	水	10	
𣵚	水	10	
𣵛	水	10	
𣵜	水	10	
𣵝	水	10	
𣵞	水	10	
𣵟	水	10	
𣵠	水	10	
𣵡	水	10	
𣵢	水	10	
𣵣	水	10	
𣵤	水	10	
𣵥	水	10	
𣵦	水	10	
𣵧	水	10	
𣵨	水	10	
𣵩	水	10	
𣵪	水	10	
𣵫	水	10	
𣵬	水	10	
𣵭	水	10	
𣵮	水	10	
𣵯	水	10	
𣵰	水	10	
𣵱	水	10	
𣵲	水	10	
𣵳	水	10	
𣵴	水	10	
𣵵	水	10	
𣵶	水	10	
𣵷	水	11	
𣵸	水	11	
𣵹	水	11	
𣵺	水	11	
𣵻	水	11	
𣵼	水	11	
𣵽	水	11	
𣵾	水	11	
𣵿	水	11	
𣶀	水	11	
𣶁	水	11	
𣶂	水	11	
𣶃	水	11	
𣶄	水	11	
𣶅	水	11	
𣶆	水	11	
𣶇	水	11	
𣶈	水	11	
𣶉	水	11	
𣶊	水	11	
𣶋	水	11	
𣶌	水	11	
𣶍	水	11	
𣶎	水	11	
𣶏	水	11	
𣶐	水	11	
𣶑	水	11	
𣶒	水	11	
𣶓	水	11	
𣶔	水	11	
𣶕	水	11	
𣶖	水	11	
𣶗	水	11	
𣶘	水	11	
𣶙	水	11	
𣶚	水	11	
𣶛	水	11	
𣶜	水	11	
𣶝	水	11	
𣶞	水	11	
𣶟	水	11	
𣶠	水	11	
𣶡	水	11	
𣶢	水	11	
𣶣	水	11	
𣶤	水	11	
𣶥	水	11	
𣶦	水	11	
𣶧	水	11	
𣶨	水	11	
𣶩	水	11	
𣶪	水	11	
𣶫	水	11	
𣶬	水	11	
𣶭	水	11	
𣶮	水	11	
𣶯	水	11	
𣶰	水	11	
𣶱	水	11	
𣶲	水	11	
𣶳	水	11	
𣶴	水	11	
𣶵	水	11	
𣶶	水	11	
𣶷	水	11	
𣶸	水	11	
𣶹	水	11	
𣶺	水	11	
𣶻	水	11	
𣶼	水	11	
𣶽	水	11	
𣶾	水	11	
𣶿	水	11	
𣷀	水	11	
𣷁	水	11	
𣷂	水	11	
𣷃	水	11	
𣷄	水	11	
𣷅	水	11	
𣷆	水	11	
𣷇	水	11	
𣷈	水	11	
𣷉	水	11	
𣷊	水	11	
𣷋	水	11	
𣷌	水	11	
𣷍	水	11	
𣷎	水	11	
𣷏	水	11	
𣷐	水	11	
𣷑	水	11	
𣷒	水	11	
𣷓	水	11	
𣷔	水	11	
𣷕	水	11	
𣷖	水	11	
𣷗	水	11	
𣷘	水	11	
𣷙	水	11	
𣷚	水	10	
𣷛	水	11	
𣷜	水	11	
𣷝	水	11	
𣷞	水	11	
𣷟	水	11	
𣷠	水	11	
𣷡	水	11	
𣷢	水	11	
𣷣	水	11	
𣷤	水	11	
𣷥	水	11	
𣷦	水	11	
𣷧	水	11	
𣷨	水	11	
𣷩	水	11	
𣷪	水	11	
𣷫	水	11	
𣷬	水	11	
𣷭	水	11	
𣷮	水	11	
𣷯	水	11	
𣷰	水	11	
𣷱	水	11	
𣷲	水	11	
𣷳	水	11	
𣷴	水	11	
𣷵	水	11	
𣷶	水	11	
𣷷	水	11	
𣷸	水	11	
𣷹	水	11	
𣷺	水	11	
𣷻	水	11	
𣷼	水	12	
𣷽	水	12	
𣷾	水	12	
𣷿	水	12	
𣸀	水	12	
𣸁	水	12	
𣸂	水	12	
𣸃	水	12	
𣸄	水	12	
𣸅	水	12	
𣸆	水	12	
𣸇	水	12	
𣸈	水	12	
𣸉	水	12	
𣸊	水	11	
𣸋	水	12	
𣸌	水	12	
𣸍	水	12	
𣸎	水	12	
𣸏	水	12	
𣸐	水	12	
𣸑	水	12	
𣸒	水	12	
𣸓	水	12	
𣸔	水	12	
𣸕	水	12	
𣸖	水	12	
𣸗	水	12	
𣸘	水	12	
𣸙	水	12	
𣸚	水	12	
𣸛	水	12	
𣸜	水	12	
𣸝	水	12	
𣸞	水	12	
𣸟	水	12	
𣸠	水	12	
𣸡	水	12	
𣸢	水	12	
𣸣	水	12	
𣸤	水	12	
𣸥	水	12	
𣸦	水	12	
𣸧	水	12	
𣸨	水	12	
𣸩	水	12	
𣸪	水	12	
𣸫	水	12	
𣸬	水	12	
𣸭	水	12	
𣸮	水	12	
𣸯	水	12	
𣸰	水	12	
𣸱	水	12	
𣸲	水	12	
𣸳	水	12	
𣸴	水	12	
𣸵	水	12	
𣸶	水	12	
𣸷	水	12	
𣸸	水	12	
𣸹	水	12	
𣸺	水	12	
𣸻	水	12	
𣸼	水	12	
𣸽	水	12	
𣸾	水	12	
𣸿	水	12	
𣹀	水	12	
𣹁	水	12	
𣹂	水	12	
𣹃	水	12	
𣹄	水	12	
𣹅	水	12	
𣹆	水	12	
𣹇	水	12	
𣹈	水	12	
𣹉	水	12	
𣹊	水	12	
𣹋	水	12	
𣹌	水	12	
𣹍	水	12	
𣹎	水	12	
𣹏	水	12	
𣹐	水	12	
𣹑	水	12	
𣹒	水	12	
𣹓	水	12	
𣹔	水	12	
𣹕	水	12	
𣹖	水	12	
𣹗	水	12	
𣹘	水	12	
𣹙	水	12	
𣹚	水	12	
𣹛	水	12	
𣹜	水	12	
𣹝	水	13	
𣹞	水	13	
𣹟	水	13	
𣹠	水	13	
𣹡	水	13	
𣹢	水	13	
𣹣	水	13	
𣹤	水	13	
𣹥	水	13	
𣹦	水	13	
𣹧	水	13	
𣹨	水	13	
𣹩	水	13	
𣹪	水	13	
𣹫	水	13	
𣹬	水	13	
𣹭	水	13	
𣹮	水	13	
𣹯	水	13	
𣹰	水	13	
𣹱	水	13	
𣹲	水	13	
𣹳	水	13	
𣹴	水	13	
𣹵	水	13	
𣹶	水	13	
𣹷	水	13	
𣹸	水	13	
𣹹	水	13	
𣹺	水	13	
𣹻	水	13	
𣹼	水	13	
𣹽	水	13	
𣹾	水	13	
𣹿	水	13	
𣺀	水	13	
𣺁	水	13	
𣺂	水	13	
𣺃	水	13	
𣺄	水	13	
𣺅	水	13	
𣺆	水	13	
𣺇	水	13	
𣺈	水	13	
𣺉	水	13	
𣺊	水	13	
𣺋	水	13	
𣺌	水	13	
𣺍	水	13	
𣺎	水	13	
𣺏	水	13	
𣺐	水	13	
𣺑	水	13	
𣺒	水	13	
𣺓	水	13	
𣺔	水	13	
𣺕	水	13	
𣺖	水	13	
𣺗	水	13	
𣺘	水	13	
𣺙	水	13	
𣺚	水	13	
𣺛	水	13	
𣺜	水	13	
𣺝	水	13	
𣺞	水	13	
𣺟	水	13	
𣺠	水	13	
𣺡	水	13	
𣺢	水	13	
𣺣	水	13	
𣺤	水	13	
𣺥	水	13	
𣺦	水	13	
𣺧	水	13	
𣺨	水	13	
𣺩	水	13	
𣺪	水	13	
𣺫	水	13	
𣺬	水	13	
𣺭	水	13	
𣺮	水	13	
𣺯	水	13	
𣺰	水	13	
𣺱	水	13	
𣺲	水	13	
𣺳	水	13	
𣺴	水	13	
𣺵	水	13	
𣺶	水	13	
𣺷	水	13	
𣺸	水	13	
𣺹	水	13	
𣺺	水	13	
𣺻	水	13	
𣺼	水	13	
𣺽	水	13	
𣺾	水	13	
𣺿	水	13	
𣻀	水	13	
𣻁	水	13	
𣻂	水	13	
𣻃	水	13	
𣻄	水	13	
𣻅	水	13	
𣻆	水	13	
𣻇	水	13	
𣻈	水	13	
𣻉	水	13	
𣻊	水	13	
𣻋	水	13	
𣻌	水	13	
𣻍	水	14	
𣻎	水	14	
𣻏	水	14	
𣻐	水	14	
𣻑	水	14	
𣻒	水	14	
𣻓	水	14	
𣻔	水	14	
𣻕	水	14	
𣻖	水	14	
𣻗	水	14	
𣻘	水	14	
𣻙	水	14	
𣻚	水	14	
𣻛	水	14	
𣻜	水	14	
𣻝	水	14	
𣻞	水	14	
𣻟	水	14	
𣻠	水	14	
𣻡	水	14	
𣻢	水	14	
𣻣	水	14	
𣻤	水	14	
𣻥	水	14	
𣻦	水	14	
𣻧	水	14	
𣻨	水	14	
𣻩	水	14	
𣻪	水	14	
𣻫	水	14	
𣻬	水	14	
𣻭	水	14	
𣻮	水	14	
𣻯	水	14	
𣻰	水	14	
𣻱	水	14	
𣻲	水	14	
𣻳	水	14	
𣻴	水	15	
𣻵	水	14	
𣻶	水	14	
𣻷	水	14	
𣻸	水	14	
𣻹	水	14	
𣻺	水	14	
𣻻	水	14	
𣻼	水	14	
𣻽	水	14	
𣻾	水	14	
𣻿	水	14	
𣼀	水	14	
𣼁	水	14	
𣼂	水	14	
𣼃	水	14	
𣼄	水	14	
𣼅	水	14	
𣼆	水	14	
𣼇	水	14	
𣼈	水	14	
𣼉	水	14	
𣼊	水	14	
𣼋	水	14	
𣼌	水	14	
𣼍	水	14	
𣼎	水	14	
𣼏	水	14	
𣼐	水	14	
𣼑	水	14	
𣼒	水	14	
𣼓	水	14	
𣼔	水	14	
𣼕	水	14	
𣼖	水	14	
𣼗	水	14	
𣼘	水	14	
𣼙	彐	15	
𣼚	水	14	
𣼛	水	14	
𣼜	水	14	
𣼝	水	14	
𣼞	水	14	
𣼟	水	14	
𣼠	水	14	
𣼡	水	14	
𣼢	水	14	
𣼣	水	14	
𣼤	水	14	
𣼥	水	14	
𣼦	水	14	
𣼧	水	14	
𣼨	水	14	
𣼩	水	14	
𣼪	水	14	
𣼫	水	14	
𣼬	水	14	
𣼭	水	14	
𣼮	水	14	
𣼯	水	14	
𣼰	水	14	
𣼱	水	14	
𣼲	水	14	
𣼳	水	14	
𣼴	水	14	
𣼵	水	14	
𣼶	水	14	
𣼷	水	14	
𣼸	水	14	
𣼹	水	14	
𣼺	水	14	
𣼻	水	14	
𣼼	水	14	
𣼽	水	14	
𣼾	水	14	
𣼿	水	14	
𣽀	水	14	
𣽁	水	14	
𣽂	水	14	
𣽃	水	15	
𣽄	水	15	
𣽅	水	15	
𣽆	水	15	
𣽇	水	15	
𣽈	水	15	
𣽉	水	15	
𣽊	水	15	
𣽋	水	15	
𣽌	水	15	
𣽍	水	15	
𣽎	水	15	
𣽏	水	15	
𣽐	水	15	
𣽑	水	15	
𣽒	水	15	
𣽓	水	15	
𣽔	水	15	
𣽕	水	15	
𣽖	水	15	
𣽗	水	15	
𣽘	水	15	
𣽙	水	15	
𣽚	水	15	
𣽛	水	15	
𣽜	水	15	
𣽝	水	15	
𣽞	水	15	
𣽟	水	15	
𣽠	水	15	
𣽡	水	15	
𣽢	水	15	
𣽣	水	15	
𣽤	水	15	
𣽥	水	15	
𣽦	水	15	
𣽧	水	15	
𣽨	水	15	
𣽩	水	15	
𣽪	水	15	
𣽫	水	15	
𣽬	水	15	
𣽭	水	15	
𣽮	水	15	
𣽯	水	15	
𣽰	水	15	
𣽱	水	15	
𣽲	水	15	
𣽳	水	15	
𣽴	水	15	
𣽵	水	15	
𣽶	水	15	
𣽷	水	15	
𣽸	水	15	
𣽹	水	15	
𣽺	水	15	
𣽻	水	15	
𣽼	水	15	
𣽽	水	15	
𣽾	水	15	
𣽿	水	15	
𣾀	水	15	
𣾁	水	15	
𣾂	水	15	
𣾃	水	15	
𣾄	水	15	
𣾅	水	15	
𣾆	水	15	
𣾇	水	15	
𣾈	水	15	
𣾉	水	15	
𣾊	水	15	
𣾋	水	15	
𣾌	水	15	
𣾍	水	15	
𣾎	水	15	
𣾏	水	15	
𣾐	水	15	
𣾑	水	15	
𣾒	水	15	
𣾓	水	15	
𣾔	水	15	
𣾕	水	15	
𣾖	水	15	
𣾗	水	15	
𣾘	水	15	
𣾙	水	15	
𣾚	水	15	
𣾛	水	15	
𣾜	水	15	
𣾝	水	15	
𣾞	水	15	
𣾟	水	15	
𣾠	水	15	
𣾡	水	15	
𣾢	水	15	
𣾣	水	15	
𣾤	水	15	
𣾥	水	15	
𣾦	水	15	
𣾧	水	15	
𣾨	水	15	
𣾩	水	16	
𣾪	水	15	
𣾫	水	15	
𣾬	水	15	
𣾭	水	15	
𣾮	水	15	
𣾯	水	15	
𣾰	水	15	
𣾱	水	15	
𣾲	水	15	
𣾳	水	15	
𣾴	水	15	
𣾵	水	15	
𣾶	水	15	
𣾷	水	15	
𣾸	水	15	
𣾹	水	15	
𣾺	水	15	
𣾻	水	15	
𣾼	水	15	
𣾽	水	15	
𣾾	水	15	
𣾿	水	15	
𣿀	水	17	
𣿁	水	15	
𣿂	水	15	
𣿃	水	15	
𣿄	水	15	
𣿅	水	16	
𣿆	水	16	
𣿇	水	16	
𣿈	水	16	
𣿉	水	16	
𣿊	水	16	
𣿋	水	16	
𣿌	水	16	
𣿍	水	16	
𣿎	水	16	
𣿏	水	16	
𣿐	水	16	
𣿑	水	16	
𣿒	水	16	
𣿓	水	16	
𣿔	水	16	
𣿕	水	16	
𣿖	水	16	
𣿗	水	16	
𣿘	水	16	
𣿙	水	16	
𣿚	水	16	
𣿛	水	16	
𣿜	水	16	
𣿝	水	16	
𣿞	水	16	
𣿟	水	16	
𣿠	水	16	
𣿡	水	16	
𣿢	水	16	
𣿣	水	16	
𣿤	水	16	
𣿥	水	16	
𣿦	水	16	
𣿧	水	16	
𣿨	水	16	
𣿩	水	16	
𣿪	水	16	
𣿫	水	16	
𣿬	水	16	
𣿭	水	16	
𣿮	水	16	
𣿯	水	16	
𣿰	水	16	
𣿱	水	16	
𣿲	水	16	
𣿳	水	16	
𣿴	水	16	
𣿵	水	16	
𣿶	水	16	
𣿷	水	16	
𣿸	水	16	
𣿹	水	16	
𣿺	水	16	
𣿻	水	16	
𣿼	水	16	
𣿽	水	16	
𣿾	水	16	
𣿿	水	16	
𤀀	水	16	
𤀁	水	16	
𤀂	水	16	
𤀃	水	16	
𤀄	水	16	
𤀅	水	16	
𤀆	水	16	
𤀇	水	16	
𤀈	水	16	
𤀉	水	16	
𤀊	水	16	
𤀋	水	16	
𤀌	水	16	
𤀍	水	16	
𤀎	水	16	
𤀏	水	16	
𤀐	水	16	
𤀑	水	16	
𤀒	水	16	
𤀓	水	16	
𤀔	水	16	
𤀕	水	16	
𤀖	水	16	
𤀗	水	16	
𤀘	水	16	
𤀙	水	16	
𤀚	水	16	
𤀛	水	16	
𤀜	水	16	
𤀝	水	16	
𤀞	水	16	
𤀟	水	16	
𤀠	水	16	
𤀡	水	16	
𤀢	工	16	
𤀣	水	17	
𤀤	水	17	
𤀥	水	17	
𤀦	水	17	
𤀧	水	17	
𤀨	水	17	
𤀩	水	17	
𤀪	水	17	
𤀫	水	17	
𤀬	水	17	
𤀭	水	17	
𤀮	水	17	
𤀯	水	17	
𤀰	水	17	
𤀱	水	17	
𤀲	水	17	
𤀳	水	17	
𤀴	水	17	
𤀵	水	17	
𤀶	水	17	
𤀷	水	17	
𤀸	水	17	
𤀹	水	17	
𤀺	水	17	
𤀻	水	17	
𤀼	水	17	
𤀽	水	17	
𤀾	水	17	
𤀿	水	17	
𤁀	水	17	
𤁁	水	17	
𤁂	水	17	
𤁃	水	17	
𤁄	水	17	
𤁅	水	17	
𤁆	水	17	
𤁇	水	17	
𤁈	水	17	
𤁉	水	17	
𤁊	水	17	
𤁋	水	17	
𤁌	水	17	
𤁍	水	17	
𤁎	水	17	
𤁏	水	17	
𤁐	水	17	
𤁑	水	17	
𤁒	水	17	
𤁓	水	17	
𤁔	水	17	
𤁕	水	17	
𤁖	水	17	
𤁗	水	17	
𤁘	水	17	
𤁙	水	17	
𤁚	水	17	
𤁛	水	17	
𤁜	水	17	
𤁝	水	17	
𤁞	水	18	
𤁟	水	17	
𤁠	水	17	
𤁡	水	18	
𤁢	水	18	
𤁣	水	18	
𤁤	水	18	
𤁥	水	18	
𤁦	水	18	
𤁧	水	18	
𤁨	水	18	
𤁩	水	18	
𤁪	水	18	
𤁫	水	18	
𤁬	水	18	
𤁭	水	18	
𤁮	水	18	
𤁯	水	18	
𤁰	水	18	
𤁱	水	18	
𤁲	水	18	
𤁳	水	18	
𤁴	水	18	
𤁵	水	18	
𤁶	水	18	
𤁷	水	18	
𤁸	水	18	
𤁹	水	18	
𤁺	水	18	
𤁻	水	18	
𤁼	水	18	
𤁽	水	18	
𤁾	水	18	
𤁿	水	18	
𤂀	水	18	
𤂁	水	18	
𤂂	水	18	
𤂃	水	18	
𤂄	水	18	
𤂅	水	18	
𤂆	水	18	
𤂇	水	18	
𤂈	水	18	
𤂉	水	18	
𤂊	水	18	
𤂋	水	18	
𤂌	水	18	
𤂍	水	18	
𤂎	水	18	
𤂏	水	18	
𤂐	水	18	
𤂑	水	18	
𤂒	水	18	
𤂓	水	18	
𤂔	水	18	
𤂕	水	18	
𤂖	水	18	
𤂗	水	18	
𤂘	水	18	
𤂙	水	18	
𤂚	水	18	
𤂛	水	18	
𤂜	水	18	
𤂝	水	19	
𤂞	水	18	
𤂟	水	18	
𤂠	水	18	
𤂡	水	19	
𤂢	水	18	
𤂣	水	18	
𤂤	水	18	
𤂥	水	18	
𤂦	水	18	
𤂧	水	18	
𤂨	水	18	
𤂩	水	18	
𤂪	水	18	
𤂫	水	18	
𤂬	水	18	
𤂭	水	18	
𤂮	水	18	
𤂯	水	18	
𤂰	水	18	
𤂱	水	18	
𤂲	水	18	
𤂳	水	19	
𤂴	水	19	
𤂵	水	19	
𤂶	水	19	
𤂷	水	19	
𤂸	水	19	
𤂹	水	19	
𤂺	水	19	
𤂻	水	19	
𤂼	水	19	
𤂽	水	19	
𤂾	水	19	
𤂿	水	19	
𤃀	水	19	
𤃁	水	19	
𤃂	水	19	
𤃃	水	19	
𤃄	水	19	
𤃅	水	19	
𤃆	水	19	
𤃇	水	19	
𤃈	水	19	
𤃉	水	19	
𤃊	水	19	
𤃋	水	19	
𤃌	水	19	
𤃍	水	19	
𤃎	水	19	
𤃏	水	19	
𤃐	水	19	
𤃑	水	19	
𤃒	水	19	
𤃓	水	19	
𤃔	水	19	
𤃕	水	19	
𤃖	水	19	
𤃗	水	19	
𤃘	水	19	
𤃙	水	19	
𤃚	水	19	
𤃛	水	19	
𤃜	水	19	
𤃝	水	19	
𤃞	水	19	
𤃟	水	19	
𤃠	水	19	
𤃡	水	19	
𤃢	水	19	
𤃣	水	19	
𤃤	水	19	
𤃥	水	19	
𤃦	水	19	
𤃧	水	19	
𤃨	水	20	
𤃩	水	20	
𤃪	水	20	
𤃫	水	20	
𤃬	水	20	
𤃭	水	20	
𤃮	水	20	
𤃯	水	20	
𤃰	水	20	
𤃱	水	20	
𤃲	水	20	
𤃳	水	20	
𤃴	水	20	
𤃵	水	20	
𤃶	水	20	
𤃷	水	20	
𤃸	水	20	
𤃹	水	20	
𤃺	水	20	
𤃻	水	20	
𤃼	水	20	
𤃽	水	20	
𤃾	水	20	
𤃿	水	20	
𤄀	水	20	
𤄁	水	20	
𤄂	水	20	
𤄃	水	20	
𤄄	水	20	
𤄅	水	20	
𤄆	水	20	
𤄇	水	20	
𤄈	水	20	
𤄉	水	20	
𤄊	水	20	
𤄋	水	20	
𤄌	水	20	
𤄍	水	20	
𤄎	水	21	
𤄏	水	21	
𤄐	水	21	
𤄑	水	21	
𤄒	水	21	
𤄓	水	21	
𤄔	水	21	
𤄕	水	21	
𤄖	水	21	
𤄗	水	21	
𤄘	水	21	
𤄙	水	21	
𤄚	水	21	
𤄛	水	21	
𤄜	水	21	
𤄝	水	21	
𤄞	水	21	
𤄟	水	21	
𤄠	水	21	
𤄡	水	21	
𤄢	水	21	
𤄣	水	21	
𤄤	水	21	
𤄥	水	21	
𤄦	水	21	
𤄧	水	21	
𤄨	水	21	
𤄩	水	21	
𤄪	水	21	
𤄫	水	21	
𤄬	水	21	
𤄭	水	21	
𤄮	水	21	
𤄯	水	21	
𤄰	水	21	
𤄱	水	21	
𤄲	水	21	
𤄳	水	21	
𤄴	水	21	
𤄵	水	21	
𤄶	水	22	
𤄷	水	22	
𤄸	水	22	
𤄹	水	22	
𤄺	水	22	
𤄻	水	22	
𤄼	水	22	
𤄽	水	22	
𤄾	水	22	
𤄿	水	22	
𤅀	水	22	
𤅁	水	22	
𤅂	水	22	
𤅃	水	22	
𤅄	水	22	
𤅅	水	22	
𤅆	水	22	
𤅇	水	22	
𤅈	水	22	
𤅉	水	22	
𤅊	水	23	
𤅋	水	23	
𤅌	水	23	
𤅍	水	23	
𤅎	水	23	
𤅏	水	23	
𤅐	水	23	
𤅑	水	23	
𤅒	水	23	
𤅓	水	23	
𤅔	水	23	
𤅕	水	23	
𤅖	水	23	
𤅗	水	23	
𤅘	水	23	
𤅙	水	23	
𤅚	水	23	
𤅛	水	23	
𤅜	水	23	
𤅝	水	23	
𤅞	水	23	
𤅟	水	23	
𤅠	水	24	
𤅡	水	24	
𤅢	水	24	
𤅣	水	24	
𤅤	水	24	
𤅥	水	24	
𤅦	水	24	
𤅧	水	24	
𤅨	水	24	
𤅩	水	25	
𤅪	水	25	
𤅫	水	25	
𤅬	水	25	
𤅭	水	25	
𤅮	水	25	
𤅯	水	25	
𤅰	水	26	
𤅱	水	26	
𤅲	水	26	
𤅳	水	26	
𤅴	水	26	
𤅵	水	26	
𤅶	水	26	
𤅷	水	27	
𤅸	水	27	
𤅹	水	27	
𤅺	水	27	
𤅻	水	27	
𤅼	水	28	
𤅽	水	28	
𤅾	水	29	
𤅿	水	30	
𤆀	水	33	
𤆁	水	35	
𤆂	火	5	
𤆃	火	6	
𤆄	火	6	
𤆅	火	6	
𤆆	火	6	
𤆇	火	6	
𤆈	火	6	
𤆉	火	6	
𤆊	火	6	
𤆋	火	6	
𤆌	火	6	
𤆍	火	7	
𤆎	火	7	
𤆏	火	7	
𤆐	火	7	
𤆑	火	7	
𤆒	火	7	
𤆓	火	7	
𤆔	火	7	
𤆕	火	7	
𤆖	火	7	
𤆗	火	7	
𤆘	火	7	
𤆙	火	7	
𤆚	火	7	
𤆛	火	7	
𤆜	火	7	
𤆝	火	8	
𤆞	火	8	
𤆟	火	8	
𤆠	火	8	
𤆡	火	8	
𤆢	火	8	
𤆣	火	8	
𤆤	火	8	
𤆥	火	8	
𤆦	火	8	
𤆧	火	8	
𤆨	火	8	
𤆩	火	8	
𤆪	火	8	
𤆫	火	8	
𤆬	火	8	
𤆭	火	8	
𤆮	火	8	
𤆯	火	8	
𤆰	火	8	
𤆱	火	8	
𤆲	火	8	
𤆳	火	8	
𤆴	火	8	
𤆵	火	8	
𤆶	火	8	
𤆷	火	8	
𤆸	火	8	
𤆹	火	8	
𤆺	火	8	
𤆻	火	8	
𤆼	火	9	
𤆽	火	9	
𤆾	火	9	
𤆿	火	9	
𤇀	火	9	
𤇁	火	9	
𤇂	火	9	
𤇃	火	9	
𤇄	火	9	
𤇅	火	9	
𤇆	火	9	
𤇇	火	9	
𤇈	火	9	
𤇉	火	9	
𤇊	火	9	
𤇋	火	9	
𤇌	火	9	
𤇍	火	9	
𤇎	火	9	
𤇏	火	9	
𤇐	火	9	
𤇑	火	9	
𤇒	火	9	
𤇓	火	9	
𤇔	火	9	
𤇕	火	9	
𤇖	火	9	
𤇗	火	9	
𤇘	火	9	
𤇙	火	9	
𤇚	火	9	
𤇛	火	9	
𤇜	火	9	
𤇝	火	9	
𤇞	火	9	
𤇟	火	9	
𤇠	火	9	
𤇡	火	9	
𤇢	火	9	
𤇣	火	9	
𤇤	火	9	
𤇥	火	9	
𤇦	火	9	
𤇧	火	9	
𤇨	火	9	
𤇩	火	9	
𤇪	火	9	
𤇫	火	9	
𤇬	火	9	
𤇭	火	9	
𤇮	火	9	
𤇯	火	10	
𤇰	火	10	
𤇱	火	10	
𤇲	火	10	
𤇳	火	10	
𤇴	火	10	
𤇵	火	10	
𤇶	火	10	
𤇷	火	10	
𤇸	火	10	
𤇹	火	10	
𤇺	火	10	
𤇻	火	10	
𤇼	火	10	
𤇽	火	10	
𤇾	火	10	
𤇿	火	10	
𤈀	火	10	
𤈁	火	10	
𤈂	火	10	
𤈃	火	10	
𤈄	火	10	
𤈅	火	10	
𤈆	火	10	
𤈇	火	10	
𤈈	火	10	
𤈉	火	10	
𤈊	火	10	
𤈋	火	10	
𤈌	火	10	
𤈍	火	10	
𤈎	火	10	
𤈏	火	10	
𤈐	火	10	
𤈑	火	10	
𤈒	火	10	
𤈓	火	10	
𤈔	火	10	
𤈕	火	10	
𤈖	火	10	
𤈗	火	10	
𤈘	火	10	
𤈙	火	10	
𤈚	火	10	
𤈛	火	10	
𤈜	火	10	
𤈝	火	10	
𤈞	火	10	
𤈟	火	10	
𤈠	火	10	
𤈡	火	10	
𤈢	火	10	
𤈣	火	10	
𤈤	火	10	
𤈥	火	11	
𤈦	火	11	
𤈧	火	11	
𤈨	火	11	
𤈩	火	11	
𤈪	火	11	
𤈫	火	11	
𤈬	火	11	
𤈭	火	11	
𤈮	火	11	
𤈯	火	11	
𤈰	火	11	
𤈱	火	11	
𤈲	火	11	
𤈳	火	11	
𤈴	火	11	
𤈵	火	11	
𤈶	火	11	
𤈷	火	11	
𤈸	火	11	
𤈹	火	11	
𤈺	火	11	
𤈻	火	11	
𤈼	火	11	
𤈽	火	11	
𤈾	火	11	
𤈿	火	11	
𤉀	火	11	
𤉁	火	11	
𤉂	火	11	
𤉃	火	11	
𤉄	火	11	
𤉅	火	11	
𤉆	火	11	
𤉇	火	11	
𤉈	火	11	
𤉉	火	11	
𤉊	火	11	
𤉋	火	11	
𤉌	火	11	
𤉍	火	11	
𤉎	火	11	
𤉏	火	11	
𤉐	火	11	
𤉑	火	11	
𤉒	火	11	
𤉓	火	11	
𤉔	火	11	
𤉕	火	11	
𤉖	火	11	
𤉗	火	11	
𤉘	火	11	
𤉙	火	11	
𤉚	火	11	
𤉛	火	11	
𤉜	火	11	
𤉝	火	11	
𤉞	火	11	
𤉟	火	11	
𤉠	火	11	
𤉡	火	11	
𤉢	火	12	
𤉣	火	12	
𤉤	火	12	
𤉥	火	12	
𤉦	火	12	
𤉧	火	12	
𤉨	火	12	
𤉩	火	12	
𤉪	火	12	
𤉫	火	12	
𤉬	火	12	
𤉭	火	12	
𤉮	火	12	
𤉯	火	12	
𤉰	火	12	
𤉱	火	12	
𤉲	火	12	
𤉳	火	12	
𤉴	火	12	
𤉵	火	12	
𤉶	火	12	
𤉷	火	12	
𤉸	火	12	
𤉹	火	12	
𤉺	火	12	
𤉻	火	12	
𤉼	火	12	
𤉽	火	12	
𤉾	火	12	
𤉿	火	12	
𤊀	火	12	
𤊁	火	12	
𤊂	火	12	
𤊃	火	12	
𤊄	火	12	
𤊅	火	12	
𤊆	火	12	
𤊇	火	12	
𤊈	火	12	
𤊉	火	12	
𤊊	火	12	
𤊋	火	12	
𤊌	火	12	
𤊍	火	12	
𤊎	火	12	
𤊏	火	12	
𤊐	火	12	
𤊑	火	12	
𤊒	火	12	
𤊓	火	12	
𤊔	火	12	
𤊕	火	12	
𤊖	火	12	
𤊗	火	12	
𤊘	火	12	
𤊙	火	12	
𤊚	火	12	
𤊛	火	12	
𤊜	火	12	
𤊝	火	12	
𤊞	火	12	
𤊟	火	12	
𤊠	火	12	
𤊡	火	12	
𤊢	火	12	
𤊣	火	12	
𤊤	火	12	
𤊥	火	12	
𤊦	火	12	
𤊧	火	12	
𤊨	火	12	
𤊩	火	12	
𤊪	火	12	
𤊫	火	12	
𤊬	火	12	
𤊭	火	12	
𤊮	火	12	
𤊯	火	12	
𤊰	火	12	
𤊱	火	12	
𤊲	火	13	
𤊳	火	13	
𤊴	火	13	
𤊵	火	13	
𤊶	火	13	
𤊷	火	13	
𤊸	火	13	
𤊹	火	13	
𤊺	火	13	
𤊻	火	13	
𤊼	火	13	
𤊽	火	13	
𤊾	火	13	
𤊿	火	13	
𤋀	火	13	
𤋁	火	13	
𤋂	火	13	
𤋃	火	13	
𤋄	火	13	
𤋅	火	13	
𤋆	火	13	
𤋇	火	13	
𤋈	火	13	
𤋉	火	13	
𤋊	火	13	
𤋋	火	13	
𤋌	火	13	
𤋍	火	13	
𤋎	火	13	
𤋏	火	13	
𤋐	火	13	
𤋑	火	13	
𤋒	火	13	
𤋓	火	13	
𤋔	火	13	
𤋕	火	13	
𤋖	火	13	
𤋗	火	13	
𤋘	火	13	
𤋙	火	13	
𤋚	火	13	
𤋛	火	13	
𤋜	火	13	
𤋝	火	13	
𤋞	火	13	
𤋟	火	13	
𤋠	火	13	
𤋡	火	13	
𤋢	火	13	
𤋣	火	13	
𤋤	火	13	
𤋥	火	13	
𤋦	火	13	
𤋧	火	13	
𤋨	火	13	
𤋩	火	13	
𤋪	火	13	
𤋫	火	13	
𤋬	火	13	
𤋭	火	13	
𤋮	火	13	
𤋯	火	13	
𤋰	火	13	
𤋱	火	13	
𤋲	火	13	
𤋳	魚	11	
𤋴	火	13	
𤋵	火	13	
𤋶	火	13	
𤋷	火	13	
𤋸	火	13	
𤋹	火	13	
𤋺	火	13	
𤋻	火	13	
𤋼	火	13	
𤋽	火	13	
𤋾	火	13	
𤋿	火	13	
𤌀	火	13	
𤌁	火	13	
𤌂	火	13	
𤌃	火	13	
𤌄	火	13	
𤌅	火	13	
𤌆	火	13	
𤌇	火	14	
𤌈	火	14	
𤌉	火	14	
𤌊	火	14	
𤌋	火	14	
𤌌	火	14	
𤌍	火	14	
𤌎	火	14	
𤌏	火	14	
𤌐	火	14	
𤌑	火	14	
𤌒	火	14	
𤌓	火	14	
𤌔	火	14	
𤌕	火	14	
𤌖	火	14	
𤌗	火	14	
𤌘	火	14	
𤌙	火	14	
𤌚	火	14	
𤌛	火	14	
𤌜	火	14	
𤌝	火	14	
𤌞	火	14	
𤌟	火	14	
𤌠	火	14	
𤌡	火	14	
𤌢	火	14	
𤌣	火	14	
𤌤	火	14	
𤌥	火	14	
𤌦	火	14	
𤌧	火	14	
𤌨	火	14	
𤌩	火	14	
𤌪	火	14	
𤌫	火	14	
𤌬	火	14	
𤌭	火	14	
𤌮	火	14	
𤌯	火	14	
𤌰	火	14	
𤌱	火	14	
𤌲	火	15	
𤌳	火	14	
𤌴	火	14	
𤌵	火	14	
𤌶	火	14	
𤌷	火	14	
𤌸	火	14	
𤌹	火	14	
𤌺	火	14	
𤌻	火	14	
𤌼	火	14	
𤌽	火	14	
𤌾	火	14	
𤌿	火	14	
𤍀	火	14	
𤍁	火	14	
𤍂	火	14	
𤍃	火	14	
𤍄	火	14	
𤍅	火	14	
𤍆	火	14	
𤍇	火	14	
𤍈	火	14	
𤍉	火	14	
𤍊	火	14	
𤍋	火	14	
𤍌	火	14	
𤍍	火	14	
𤍎	火	14	
𤍏	火	13	
𤍐	火	15	
𤍑	火	15	
𤍒	火	15	
𤍓	火	15	
𤍔	火	15	
𤍕	火	15	
𤍖	火	15	
𤍗	火	15	
𤍘	火	15	
𤍙	火	15	
𤍚	火	15	
𤍛	火	15	
𤍜	火	15	
𤍝	火	15	
𤍞	火	15	
𤍟	火	15	
𤍠	火	15	
𤍡	火	15	
𤍢	火	15	
𤍣	火	15	
𤍤	火	15	
𤍥	火	15	
𤍦	火	15	
𤍧	火	15	
𤍨	火	15	
𤍩	火	16	
𤍪	火	15	
𤍫	火	15	
𤍬	火	15	
𤍭	火	15	
𤍮	火	15	
𤍯	火	15	
𤍰	火	15	
𤍱	火	15	
𤍲	火	15	
𤍳	火	15	
𤍴	火	15	
𤍵	火	15	
𤍶	火	15	
𤍷	火	15	
𤍸	火	15	
𤍹	火	15	
𤍺	火	15	
𤍻	火	15	
𤍼	火	15	
𤍽	火	15	
𤍾	火	15	
𤍿	火	15	
𤎀	艸	14	
𤎁	火	15	
𤎂	面	15	
𤎃	火	15	
𤎄	火	15	
𤎅	火	15	
𤎆	火	15	
𤎇	火	15	
𤎈	火	15	
𤎉	火	15	
𤎊	火	15	
𤎋	火	15	
𤎌	火	15	
𤎍	火	15	
𤎎	火	15	
𤎏	火	15	
𤎐	火	15	
𤎑	火	15	
𤎒	火	15	
𤎓	火	15	
𤎔	火	15	
𤎕	火	15	
𤎖	火	15	
𤎗	火	15	
𤎘	火	15	
𤎙	火	15	
𤎚	火	15	
𤎛	火	15	
𤎜	火	15	
𤎝	火	16	
𤎞	火	16	
𤎟	火	16	
𤎠	火	16	
𤎡	火	16	
𤎢	火	16	
𤎣	火	16	
𤎤	火	16	
𤎥	火	16	
𤎦	火	16	
𤎧	火	16	
𤎨	火	16	
𤎩	火	16	
𤎪	火	16	
𤎫	火	16	
𤎬	火	16	
𤎭	火	16	
𤎮	火	16	
𤎯	火	16	
𤎰	火	16	
𤎱	火	16	
𤎲	火	16	
𤎳	火	16	
𤎴	火	16	
𤎵	火	16	
𤎶	火	16	
𤎷	火	16	
𤎸	火	16	
𤎹	火	16	
𤎺	火	16	
𤎻	火	16	
𤎼	火	16	
𤎽	火	16	
𤎾	火	16	
𤎿	火	16	
𤏀	火	16	
𤏁	火	16	
𤏂	火	16	
𤏃	火	16	
𤏄	火	16	
𤏅	火	16	
𤏆	火	16	
𤏇	火	16	
𤏈	火	16	
𤏉	火	16	
𤏊	火	16	
𤏋	火	16	
𤏌	火	16	
𤏍	火	16	
𤏎	火	16	
𤏏	火	16	
𤏐	火	16	
𤏑	火	16	
𤏒	火	16	
𤏓	火	16	
𤏔	火	16	
𤏕	火	16	
𤏖	火	16	
𤏗	火	16	
𤏘	火	16	
𤏙	火	16	
𤏚	火	16	
𤏛	火	16	
𤏜	火	16	
𤏝	火	16	
𤏞	火	16	
𤏟	火	16	
𤏠	大	16	
𤏡	火	16	
𤏢	火	16	
𤏣	火	16	
𤏤	火	16	
𤏥	火	16	
𤏦	火	16	
𤏧	火	16	
𤏨	火	16	
𤏩	火	16	
𤏪	火	16	
𤏫	火	16	
𤏬	火	16	
𤏭	火	16	
𤏮	火	16	
𤏯	火	16	
𤏰	火	16	
𤏱	火	16	
𤏲	火	16	
𤏳	火	16	
𤏴	火	16	
𤏵	火	17	
𤏶	火	17	
𤏷	火	17	
𤏸	火	17	
𤏹	火	17	
𤏺	火	17	
𤏻	火	17	
𤏼	火	17	
𤏽	火	17	
𤏾	火	17	
𤏿	火	17	
𤐀	火	17	
𤐁	火	17	
𤐂	火	17	
𤐃	火	17	
𤐄	火	17	
𤐅	火	17	
𤐆	火	17	
𤐇	火	17	
𤐈	火	17	
𤐉	火	17	
𤐊	火	17	
𤐋	火	17	
𤐌	火	17	
𤐍	火	17	
𤐎	火	17	
𤐏	火	17	
𤐐	火	17	
𤐑	火	17	
𤐒	火	17	
𤐓	火	17	
𤐔	火	17	
𤐕	火	17	
𤐖	火	17	
𤐗	火	17	
𤐘	火	17	
𤐙	火	17	
𤐚	火	17	
𤐛	火	17	
𤐜	火	17	
𤐝	火	17	
𤐞	火	17	
𤐟	火	17	
𤐠	火	17	
𤐡	火	17	
𤐢	火	17	
𤐣	火	17	
𤐤	火	18	
𤐥	火	18	
𤐦	火	18	
𤐧	火	18	
𤐨	火	18	
𤐩	火	18	
𤐪	火	18	
𤐫	火	18	
𤐬	火	18	
𤐭	火	18	
𤐮	火	18	
𤐯	火	18	
𤐰	火	18	
𤐱	火	18	
𤐲	火	18	
𤐳	火	18	
𤐴	火	18	
𤐵	火	18	
𤐶	火	18	
𤐷	火	18	
𤐸	火	18	
𤐹	火	18	
𤐺	火	18	
𤐻	火	18	
𤐼	火	18	
𤐽	火	18	
𤐾	火	18	
𤐿	火	18	
𤑀	火	18	
𤑁	火	18	
𤑂	火	18	
𤑃	肉	18	
𤑄	火	18	
𤑅	火	18	
𤑆	火	18	
𤑇	火	18	
𤑈	火	18	
𤑉	火	18	
𤑊	火	18	
𤑋	火	18	
𤑌	火	18	
𤑍	火	18	
𤑎	火	18	
𤑏	火	18	
𤑐	火	18	
𤑑	火	18	
𤑒	火	19	
𤑓	火	19	
𤑔	火	19	
𤑕	火	19	
𤑖	火	19	
𤑗	火	19	
𤑘	火	19	
𤑙	火	19	
𤑚	火	19	
𤑛	火	19	
𤑜	火	19	
𤑝	火	19	
𤑞	火	19	
𤑟	火	19	
𤑠	火	19	
𤑡	火	19	
𤑢	火	19	
𤑣	火	19	
𤑤	火	19	
𤑥	火	19	
𤑦	火	19	
𤑧	火	19	
𤑨	火	19	
𤑩	火	19	
𤑪	火	19	
𤑫	火	19	
𤑬	火	19	
𤑭	火	19	
𤑮	火	19	
𤑯	火	19	
𤑰	火	19	
𤑱	火	19	
𤑲	火	19	
𤑳	火	20	
𤑴	火	20	
𤑵	火	20	
𤑶	火	20	
𤑷	火	20	
𤑸	火	20	
𤑹	火	20	
𤑺	火	20	
𤑻	火	20	
𤑼	火	20	
𤑽	火	20	
𤑾	火	20	
𤑿	火	20	
𤒀	火	20	
𤒁	火	20	
𤒂	火	20	
𤒃	火	20	
𤒄	火	20	
𤒅	火	20	
𤒆	火	20	
𤒇	火	20	
𤒈	火	20	
𤒉	火	20	
𤒊	火	20	
𤒋	火	20	
𤒌	火	20	
𤒍	火	20	
𤒎	火	20	
𤒏	火	20	
𤒐	火	20	
𤒑	火	20	
𤒒	火	20	
𤒓	火	20	
𤒔	火	20	
𤒕	火	20	
𤒖	火	20	
𤒗	火	20	
𤒘	火	20	
𤒙	火	20	
𤒚	火	20	
𤒛	火	20	
𤒜	火	20	
𤒝	火	20	
𤒞	火	20	
𤒟	火	20	
𤒠	火	20	
𤒡	火	21	
𤒢	火	21	
𤒣	火	21	
𤒤	火	21	
𤒥	火	21	
𤒦	火	21	
𤒧	火	21	
𤒨	火	20	
𤒩	火	22	
𤒪	火	21	
𤒫	火	21	
𤒬	火	21	
𤒭	火	21	
𤒮	火	21	
𤒯	火	21	
𤒰	火	21	
𤒱	火	21	
𤒲	火	21	
𤒳	火	21	
𤒴	火	21	
𤒵	火	21	
𤒶	火	21	
𤒷	火	21	
𤒸	火	21	
𤒹	火	21	
𤒺	火	22	
𤒻	火	22	
𤒼	火	23	
𤒽	火	22	
𤒾	火	22	
𤒿	火	22	
𤓀	火	22	
𤓁	火	22	
𤓂	火	22	
𤓃	火	22	
𤓄	火	22	
𤓅	火	22	
𤓆	火	22	
𤓇	火	22	
𤓈	火	23	
𤓉	火	23	
𤓊	火	23	
𤓋	火	23	
𤓌	火	23	
𤓍	火	23	
𤓎	火	23	
𤓏	肉	23	
𤓐	火	23	
𤓑	火	23	
𤓒	火	23	
𤓓	火	23	
𤓔	火	23	
𤓕	火	23	
𤓖	火	23	
𤓗	火	24	
𤓘	火	24	
𤓙	火	24	
𤓚	火	24	
𤓛	火	24	
𤓜	火	25	
𤓝	火	25	
𤓞	火	25	
𤓟	臼	24	
𤓠	火	25	
𤓡	火	25	
𤓢	火	25	
𤓣	火	25	
𤓤	火	26	
𤓥	火	26	
𤓦	火	27	
𤓧	火	27	
𤓨	火	27	
𤓩	火	27	
𤓪	火	28	
𤓫	火	29	
𤓬	火	28	
𤓭	火	30	
𤓮	火	33	
𤓯	爪	4	
𤓰	爪	4	
𤓱	爪	5	
𤓲	爪	7	
𤓳	爪	7	
𤓴	爪	7	
𤓵	爪	7	
𤓶	爪	8	
𤓷	爪	8	
𤓸	爪	8	
𤓹	爪	8	
𤓺	爪	8	
𤓻	爪	8	
𤓼	爪	8	
𤓽	爪	9	
𤓾	爪	9	
𤓿	爪	9	
𤔀	爪	9	
𤔁	爪	9	
𤔂	爪	9	
𤔃	爪	9	
𤔄	爪	9	
𤔅	爪	9	
𤔆	爪	9	
𤔇	爪	9	
𤔈	爪	9	
𤔉	爪	9	
𤔊	爪	9	
𤔋	爪	9	
𤔌	爪	10	
𤔍	爪	10	
𤔎	爪	10	
𤔏	爪	10	
𤔐	爪	11	
𤔑	爪	11	
𤔒	爪	11	
𤔓	爪	11	
𤔔	爪	12	
𤔕	爪	12	
𤔖	爪	12	
𤔗	囗	12	
𤔘	爪	12	
𤔙	爪	12	
𤔚	爪	12	
𤔛	爪	12	
𤔜	爪	13	
𤔝	爪	13	
𤔞	爪	13	
𤔟	爪	13	
𤔠	爪	13	
𤔡	爪	13	
𤔢	爪	14	
𤔣	爪	14	
𤔤	爪	14	
𤔥	爪	14	
𤔦	爪	14	
𤔧	爪	15	
𤔨	爪	15	
𤔩	爪	15	
𤔪	爪	15	
𤔫	爪	15	
𤔬	爪	15	
𤔭	爪	15	
𤔮	爪	16	
𤔯	爪	16	
𤔰	爪	16	
𤔱	爪	16	
𤔲	爪	17	
𤔳	爪	17	
𤔴	爪	17	
𤔵	爪	17	
𤔶	爪	17	
𤔷	爪	17	
𤔸	爪	17	
𤔹	爪	18	
𤔺	爪	19	
𤔻	爪	18	
𤔼	爪	17	
𤔽	爪	18	
𤔾	爪	18	
𤔿	爪	19	
𤕀	爪	19	
𤕁	缶	19	
𤕂	爪	20	
𤕃	爪	20	
𤕄	爪	20	
𤕅	爪	20	
𤕆	爪	20	
𤕇	爪	21	
𤕈	爪	23	
𤕉	爪	23	
𤕊	爪	23	
𤕋	爪	24	
𤕌	爪	25	
𤕍	爪	25	
𤕎	父	7	
𤕏	父	7	
𤕐	父	8	
𤕑	父	8	
𤕒	父	9	
𤕓	父	10	
𤕔	父	10	
𤕕	父	11	
𤕖	父	12	
𤕗	父	12	
𤕘	父	13	
𤕙	父	14	
𤕚	父	14	
𤕛	父	16	
𤕜	爻	5	
𤕝	爻	8	
𤕞	爻	9	
𤕟	爻	9	
𤕠	爻	10	
𤕡	爻	10	
𤕢	爻	11	
𤕣	爻	12	
𤕤	爻	13	
𤕥	爻	13	
𤕦	爻	15	
𤕧	爻	15	
𤕨	爻	15	
𤕩	爻	16	
𤕪	爿	4	
𤕫	爿	5	
𤕬	爿	5	
𤕭	爿	6	
𤕮	爿	7	
𤕯	爿	8	
𤕰	爿	8	
𤕱	爿	8	
𤕲	爿	9	
𤕳	爿	9	
𤕴	爿	9	
𤕵	爿	9	
𤕶	爿	10	
𤕷	爿	10	
𤕸	爿	10	
𤕹	爿	10	
𤕺	爿	10	
𤕻	爿	11	
𤕼	爿	11	
𤕽	爿	11	
𤕾	爿	11	
𤕿	爿	11	
𤖀	爿	11	
𤖁	爿	11	
𤖂	爿	11	
𤖃	爿	11	
𤖄	爿	12	
𤖅	爿	12	
𤖆	爿	12	
𤖇	爿	12	
𤖈	爿	12	
𤖉	爿	12	
𤖊	爿	12	
𤖋	爿	12	
𤖌	爿	13	
𤖍	爿	13	
𤖎	爿	13	
𤖏	爿	14	
𤖐	爿	14	
𤖑	爿	14	
𤖒	爿	14	
𤖓	爿	15	
𤖔	爿	15	
𤖕	爿	15	
𤖖	爿	16	
𤖗	爿	16	
𤖘	爿	16	
𤖙	爿	16	
𤖚	爿	16	
𤖛	爿	16	
𤖜	爿	17	
𤖝	爿	17	
𤖞	爿	17	
𤖟	爿	17	
𤖠	爿	19	
𤖡	爿	19	
𤖢	爿	20	
𤖣	爿	22	
𤖤	爿	23	
𤖥	爿	27	
𤖦	爿	28	
𤖧	爿	28	
𤖨	片	5	
𤖩	片	7	
𤖪	片	7	
𤖫	片	7	
𤖬	片	8	
𤖭	片	8	
𤖮	片	8	
𤖯	片	8	
𤖰	片	8	
𤖱	片	9	
𤖲	片	9	
𤖳	片	9	
𤖴	片	9	
𤖵	片	9	
𤖶	片	9	
𤖷	片	9	
𤖸	片	9	
𤖹	片	9	
𤖺	片	10	
𤖻	片	10	
𤖼	片	10	
𤖽	片	10	
𤖾	片	10	
𤖿	片	10	
𤗀	片	11	
𤗁	片	11	
𤗂	片	11	
𤗃	片	11	
𤗄	片	11	
𤗅	片	11	
𤗆	片	11	
𤗇	片	12	
𤗈	片	12	
𤗉	片	12	
𤗊	片	12	
𤗋	片	12	
𤗌	片	12	
𤗍	片	12	
𤗎	片	12	
𤗏	片	12	
𤗐	片	12	
𤗑	片	12	
𤗒	片	12	
𤗓	片	12	
𤗔	片	12	
𤗕	片	12	
𤗖	片	12	
𤗗	片	12	
𤗘	片	13	
𤗙	片	13	
𤗚	片	13	
𤗛	片	13	
𤗜	片	13	
𤗝	片	13	
𤗞	片	13	
𤗟	片	13	
𤗠	片	13	
𤗡	片	13	
𤗢	片	14	
𤗣	片	14	
𤗤	片	14	
𤗥	片	14	
𤗦	片	14	
𤗧	片	14	
𤗨	片	15	
𤗩	片	15	
𤗪	片	15	
𤗫	片	15	
𤗬	片	15	
𤗭	片	15	
𤗮	片	15	
𤗯	片	15	
𤗰	片	15	
𤗱	片	15	
𤗲	片	15	
𤗳	片	16	
𤗴	片	16	
𤗵	片	16	
𤗶	片	16	
𤗷	片	16	
𤗸	片	16	
𤗹	片	16	
𤗺	片	17	
𤗻	片	17	
𤗼	片	17	
𤗽	片	17	
𤗾	片	17	
𤗿	片	18	
𤘀	片	18	
𤘁	片	18	
𤘂	片	18	
𤘃	片	20	
𤘄	片	21	
𤘅	牙	7	
𤘆	牙	8	
𤘇	牙	9	
𤘈	牙	10	
𤘉	牙	10	
𤘊	牙	11	
𤘋	牙	11	
𤘌	牙	12	
𤘍	牙	12	
𤘎	牙	12	
𤘏	牙	12	
𤘐	牙	13	
𤘑	牙	14	
𤘒	牙	15	
𤘓	牙	18	
𤘔	牛	5	
𤘕	牛	6	
𤘖	牛	6	
𤘗	牛	6	
𤘘	牛	7	
𤘙	牛	7	
𤘚	牛	7	
𤘛	牛	7	
𤘜	牛	8	
𤘝	牛	8	
𤘞	牛	8	
𤘟	牛	8	
𤘠	牛	8	
𤘡	牛	8	
𤘢	牛	8	
𤘣	牛	8	
𤘤	牛	8	
𤘥	牛	8	
𤘦	牛	8	
𤘧	牛	8	
𤘨	牛	8	
𤘩	牛	8	
𤘪	牛	8	
𤘫	牛	8	
𤘬	牛	8	
𤘭	牛	8	
𤘮	牛	8	
𤘯	牛	8	
𤘰	牛	8	
𤘱	牛	8	
𤘲	牛	8	
𤘳	牛	8	
𤘴	牛	8	
𤘵	牛	8	
𤘶	牛	8	
𤘷	牛	8	
𤘸	牛	9	
𤘹	牛	9	
𤘺	牛	9	
𤘻	牛	9	
𤘼	牛	9	
𤘽	牛	9	
𤘾	牛	9	
𤘿	牛	9	
𤙀	牛	9	
𤙁	牛	9	
𤙂	牛	9	
𤙃	牛	9	
𤙄	牛	9	
𤙅	牛	9	
𤙆	牛	9	
𤙇	牛	9	
𤙈	牛	9	
𤙉	牛	9	
𤙊	牛	9	
𤙋	牛	9	
𤙌	牛	9	
𤙍	牛	9	
𤙎	牛	9	
𤙏	牛	9	
𤙐	牛	9	
𤙑	牛	10	
𤙒	牛	10	
𤙓	牛	10	
𤙔	牛	10	
𤙕	牛	10	
𤙖	牛	10	
𤙗	牛	10	
𤙘	牛	10	
𤙙	牛	10	
𤙚	牛	10	
𤙛	牛	11	
𤙜	牛	11	
𤙝	牛	11	
𤙞	牛	11	
𤙟	牛	11	
𤙠	牛	11	
𤙡	牛	11	
𤙢	牛	11	
𤙣	牛	11	
𤙤	牛	11	
𤙥	牛	11	
𤙦	牛	11	
𤙧	牛	11	
𤙨	牛	11	
𤙩	牛	11	
𤙪	牛	11	
𤙫	牛	11	
𤙬	牛	11	
𤙭	牛	11	
𤙮	牛	11	
𤙯	牛	12	
𤙰	牛	12	
𤙱	牛	12	
𤙲	牛	12	
𤙳	牛	12	
𤙴	牛	12	
𤙵	牛	12	
𤙶	牛	12	
𤙷	牛	12	
𤙸	牛	12	
𤙹	牛	12	
𤙺	牛	12	
𤙻	牛	12	
𤙼	牛	12	
𤙽	牛	12	
𤙾	牛	12	
𤙿	牛	12	
𤚀	牛	12	
𤚁	牛	12	
𤚂	牛	12	
𤚃	牛	12	
𤚄	牛	12	
𤚅	牛	12	
𤚆	牛	12	
𤚇	牛	12	
𤚈	牛	12	
𤚉	牛	12	
𤚊	牛	12	
𤚋	牛	12	
𤚌	牛	12	
𤚍	牛	13	
𤚎	牛	13	
𤚏	牛	13	
𤚐	牛	13	
𤚑	牛	13	
𤚒	牛	13	
𤚓	牛	13	
𤚔	牛	13	
𤚕	牛	13	
𤚖	牛	13	
𤚗	牛	13	
𤚘	牛	13	
𤚙	牛	13	
𤚚	牛	13	
𤚛	牛	13	
𤚜	止	13	
𤚝	牛	13	
𤚞	牛	13	
𤚟	牛	13	
𤚠	牛	13	
𤚡	牛	13	
𤚢	牛	13	
𤚣	牛	13	
𤚤	牛	13	
𤚥	牛	13	
𤚦	牛	13	
𤚧	牛	13	
𤚨	牛	13	
𤚩	牛	14	
𤚪	牛	14	
𤚫	牛	14	
𤚬	牛	14	
𤚭	牛	14	
𤚮	牛	14	
𤚯	牛	14	
𤚰	牛	14	
𤚱	牛	14	
𤚲	牛	14	
𤚳	牛	14	
𤚴	牛	14	
𤚵	牛	14	
𤚶	牛	14	
𤚷	牛	14	
𤚸	牛	14	
𤚹	牛	14	
𤚺	牛	14	
𤚻	牛	14	
𤚼	牛	14	
𤚽	牛	14	
𤚾	牛	14	
𤚿	牛	13	
𤛀	牛	14	
𤛁	牛	14	
𤛂	牛	14	
𤛃	牛	14	
𤛄	牛	14	
𤛅	牛	14	
𤛆	牛	14	
𤛇	牛	14	
𤛈	牛	14	
𤛉	牛	14	
𤛊	牛	15	
𤛋	牛	15	
𤛌	牛	15	
𤛍	牛	15	
𤛎	牛	15	
𤛏	牛	15	
𤛐	牛	15	
𤛑	牛	15	
𤛒	牛	15	
𤛓	牛	15	
𤛔	牛	15	
𤛕	牛	15	
𤛖	牛	15	
𤛗	殳	15	
𤛘	牛	15	
𤛙	牛	15	
𤛚	牛	15	
𤛛	牛	15	
𤛜	牛	15	
𤛝	牛	15	
𤛞	牛	15	
𤛟	牛	15	
𤛠	牛	15	
𤛡	牛	16	
𤛢	牛	16	
𤛣	牛	16	
𤛤	牛	16	
𤛥	牛	16	
𤛦	牛	16	
𤛧	牛	16	
𤛨	牛	16	
𤛩	牛	16	
𤛪	牛	16	
𤛫	牛	16	
𤛬	牛	16	
𤛭	牛	16	
𤛮	牛	16	
𤛯	牛	17	
𤛰	牛	17	
𤛱	牛	17	
𤛲	牛	17	
𤛳	牛	17	
𤛴	牛	17	
𤛵	牛	17	
𤛶	牛	17	
𤛷	牛	17	
𤛸	牛	17	
𤛹	牛	18	
𤛺	牛	18	
𤛻	牛	19	
𤛼	牛	19	
𤛽	牛	19	
𤛾	牛	19	
𤛿	牛	19	
𤜀	牛	19	
𤜁	牛	19	
𤜂	牛	20	
𤜃	牛	20	
𤜄	牛	20	
𤜅	牛	20	
𤜆	牛	20	
𤜇	牛	21	
𤜈	牛	21	
𤜉	牛	21	
𤜊	牛	21	
𤜋	牛	21	
𤜌	牛	22	
𤜍	牛	22	
𤜎	牛	22	
𤜏	牛	22	
𤜐	牛	22	
𤜑	牛	23	
𤜒	牛	23	
𤜓	牛	23	
𤜔	牛	24	
𤜕	牛	24	
𤜖	牛	25	
𤜗	牛	25	
𤜘	牛	25	
𤜙	牛	28	
𤜚	犬	4	
𤜛	犬	5	
𤜜	犬	5	
𤜝	犬	5	
𤜞	犬	5	
𤜟	犬	5	
𤜠	犬	5	
𤜡	犬	6	
𤜢	犬	6	
𤜣	犬	6	
𤜤	犬	6	
𤜥	犬	6	
𤜦	犬	6	
𤜧	犬	6	
𤜨	犬	6	
𤜩	犬	6	
𤜪	犬	6	
𤜫	犬	6	
𤜬	犬	6	
𤜭	犬	6	
𤜮	犬	6	
𤜯	犬	7	
𤜰	犬	7	
𤜱	犬	7	
𤜲	犬	7	
𤜳	犬	7	
𤜴	犬	7	
𤜵	犬	7	
𤜶	犬	7	
𤜷	犬	7	
𤜸	犬	7	
𤜹	犬	7	
𤜺	犬	7	
𤜻	犬	7	
𤜼	犬	7	
𤜽	犬	7	
𤜾	犬	7	
𤜿	犬	7	
𤝀	犬	7	
𤝁	犬	7	
𤝂	犬	7	
𤝃	犬	7	
𤝄	犬	7	
𤝅	犬	7	
𤝆	犬	7	
𤝇	犬	7	
𤝈	犬	7	
𤝉	犬	7	
𤝊	犬	7	
𤝋	犬	7	
𤝌	犬	7	
𤝍	犬	7	
𤝎	犬	7	
𤝏	犬	8	
𤝐	犬	8	
𤝑	犬	8	
𤝒	犬	8	
𤝓	犬	8	
𤝔	犬	8	
𤝕	犬	8	
𤝖	犬	8	
𤝗	犬	8	
𤝘	犬	8	
𤝙	犬	8	
𤝚	犬	8	
𤝛	犬	8	
𤝜	犬	8	
𤝝	犬	8	
𤝞	犬	8	
𤝟	犬	8	
𤝠	犬	8	
𤝡	犬	8	
𤝢	犬	8	
𤝣	犬	8	
𤝤	犬	8	
𤝥	犬	8	
𤝦	犬	8	
𤝧	犬	8	
𤝨	犬	8	
𤝩	犬	8	
𤝪	犬	8	
𤝫	犬	8	
𤝬	犬	8	
𤝭	犬	8	
𤝮	犬	7	
𤝯	犬	9	
𤝰	犬	9	
𤝱	犬	9	
𤝲	犬	9	
𤝳	犬	9	
𤝴	犬	9	
𤝵	犬	9	
𤝶	犬	9	
𤝷	犬	9	
𤝸	犬	9	
𤝹	犬	9	
𤝺	犬	9	
𤝻	犬	9	
𤝼	犬	9	
𤝽	犬	9	
𤝾	犬	9	
𤝿	犬	9	
𤞀	犬	9	
𤞁	犬	9	
𤞂	犬	9	
𤞃	犬	9	
𤞄	犬	9	
𤞅	犬	9	
𤞆	犬	9	
𤞇	犬	9	
𤞈	犬	9	
𤞉	犬	9	
𤞊	犬	9	
𤞋	犬	9	
𤞌	犬	9	
𤞍	犬	9	
𤞎	犬	9	
𤞏	犬	9	
𤞐	犬	9	
𤞑	犬	9	
𤞒	犬	9	
𤞓	犬	9	
𤞔	犬	9	
𤞕	犬	9	
𤞖	犬	9	
𤞗	犬	9	
𤞘	犬	9	
𤞙	犬	10	
𤞚	犬	10	
𤞛	犬	10	
𤞜	犬	10	
𤞝	犬	10	
𤞞	犬	10	
𤞟	犬	10	
𤞠	犬	10	
𤞡	犬	10	
𤞢	犬	10	
𤞣	犬	9	
𤞤	犬	10	
𤞥	犬	10	
𤞦	犬	10	
𤞧	犬	10	
𤞨	犬	10	
𤞩	犬	10	
𤞪	犬	10	
𤞫	犬	10	
𤞬	犬	10	
𤞭	犬	10	
𤞮	犬	10	
𤞯	犬	10	
𤞰	犬	10	
𤞱	犬	10	
𤞲	犬	10	
𤞳	犬	10	
𤞴	犬	10	
𤞵	犬	10	
𤞶	犬	10	
𤞷	犬	10	
𤞸	犬	10	
𤞹	犬	10	
𤞺	犬	10	
𤞻	犬	10	
𤞼	犬	10	
𤞽	犬	10	
𤞾	犬	10	
𤞿	犬	10	
𤟀	犬	10	
𤟁	犬	10	
𤟂	犬	10	
𤟃	犬	11	
𤟄	犬	11	
𤟅	犬	11	
𤟆	犬	11	
𤟇	犬	11	
𤟈	犬	11	
𤟉	犬	11	
𤟊	犬	11	
𤟋	犬	11	
𤟌	犬	11	
𤟍	犬	11	
𤟎	犬	11	
𤟏	犬	11	
𤟐	犬	11	
𤟑	犬	11	
𤟒	犬	11	
𤟓	犬	11	
𤟔	犬	11	
𤟕	犬	11	
𤟖	犬	11	
𤟗	犬	11	
𤟘	犬	11	
𤟙	犬	11	
𤟚	犬	11	
𤟛	犬	11	
𤟜	犬	12	
𤟝	犬	12	
𤟞	犬	12	
𤟟	犬	12	
𤟠	犬	12	
𤟡	犬	12	
𤟢	犬	12	
𤟣	犬	12	
𤟤	犬	12	
𤟥	犬	12	
𤟦	犬	12	
𤟧	犬	12	
𤟨	犬	12	
𤟩	犬	12	
𤟪	犬	12	
𤟫	犬	12	
𤟬	犬	12	
𤟭	犬	12	
𤟮	犬	12	
𤟯	犬	12	
𤟰	犬	12	
𤟱	犬	12	
𤟲	犬	12	
𤟳	犬	12	
𤟴	犬	12	
𤟵	戶	13	
𤟶	犬	12	
𤟷	犬	12	
𤟸	犬	12	
𤟹	犬	12	
𤟺	犬	12	
𤟻	犬	12	
𤟼	犬	12	
𤟽	犬	12	
𤟾	犬	12	
𤟿	犬	12	
𤠀	犬	12	
𤠁	犬	12	
𤠂	犬	12	
𤠃	犬	12	
𤠄	犬	12	
𤠅	犬	12	
𤠆	犬	12	
𤠇	犬	12	
𤠈	犬	12	
𤠉	犬	12	
𤠊	犬	12	
𤠋	犬	12	
𤠌	犬	12	
𤠍	犬	13	
𤠎	犬	13	
𤠏	犬	13	
𤠐	犬	13	
𤠑	犬	13	
𤠒	犬	13	
𤠓	犬	13	
𤠔	犬	13	
𤠕	犬	13	
𤠖	犬	13	
𤠗	犬	13	
𤠘	犬	13	
𤠙	犬	13	
𤠚	犬	13	
𤠛	犬	13	
𤠜	犬	13	
𤠝	犬	13	
𤠞	犬	13	
𤠟	犬	13	
𤠠	犬	13	
𤠡	犬	13	
𤠢	犬	13	
𤠣	犬	13	
𤠤	犬	13	
𤠥	犬	13	
𤠦	犬	13	
𤠧	犬	13	
𤠨	犬	13	
𤠩	犬	13	
𤠪	犬	13	
𤠫	犬	13	
𤠬	犬	13	
𤠭	犬	13	
𤠮	犬	13	
𤠯	犬	13	
𤠰	犬	13	
𤠱	犬	13	
𤠲	犬	13	
𤠳	犬	13	
𤠴	犬	13	
𤠵	犬	13	
𤠶	犬	13	
𤠷	犬	13	
𤠸	犬	13	
𤠹	犬	14	
𤠺	犬	14	
𤠻	犬	14	
𤠼	犬	14	
𤠽	犬	14	
𤠾	犬	14	
𤠿	犬	14	
𤡀	犬	14	
𤡁	犬	14	
𤡂	犬	14	
𤡃	犬	14	
𤡄	犬	14	
𤡅	犬	14	
𤡆	犬	14	
𤡇	犬	14	
𤡈	犬	14	
𤡉	犬	14	
𤡊	犬	14	
𤡋	犬	14	
𤡌	犬	14	
𤡍	犬	14	
𤡎	犬	14	
𤡏	犬	14	
𤡐	犬	14	
𤡑	犬	14	
𤡒	犬	14	
𤡓	犬	14	
𤡔	犬	14	
𤡕	犬	14	
𤡖	犬	14	
𤡗	犬	14	
𤡘	犬	14	
𤡙	犬	14	
𤡚	犬	14	
𤡛	犬	14	
𤡜	犬	14	
𤡝	犬	14	
𤡞	犬	14	
𤡟	犬	14	
𤡠	犬	14	
𤡡	犬	14	
𤡢	犬	14	
𤡣	犬	15	
𤡤	犬	15	
𤡥	犬	15	
𤡦	犬	15	
𤡧	犬	15	
𤡨	犬	15	
𤡩	犬	15	
𤡪	犬	15	
𤡫	犬	15	
𤡬	犬	15	
𤡭	犬	15	
𤡮	犬	15	
𤡯	犬	15	
𤡰	犬	15	
𤡱	犬	15	
𤡲	犬	15	
𤡳	犬	15	
𤡴	犬	15	
𤡵	犬	15	
𤡶	犬	15	
𤡷	犬	15	
𤡸	犬	15	
𤡹	犬	15	
𤡺	犬	15	
𤡻	犬	15	
𤡼	犬	15	
𤡽	犬	15	
𤡾	犬	15	
𤡿	犬	15	
𤢀	犬	15	
𤢁	犬	15	
𤢂	犬	15	
𤢃	犬	15	
𤢄	犬	15	
𤢅	犬	15	
𤢆	犬	15	
𤢇	犬	15	
𤢈	犬	15	
𤢉	犬	15	
𤢊	犬	15	
𤢋	犬	15	
𤢌	犬	16	
𤢍	犬	16	
𤢎	犬	16	
𤢏	犬	16	
𤢐	犬	16	
𤢑	犬	16	
𤢒	犬	16	
𤢓	犬	16	
𤢔	犬	16	
𤢕	犬	16	
𤢖	犬	16	
𤢗	犬	16	
𤢘	犬	16	
𤢙	犬	16	
𤢚	犬	16	
𤢛	犬	16	
𤢜	犬	16	
𤢝	犬	16	
𤢞	犬	16	
𤢟	犬	16	
𤢠	犬	16	
𤢡	犬	16	
𤢢	犬	16	
𤢣	犬	16	
𤢤	犬	16	
𤢥	犬	16	
𤢦	犬	17	
𤢧	犬	17	
𤢨	犬	17	
𤢩	犬	17	
𤢪	犬	17	
𤢫	犬	17	
𤢬	犬	17	
𤢭	犬	17	
𤢮	犬	17	
𤢯	犬	17	
𤢰	犬	17	
𤢱	犬	17	
𤢲	犬	17	
𤢳	犬	17	
𤢴	犬	18	
𤢵	犬	18	
𤢶	犬	18	
𤢷	犬	18	
𤢸	犬	18	
𤢹	犬	18	
𤢺	犬	18	
𤢻	犬	18	
𤢼	犬	18	
𤢽	犬	18	
𤢾	犬	18	
𤢿	犬	18	
𤣀	犬	18	
𤣁	犬	18	
𤣂	犬	18	
𤣃	犬	18	
𤣄	犬	18	
𤣅	犬	19	
𤣆	犬	19	
𤣇	犬	19	
𤣈	犬	19	
𤣉	犬	19	
𤣊	犬	19	
𤣋	犬	19	
𤣌	犬	19	
𤣍	犬	20	
𤣎	犬	20	
𤣏	犬	20	
𤣐	犬	20	
𤣑	犬	21	
𤣒	犬	21	
𤣓	犬	21	
𤣔	犬	21	
𤣕	犬	21	
𤣖	犬	21	
𤣗	犬	22	
𤣘	犬	22	
𤣙	犬	22	
𤣚	犬	22	
𤣛	犬	23	
𤣜	犬	23	
𤣝	犬	23	
𤣞	犬	23	
𤣟	犬	24	
𤣠	犬	24	
𤣡	犬	24	
𤣢	犬	24	
𤣣	犬	25	
𤣤	犬	27	
𤣥	玄	4	
𤣦	玄	9	
𤣧	玄	12	
𤣨	玄	14	
𤣩	玉	4	
𤣪	玉	6	
𤣫	玉	6	
𤣬	玉	6	
𤣭	玉	7	
𤣮	玉	7	
𤣯	玉	7	
𤣰	玉	7	
𤣱	玉	7	
𤣲	玉	7	
𤣳	玉	7	
𤣴	玉	7	
𤣵	玉	7	
𤣶	玉	7	
𤣷	玉	7	
𤣸	玉	7	
𤣹	玉	8	
𤣺	玉	8	
𤣻	玉	8	
𤣼	玉	8	
𤣽	玉	8	
𤣾	玉	8	
𤣿	玉	8	
𤤀	玉	8	
𤤁	玉	8	
𤤂	玉	8	
𤤃	玉	8	
𤤄	玉	8	
𤤅	玉	8	
𤤆	玉	8	
𤤇	玉	8	
𤤈	玉	8	
𤤉	玉	8	
𤤊	玉	8	
𤤋	玉	8	
𤤌	玉	8	
𤤍	玉	8	
𤤎	玉	8	
𤤏	玉	9	
𤤐	玉	9	
𤤑	玉	9	
𤤒	玉	9	
𤤓	玉	9	
𤤔	玉	9	
𤤕	玉	9	
𤤖	玉	9	
𤤗	玉	9	
𤤘	玉	9	
𤤙	玉	9	
𤤚	玉	9	
𤤛	玉	9	
𤤜	玉	9	
𤤝	玉	9	
𤤞	玉	9	
𤤟	玉	9	
𤤠	玉	9	
𤤡	玉	9	
𤤢	玉	9	
𤤣	玉	9	
𤤤	玉	9	
𤤥	玉	9	
𤤦	玉	9	
𤤧	玉	9	
𤤨	玉	9	
𤤩	玉	9	
𤤪	玉	9	
𤤫	玉	9	
𤤬	玉	9	
𤤭	玉	9	
𤤮	玉	9	
𤤯	玉	9	
𤤰	玉	9	
𤤱	玉	9	
𤤲	玉	9	
𤤳	玉	9	
𤤴	玉	9	
𤤵	玉	10	
𤤶	玉	10	
𤤷	玉	10	
𤤸	玉	10	
𤤹	玉	10	
𤤺	玉	10	
𤤻	玉	10	
𤤼	玉	10	
𤤽	玉	10	
𤤾	玉	10	
𤤿	玉	10	
𤥀	玉	10	
𤥁	玉	10	
𤥂	玉	10	
𤥃	玉	10	
𤥄	玉	10	
𤥅	玉	10	
𤥆	玉	10	
𤥇	玉	10	
𤥈	玉	10	
𤥉	玉	10	
𤥊	玉	10	
𤥋	玉	10	
𤥌	玉	10	
𤥍	玉	10	
𤥎	玉	10	
𤥏	玉	10	
𤥐	玉	10	
𤥑	玉	10	
𤥒	玉	10	
𤥓	玉	10	
𤥔	玉	10	
𤥕	玉	10	
𤥖	玉	11	
𤥗	玉	11	
𤥘	玉	11	
𤥙	玉	11	
𤥚	玉	11	
𤥛	玉	11	
𤥜	玉	11	
𤥝	玉	11	
𤥞	玉	11	
𤥟	玉	11	
𤥠	玉	11	
𤥡	玉	11	
𤥢	玉	11	
𤥣	玉	11	
𤥤	玉	11	
𤥥	玉	11	
𤥦	玉	11	
𤥧	玉	11	
𤥨	玉	11	
𤥩	玉	11	
𤥪	玉	11	
𤥫	玉	11	
𤥬	玉	11	
𤥭	玉	11	
𤥮	玉	11	
𤥯	玉	11	
𤥰	玉	11	
𤥱	玉	11	
𤥲	玉	11	
𤥳	玉	11	
𤥴	玉	11	
𤥵	玉	11	
𤥶	玉	11	
𤥷	玉	11	
𤥸	玉	11	
𤥹	玉	11	
𤥺	玉	11	
𤥻	玉	12	
𤥼	玉	12	
𤥽	玉	12	
𤥾	玉	12	
𤥿	玉	12	
𤦀	玉	12	
𤦁	玉	12	
𤦂	玉	12	
𤦃	玉	12	
𤦄	玉	12	
𤦅	玉	12	
𤦆	玉	12	
𤦇	玉	12	
𤦈	玉	12	
𤦉	玉	12	
𤦊	玉	12	
𤦋	玉	12	
𤦌	玉	12	
𤦍	玉	12	
𤦎	玉	12	
𤦏	玉	12	
𤦐	玉	12	
𤦑	玉	12	
𤦒	玉	12	
𤦓	玉	12	
𤦔	玉	12	
𤦕	玉	12	
𤦖	玉	12	
𤦗	玉	12	
𤦘	玉	12	
𤦙	玉	12	
𤦚	玉	12	
𤦛	玉	12	
𤦜	玉	12	
𤦝	玉	12	
𤦞	玉	12	
𤦟	玉	12	
𤦠	玉	12	
𤦡	玉	12	
𤦢	玉	12	
𤦣	玉	12	
𤦤	玉	12	
𤦥	玉	12	
𤦦	玉	12	
𤦧	玉	12	
𤦨	玉	12	
𤦩	玉	12	
𤦪	玉	12	
𤦫	玉	12	
𤦬	玉	12	
𤦭	玉	12	
𤦮	玉	12	
𤦯	玉	13	
𤦰	玉	13	
𤦱	玉	13	
𤦲	玉	13	
𤦳	玉	13	
𤦴	玉	13	
𤦵	玉	13	
𤦶	玉	13	
𤦷	玉	13	
𤦸	玉	13	
𤦹	玉	13	
𤦺	玉	13	
𤦻	玉	13	
𤦼	玉	13	
𤦽	玉	13	
𤦾	玉	13	
𤦿	玉	13	
𤧀	玉	13	
𤧁	玉	13	
𤧂	玉	13	
𤧃	玉	13	
𤧄	玉	13	
𤧅	玉	13	
𤧆	玉	13	
𤧇	玉	13	
𤧈	玉	13	
𤧉	玉	13	
𤧊	玉	13	
𤧋	玉	13	
𤧌	玉	13	
𤧍	玉	13	
𤧎	玉	13	
𤧏	玉	13	
𤧐	玉	13	
𤧑	玉	13	
𤧒	玉	13	
𤧓	玉	13	
𤧔	玉	13	
𤧕	玉	13	
𤧖	玉	13	
𤧗	玉	13	
𤧘	玉	13	
𤧙	玉	13	
𤧚	玉	13	
𤧛	玉	13	
𤧜	玉	13	
𤧝	玉	13	
𤧞	玉	13	
𤧟	玉	13	
𤧠	玉	13	
𤧡	玉	13	
𤧢	玉	13	
𤧣	玉	13	
𤧤	玉	13	
𤧥	玉	13	
𤧦	玉	13	
𤧧	玉	13	
𤧨	玉	13	
𤧩	玉	13	
𤧪	玉	14	
𤧫	玉	14	
𤧬	玉	14	
𤧭	玉	14	
𤧮	玉	14	
𤧯	玉	14	
𤧰	玉	14	
𤧱	玉	14	
𤧲	玉	14	
𤧳	玉	14	
𤧴	玉	14	
𤧵	玉	14	
𤧶	玉	14	
𤧷	玉	14	
𤧸	玉	14	
𤧹	玉	14	
𤧺	玉	14	
𤧻	玉	14	
𤧼	玉	14	
𤧽	玉	14	
𤧾	玉	14	
𤧿	玉	14	
𤨀	玉	14	
𤨁	玉	14	
𤨂	玉	14	
𤨃	玉	14	
𤨄	玉	14	
𤨅	玉	14	
𤨆	玉	14	
𤨇	玉	14	
𤨈	玉	14	
𤨉	玉	14	
𤨊	玉	14	
𤨋	玉	14	
𤨌	玉	14	
𤨍	玉	14	
𤨎	玉	14	
𤨏	玉	14	
𤨐	玉	14	
𤨑	玉	14	
𤨒	玉	14	
𤨓	玉	14	
𤨔	玉	15	
𤨕	玉	15	
𤨖	玉	15	
𤨗	玉	15	
𤨘	玉	15	
𤨙	玉	15	
𤨚	玉	15	
𤨛	玉	15	
𤨜	玉	15	
𤨝	玉	15	
𤨞	玉	15	
𤨟	玉	15	
𤨠	玉	15	
𤨡	玉	15	
𤨢	玉	15	
𤨣	玉	15	
𤨤	玉	15	
𤨥	玉	15	
𤨦	玉	15	
𤨧	玉	15	
𤨨	玉	15	
𤨩	玉	15	
𤨪	玉	15	
𤨫	玉	15	
𤨬	玉	15	
𤨭	玉	15	
𤨮	玉	15	
𤨯	玉	15	
𤨰	玉	15	
𤨱	玉	15	
𤨲	玉	15	
𤨳	玉	15	
𤨴	玉	15	
𤨵	玉	15	
𤨶	玉	15	
𤨷	玉	15	
𤨸	玉	15	
𤨹	玉	15	
𤨺	玉	15	
𤨻	玉	15	
𤨼	玉	15	
𤨽	玉	15	
𤨾	玉	15	
𤨿	玉	15	
𤩀	玉	16	
𤩁	玉	15	
𤩂	玉	16	
𤩃	玉	16	
𤩄	玉	16	
𤩅	玉	16	
𤩆	玉	16	
𤩇	玉	16	
𤩈	玉	16	
𤩉	玉	16	
𤩊	玉	16	
𤩋	玉	16	
𤩌	玉	16	
𤩍	玉	16	
𤩎	玉	16	
𤩏	玉	16	
𤩐	玉	16	
𤩑	玉	16	
𤩒	玉	16	
𤩓	玉	16	
𤩔	玉	16	
𤩕	玉	16	
𤩖	玉	16	
𤩗	玉	16	
𤩘	玉	16	
𤩙	玉	16	
𤩚	玉	16	
𤩛	玉	16	
𤩜	玉	16	
𤩝	玉	16	
𤩞	玉	16	
𤩟	玉	16	
𤩠	玉	16	
𤩡	玉	16	
𤩢	玉	16	
𤩣	玉	16	
𤩤	玉	16	
𤩥	玉	16	
𤩦	玉	16	
𤩧	玉	16	
𤩨	玉	16	
𤩩	玉	16	
𤩪	玉	16	
𤩫	玉	17	
𤩬	玉	17	
𤩭	玉	17	
𤩮	玉	17	
𤩯	玉	17	
𤩰	玉	17	
𤩱	玉	17	
𤩲	玉	17	
𤩳	玉	17	
𤩴	玉	17	
𤩵	玉	17	
𤩶	玉	17	
𤩷	玉	17	
𤩸	玉	17	
𤩹	玉	17	
𤩺	玉	17	
𤩻	玉	17	
𤩼	玉	17	
𤩽	玉	17	
𤩾	玉	17	
𤩿	玉	17	
𤪀	玉	17	
𤪁	玉	17	
𤪂	玉	17	
𤪃	玉	17	
𤪄	玉	17	
𤪅	玉	17	
𤪆	玉	17	
𤪇	玉	17	
𤪈	玉	17	
𤪉	玉	17	
𤪊	玉	17	
𤪋	玉	18	
𤪌	玉	18	
𤪍	玉	18	
𤪎	玉	18	
𤪏	玉	18	
𤪐	玉	18	
𤪑	玉	18	
𤪒	玉	18	
𤪓	玉	18	
𤪔	玉	18	
𤪕	玉	18	
𤪖	玉	18	
𤪗	玉	18	
𤪘	玉	18	
𤪙	玉	18	
𤪚	玉	18	
𤪛	玉	18	
𤪜	玉	18	
𤪝	玉	18	
𤪞	玉	18	
𤪟	玉	18	
𤪠	玉	18	
𤪡	玉	18	
𤪢	玉	18	
𤪣	玉	18	
𤪤	玉	18	
𤪥	玉	18	
𤪦	玉	18	
𤪧	玉	18	
𤪨	玉	18	
𤪩	玉	19	
𤪪	玉	19	
𤪫	玉	19	
𤪬	玉	19	
𤪭	玉	19	
𤪮	玉	19	
𤪯	玉	19	
𤪰	玉	19	
𤪱	玉	19	
𤪲	玉	19	
𤪳	玉	19	
𤪴	玉	18	
𤪵	玉	19	
𤪶	玉	19	
𤪷	玉	19	
𤪸	玉	19	
𤪹	玉	19	
𤪺	玉	19	
𤪻	玉	19	
𤪼	玉	19	
𤪽	玉	19	
𤪾	玉	20	
𤪿	玉	20	
𤫀	玉	20	
𤫁	玉	20	
𤫂	玉	20	
𤫃	玉	20	
𤫄	玉	20	
𤫅	玉	20	
𤫆	玉	20	
𤫇	玉	20	
𤫈	玉	20	
𤫉	玉	21	
𤫊	玉	21	
𤫋	玉	21	
𤫌	玉	21	
𤫍	玉	21	
𤫎	玉	21	
𤫏	玉	21	
𤫐	玉	21	
𤫑	玉	21	
𤫒	玉	21	
𤫓	玉	21	
𤫔	玉	22	
𤫕	玉	22	
𤫖	玉	22	
𤫗	玉	22	
𤫘	玉	22	
𤫙	玉	23	
𤫚	玉	23	
𤫛	玉	23	
𤫜	玉	23	
𤫝	玉	23	
𤫞	玉	23	
𤫟	玉	23	
𤫠	玉	24	
𤫡	缶	24	
𤫢	玉	26	
𤫣	玉	25	
𤫤	玉	25	
𤫥	玉	25	
𤫦	玉	25	
𤫧	玉	25	
𤫨	玉	26	
𤫩	玉	28	
𤫪	瓜	8	
𤫫	瓜	9	
𤫬	瓜	9	
𤫭	瓜	9	
𤫮	瓜	9	
𤫯	瓜	9	
𤫰	瓜	10	
𤫱	瓜	10	
𤫲	瓜	10	
𤫳	瓜	10	
𤫴	瓜	10	
𤫵	瓜	11	
𤫶	瓜	11	
𤫷	瓜	11	
𤫸	瓜	11	
𤫹	瓜	11	
𤫺	瓜	12	
𤫻	瓜	12	
𤫼	瓜	12	
𤫽	瓜	12	
𤫾	瓜	12	
𤫿	瓜	12	
𤬀	瓜	12	
𤬁	瓜	13	
𤬂	瓜	13	
𤬃	瓜	13	
𤬄	瓜	13	
𤬅	瓜	13	
𤬆	瓜	13	
𤬇	瓜	15	
𤬈	瓜	14	
𤬉	瓜	14	
𤬊	瓜	14	
𤬋	瓜	14	
𤬌	瓜	14	
𤬍	瓜	15	
𤬎	瓜	16	
𤬏	瓜	16	
𤬐	瓜	15	
𤬑	瓜	15	
𤬒	瓜	15	
𤬓	瓜	15	
𤬔	瓜	15	
𤬕	瓜	15	
𤬖	瓜	16	
𤬗	瓜	17	
𤬘	瓜	18	
𤬙	瓜	18	
𤬚	瓜	18	
𤬛	瓜	21	
𤬜	瓜	21	
𤬝	瓜	21	
𤬞	瓜	22	
𤬟	瓜	22	
𤬠	瓜	23	
𤬡	瓜	23	
𤬢	瓜	24	
𤬣	瓜	26	
𤬤	瓜	26	
𤬥	瓜	30	
𤬦	瓦	7	
𤬧	瓦	7	
𤬨	瓦	8	
𤬩	瓦	8	
𤬪	瓦	8	
𤬫	瓦	8	
𤬬	瓦	9	
𤬭	瓦	9	
𤬮	瓦	9	
𤬯	瓦	9	
𤬰	瓦	9	
𤬱	瓦	9	
𤬲	瓦	9	
𤬳	瓦	10	
𤬴	瓦	10	
𤬵	瓦	10	
𤬶	瓦	10	
𤬷	瓦	10	
𤬸	瓦	10	
𤬹	瓦	10	
𤬺	瓦	10	
𤬻	瓦	10	
𤬼	瓦	10	
𤬽	瓦	10	
𤬾	瓦	11	
𤬿	瓦	11	
𤭀	瓦	11	
𤭁	瓦	11	
𤭂	瓦	11	
𤭃	瓦	11	
𤭄	瓦	11	
𤭅	瓦	11	
𤭆	瓦	11	
𤭇	瓦	11	
𤭈	瓦	11	
𤭉	瓦	11	
𤭊	瓦	11	
𤭋	瓦	11	
𤭌	瓦	12	
𤭍	瓦	12	
𤭎	瓦	12	
𤭏	瓦	12	
𤭐	瓦	12	
𤭑	瓦	12	
𤭒	瓦	12	
𤭓	瓦	12	
𤭔	瓦	12	
𤭕	瓦	12	
𤭖	瓦	12	
𤭗	瓦	12	
𤭘	瓦	12	
𤭙	瓦	12	
𤭚	瓦	12	
𤭛	瓦	13	
𤭜	瓦	13	
𤭝	瓦	13	
𤭞	瓦	13	
𤭟	瓦	13	
𤭠	瓦	13	
𤭡	瓦	13	
𤭢	瓦	13	
𤭣	瓦	13	
𤭤	瓦	13	
𤭥	瓦	13	
𤭦	瓦	13	
𤭧	瓦	14	
𤭨	瓦	14	
𤭩	瓦	14	
𤭪	瓦	14	
𤭫	瓦	14	
𤭬	瓦	14	
𤭭	瓦	14	
𤭮	瓦	14	
𤭯	瓦	14	
𤭰	瓦	14	
𤭱	瓦	14	
𤭲	瓦	13	
𤭳	瓦	14	
𤭴	瓦	14	
𤭵	瓦	14	
𤭶	瓦	14	
𤭷	瓦	14	
𤭸	瓦	14	
𤭹	瓦	15	
𤭺	瓦	15	
𤭻	瓦	15	
𤭼	瓦	15	
𤭽	瓦	15	
𤭾	瓦	15	
𤭿	瓦	15	
𤮀	瓦	15	
𤮁	瓦	15	
𤮂	瓦	15	
𤮃	瓦	15	
𤮄	瓦	15	
𤮅	瓦	16	
𤮆	瓦	16	
𤮇	瓦	16	
𤮈	瓦	16	
𤮉	瓦	16	
𤮊	瓦	16	
𤮋	瓦	16	
𤮌	瓦	16	
𤮍	瓦	16	
𤮎	瓦	17	
𤮏	瓦	17	
𤮐	瓦	17	
𤮑	瓦	17	
𤮒	瓦	17	
𤮓	瓦	17	
𤮔	瓦	17	
𤮕	瓦	17	
𤮖	瓦	13	
𤮗	瓦	17	
𤮘	瓦	18	
𤮙	瓦	18	
𤮚	瓦	18	
𤮛	瓦	18	
𤮜	瓦	18	
𤮝	瓦	18	
𤮞	瓦	18	
𤮟	瓦	18	
𤮠	瓦	19	
𤮡	瓦	19	
𤮢	瓦	20	
𤮣	瓦	20	
𤮤	瓦	20	
𤮥	瓦	20	
𤮦	瓦	21	
𤮧	瓦	21	
𤮨	瓦	21	
𤮩	瓦	21	
𤮪	瓦	21	
𤮫	瓦	21	
𤮬	瓦	21	
𤮭	瓦	22	
𤮮	瓦	22	
𤮯	瓦	22	
𤮰	瓦	23	
𤮱	瓦	23	
𤮲	瓦	23	
𤮳	瓦	23	
𤮴	瓦	23	
𤮵	瓦	23	
𤮶	瓦	24	
𤮷	瓦	25	
𤮸	瓦	27	
𤮹	瓦	29	
𤮺	甘	5	
𤮻	甘	8	
𤮼	甘	8	
𤮽	甘	8	
𤮾	甘	8	
𤮿	甘	8	
𤯀	甘	8	
𤯁	甘	9	
𤯂	甘	9	
𤯃	甘	9	
𤯄	甘	9	
𤯅	甘	10	
𤯆	甘	12	
𤯇	甘	13	
𤯈	甘	14	
𤯉	甘	15	
𤯊	甘	15	
𤯋	甘	16	
𤯌	甘	16	
𤯍	甘	17	
𤯎	甘	18	
𤯏	小	18	
𤯐	甘	21	
𤯑	甘	22	
𤯒	甘	28	
𤯓	生	5	
𤯔	生	6	
𤯕	生	8	
𤯖	生	8	
𤯗	生	8	
𤯘	生	9	
𤯙	生	9	
𤯚	生	9	
𤯛	生	9	
𤯜	生	9	
𤯝	生	9	
𤯞	生	9	
𤯟	生	10	
𤯠	生	11	
𤯡	生	11	
𤯢	生	11	
𤯣	生	11	
𤯤	生	11	
𤯥	生	11	
𤯦	生	12	
𤯧	生	12	
𤯨	生	12	
𤯩	生	12	
𤯪	生	12	
𤯫	生	12	
𤯬	生	13	
𤯭	生	13	
𤯮	生	13	
𤯯	生	13	
𤯰	生	13	
𤯱	生	13	
𤯲	生	14	
𤯳	生	14	
𤯴	生	14	
𤯵	生	15	
𤯶	生	16	
𤯷	生	17	
𤯸	生	17	
𤯹	生	17	
𤯺	生	18	
𤯻	生	19	
𤯼	生	19	
𤯽	弓	19	
𤯾	生	19	
𤯿	生	19	
𤰀	生	21	
𤰁	生	22	
𤰂	生	22	
𤰃	用	6	
𤰄	用	7	
𤰅	用	8	
𤰆	用	8	
𤰇	用	10	
𤰈	用	11	
𤰉	用	12	
𤰊	用	14	
𤰋	用	15	
𤰌	用	15	
𤰍	用	18	
𤰎	用	19	
𤰏	用	22	
𤰐	用	25	
𤰑	用	23	
𤰒	田	5	
𤰓	田	6	
𤰔	田	6	
𤰕	田	7	
𤰖	田	7	
𤰗	田	7	
𤰘	田	7	
𤰙	田	7	
𤰚	田	7	
𤰛	田	7	
𤰜	田	7	
𤰝	田	8	
𤰞	田	8	
𤰟	田	8	
𤰠	田	8	
𤰡	田	8	
𤰢	田	8	
𤰣	田	8	
𤰤	田	8	
𤰥	田	8	
𤰦	田	8	
𤰧	田	8	
𤰨	田	8	
𤰩	田	9	
𤰪	田	9	
𤰫	田	9	
𤰬	田	9	
𤰭	田	9	
𤰮	田	9	
𤰯	田	9	
𤰰	田	9	
𤰱	田	9	
𤰲	田	9	
𤰳	田	9	
𤰴	田	9	
𤰵	田	9	
𤰶	田	9	
𤰷	田	9	
𤰸	田	9	
𤰹	田	9	
𤰺	田	9	
𤰻	田	9	
𤰼	田	9	
𤰽	田	9	
𤰾	田	9	
𤰿	田	9	
𤱀	田	9	
𤱁	田	9	
𤱂	田	9	
𤱃	田	9	
𤱄	田	9	
𤱅	田	9	
𤱆	田	9	
𤱇	田	9	
𤱈	田	9	
𤱉	田	9	
𤱊	田	9	
𤱋	田	9	
𤱌	田	10	
𤱍	田	10	
𤱎	田	10	
𤱏	田	10	
𤱐	田	10	
𤱑	田	10	
𤱒	田	10	
𤱓	田	10	
𤱔	田	10	
𤱕	田	10	
𤱖	田	10	
𤱗	田	10	
𤱘	田	10	
𤱙	田	10	
𤱚	田	10	
𤱛	田	10	
𤱜	田	10	
𤱝	田	10	
𤱞	田	10	
𤱟	田	10	
𤱠	田	10	
𤱡	乙	10	
𤱢	田	10	
𤱣	田	10	
𤱤	田	10	
𤱥	田	11	
𤱦	田	11	
𤱧	田	11	
𤱨	田	11	
𤱩	田	11	
𤱪	田	11	
𤱫	田	11	
𤱬	田	11	
𤱭	田	11	
𤱮	田	11	
𤱯	田	11	
𤱰	田	11	
𤱱	田	11	
𤱲	田	11	
𤱳	田	11	
𤱴	田	11	
𤱵	田	11	
𤱶	田	11	
𤱷	田	11	
𤱸	田	11	
𤱹	田	11	
𤱺	田	11	
𤱻	田	12	
𤱼	田	12	
𤱽	田	12	
𤱾	田	12	
𤱿	田	12	
𤲀	田	12	
𤲁	田	12	
𤲂	田	12	
𤲃	田	12	
𤲄	田	12	
𤲅	田	12	
𤲆	田	12	
𤲇	田	12	
𤲈	田	12	
𤲉	田	12	
𤲊	田	12	
𤲋	田	12	
𤲌	田	12	
𤲍	田	12	
𤲎	田	12	
𤲏	田	12	
𤲐	田	12	
𤲑	田	13	
𤲒	田	13	
𤲓	田	13	
𤲔	田	13	
𤲕	田	13	
𤲖	田	13	
𤲗	田	13	
𤲘	田	13	
𤲙	田	13	
𤲚	田	13	
𤲛	田	13	
𤲜	田	13	
𤲝	田	13	
𤲞	田	13	
𤲟	田	13	
𤲠	田	13	
𤲡	田	13	
𤲢	田	13	
𤲣	田	13	
𤲤	田	13	
𤲥	田	13	
𤲦	田	13	
𤲧	田	13	
𤲨	田	13	
𤲩	田	13	
𤲪	田	13	
𤲫	田	14	
𤲬	田	14	
𤲭	田	14	
𤲮	田	14	
𤲯	田	14	
𤲰	田	14	
𤲱	田	14	
𤲲	田	14	
𤲳	田	14	
𤲴	田	14	
𤲵	田	14	
𤲶	田	14	
𤲷	田	15	
𤲸	田	15	
𤲹	田	15	
𤲺	田	15	
𤲻	田	15	
𤲼	田	15	
𤲽	田	15	
𤲾	田	15	
𤲿	田	15	
𤳀	田	15	
𤳁	田	15	
𤳂	田	15	
𤳃	田	15	
𤳄	田	15	
𤳅	田	15	
𤳆	田	15	
𤳇	田	15	
𤳈	田	16	
𤳉	田	16	
𤳊	田	16	
𤳋	田	16	
𤳌	田	16	
𤳍	田	16	
𤳎	田	16	
𤳏	一	16	
𤳐	田	16	
𤳑	田	16	
𤳒	田	17	
𤳓	田	17	
𤳔	田	17	
𤳕	田	17	
𤳖	田	17	
𤳗	田	17	
𤳘	田	17	
𤳙	田	17	
𤳚	田	17	
𤳛	釆	17	
𤳜	田	17	
𤳝	田	17	
𤳞	田	17	
𤳟	田	17	
𤳠	田	17	
𤳡	田	17	
𤳢	田	17	
𤳣	田	17	
𤳤	田	18	
𤳥	田	18	
𤳦	田	18	
𤳧	田	18	
𤳨	田	18	
𤳩	田	19	
𤳪	田	19	
𤳫	田	19	
𤳬	田	19	
𤳭	田	19	
𤳮	田	19	
𤳯	田	19	
𤳰	田	19	
𤳱	田	20	
𤳲	田	19	
𤳳	田	20	
𤳴	田	20	
𤳵	田	20	
𤳶	田	20	
𤳷	田	20	
𤳸	田	20	
𤳹	田	21	
𤳺	田	21	
𤳻	田	21	
𤳼	田	21	
𤳽	田	21	
𤳾	田	21	
𤳿	田	22	
𤴀	田	22	
𤴁	田	22	
𤴂	田	23	
𤴃	田	23	
𤴄	田	23	
𤴅	田	24	
𤴆	田	25	
𤴇	田	26	
𤴈	田	26	
𤴉	田	26	
𤴊	田	26	
𤴋	田	26	
𤴌	田	27	
𤴍	田	27	
𤴎	田	28	
𤴏	田	30	
𤴐	田	32	
𤴑	田	33	
𤴒	田	36	
𤴓	疋	5	
𤴔	疋	5	
𤴕	疋	6	
𤴖	疋	8	
𤴗	疋	10	
𤴘	疋	9	
𤴙	疋	12	
𤴚	疋	12	
𤴛	疋	12	
𤴜	疋	13	
𤴝	疋	13	
𤴞	疋	15	
𤴟	疋	16	
𤴠	疋	16	
𤴡	疋	16	
𤴢	疋	16	
𤴣	疋	18	
𤴤	疋	22	
𤴥	疒	6	
𤴦	疒	7	
𤴧	疒	7	
𤴨	疒	7	
𤴩	疒	7	
𤴪	疒	7	
𤴫	疒	7	
𤴬	疒	7	
𤴭	疒	7	
𤴮	疒	7	
𤴯	疒	8	
𤴰	疒	8	
𤴱	疒	8	
𤴲	疒	8	
𤴳	疒	8	
𤴴	疒	8	
𤴵	疒	8	
𤴶	疒	8	
𤴷	疒	9	
𤴸	疒	9	
𤴹	疒	9	
𤴺	疒	9	
𤴻	疒	9	
𤴼	疒	9	
𤴽	疒	9	
𤴾	疒	9	
𤴿	疒	9	
𤵀	疒	9	
𤵁	疒	9	
𤵂	疒	9	
𤵃	疒	9	
𤵄	疒	9	
𤵅	疒	9	
𤵆	疒	9	
𤵇	疒	9	
𤵈	疒	9	
𤵉	疒	9	
𤵊	疒	9	
𤵋	疒	9	
𤵌	疒	9	
𤵍	疒	9	
𤵎	疒	9	
𤵏	疒	9	
𤵐	疒	9	
𤵑	疒	9	
𤵒	疒	9	
𤵓	疒	9	
𤵔	疒	9	
𤵕	疒	9	
𤵖	疒	9	
𤵗	疒	10	
𤵘	疒	10	
𤵙	疒	10	
𤵚	疒	10	
𤵛	疒	10	
𤵜	疒	10	
𤵝	疒	10	
𤵞	疒	10	
𤵟	疒	10	
𤵠	疒	10	
𤵡	疒	10	
𤵢	疒	10	
𤵣	疒	10	
𤵤	疒	10	
𤵥	疒	10	
𤵦	疒	10	
𤵧	疒	10	
𤵨	疒	10	
𤵩	疒	10	
𤵪	疒	10	
𤵫	疒	10	
𤵬	疒	10	
𤵭	疒	10	
𤵮	疒	10	
𤵯	疒	10	
𤵰	疒	10	
𤵱	疒	10	
𤵲	疒	10	
𤵳	疒	10	
𤵴	疒	10	
𤵵	疒	10	
𤵶	疒	10	
𤵷	疒	11	
𤵸	疒	11	
𤵹	疒	11	
𤵺	疒	11	
𤵻	疒	11	
𤵼	疒	11	
𤵽	疒	11	
𤵾	疒	11	
𤵿	疒	11	
𤶀	疒	11	
𤶁	疒	11	
𤶂	疒	11	
𤶃	疒	11	
𤶄	疒	11	
𤶅	疒	11	
𤶆	疒	11	
𤶇	疒	11	
𤶈	疒	11	
𤶉	疒	11	
𤶊	疒	11	
𤶋	疒	11	
𤶌	疒	11	
𤶍	疒	11	
𤶎	疒	11	
𤶏	疒	11	
𤶐	疒	11	
𤶑	疒	11	
𤶒	疒	11	
𤶓	疒	11	
𤶔	疒	11	
𤶕	疒	12	
𤶖	疒	12	
𤶗	疒	12	
𤶘	疒	12	
𤶙	疒	12	
𤶚	疒	12	
𤶛	疒	12	
𤶜	疒	12	
𤶝	疒	12	
𤶞	疒	12	
𤶟	疒	12	
𤶠	疒	12	
𤶡	疒	12	
𤶢	疒	12	
𤶣	疒	12	
𤶤	疒	12	
𤶥	疒	12	
𤶦	疒	12	
𤶧	疒	12	
𤶨	疒	12	
𤶩	疒	12	
𤶪	疒	12	
𤶫	疒	12	
𤶬	疒	12	
𤶭	疒	12	
𤶮	疒	12	
𤶯	疒	12	
𤶰	疒	12	
𤶱	疒	12	
𤶲	疒	12	
𤶳	疒	12	
𤶴	疒	12	
𤶵	疒	12	
𤶶	疒	12	
𤶷	疒	12	
𤶸	疒	12	
𤶹	疒	12	
𤶺	疒	12	
𤶻	疒	12	
𤶼	疒	12	
𤶽	疒	12	
𤶾	疒	12	
𤶿	疒	12	
𤷀	疒	12	
𤷁	疒	12	
𤷂	疒	13	
𤷃	疒	13	
𤷄	疒	13	
𤷅	疒	13	
𤷆	疒	13	
𤷇	疒	13	
𤷈	疒	13	
𤷉	疒	13	
𤷊	疒	13	
𤷋	疒	13	
𤷌	疒	13	
𤷍	疒	13	
𤷎	疒	13	
𤷏	疒	13	
𤷐	疒	13	
𤷑	疒	13	
𤷒	疒	13	
𤷓	疒	13	
𤷔	疒	13	
𤷕	疒	13	
𤷖	疒	13	
𤷗	疒	13	
𤷘	疒	13	
𤷙	疒	13	
𤷚	疒	13	
𤷛	疒	13	
𤷜	疒	13	
𤷝	疒	13	
𤷞	疒	13	
𤷟	疒	13	
𤷠	疒	13	
𤷡	疒	13	
𤷢	疒	13	
𤷣	疒	13	
𤷤	疒	13	
𤷥	疒	13	
𤷦	疒	13	
𤷧	疒	13	
𤷨	疒	13	
𤷩	疒	13	
𤷪	疒	13	
𤷫	疒	13	
𤷬	疒	13	
𤷭	疒	13	
𤷮	疒	13	
𤷯	疒	13	
𤷰	疒	13	
𤷱	疒	13	
𤷲	疒	13	
𤷳	疒	13	
𤷴	疒	13	
𤷵	疒	13	
𤷶	疒	13	
𤷷	疒	13	
𤷸	疒	13	
𤷹	疒	13	
𤷺	疒	13	
𤷻	疒	14	
𤷼	疒	14	
𤷽	疒	14	
𤷾	疒	14	
𤷿	疒	14	
𤸀	疒	14	
𤸁	疒	14	
𤸂	疒	14	
𤸃	疒	14	
𤸄	疒	14	
𤸅	疒	14	
𤸆	疒	14	
𤸇	疒	14	
𤸈	疒	14	
𤸉	疒	14	
𤸊	疒	14	
𤸋	疒	14	
𤸌	疒	14	
𤸍	疒	14	
𤸎	疒	14	
𤸏	疒	14	
𤸐	疒	14	
𤸑	疒	14	
𤸒	疒	14	
𤸓	疒	14	
𤸔	疒	14	
𤸕	疒	14	
𤸖	疒	14	
𤸗	疒	14	
𤸘	疒	14	
𤸙	疒	14	
𤸚	疒	14	
𤸛	疒	14	
𤸜	疒	14	
𤸝	疒	14	
𤸞	疒	14	
𤸟	疒	14	
𤸠	疒	14	
𤸡	疒	14	
𤸢	疒	14	
𤸣	疒	14	
𤸤	疒	14	
𤸥	疒	14	
𤸦	疒	14	
𤸧	疒	14	
𤸨	疒	14	
𤸩	疒	14	
𤸪	疒	15	
𤸫	疒	15	
𤸬	疒	15	
𤸭	疒	15	
𤸮	疒	15	
𤸯	疒	15	
𤸰	疒	15	
𤸱	疒	15	
𤸲	疒	15	
𤸳	疒	15	
𤸴	疒	15	
𤸵	疒	15	
𤸶	疒	15	
𤸷	疒	15	
𤸸	疒	15	
𤸹	疒	15	
𤸺	疒	15	
𤸻	疒	15	
𤸼	疒	15	
𤸽	疒	15	
𤸾	疒	15	
𤸿	疒	15	
𤹀	疒	15	
𤹁	疒	15	
𤹂	疒	15	
𤹃	疒	15	
𤹄	疒	15	
𤹅	疒	15	
𤹆	疒	15	
𤹇	疒	15	
𤹈	疒	15	
𤹉	疒	15	
𤹊	疒	15	
𤹋	疒	15	
𤹌	疒	15	
𤹍	疒	15	
𤹎	疒	15	
𤹏	疒	15	
𤹐	疒	15	
𤹑	疒	15	
𤹒	疒	15	
𤹓	疒	15	
𤹔	疒	15	
𤹕	疒	15	
𤹖	疒	15	
𤹗	疒	15	
𤹘	疒	15	
𤹙	疒	15	
𤹚	疒	15	
𤹛	疒	15	
𤹜	疒	15	
𤹝	疒	16	
𤹞	疒	16	
𤹟	疒	16	
𤹠	疒	16	
𤹡	疒	16	
𤹢	疒	16	
𤹣	疒	16	
𤹤	疒	16	
𤹥	疒	16	
𤹦	疒	16	
𤹧	疒	16	
𤹨	疒	16	
𤹩	疒	16	
𤹪	疒	16	
𤹫	疒	16	
𤹬	疒	16	
𤹭	疒	16	
𤹮	疒	16	
𤹯	疒	16	
𤹰	疒	16	
𤹱	疒	16	
𤹲	疒	16	
𤹳	疒	16	
𤹴	疒	16	
𤹵	疒	16	
𤹶	疒	16	
𤹷	疒	16	
𤹸	疒	16	
𤹹	疒	16	
𤹺	疒	16	
𤹻	疒	16	
𤹼	疒	16	
𤹽	疒	16	
𤹾	疒	16	
𤹿	疒	16	
𤺀	疒	16	
𤺁	疒	16	
𤺂	疒	16	
𤺃	疒	17	
𤺄	疒	17	
𤺅	疒	17	
𤺆	疒	17	
𤺇	疒	17	
𤺈	疒	17	
𤺉	疒	17	
𤺊	疒	17	
𤺋	疒	17	
𤺌	疒	17	
𤺍	疒	17	
𤺎	疒	17	
𤺏	疒	17	
𤺐	疒	17	
𤺑	疒	17	
𤺒	疒	17	
𤺓	疒	17	
𤺔	疒	17	
𤺕	疒	17	
𤺖	疒	17	
𤺗	疒	17	
𤺘	疒	17	
𤺙	疒	17	
𤺚	疒	17	
𤺛	疒	17	
𤺜	疒	17	
𤺝	疒	17	
𤺞	疒	16	
𤺟	疒	17	
𤺠	疒	17	
𤺡	疒	17	
𤺢	疒	17	
𤺣	疒	17	
𤺤	疒	17	
𤺥	疒	17	
𤺦	疒	17	
𤺧	疒	17	
𤺨	疒	17	
𤺩	疒	17	
𤺪	疒	17	
𤺫	疒	17	
𤺬	疒	17	
𤺭	疒	17	
𤺮	疒	17	
𤺯	疒	17	
𤺰	疒	17	
𤺱	疒	17	
𤺲	疒	17	
𤺳	疒	17	
𤺴	疒	17	
𤺵	疒	17	
𤺶	疒	17	
𤺷	疒	17	
𤺸	疒	17	
𤺹	疒	17	
𤺺	疒	18	
𤺻	疒	18	
𤺼	疒	18	
𤺽	疒	18	
𤺾	疒	18	
𤺿	疒	18	
𤻀	疒	18	
𤻁	疒	18	
𤻂	疒	18	
𤻃	疒	18	
𤻄	疒	18	
𤻅	疒	18	
𤻆	疒	18	
𤻇	疒	18	
𤻈	疒	18	
𤻉	疒	18	
𤻊	疒	18	
𤻋	疒	18	
𤻌	疒	18	
𤻍	疒	18	
𤻎	疒	18	
𤻏	疒	18	
𤻐	疒	18	
𤻑	疒	18	
𤻒	疒	18	
𤻓	疒	18	
𤻔	疒	18	
𤻕	疒	19	
𤻖	疒	19	
𤻗	疒	19	
𤻘	疒	19	
𤻙	疒	19	
𤻚	疒	19	
𤻛	疒	19	
𤻜	疒	19	
𤻝	疒	19	
𤻞	疒	19	
𤻟	疒	19	
𤻠	疒	19	
𤻡	疒	19	
𤻢	疒	19	
𤻣	疒	19	
𤻤	疒	19	
𤻥	疒	19	
𤻦	疒	19	
𤻧	疒	19	
𤻨	疒	19	
𤻩	疒	19	
𤻪	疒	19	
𤻫	疒	19	
𤻬	疒	19	
𤻭	疒	19	
𤻮	疒	19	
𤻯	疒	19	
𤻰	疒	20	
𤻱	疒	20	
𤻲	疒	20	
𤻳	疒	20	
𤻴	疒	20	
𤻵	疒	20	
𤻶	疒	20	
𤻷	疒	20	
𤻸	疒	20	
𤻹	疒	20	
𤻺	疒	20	
𤻻	疒	20	
𤻼	疒	20	
𤻽	疒	20	
𤻾	疒	20	
𤻿	疒	20	
𤼀	疒	21	
𤼁	疒	21	
𤼂	疒	21	
𤼃	疒	21	
𤼄	疒	21	
𤼅	疒	21	
𤼆	疒	21	
𤼇	疒	21	
𤼈	疒	21	
𤼉	疒	21	
𤼊	疒	21	
𤼋	疒	22	
𤼌	疒	22	
𤼍	疒	22	
𤼎	疒	22	
𤼏	疒	22	
𤼐	疒	23	
𤼑	疒	23	
𤼒	疒	23	
𤼓	疒	23	
𤼔	疒	23	
𤼕	疒	23	
𤼖	疒	23	
𤼗	疒	23	
𤼘	疒	24	
𤼙	疒	24	
𤼚	疒	24	
𤼛	疒	24	
𤼜	疒	25	
𤼝	疒	25	
𤼞	疒	25	
𤼟	疒	26	
𤼠	疒	26	
𤼡	疒	26	
𤼢	疒	27	
𤼣	疒	28	
𤼤	疒	29	
𤼥	癶	7	
𤼦	癶	7	
𤼧	癶	9	
𤼨	癶	9	
𤼩	癶	10	
𤼪	癶	10	
𤼫	癶	10	
𤼬	癶	11	
𤼭	癶	11	
𤼮	癶	11	
𤼯	癶	12	
𤼰	癶	12	
𤼱	癶	12	
𤼲	癶	12	
𤼳	癶	13	
𤼴	癶	13	
𤼵	癶	13	
𤼶	癶	14	
𤼷	癶	15	
𤼸	癶	15	
𤼹	癶	16	
𤼺	癶	16	
𤼻	癶	20	
𤼼	癶	16	
𤼽	白	6	
𤼾	白	6	
𤼿	白	7	
𤽀	白	7	
𤽁	白	7	
𤽂	白	8	
𤽃	白	8	
𤽄	白	8	
𤽅	白	8	
𤽆	白	8	
𤽇	白	8	
𤽈	白	9	
𤽉	白	9	
𤽊	白	9	
𤽋	白	9	
𤽌	白	9	
𤽍	白	9	
𤽎	白	9	
𤽏	白	9	
𤽐	白	9	
𤽑	白	9	
𤽒	白	9	
𤽓	白	9	
𤽔	白	9	
𤽕	白	9	
𤽖	白	9	
𤽗	白	9	
𤽘	白	10	
𤽙	白	10	
𤽚	白	10	
𤽛	白	10	
𤽜	白	10	
𤽝	白	10	
𤽞	白	10	
𤽟	白	10	
𤽠	白	10	
𤽡	白	10	
𤽢	白	10	
𤽣	白	10	
𤽤	白	10	
𤽥	白	11	
𤽦	白	11	
𤽧	白	11	
𤽨	白	11	
𤽩	白	11	
𤽪	白	11	
𤽫	白	11	
𤽬	白	12	
𤽭	白	12	
𤽮	白	12	
𤽯	白	12	
𤽰	白	12	
𤽱	白	12	
𤽲	白	12	
𤽳	白	12	
𤽴	白	12	
𤽵	白	12	
𤽶	白	12	
𤽷	白	12	
𤽸	白	12	
𤽹	白	13	
𤽺	白	13	
𤽻	白	13	
𤽼	白	13	
𤽽	白	13	
𤽾	白	13	
𤽿	白	13	
𤾀	白	13	
𤾁	白	13	
𤾂	白	13	
𤾃	白	13	
𤾄	白	13	
𤾅	白	13	
𤾆	白	13	
𤾇	白	13	
𤾈	白	14	
𤾉	白	14	
𤾊	白	14	
𤾋	白	14	
𤾌	白	14	
𤾍	白	14	
𤾎	白	14	
𤾏	白	14	
𤾐	白	14	
𤾑	白	14	
𤾒	白	14	
𤾓	白	14	
𤾔	白	15	
𤾕	白	15	
𤾖	白	15	
𤾗	白	15	
𤾘	白	15	
𤾙	白	15	
𤾚	白	15	
𤾛	白	16	
𤾜	白	16	
𤾝	白	16	
𤾞	白	16	
𤾟	白	16	
𤾠	白	17	
𤾡	白	17	
𤾢	白	17	
𤾣	白	17	
𤾤	白	17	
𤾥	白	17	
𤾦	白	17	
𤾧	白	18	
𤾨	白	18	
𤾩	白	18	
𤾪	白	18	
𤾫	白	19	
𤾬	白	19	
𤾭	白	19	
𤾮	白	19	
𤾯	白	19	
𤾰	白	19	
𤾱	白	19	
𤾲	白	19	
𤾳	白	19	
𤾴	白	20	
𤾵	白	20	
𤾶	白	20	
𤾷	白	20	
𤾸	白	21	
𤾹	白	21	
𤾺	白	21	
𤾻	白	22	
𤾼	白	22	
𤾽	白	22	
𤾾	白	23	
𤾿	白	23	
𤿀	白	24	
𤿁	白	24	
𤿂	白	24	
𤿃	白	24	
𤿄	白	25	
𤿅	白	29	
𤿆	皮	7	
𤿇	皮	7	
𤿈	皮	8	
𤿉	皮	8	
𤿊	皮	8	
𤿋	皮	8	
𤿌	皮	8	
𤿍	皮	8	
𤿎	皮	9	
𤿏	皮	9	
𤿐	皮	9	
𤿑	皮	9	
𤿒	皮	9	
𤿓	皮	9	
𤿔	皮	9	
𤿕	皮	10	
𤿖	皮	10	
𤿗	皮	10	
𤿘	皮	10	
𤿙	皮	10	
𤿚	皮	10	
𤿛	皮	10	
𤿜	皮	10	
𤿝	皮	10	
𤿞	皮	10	
𤿟	皮	11	
𤿠	皮	11	
𤿡	皮	11	
𤿢	皮	11	
𤿣	皮	11	
𤿤	皮	11	
𤿥	皮	11	
𤿦	皮	11	
𤿧	皮	12	
𤿨	皮	12	
𤿩	皮	12	
𤿪	皮	12	
𤿫	皮	12	
𤿬	皮	12	
𤿭	皮	12	
𤿮	皮	12	
𤿯	皮	13	
𤿰	皮	12	
𤿱	皮	12	
𤿲	皮	12	
𤿳	皮	13	
𤿴	皮	13	
𤿵	皮	13	
𤿶	皮	13	
𤿷	皮	13	
𤿸	皮	13	
𤿹	皮	13	
𤿺	皮	13	
𤿻	皮	13	
𤿼	皮	13	
𤿽	皮	13	
𤿾	皮	13	
𤿿	皮	13	
𥀀	皮	14	
𥀁	皮	14	
𥀂	皮	14	
𥀃	皮	14	
𥀄	皮	14	
𥀅	皮	14	
𥀆	皮	14	
𥀇	皮	14	
𥀈	皮	14	
𥀉	皮	14	
𥀊	皮	14	
𥀋	皮	14	
𥀌	皮	14	
𥀍	皮	15	
𥀎	皮	15	
𥀏	皮	15	
𥀐	皮	15	
𥀑	皮	15	
𥀒	皮	15	
𥀓	皮	15	
𥀔	皮	16	
𥀕	皮	16	
𥀖	皮	16	
𥀗	皮	16	
𥀘	皮	16	
𥀙	皮	16	
𥀚	皮	16	
𥀛	皮	16	
𥀜	皮	16	
𥀝	皮	16	
𥀞	皮	16	
𥀟	皮	17	
𥀠	皮	17	
𥀡	皮	17	
𥀢	皮	18	
𥀣	皮	18	
𥀤	皮	18	
𥀥	皮	18	
𥀦	皮	18	
𥀧	皮	18	
𥀨	皮	18	
𥀩	皮	18	
𥀪	皮	18	
𥀫	皮	19	
𥀬	皮	19	
𥀭	皮	19	
𥀮	皮	19	
𥀯	皮	20	
𥀰	皮	20	
𥀱	皮	20	
𥀲	皮	20	
𥀳	皮	20	
𥀴	皮	21	
𥀵	皮	21	
𥀶	皮	22	
𥀷	皮	22	
𥀸	皮	22	
𥀹	皮	24	
𥀺	皮	24	
𥀻	鼓	25	
𥀼	鼓	26	
𥀽	鼓	29	
𥀾	鼓	33	
𥀿	皿	7	
𥁀	皿	7	
𥁁	皿	8	
𥁂	皿	8	
𥁃	皿	8	
𥁄	皿	8	
𥁅	皿	8	
𥁆	皿	9	
𥁇	皿	9	
𥁈	皿	9	
𥁉	皿	9	
𥁊	皿	9	
𥁋	皿	9	
𥁌	皿	9	
𥁍	皿	9	
𥁎	皿	10	
𥁏	皿	10	
𥁐	皿	10	
𥁑	皿	10	
𥁒	皿	10	
𥁓	皿	10	
𥁔	皿	10	
𥁕	皿	10	
𥁖	皿	10	
𥁗	皿	10	
𥁘	皿	10	
𥁙	皿	10	
𥁚	皿	10	
𥁛	皿	10	
𥁜	皿	10	
𥁝	皿	10	
𥁞	皿	11	
𥁟	皿	11	
𥁠	皿	11	
𥁡	皿	11	
𥁢	皿	11	
𥁣	皿	11	
𥁤	皿	11	
𥁥	皿	11	
𥁦	皿	11	
𥁧	皿	11	
𥁨	皿	11	
𥁩	皿	11	
𥁪	皿	11	
𥁫	皿	10	
𥁬	皿	12	
𥁭	皿	12	
𥁮	皿	12	
𥁯	皿	12	
𥁰	皿	12	
𥁱	皿	12	
𥁲	皿	12	
𥁳	皿	12	
𥁴	皿	12	
𥁵	皿	12	
𥁶	皿	12	
𥁷	皿	13	
𥁸	皿	13	
𥁹	皿	13	
𥁺	皿	13	
𥁻	皿	13	
𥁼	皿	13	
𥁽	皿	13	
𥁾	皿	13	
𥁿	皿	13	
𥂀	皿	13	
𥂁	皿	13	
𥂂	皿	13	
𥂃	皿	14	
𥂄	皿	14	
𥂅	皿	14	
𥂆	皿	14	
𥂇	皿	15	
𥂈	皿	15	
𥂉	皿	15	
𥂊	皿	15	
𥂋	皿	15	
𥂌	皿	15	
𥂍	皿	15	
𥂎	皿	15	
𥂏	皿	15	
𥂐	皿	15	
𥂑	皿	15	
𥂒	皿	15	
𥂓	皿	16	
𥂔	皿	16	
𥂕	皿	16	
𥂖	皿	16	
𥂗	皿	16	
𥂘	皿	16	
𥂙	皿	16	
𥂚	皿	16	
𥂛	皿	16	
𥂜	皿	16	
𥂝	皿	16	
𥂞	皿	16	
𥂟	皿	16	
𥂠	皿	16	
𥂡	皿	16	
𥂢	皿	16	
𥂣	皿	16	
𥂤	皿	16	
𥂥	皿	17	
𥂦	皿	17	
𥂧	皿	17	
𥂨	皿	17	
𥂩	皿	17	
𥂪	皿	17	
𥂫	皿	17	
𥂬	皿	17	
𥂭	皿	17	
𥂮	皿	17	
𥂯	皿	17	
𥂰	皿	17	
𥂱	皿	17	
𥂲	皿	17	
𥂳	冫	17	
𥂴	皿	17	
𥂵	皿	17	
𥂶	皿	17	
𥂷	皿	17	
𥂸	皿	18	
𥂹	皿	18	
𥂺	皿	18	
𥂻	皿	19	
𥂼	皿	18	
𥂽	皿	18	
𥂾	皿	18	
𥂿	皿	18	
𥃀	皿	18	
𥃁	皿	19	
𥃂	皿	19	
𥃃	皿	19	
𥃄	皿	19	
𥃅	皿	19	
𥃆	皿	19	
𥃇	皿	20	
𥃈	皿	20	
𥃉	皿	20	
𥃊	皿	20	
𥃋	皿	20	
𥃌	皿	20	
𥃍	皿	20	
𥃎	皿	20	
𥃏	皿	20	
𥃐	皿	20	
𥃑	皿	20	
𥃒	皿	21	
𥃓	皿	22	
𥃔	皿	22	
𥃕	皿	22	
𥃖	皿	22	
𥃗	皿	22	
𥃘	皿	23	
𥃙	皿	23	
𥃚	皿	24	
𥃛	皿	24	
𥃜	皿	24	
𥃝	皿	24	
𥃞	皿	23	
𥃟	皿	25	
𥃠	皿	25	
𥃡	皿	26	
𥃢	皿	30	
𥃣	皿	33	
𥃤	目	6	
𥃥	目	6	
𥃦	目	7	
𥃧	目	7	
𥃨	目	7	
𥃩	目	7	
𥃪	目	7	
𥃫	目	7	
𥃬	目	7	
𥃭	目	7	
𥃮	目	7	
𥃯	目	7	
𥃰	目	7	
𥃱	目	7	
𥃲	目	8	
𥃳	目	8	
𥃴	目	8	
𥃵	目	8	
𥃶	目	8	
𥃷	目	8	
𥃸	目	8	
𥃹	目	8	
𥃺	目	8	
𥃻	目	8	
𥃼	目	8	
𥃽	目	8	
𥃾	目	8	
𥃿	目	8	
𥄀	目	8	
𥄁	目	8	
𥄂	目	8	
𥄃	目	9	
𥄄	目	9	
𥄅	目	9	
𥄆	目	9	
𥄇	目	9	
𥄈	目	9	
𥄉	目	9	
𥄊	目	9	
𥄋	目	9	
𥄌	目	9	
𥄍	目	9	
𥄎	目	9	
𥄏	目	9	
𥄐	目	9	
𥄑	目	9	
𥄒	目	9	
𥄓	目	9	
𥄔	目	9	
𥄕	目	9	
𥄖	目	9	
𥄗	目	9	
𥄘	目	9	
𥄙	目	9	
𥄚	目	9	
𥄛	目	9	
𥄜	目	9	
𥄝	目	9	
𥄞	目	9	
𥄟	目	9	
𥄠	目	9	
𥄡	目	9	
𥄢	目	9	
𥄣	目	9	
𥄤	目	9	
𥄥	目	9	
𥄦	目	9	
𥄧	目	9	
𥄨	目	9	
𥄩	目	9	
𥄪	目	9	
𥄫	目	9	
𥄬	目	9	
𥄭	目	9	
𥄮	目	9	
𥄯	目	9	
𥄰	目	9	
𥄱	目	10	
𥄲	目	10	
𥄳	目	10	
𥄴	目	10	
𥄵	目	10	
𥄶	目	10	
𥄷	目	10	
𥄸	目	10	
𥄹	目	10	
𥄺	目	10	
𥄻	目	10	
𥄼	目	10	
𥄽	目	10	
𥄾	目	10	
𥄿	目	10	
𥅀	目	10	
𥅁	目	10	
𥅂	目	10	
𥅃	目	10	
𥅄	目	10	
𥅅	目	10	
𥅆	目	10	
𥅇	目	10	
𥅈	目	10	
𥅉	目	10	
𥅊	目	10	
𥅋	目	10	
𥅌	目	10	
𥅍	目	10	
𥅎	目	10	
𥅏	目	10	
𥅐	目	10	
𥅑	目	10	
𥅒	目	10	
𥅓	目	10	
𥅔	目	10	
𥅕	目	10	
𥅖	目	10	
𥅗	目	10	
𥅘	目	10	
𥅙	目	10	
𥅚	目	11	
𥅛	目	11	
𥅜	目	11	
𥅝	目	11	
𥅞	目	11	
𥅟	目	11	
𥅠	目	11	
𥅡	目	11	
𥅢	目	11	
𥅣	目	11	
𥅤	目	11	
𥅥	目	11	
𥅦	目	11	
𥅧	目	11	
𥅨	目	11	
𥅩	目	11	
𥅪	目	11	
𥅫	目	11	
𥅬	目	11	
𥅭	目	11	
𥅮	目	11	
𥅯	目	11	
𥅰	目	11	
𥅱	目	11	
𥅲	目	11	
𥅳	目	11	
𥅴	目	11	
𥅵	目	11	
𥅶	目	11	
𥅷	目	11	
𥅸	目	11	
𥅹	目	11	
𥅺	目	11	
𥅻	目	11	
𥅼	目	11	
𥅽	目	11	
𥅾	目	11	
𥅿	目	11	
𥆀	目	11	
𥆁	目	11	
𥆂	目	11	
𥆃	目	11	
𥆄	目	11	
𥆅	目	11	
𥆆	目	11	
𥆇	目	11	
𥆈	目	11	
𥆉	目	11	
𥆊	目	12	
𥆋	目	12	
𥆌	目	12	
𥆍	目	12	
𥆎	目	12	
𥆏	目	12	
𥆐	目	12	
𥆑	目	12	
𥆒	目	12	
𥆓	目	12	
𥆔	目	12	
𥆕	目	12	
𥆖	目	12	
𥆗	目	12	
𥆘	目	12	
𥆙	目	12	
𥆚	目	12	
𥆛	目	12	
𥆜	目	12	
𥆝	目	12	
𥆞	目	12	
𥆟	目	12	
𥆠	目	12	
𥆡	目	12	
𥆢	目	12	
𥆣	目	12	
𥆤	目	12	
𥆥	目	12	
𥆦	目	12	
𥆧	目	12	
𥆨	目	12	
𥆩	目	12	
𥆪	目	12	
𥆫	目	12	
𥆬	目	12	
𥆭	目	12	
𥆮	目	12	
𥆯	目	12	
𥆰	目	12	
𥆱	目	12	
𥆲	目	12	
𥆳	目	12	
𥆴	目	12	
𥆵	目	12	
𥆶	目	12	
𥆷	目	12	
𥆸	目	12	
𥆹	目	12	
𥆺	目	12	
𥆻	目	12	
𥆼	目	12	
𥆽	目	12	
𥆾	目	12	
𥆿	目	12	
𥇀	目	12	
𥇁	目	12	
𥇂	目	12	
𥇃	目	12	
𥇄	目	12	
𥇅	目	13	
𥇆	目	12	
𥇇	目	12	
𥇈	目	12	
𥇉	目	13	
𥇊	目	13	
𥇋	目	13	
𥇌	目	13	
𥇍	目	13	
𥇎	目	13	
𥇏	目	13	
𥇐	目	13	
𥇑	目	13	
𥇒	目	13	
𥇓	目	13	
𥇔	目	13	
𥇕	目	13	
𥇖	目	13	
𥇗	目	13	
𥇘	目	13	
𥇙	目	13	
𥇚	目	13	
𥇛	目	13	
𥇜	目	13	
𥇝	目	13	
𥇞	目	13	
𥇟	目	13	
𥇠	目	13	
𥇡	目	13	
𥇢	目	13	
𥇣	目	13	
𥇤	目	13	
𥇥	目	13	
𥇦	目	13	
𥇧	目	13	
𥇨	目	13	
𥇩	目	13	
𥇪	目	13	
𥇫	目	12	
𥇬	目	13	
𥇭	目	13	
𥇮	目	13	
𥇯	目	13	
𥇰	目	13	
𥇱	目	13	
𥇲	目	13	
𥇳	目	13	
𥇴	斤	13	
𥇵	目	13	
𥇶	目	13	
𥇷	目	13	
𥇸	目	13	
𥇹	目	13	
𥇺	目	13	
𥇻	目	13	
𥇼	目	13	
𥇽	目	13	
𥇾	目	13	
𥇿	目	13	
𥈀	目	13	
𥈁	目	13	
𥈂	目	14	
𥈃	目	14	
𥈄	目	14	
𥈅	目	14	
𥈆	目	14	
𥈇	目	14	
𥈈	目	14	
𥈉	目	14	
𥈊	目	14	
𥈋	目	14	
𥈌	目	14	
𥈍	目	14	
𥈎	目	14	
𥈏	目	14	
𥈐	目	14	
𥈑	目	14	
𥈒	目	14	
𥈓	目	14	
𥈔	目	14	
𥈕	目	14	
𥈖	目	14	
𥈗	目	14	
𥈘	目	14	
𥈙	目	14	
𥈚	目	14	
𥈛	目	14	
𥈜	目	14	
𥈝	目	14	
𥈞	目	14	
𥈟	目	14	
𥈠	目	14	
𥈡	目	14	
𥈢	目	14	
𥈣	目	14	
𥈤	目	14	
𥈥	目	14	
𥈦	目	14	
𥈧	目	14	
𥈨	目	14	
𥈩	目	14	
𥈪	目	14	
𥈫	目	14	
𥈬	目	14	
𥈭	目	14	
𥈮	目	14	
𥈯	目	14	
𥈰	目	14	
𥈱	目	14	
𥈲	目	14	
𥈳	目	14	
𥈴	目	14	
𥈵	目	14	
𥈶	目	14	
𥈷	目	14	
𥈸	目	14	
𥈹	目	14	
𥈺	目	14	
𥈻	目	14	
𥈼	目	15	
𥈽	目	15	
𥈾	目	15	
𥈿	目	15	
𥉀	目	15	
𥉁	目	15	
𥉂	目	15	
𥉃	目	15	
𥉄	目	15	
𥉅	目	15	
𥉆	目	15	
𥉇	目	15	
𥉈	目	15	
𥉉	目	15	
𥉊	目	15	
𥉋	目	15	
𥉌	目	15	
𥉍	目	15	
𥉎	目	15	
𥉏	目	15	
𥉐	目	15	
𥉑	目	15	
𥉒	目	15	
𥉓	目	15	
𥉔	目	15	
𥉕	目	15	
𥉖	目	15	
𥉗	目	15	
𥉘	目	15	
𥉙	目	15	
𥉚	目	15	
𥉛	目	15	
𥉜	目	15	
𥉝	目	15	
𥉞	目	15	
𥉟	目	15	
𥉠	目	15	
𥉡	目	15	
𥉢	目	15	
𥉣	目	15	
𥉤	目	15	
𥉥	目	15	
𥉦	目	15	
𥉧	目	15	
𥉨	目	15	
𥉩	目	15	
𥉪	目	15	
𥉫	目	15	
𥉬	目	15	
𥉭	目	15	
𥉮	目	15	
𥉯	目	15	
𥉰	目	15	
𥉱	目	15	
𥉲	目	15	
𥉳	目	15	
𥉴	目	16	
𥉵	目	16	
𥉶	目	16	
𥉷	目	16	
𥉸	目	16	
𥉹	目	16	
𥉺	目	16	
𥉻	目	16	
𥉼	目	16	
𥉽	目	16	
𥉾	目	16	
𥉿	目	16	
𥊀	目	16	
𥊁	目	16	
𥊂	目	16	
𥊃	目	16	
𥊄	目	16	
𥊅	目	16	
𥊆	目	16	
𥊇	目	15	
𥊈	目	16	
𥊉	目	16	
𥊊	目	16	
𥊋	目	16	
𥊌	目	16	
𥊍	目	16	
𥊎	目	16	
𥊏	目	16	
𥊐	目	16	
𥊑	目	16	
𥊒	目	16	
𥊓	目	16	
𥊔	目	16	
𥊕	目	16	
𥊖	目	16	
𥊗	目	16	
𥊘	目	16	
𥊙	目	16	
𥊚	目	16	
𥊛	目	16	
𥊜	目	16	
𥊝	目	16	
𥊞	目	16	
𥊟	目	16	
𥊠	目	16	
𥊡	目	16	
𥊢	目	16	
𥊣	目	16	
𥊤	目	16	
𥊥	目	16	
𥊦	目	16	
𥊧	目	16	
𥊨	目	16	
𥊩	目	16	
𥊪	目	17	
𥊫	目	17	
𥊬	目	17	
𥊭	目	17	
𥊮	目	17	
𥊯	目	17	
𥊰	目	17	
𥊱	目	17	
𥊲	目	17	
𥊳	目	17	
𥊴	目	17	
𥊵	目	17	
𥊶	目	17	
𥊷	目	17	
𥊸	目	17	
𥊹	目	17	
𥊺	目	17	
𥊻	目	17	
𥊼	目	17	
𥊽	目	17	
𥊾	目	17	
𥊿	目	17	
𥋀	目	17	
𥋁	目	17	
𥋂	目	17	
𥋃	目	17	
𥋄	目	17	
𥋅	目	17	
𥋆	目	17	
𥋇	目	17	
𥋈	目	17	
𥋉	目	17	
𥋊	目	17	
𥋋	目	17	
𥋌	目	17	
𥋍	目	17	
𥋎	目	17	
𥋏	目	17	
𥋐	目	17	
𥋑	目	17	
𥋒	目	17	
𥋓	目	17	
𥋔	目	17	
𥋕	目	17	
𥋖	目	16	
𥋗	目	17	
𥋘	目	18	
𥋙	目	18	
𥋚	目	18	
𥋛	目	18	
𥋜	目	18	
𥋝	目	18	
𥋞	目	18	
𥋟	目	18	
𥋠	目	18	
𥋡	目	18	
𥋢	目	18	
𥋣	目	18	
𥋤	目	18	
𥋥	目	18	
𥋦	目	18	
𥋧	目	18	
𥋨	目	18	
𥋩	目	18	
𥋪	目	18	
𥋫	目	18	
𥋬	目	18	
𥋭	目	18	
𥋮	目	18	
𥋯	目	18	
𥋰	目	18	
𥋱	目	18	
𥋲	目	18	
𥋳	目	18	
𥋴	目	18	
𥋵	目	18	
𥋶	目	18	
𥋷	目	18	
𥋸	目	18	
𥋹	目	18	
𥋺	目	18	
𥋻	目	18	
𥋼	目	18	
𥋽	目	18	
𥋾	目	18	
𥋿	目	19	
𥌀	目	19	
𥌁	目	19	
𥌂	目	19	
𥌃	目	19	
𥌄	目	19	
𥌅	目	19	
𥌆	目	19	
𥌇	目	19	
𥌈	目	19	
𥌉	目	19	
𥌊	目	19	
𥌋	目	19	
𥌌	目	19	
𥌍	目	19	
𥌎	目	19	
𥌏	目	19	
𥌐	目	19	
𥌑	目	19	
𥌒	目	19	
𥌓	目	19	
𥌔	目	19	
𥌕	革	19	
𥌖	目	19	
𥌗	目	19	
𥌘	目	19	
𥌙	目	19	
𥌚	目	20	
𥌛	目	20	
𥌜	目	20	
𥌝	目	20	
𥌞	目	20	
𥌟	目	20	
𥌠	目	20	
𥌡	目	20	
𥌢	目	20	
𥌣	目	20	
𥌤	目	20	
𥌥	目	20	
𥌦	目	20	
𥌧	目	20	
𥌨	目	20	
𥌩	目	20	
𥌪	目	20	
𥌫	目	20	
𥌬	目	20	
𥌭	目	21	
𥌮	目	21	
𥌯	目	21	
𥌰	目	21	
𥌱	目	21	
𥌲	目	21	
𥌳	目	21	
𥌴	目	21	
𥌵	目	21	
𥌶	目	21	
𥌷	目	21	
𥌸	目	21	
𥌹	目	21	
𥌺	目	22	
𥌻	目	22	
𥌼	目	22	
𥌽	目	22	
𥌾	目	22	
𥌿	目	22	
𥍀	目	22	
𥍁	目	22	
𥍂	目	21	
𥍃	目	22	
𥍄	見	22	
𥍅	目	22	
𥍆	目	22	
𥍇	目	22	
𥍈	目	23	
𥍉	目	23	
𥍊	目	23	
𥍋	目	23	
𥍌	目	23	
𥍍	目	23	
𥍎	目	23	
𥍏	目	24	
𥍐	目	24	
𥍑	目	24	
𥍒	目	24	
𥍓	目	25	
𥍔	目	26	
𥍕	目	26	
𥍖	目	26	
𥍗	目	26	
𥍘	目	26	
𥍙	目	27	
𥍚	目	27	
𥍛	目	28	
𥍜	目	29	
𥍝	矛	6	
𥍞	矛	8	
𥍟	矛	9	
𥍠	矛	9	
𥍡	矛	10	
𥍢	矛	10	
𥍣	矛	10	
𥍤	矛	10	
𥍥	矛	10	
𥍦	矛	10	
𥍧	矛	11	
𥍨	矛	11	
𥍩	矛	11	
𥍪	矛	12	
𥍫	矛	12	
𥍬	矛	12	
𥍭	矛	12	
𥍮	矛	12	
𥍯	矛	12	
𥍰	矛	12	
𥍱	矛	12	
𥍲	矛	13	
𥍳	矛	13	
𥍴	矛	13	
𥍵	矛	13	
𥍶	矛	14	
𥍷	矛	14	
𥍸	矛	14	
𥍹	矛	14	
𥍺	矛	14	
𥍻	矛	14	
𥍼	矛	14	
𥍽	矛	14	
𥍾	矛	14	
𥍿	矛	14	
𥎀	矛	14	
𥎁	矛	14	
𥎂	矛	15	
𥎃	矛	15	
𥎄	矛	15	
𥎅	矛	15	
𥎆	矛	15	
𥎇	矛	15	
𥎈	矛	15	
𥎉	矛	15	
𥎊	矛	16	
𥎋	矛	16	
𥎌	矛	16	
𥎍	矛	16	
𥎎	矛	18	
𥎏	矛	17	
𥎐	矛	17	
𥎑	矛	17	
𥎒	矛	17	
𥎓	矛	18	
𥎔	矛	18	
𥎕	矛	18	
𥎖	矛	19	
𥎗	矛	19	
𥎘	矛	19	
𥎙	矛	19	
𥎚	矛	19	
𥎛	矛	19	
𥎜	矛	19	
𥎝	矛	21	
𥎞	矛	20	
𥎟	矛	20	
𥎠	矛	20	
𥎡	矛	23	
𥎢	矛	23	
𥎣	矛	23	
𥎤	矛	35	
𥎥	矛	36	
𥎦	矢	7	
𥎧	矢	7	
𥎨	矢	8	
𥎩	矢	9	
𥎪	矢	9	
𥎫	矢	9	
𥎬	矢	9	
𥎭	矢	9	
𥎮	矢	9	
𥎯	矢	9	
𥎰	矢	10	
𥎱	矢	10	
𥎲	矢	10	
𥎳	矢	10	
𥎴	矢	10	
𥎵	矢	10	
𥎶	矢	10	
𥎷	矢	10	
𥎸	矢	10	
𥎹	矢	11	
𥎺	矢	11	
𥎻	矢	11	
𥎼	矢	11	
𥎽	矢	11	
𥎾	矢	11	
𥎿	矢	11	
𥏀	矢	11	
𥏁	矢	11	
𥏂	矢	11	
𥏃	矢	11	
𥏄	矢	11	
𥏅	矢	11	
𥏆	矢	11	
𥏇	矢	11	
𥏈	矢	11	
𥏉	矢	11	
𥏊	矢	11	
𥏋	矢	11	
𥏌	矢	11	
𥏍	矢	11	
𥏎	矢	12	
𥏏	矢	12	
𥏐	矢	12	
𥏑	矢	12	
𥏒	矢	12	
𥏓	矢	12	
𥏔	矢	12	
𥏕	矢	12	
𥏖	矢	12	
𥏗	矢	12	
𥏘	矢	13	
𥏙	矢	13	
𥏚	矢	13	
𥏛	矢	13	
𥏜	矢	13	
𥏝	矢	13	
𥏞	矢	13	
𥏟	矢	13	
𥏠	矢	13	
𥏡	矢	13	
𥏢	矢	13	
𥏣	矢	13	
𥏤	矢	13	
𥏥	矢	13	
𥏦	矢	13	
𥏧	矢	13	
𥏨	矢	13	
𥏩	矢	13	
𥏪	矢	14	
𥏫	矢	14	
𥏬	矢	14	
𥏭	矢	14	
𥏮	矢	14	
𥏯	矢	14	
𥏰	矢	14	
𥏱	矢	14	
𥏲	矢	15	
𥏳	矢	15	
𥏴	矢	15	
𥏵	矢	15	
𥏶	矢	15	
𥏷	矢	15	
𥏸	矢	15	
𥏹	矢	15	
𥏺	矢	15	
𥏻	矢	16	
𥏼	矢	16	
𥏽	矢	16	
𥏾	矢	16	
𥏿	矢	16	
𥐀	矢	17	
𥐁	矢	17	
𥐂	矢	17	
𥐃	矢	17	
𥐄	矢	17	
𥐅	矢	17	
𥐆	矢	17	
𥐇	矢	18	
𥐈	矢	18	
𥐉	矢	18	
𥐊	矢	18	
𥐋	矢	18	
𥐌	矢	19	
𥐍	矢	19	
𥐎	矢	19	
𥐏	矢	19	
𥐐	矢	23	
𥐑	矢	22	
𥐒	矢	22	
𥐓	矢	23	
𥐔	矢	23	
𥐕	石	6	
𥐖	石	6	
𥐗	石	7	
𥐘	石	7	
𥐙	石	7	
𥐚	石	7	
𥐛	石	7	
𥐜	石	7	
𥐝	石	8	
𥐞	石	8	
𥐟	石	8	
𥐠	石	8	
𥐡	石	8	
𥐢	石	8	
𥐣	石	8	
𥐤	石	8	
𥐥	石	8	
𥐦	石	8	
𥐧	石	8	
𥐨	石	8	
𥐩	石	9	
𥐪	石	9	
𥐫	石	9	
𥐬	石	9	
𥐭	石	9	
𥐮	石	9	
𥐯	石	9	
𥐰	石	9	
𥐱	石	9	
𥐲	石	9	
𥐳	石	9	
𥐴	石	9	
𥐵	石	9	
𥐶	石	9	
𥐷	石	9	
𥐸	石	9	
𥐹	石	9	
𥐺	石	9	
𥐻	石	9	
𥐼	石	9	
𥐽	石	9	
𥐾	石	9	
𥐿	石	9	
𥑀	石	9	
𥑁	石	9	
𥑂	石	9	
𥑃	石	9	
𥑄	石	9	
𥑅	石	9	
𥑆	石	10	
𥑇	石	10	
𥑈	石	10	
𥑉	石	10	
𥑊	石	10	
𥑋	石	10	
𥑌	石	10	
𥑍	石	10	
𥑎	石	10	
𥑏	石	10	
𥑐	石	10	
𥑑	石	10	
𥑒	石	10	
𥑓	石	10	
𥑔	石	10	
𥑕	石	10	
𥑖	石	10	
𥑗	石	10	
𥑘	石	10	
𥑙	石	10	
𥑚	石	10	
𥑛	石	10	
𥑜	石	10	
𥑝	石	10	
𥑞	石	10	
𥑟	石	10	
𥑠	石	10	
𥑡	石	10	
𥑢	石	10	
𥑣	石	10	
𥑤	石	10	
𥑥	石	10	
𥑦	石	10	
𥑧	石	10	
𥑨	石	10	
𥑩	石	10	
𥑪	石	10	
𥑫	石	10	
𥑬	石	10	
𥑭	石	10	
𥑮	石	10	
𥑯	石	10	
𥑰	石	10	
𥑱	石	10	
𥑲	石	10	
𥑳	石	11	
𥑴	石	11	
𥑵	石	11	
𥑶	石	11	
𥑷	石	11	
𥑸	石	11	
𥑹	石	11	
𥑺	石	11	
𥑻	石	11	
𥑼	石	11	
𥑽	石	11	
𥑾	石	11	
𥑿	石	11	
𥒀	石	11	
𥒁	石	11	
𥒂	石	11	
𥒃	石	11	
𥒄	石	11	
𥒅	石	11	
𥒆	石	11	
𥒇	石	11	
𥒈	石	11	
𥒉	石	11	
𥒊	石	11	
𥒋	石	11	
𥒌	石	11	
𥒍	石	11	
𥒎	石	11	
𥒏	石	11	
𥒐	石	11	
𥒑	石	11	
𥒒	石	11	
𥒓	石	11	
𥒔	石	11	
𥒕	石	11	
𥒖	石	11	
𥒗	石	11	
𥒘	石	11	
𥒙	石	11	
𥒚	石	11	
𥒛	石	11	
𥒜	石	11	
𥒝	石	11	
𥒞	石	11	
𥒟	石	11	
𥒠	石	11	
𥒡	石	11	
𥒢	石	11	
𥒣	石	11	
𥒤	石	11	
𥒥	石	11	
𥒦	石	11	
𥒧	石	11	
𥒨	石	11	
𥒩	石	11	
𥒪	石	12	
𥒫	石	12	
𥒬	石	12	
𥒭	石	12	
𥒮	石	12	
𥒯	石	12	
𥒰	石	12	
𥒱	石	12	
𥒲	石	12	
𥒳	石	12	
𥒴	石	12	
𥒵	石	12	
𥒶	石	12	
𥒷	石	12	
𥒸	石	12	
𥒹	石	12	
𥒺	石	12	
𥒻	石	12	
𥒼	石	12	
𥒽	石	12	
𥒾	石	12	
𥒿	石	12	
𥓀	石	12	
𥓁	石	12	
𥓂	石	12	
𥓃	石	12	
𥓄	石	12	
𥓅	石	12	
𥓆	石	12	
𥓇	石	12	
𥓈	石	12	
𥓉	石	12	
𥓊	石	13	
𥓋	石	13	
𥓌	石	13	
𥓍	石	13	
𥓎	石	13	
𥓏	石	13	
𥓐	石	13	
𥓑	石	13	
𥓒	石	13	
𥓓	石	13	
𥓔	石	13	
𥓕	石	13	
𥓖	石	13	
𥓗	石	13	
𥓘	石	13	
𥓙	石	13	
𥓚	石	13	
𥓛	石	13	
𥓜	石	13	
𥓝	石	13	
𥓞	石	13	
𥓟	石	13	
𥓠	石	13	
𥓡	石	13	
𥓢	石	13	
𥓣	石	13	
𥓤	石	13	
𥓥	石	13	
𥓦	石	13	
𥓧	石	13	
𥓨	石	13	
𥓩	石	13	
𥓪	石	13	
𥓫	石	13	
𥓬	石	13	
𥓭	石	13	
𥓮	石	13	
𥓯	石	13	
𥓰	石	13	
𥓱	石	13	
𥓲	石	13	
𥓳	石	13	
𥓴	石	13	
𥓵	石	13	
𥓶	石	13	
𥓷	石	13	
𥓸	石	13	
𥓹	石	13	
𥓺	石	14	
𥓻	石	14	
𥓼	石	14	
𥓽	石	14	
𥓾	石	14	
𥓿	石	14	
𥔀	石	14	
𥔁	石	14	
𥔂	石	14	
𥔃	石	14	
𥔄	石	14	
𥔅	石	14	
𥔆	石	14	
𥔇	石	14	
𥔈	石	14	
𥔉	石	14	
𥔊	石	14	
𥔋	石	14	
𥔌	石	14	
𥔍	石	14	
𥔎	石	14	
𥔏	石	14	
𥔐	石	14	
𥔑	石	14	
𥔒	石	14	
𥔓	石	14	
𥔔	石	14	
𥔕	石	14	
𥔖	石	14	
𥔗	石	14	
𥔘	石	14	
𥔙	石	14	
𥔚	石	14	
𥔛	石	14	
𥔜	石	14	
𥔝	石	14	
𥔞	石	14	
𥔟	石	14	
𥔠	石	14	
𥔡	石	14	
𥔢	石	14	
𥔣	石	14	
𥔤	石	14	
𥔥	石	14	
𥔦	石	14	
𥔧	石	14	
𥔨	石	14	
𥔩	石	14	
𥔪	石	14	
𥔫	石	14	
𥔬	石	14	
𥔭	石	15	
𥔮	石	15	
𥔯	石	15	
𥔰	石	15	
𥔱	石	15	
𥔲	石	15	
𥔳	石	15	
𥔴	石	15	
𥔵	石	15	
𥔶	石	15	
𥔷	石	15	
𥔸	石	15	
𥔹	石	15	
𥔺	石	15	
𥔻	石	15	
𥔼	石	15	
𥔽	石	15	
𥔾	石	15	
𥔿	石	15	
𥕀	石	15	
𥕁	石	15	
𥕂	石	15	
𥕃	石	15	
𥕄	石	15	
𥕅	石	15	
𥕆	石	15	
𥕇	石	15	
𥕈	石	15	
𥕉	石	15	
𥕊	石	15	
𥕋	石	15	
𥕌	石	16	
𥕍	石	16	
𥕎	石	16	
𥕏	石	16	
𥕐	石	16	
𥕑	石	16	
𥕒	石	16	
𥕓	石	16	
𥕔	石	16	
𥕕	石	16	
𥕖	石	16	
𥕗	石	16	
𥕘	石	16	
𥕙	石	16	
𥕚	石	16	
𥕛	石	16	
𥕜	石	16	
𥕝	石	16	
𥕞	石	16	
𥕟	石	16	
𥕠	石	16	
𥕡	石	16	
𥕢	石	16	
𥕣	石	16	
𥕤	石	16	
𥕥	石	16	
𥕦	石	16	
𥕧	石	16	
𥕨	石	16	
𥕩	石	16	
𥕪	石	16	
𥕫	石	16	
𥕬	石	16	
𥕭	石	16	
𥕮	石	16	
𥕯	石	16	
𥕰	石	17	
𥕱	石	17	
𥕲	石	17	
𥕳	石	17	
𥕴	石	17	
𥕵	石	17	
𥕶	石	17	
𥕷	石	17	
𥕸	石	17	
𥕹	石	17	
𥕺	石	17	
𥕻	石	17	
𥕼	石	17	
𥕽	石	17	
𥕾	石	17	
𥕿	石	17	
𥖀	石	17	
𥖁	石	17	
𥖂	石	17	
𥖃	石	17	
𥖄	石	17	
𥖅	石	17	
𥖆	石	17	
𥖇	石	17	
𥖈	石	17	
𥖉	石	17	
𥖊	石	17	
𥖋	石	17	
𥖌	石	17	
𥖍	石	17	
𥖎	石	17	
𥖏	石	17	
𥖐	石	17	
𥖑	石	17	
𥖒	石	17	
𥖓	石	17	
𥖔	石	17	
𥖕	石	17	
𥖖	石	17	
𥖗	石	18	
𥖘	石	18	
𥖙	石	18	
𥖚	石	18	
𥖛	石	18	
𥖜	石	18	
𥖝	石	18	
𥖞	石	18	
𥖟	石	18	
𥖠	石	18	
𥖡	石	18	
𥖢	石	18	
𥖣	石	18	
𥖤	石	18	
𥖥	石	18	
𥖦	石	18	
𥖧	石	18	
𥖨	石	18	
𥖩	石	18	
𥖪	石	19	
𥖫	石	19	
𥖬	石	19	
𥖭	石	19	
𥖮	石	19	
𥖯	石	19	
𥖰	石	19	
𥖱	石	19	
𥖲	石	19	
𥖳	石	19	
𥖴	石	19	
𥖵	石	19	
𥖶	石	19	
𥖷	石	19	
𥖸	石	19	
𥖹	石	19	
𥖺	石	19	
𥖻	石	20	
𥖼	石	20	
𥖽	石	20	
𥖾	石	20	
𥖿	石	20	
𥗀	石	20	
𥗁	石	20	
𥗂	石	20	
𥗃	石	20	
𥗄	石	20	
𥗅	石	20	
𥗆	石	20	
𥗇	石	20	
𥗈	石	20	
𥗉	石	20	
𥗊	石	20	
𥗋	石	20	
𥗌	石	20	
𥗍	石	20	
𥗎	石	20	
𥗏	石	20	
𥗐	石	20	
𥗑	石	20	
𥗒	石	21	
𥗓	石	21	
𥗔	石	21	
𥗕	石	21	
𥗖	石	21	
𥗗	石	21	
𥗘	石	21	
𥗙	石	21	
𥗚	石	21	
𥗛	石	21	
𥗜	石	21	
𥗝	石	22	
𥗞	石	22	
𥗟	石	22	
𥗠	石	22	
𥗡	石	22	
𥗢	石	22	
𥗣	石	22	
𥗤	石	22	
𥗥	石	22	
𥗦	石	22	
𥗧	石	22	
𥗨	石	22	
𥗩	石	22	
𥗪	石	22	
𥗫	石	23	
𥗬	石	23	
𥗭	石	23	
𥗮	石	23	
𥗯	石	23	
𥗰	石	23	
𥗱	石	23	
𥗲	石	23	
𥗳	石	23	
𥗴	石	24	
𥗵	石	24	
𥗶	香	24	
𥗷	石	24	
𥗸	石	24	
𥗹	石	25	
𥗺	石	26	
𥗻	石	26	
𥗼	石	26	
𥗽	石	26	
𥗾	石	27	
𥗿	石	27	
𥘀	石	27	
𥘁	石	28	
𥘂	石	28	
𥘃	石	29	
𥘄	石	34	
𥘅	示	4	
𥘆	示	5	
𥘇	示	6	
𥘈	示	6	
𥘉	示	6	
𥘊	示	6	
𥘋	示	6	
𥘌	示	6	
𥘍	示	7	
𥘎	示	7	
𥘏	示	7	
𥘐	示	7	
𥘑	示	7	
𥘒	示	7	
𥘓	示	7	
𥘔	示	7	
𥘕	示	8	
𥘖	示	8	
𥘗	示	8	
𥘘	示	8	
𥘙	示	8	
𥘚	示	8	
𥘛	示	8	
𥘜	示	8	
𥘝	示	8	
𥘞	示	8	
𥘟	示	8	
𥘠	示	8	
𥘡	示	8	
𥘢	示	8	
𥘣	示	8	
𥘤	示	8	
𥘥	示	8	
𥘦	示	8	
𥘧	示	8	
𥘨	示	8	
𥘩	示	8	
𥘪	示	8	
𥘫	示	9	
𥘬	示	9	
𥘭	示	9	
𥘮	示	9	
𥘯	示	9	
𥘰	示	9	
𥘱	示	9	
𥘲	示	9	
𥘳	示	9	
𥘴	示	9	
𥘵	示	9	
𥘶	示	9	
𥘷	示	9	
𥘸	示	9	
𥘹	示	9	
𥘺	示	9	
𥘻	示	9	
𥘼	示	9	
𥘽	示	9	
𥘾	示	9	
𥘿	示	9	
𥙀	示	9	
𥙁	示	9	
𥙂	示	9	
𥙃	示	9	
𥙄	示	9	
𥙅	示	9	
𥙆	示	9	
𥙇	示	9	
𥙈	示	9	
𥙉	示	9	
𥙊	示	9	
𥙋	示	9	
𥙌	示	9	
𥙍	示	9	
𥙎	示	10	
𥙏	示	10	
𥙐	示	10	
𥙑	示	10	
𥙒	示	10	
𥙓	示	10	
𥙔	示	10	
𥙕	示	10	
𥙖	示	10	
𥙗	示	10	
𥙘	示	10	
𥙙	示	10	
𥙚	示	10	
𥙛	示	10	
𥙜	示	10	
𥙝	示	10	
𥙞	示	10	
𥙟	示	10	
𥙠	示	10	
𥙡	示	10	
𥙢	示	10	
𥙣	示	10	
𥙤	示	10	
𥙥	示	10	
𥙦	示	10	
𥙧	示	10	
𥙨	示	10	
𥙩	示	10	
𥙪	示	10	
𥙫	示	11	
𥙬	示	11	
𥙭	示	11	
𥙮	示	11	
𥙯	示	11	
𥙰	示	11	
𥙱	示	11	
𥙲	示	11	
𥙳	示	11	
𥙴	示	11	
𥙵	示	11	
𥙶	示	11	
𥙷	示	11	
𥙸	示	11	
𥙹	示	11	
𥙺	示	11	
𥙻	示	11	
𥙼	示	11	
𥙽	示	11	
𥙾	示	11	
𥙿	示	11	
𥚀	示	11	
𥚁	示	11	
𥚂	示	11	
𥚃	示	11	
𥚄	示	11	
𥚅	示	11	
𥚆	示	11	
𥚇	示	11	
𥚈	示	12	
𥚉	示	12	
𥚊	示	12	
𥚋	示	12	
𥚌	示	12	
𥚍	示	12	
𥚎	示	12	
𥚏	示	12	
𥚐	示	12	
𥚑	示	12	
𥚒	示	12	
𥚓	示	12	
𥚔	示	12	
𥚕	示	12	
𥚖	示	12	
𥚗	示	12	
𥚘	示	12	
𥚙	示	12	
𥚚	示	12	
𥚛	示	12	
𥚜	示	12	
𥚝	示	12	
𥚞	示	12	
𥚟	示	12	
𥚠	示	12	
𥚡	示	12	
𥚢	示	12	
𥚣	示	12	
𥚤	示	12	
𥚥	示	12	
𥚦	示	13	
𥚧	示	13	
𥚨	示	13	
𥚩	示	13	
𥚪	示	13	
𥚫	示	13	
𥚬	示	13	
𥚭	示	13	
𥚮	示	13	
𥚯	示	13	
𥚰	示	13	
𥚱	示	13	
𥚲	示	13	
𥚳	示	13	
𥚴	示	13	
𥚵	示	13	
𥚶	示	13	
𥚷	示	13	
𥚸	示	13	
𥚹	示	13	
𥚺	示	13	
𥚻	示	13	
𥚼	示	13	
𥚽	示	13	
𥚾	示	13	
𥚿	示	13	
𥛀	示	13	
𥛁	示	13	
𥛂	示	13	
𥛃	示	13	
𥛄	示	13	
𥛅	示	14	
𥛆	示	14	
𥛇	示	14	
𥛈	示	14	
𥛉	示	14	
𥛊	示	14	
𥛋	示	14	
𥛌	示	14	
𥛍	示	14	
𥛎	示	14	
𥛏	示	14	
𥛐	示	14	
𥛑	示	14	
𥛒	示	14	
𥛓	示	14	
𥛔	示	14	
𥛕	示	14	
𥛖	示	14	
𥛗	示	14	
𥛘	示	15	
𥛙	示	15	
𥛚	示	15	
𥛛	示	15	
𥛜	示	15	
𥛝	示	15	
𥛞	示	15	
𥛟	示	15	
𥛠	示	15	
𥛡	示	15	
𥛢	示	15	
𥛣	示	15	
𥛤	示	15	
𥛥	示	15	
𥛦	示	15	
𥛧	示	15	
𥛨	示	15	
𥛩	示	15	
𥛪	示	15	
𥛫	示	15	
𥛬	示	15	
𥛭	示	15	
𥛮	示	16	
𥛯	示	16	
𥛰	示	16	
𥛱	示	16	
𥛲	示	16	
𥛳	示	16	
𥛴	示	16	
𥛵	示	16	
𥛶	示	16	
𥛷	示	16	
𥛸	示	16	
𥛹	示	16	
𥛺	示	16	
𥛻	示	16	
𥛼	示	16	
𥛽	示	16	
𥛾	示	16	
𥛿	示	16	
𥜀	示	16	
𥜁	示	16	
𥜂	示	16	
𥜃	示	17	
𥜄	示	17	
𥜅	示	17	
𥜆	示	17	
𥜇	示	17	
𥜈	示	17	
𥜉	示	17	
𥜊	示	17	
𥜋	示	17	
𥜌	示	17	
𥜍	示	17	
𥜎	示	17	
𥜏	示	17	
𥜐	示	17	
𥜑	示	17	
𥜒	示	18	
𥜓	示	18	
𥜔	示	18	
𥜕	示	18	
𥜖	示	18	
𥜗	示	18	
𥜘	示	18	
𥜙	示	18	
𥜚	示	19	
𥜛	示	19	
𥜜	示	19	
𥜝	示	19	
𥜞	示	19	
𥜟	示	19	
𥜠	示	20	
𥜡	示	20	
𥜢	示	20	
𥜣	示	20	
𥜤	示	20	
𥜥	示	21	
𥜦	示	21	
𥜧	示	21	
𥜨	示	21	
𥜩	示	21	
𥜪	示	22	
𥜫	示	22	
𥜬	示	22	
𥜭	示	22	
𥜮	示	22	
𥜯	示	22	
𥜰	示	23	
𥜱	示	23	
𥜲	示	23	
𥜳	示	23	
𥜴	示	24	
𥜵	示	24	
𥜶	示	25	
𥜷	示	25	
𥜸	示	25	
𥜹	示	26	
𥜺	示	26	
𥜻	禸	5	
𥜼	禸	8	
𥜽	禸	10	
𥜾	禸	11	
𥜿	禸	12	
𥝀	乙	12	
𥝁	禸	12	
𥝂	禸	12	
𥝃	禸	13	
𥝄	禸	14	
𥝅	禸	15	
𥝆	禸	15	
𥝇	禸	15	
𥝈	禸	17	
𥝉	禸	17	
𥝊	禸	21	
𥝋	禸	24	
𥝌	禾	5	
𥝍	禾	6	
𥝎	禾	6	
𥝏	禾	6	
𥝐	禾	7	
𥝑	禾	7	
𥝒	禾	7	
𥝓	禾	7	
𥝔	禾	8	
𥝕	禾	8	
𥝖	禾	8	
𥝗	禾	8	
𥝘	禾	8	
𥝙	禾	8	
𥝚	禾	8	
𥝛	禾	8	
𥝜	禾	8	
𥝝	禾	8	
𥝞	禾	8	
𥝟	禾	8	
𥝠	禾	8	
𥝡	禾	8	
𥝢	禾	8	
𥝣	禾	9	
𥝤	禾	9	
𥝥	禾	9	
𥝦	禾	9	
𥝧	禾	9	
𥝨	禾	9	
𥝩	禾	9	
𥝪	禾	9	
𥝫	禾	9	
𥝬	禾	9	
𥝭	禾	9	
𥝮	禾	9	
𥝯	禾	9	
𥝰	禾	9	
𥝱	禾	9	
𥝲	禾	9	
𥝳	禾	9	
𥝴	禾	9	
𥝵	禾	9	
𥝶	禾	9	
𥝷	禾	9	
𥝸	禾	9	
𥝹	禾	9	
𥝺	禾	9	
𥝻	禾	9	
𥝼	禾	9	
𥝽	禾	9	
𥝾	禾	10	
𥝿	禾	10	
𥞀	禾	10	
𥞁	禾	10	
𥞂	禾	10	
𥞃	禾	10	
𥞄	禾	10	
𥞅	禾	10	
𥞆	禾	10	
𥞇	禾	10	
𥞈	禾	10	
𥞉	禾	10	
𥞊	禾	10	
𥞋	禾	10	
𥞌	禾	10	
𥞍	禾	10	
𥞎	禾	10	
𥞏	禾	10	
𥞐	禾	10	
𥞑	禾	10	
𥞒	禾	10	
𥞓	禾	10	
𥞔	禾	10	
𥞕	禾	10	
𥞖	禾	10	
𥞗	禾	10	
𥞘	禾	11	
𥞙	禾	11	
𥞚	禾	11	
𥞛	禾	11	
𥞜	禾	11	
𥞝	禾	11	
𥞞	禾	11	
𥞟	禾	11	
𥞠	禾	11	
𥞡	禾	11	
𥞢	禾	11	
𥞣	禾	11	
𥞤	禾	11	
𥞥	禾	11	
𥞦	禾	11	
𥞧	禾	11	
𥞨	禾	11	
𥞩	禾	11	
𥞪	禾	11	
𥞫	禾	11	
𥞬	禾	11	
𥞭	禾	11	
𥞮	禾	11	
𥞯	禾	11	
𥞰	禾	11	
𥞱	禾	11	
𥞲	禾	12	
𥞳	禾	12	
𥞴	禾	12	
𥞵	禾	12	
𥞶	禾	12	
𥞷	禾	12	
𥞸	禾	12	
𥞹	禾	12	
𥞺	禾	12	
𥞻	禾	12	
𥞼	禾	12	
𥞽	禾	12	
𥞾	禾	12	
𥞿	禾	12	
𥟀	禾	12	
𥟁	禾	12	
𥟂	禾	12	
𥟃	禾	12	
𥟄	禾	12	
𥟅	禾	11	
𥟆	禾	12	
𥟇	禾	12	
𥟈	禾	12	
𥟉	禾	12	
𥟊	禾	12	
𥟋	禾	12	
𥟌	禾	12	
𥟍	禾	13	
𥟎	禾	13	
𥟏	禾	13	
𥟐	禾	13	
𥟑	禾	13	
𥟒	禾	13	
𥟓	禾	13	
𥟔	禾	13	
𥟕	禾	13	
𥟖	禾	13	
𥟗	禾	13	
𥟘	禾	13	
𥟙	禾	13	
𥟚	禾	13	
𥟛	禾	13	
𥟜	禾	13	
𥟝	禾	13	
𥟞	禾	13	
𥟟	禾	13	
𥟠	禾	13	
𥟡	禾	13	
𥟢	禾	13	
𥟣	禾	13	
𥟤	禾	13	
𥟥	禾	13	
𥟦	禾	13	
𥟧	禾	13	
𥟨	禾	13	
𥟩	禾	13	
𥟪	禾	13	
𥟫	禾	13	
𥟬	禾	13	
𥟭	禾	13	
𥟮	禾	13	
𥟯	禾	13	
𥟰	禾	13	
𥟱	禾	13	
𥟲	禾	13	
𥟳	禾	13	
𥟴	禾	13	
𥟵	禾	13	
𥟶	禾	13	
𥟷	禾	13	
𥟸	禾	13	
𥟹	禾	13	
𥟺	禾	13	
𥟻	禾	13	
𥟼	禾	13	
𥟽	禾	14	
𥟾	禾	14	
𥟿	禾	14	
𥠀	禾	14	
𥠁	禾	14	
𥠂	禾	14	
𥠃	禾	14	
𥠄	禾	14	
𥠅	禾	14	
𥠆	禾	14	
𥠇	禾	14	
𥠈	禾	14	
𥠉	禾	14	
𥠊	禾	14	
𥠋	禾	14	
𥠌	禾	14	
𥠍	禾	14	
𥠎	禾	14	
𥠏	禾	14	
𥠐	禾	14	
𥠑	禾	14	
𥠒	禾	14	
𥠓	禾	14	
𥠔	禾	14	
𥠕	禾	14	
𥠖	禾	14	
𥠗	禾	14	
𥠘	禾	14	
𥠙	禾	14	
𥠚	禾	14	
𥠛	禾	14	
𥠜	禾	14	
𥠝	禾	14	
𥠞	禾	14	
𥠟	禾	14	
𥠠	禾	14	
𥠡	禾	14	
𥠢	禾	14	
𥠣	禾	14	
𥠤	禾	14	
𥠥	禾	14	
𥠦	禾	14	
𥠧	禾	14	
𥠨	禾	14	
𥠩	禾	14	
𥠪	禾	14	
𥠫	禾	14	
𥠬	禾	14	
𥠭	禾	14	
𥠮	禾	14	
𥠯	禾	14	
𥠰	禾	14	
𥠱	禾	15	
𥠲	禾	15	
𥠳	禾	15	
𥠴	禾	15	
𥠵	禾	15	
𥠶	禾	15	
𥠷	禾	15	
𥠸	禾	15	
𥠹	禾	15	
𥠺	禾	15	
𥠻	禾	15	
𥠼	禾	15	
𥠽	禾	15	
𥠾	禾	15	
𥠿	禾	15	
𥡀	禾	15	
𥡁	禾	15	
𥡂	禾	15	
𥡃	禾	15	
𥡄	禾	15	
𥡅	禾	15	
𥡆	禾	15	
𥡇	禾	15	
𥡈	禾	15	
𥡉	禾	15	
𥡊	禾	15	
𥡋	禾	15	
𥡌	禾	15	
𥡍	禾	15	
𥡎	禾	15	
𥡏	禾	15	
𥡐	禾	15	
𥡑	禾	15	
𥡒	禾	15	
𥡓	禾	15	
𥡔	禾	15	
𥡕	禾	15	
𥡖	禾	15	
𥡗	禾	15	
𥡘	禾	15	
𥡙	禾	15	
𥡚	禾	15	
𥡛	禾	15	
𥡜	禾	16	
𥡝	禾	16	
𥡞	禾	16	
𥡟	禾	16	
𥡠	禾	16	
𥡡	禾	16	
𥡢	禾	16	
𥡣	禾	16	
𥡤	禾	16	
𥡥	禾	16	
𥡦	禾	16	
𥡧	禾	16	
𥡨	禾	16	
𥡩	禾	16	
𥡪	禾	16	
𥡫	禾	16	
𥡬	禾	16	
𥡭	禾	16	
𥡮	禾	16	
𥡯	禾	16	
𥡰	禾	16	
𥡱	禾	16	
𥡲	禾	16	
𥡳	禾	16	
𥡴	禾	16	
𥡵	禾	16	
𥡶	禾	16	
𥡷	禾	16	
𥡸	禾	16	
𥡹	禾	16	
𥡺	禾	16	
𥡻	禾	16	
𥡼	禾	16	
𥡽	禾	16	
𥡾	禾	16	
𥡿	禾	16	
𥢀	禾	16	
𥢁	禾	16	
𥢂	禾	16	
𥢃	禾	16	
𥢄	禾	16	
𥢅	禾	16	
𥢆	禾	16	
𥢇	禾	16	
𥢈	禾	16	
𥢉	禾	16	
𥢊	禾	17	
𥢋	禾	17	
𥢌	禾	17	
𥢍	禾	17	
𥢎	禾	17	
𥢏	禾	17	
𥢐	禾	17	
𥢑	禾	17	
𥢒	禾	17	
𥢓	禾	17	
𥢔	禾	17	
𥢕	禾	17	
𥢖	禾	17	
𥢗	禾	17	
𥢘	禾	17	
𥢙	禾	17	
𥢚	禾	17	
𥢛	禾	17	
𥢜	禾	17	
𥢝	禾	17	
𥢞	禾	17	
𥢟	禾	17	
𥢠	禾	17	
𥢡	禾	17	
𥢢	禾	17	
𥢣	禾	17	
𥢤	禾	17	
𥢥	禾	17	
𥢦	禾	17	
𥢧	禾	17	
𥢨	禾	17	
𥢩	禾	17	
𥢪	禾	17	
𥢫	禾	17	
𥢬	禾	17	
𥢭	禾	17	
𥢮	禾	17	
𥢯	禾	17	
𥢰	禾	17	
𥢱	禾	17	
𥢲	禾	17	
𥢳	禾	17	
𥢴	禾	18	
𥢵	禾	18	
𥢶	禾	18	
𥢷	禾	18	
𥢸	禾	18	
𥢹	禾	18	
𥢺	禾	18	
𥢻	禾	18	
𥢼	禾	18	
𥢽	禾	18	
𥢾	禾	18	
𥢿	禾	18	
𥣀	禾	18	
𥣁	禾	18	
𥣂	禾	18	
𥣃	禾	18	
𥣄	禾	18	
𥣅	禾	18	
𥣆	禾	18	
𥣇	禾	18	
𥣈	禾	18	
𥣉	禾	18	
𥣊	禾	19	
𥣋	禾	18	
𥣌	禾	18	
𥣍	禾	18	
𥣎	禾	18	
𥣏	禾	18	
𥣐	禾	18	
𥣑	禾	18	
𥣒	禾	18	
𥣓	禾	18	
𥣔	禾	18	
𥣕	禾	19	
𥣖	禾	19	
𥣗	禾	19	
𥣘	禾	19	
𥣙	禾	19	
𥣚	禾	19	
𥣛	禾	19	
𥣜	禾	19	
𥣝	禾	19	
𥣞	禾	19	
𥣟	禾	19	
𥣠	禾	19	
𥣡	禾	19	
𥣢	禾	20	
𥣣	禾	19	
𥣤	禾	19	
𥣥	禾	19	
𥣦	禾	19	
𥣧	禾	19	
𥣨	禾	20	
𥣩	禾	20	
𥣪	禾	20	
𥣫	禾	20	
𥣬	禾	20	
𥣭	禾	20	
𥣮	禾	20	
𥣯	禾	20	
𥣰	禾	20	
𥣱	禾	20	
𥣲	禾	20	
𥣳	禾	20	
𥣴	禾	20	
𥣵	禾	20	
𥣶	禾	20	
𥣷	里	20	
𥣸	禾	20	
𥣹	禾	20	
𥣺	禾	20	
𥣻	禾	20	
𥣼	禾	20	
𥣽	禾	20	
𥣾	禾	20	
𥣿	禾	20	
𥤀	禾	21	
𥤁	禾	21	
𥤂	禾	21	
𥤃	禾	21	
𥤄	禾	21	
𥤅	禾	21	
𥤆	禾	22	
𥤇	禾	22	
𥤈	禾	22	
𥤉	禾	22	
𥤊	禾	23	
𥤋	禾	23	
𥤌	禾	23	
𥤍	禾	23	
𥤎	禾	23	
𥤏	禾	23	
𥤐	禾	23	
𥤑	禾	23	
𥤒	禾	23	
𥤓	禾	24	
𥤔	木	24	
𥤕	禾	24	
𥤖	禾	24	
𥤗	禾	25	
𥤘	禾	25	
𥤙	禾	25	
𥤚	禾	25	
𥤛	禾	26	
𥤜	禾	26	
𥤝	禾	26	
𥤞	禾	29	
𥤟	禾	29	
𥤠	禾	32	
𥤡	禾	35	
𥤢	穴	5	
𥤣	穴	7	
𥤤	穴	7	
𥤥	穴	7	
𥤦	穴	7	
𥤧	穴	8	
𥤨	穴	8	
𥤩	穴	8	
𥤪	穴	8	
𥤫	穴	8	
𥤬	穴	8	
𥤭	穴	8	
𥤮	穴	8	
𥤯	穴	8	
𥤰	穴	8	
𥤱	穴	8	
𥤲	穴	8	
𥤳	穴	8	
𥤴	穴	9	
𥤵	穴	9	
𥤶	穴	9	
𥤷	穴	9	
𥤸	穴	9	
𥤹	穴	9	
𥤺	穴	9	
𥤻	穴	9	
𥤼	穴	9	
𥤽	穴	9	
𥤾	穴	9	
𥤿	穴	9	
𥥀	穴	9	
𥥁	穴	9	
𥥂	穴	9	
𥥃	穴	9	
𥥄	穴	9	
𥥅	穴	9	
𥥆	穴	9	
𥥇	穴	10	
𥥈	穴	10	
𥥉	穴	10	
𥥊	穴	10	
𥥋	穴	10	
𥥌	穴	10	
𥥍	穴	10	
𥥎	穴	10	
𥥏	穴	10	
𥥐	穴	10	
𥥑	穴	10	
𥥒	穴	10	
𥥓	穴	10	
𥥔	穴	10	
𥥕	穴	10	
𥥖	穴	10	
𥥗	穴	10	
𥥘	穴	10	
𥥙	穴	10	
𥥚	穴	10	
𥥛	穴	10	
𥥜	穴	10	
𥥝	穴	10	
𥥞	穴	10	
𥥟	穴	10	
𥥠	穴	11	
𥥡	穴	11	
𥥢	穴	11	
𥥣	穴	11	
𥥤	穴	11	
𥥥	穴	11	
𥥦	穴	11	
𥥧	穴	11	
𥥨	穴	11	
𥥩	穴	11	
𥥪	穴	11	
𥥫	穴	11	
𥥬	穴	11	
𥥭	穴	11	
𥥮	穴	11	
𥥯	穴	11	
𥥰	穴	11	
𥥱	穴	11	
𥥲	穴	11	
𥥳	穴	11	
𥥴	穴	11	
𥥵	穴	11	
𥥶	穴	12	
𥥷	穴	12	
𥥸	穴	12	
𥥹	穴	12	
𥥺	穴	12	
𥥻	穴	12	
𥥼	穴	12	
𥥽	穴	12	
𥥾	穴	12	
𥥿	穴	12	
𥦀	穴	12	
𥦁	穴	12	
𥦂	穴	12	
𥦃	穴	12	
𥦄	穴	12	
𥦅	穴	12	
𥦆	穴	12	
𥦇	穴	12	
𥦈	穴	12	
𥦉	穴	12	
𥦊	穴	12	
𥦋	穴	12	
𥦌	穴	12	
𥦍	穴	12	
𥦎	穴	12	
𥦏	穴	12	
𥦐	穴	12	
𥦑	穴	12	
𥦒	穴	12	
𥦓	穴	12	
𥦔	穴	12	
𥦕	穴	12	
𥦖	穴	12	
𥦗	穴	12	
𥦘	穴	12	
𥦙	穴	12	
𥦚	穴	12	
𥦛	穴	13	
𥦜	穴	13	
𥦝	穴	13	
𥦞	穴	13	
𥦟	穴	13	
𥦠	穴	13	
𥦡	穴	13	
𥦢	穴	13	
𥦣	穴	13	
𥦤	穴	13	
𥦥	穴	13	
𥦦	穴	13	
𥦧	穴	13	
𥦨	穴	13	
𥦩	穴	13	
𥦪	穴	13	
𥦫	穴	13	
𥦬	穴	13	
𥦭	穴	13	
𥦮	穴	13	
𥦯	穴	13	
𥦰	穴	13	
𥦱	穴	13	
𥦲	穴	13	
𥦳	穴	13	
𥦴	穴	13	
𥦵	穴	13	
𥦶	穴	13	
𥦷	穴	13	
𥦸	穴	14	
𥦹	穴	14	
𥦺	穴	14	
𥦻	穴	14	
𥦼	穴	14	
𥦽	穴	14	
𥦾	穴	14	
𥦿	穴	14	
𥧀	穴	14	
𥧁	穴	14	
𥧂	穴	14	
𥧃	穴	14	
𥧄	穴	14	
𥧅	穴	14	
𥧆	穴	14	
𥧇	穴	14	
𥧈	穴	14	
𥧉	穴	14	
𥧊	穴	14	
𥧋	穴	14	
𥧌	穴	14	
𥧍	穴	14	
𥧎	穴	14	
𥧏	穴	14	
𥧐	穴	15	
𥧑	穴	15	
𥧒	穴	15	
𥧓	穴	15	
𥧔	穴	15	
𥧕	穴	15	
𥧖	穴	15	
𥧗	穴	15	
𥧘	穴	15	
𥧙	穴	15	
𥧚	穴	15	
𥧛	穴	15	
𥧜	穴	15	
𥧝	穴	15	
𥧞	穴	15	
𥧟	穴	15	
𥧠	穴	15	
𥧡	穴	15	
𥧢	耳	15	
𥧣	穴	15	
𥧤	穴	15	
𥧥	穴	15	
𥧦	穴	15	
𥧧	穴	15	
𥧨	穴	15	
𥧩	穴	15	
𥧪	穴	15	
𥧫	穴	15	
𥧬	穴	16	
𥧭	穴	16	
𥧮	穴	16	
𥧯	穴	16	
𥧰	穴	16	
𥧱	穴	16	
𥧲	穴	16	
𥧳	穴	16	
𥧴	穴	16	
𥧵	穴	16	
𥧶	穴	16	
𥧷	穴	16	
𥧸	穴	16	
𥧹	穴	16	
𥧺	穴	16	
𥧻	穴	16	
𥧼	穴	17	
𥧽	穴	16	
𥧾	穴	16	
𥧿	穴	16	
𥨀	穴	16	
𥨁	穴	16	
𥨂	穴	16	
𥨃	穴	16	
𥨄	穴	16	
𥨅	穴	16	
𥨆	穴	16	
𥨇	穴	16	
𥨈	穴	16	
𥨉	穴	16	
𥨊	穴	16	
𥨋	穴	16	
𥨌	穴	17	
𥨍	穴	17	
𥨎	穴	17	
𥨏	穴	17	
𥨐	穴	17	
𥨑	穴	17	
𥨒	穴	17	
𥨓	穴	17	
𥨔	穴	17	
𥨕	穴	17	
𥨖	穴	17	
𥨗	穴	17	
𥨘	穴	17	
𥨙	穴	17	
𥨚	穴	17	
𥨛	穴	17	
𥨜	穴	17	
𥨝	穴	17	
𥨞	穴	17	
𥨟	穴	17	
𥨠	穴	18	
𥨡	穴	18	
𥨢	穴	18	
𥨣	穴	18	
𥨤	穴	18	
𥨥	穴	18	
𥨦	穴	18	
𥨧	穴	18	
𥨨	穴	18	
𥨩	穴	17	
𥨪	穴	19	
𥨫	穴	19	
𥨬	穴	19	
𥨭	穴	19	
𥨮	穴	19	
𥨯	穴	19	
𥨰	穴	20	
𥨱	穴	20	
𥨲	穴	19	
𥨳	穴	20	
𥨴	穴	20	
𥨵	穴	21	
𥨶	穴	20	
𥨷	穴	20	
𥨸	穴	20	
𥨹	穴	20	
𥨺	穴	20	
𥨻	穴	21	
𥨼	穴	21	
𥨽	穴	21	
𥨾	穴	21	
𥨿	穴	21	
𥩀	穴	21	
𥩁	穴	21	
𥩂	穴	21	
𥩃	穴	21	
𥩄	穴	21	
𥩅	穴	21	
𥩆	穴	21	
𥩇	穴	21	
𥩈	穴	21	
𥩉	穴	22	
𥩊	穴	23	
𥩋	穴	23	
𥩌	穴	24	
𥩍	穴	24	
𥩎	穴	25	
𥩏	穴	24	
𥩐	穴	24	
𥩑	穴	24	
𥩒	穴	25	
𥩓	穴	26	
𥩔	穴	29	
𥩕	立	7	
𥩖	立	7	
𥩗	立	8	
𥩘	立	8	
𥩙	立	9	
𥩚	立	9	
𥩛	立	9	
𥩜	立	9	
𥩝	立	9	
𥩞	立	9	
𥩟	立	9	
𥩠	立	10	
𥩡	立	10	
𥩢	立	10	
𥩣	立	10	
𥩤	立	10	
𥩥	立	10	
𥩦	立	10	
𥩧	立	10	
𥩨	立	10	
𥩩	立	10	
𥩪	立	10	
𥩫	立	10	
𥩬	立	10	
𥩭	立	10	
𥩮	立	10	
𥩯	立	10	
𥩰	立	10	
𥩱	立	11	
𥩲	立	11	
𥩳	立	11	
𥩴	立	11	
𥩵	立	11	
𥩶	立	11	
𥩷	立	11	
𥩸	立	11	
𥩹	立	11	
𥩺	立	11	
𥩻	立	11	
𥩼	立	11	
𥩽	立	11	
𥩾	立	12	
𥩿	立	12	
𥪀	立	12	
𥪁	立	12	
𥪂	立	12	
𥪃	立	12	
𥪄	立	12	
𥪅	立	12	
𥪆	立	12	
𥪇	立	12	
𥪈	立	12	
𥪉	立	12	
𥪊	立	13	
𥪋	立	13	
𥪌	立	13	
𥪍	立	13	
𥪎	立	13	
𥪏	立	13	
𥪐	立	13	
𥪑	立	13	
𥪒	立	13	
𥪓	立	13	
𥪔	立	13	
𥪕	立	13	
𥪖	立	13	
𥪗	立	13	
𥪘	立	14	
𥪙	立	14	
𥪚	立	14	
𥪛	立	14	
𥪜	立	14	
𥪝	立	14	
𥪞	立	14	
𥪟	立	14	
𥪠	立	14	
𥪡	立	14	
𥪢	立	14	
𥪣	立	14	
𥪤	立	14	
𥪥	立	15	
𥪦	立	15	
𥪧	立	15	
𥪨	立	15	
𥪩	立	15	
𥪪	立	15	
𥪫	立	15	
𥪬	立	15	
𥪭	立	16	
𥪮	立	16	
𥪯	立	17	
𥪰	立	16	
𥪱	立	16	
𥪲	立	17	
𥪳	立	17	
𥪴	立	17	
𥪵	立	17	
𥪶	立	17	
𥪷	立	17	
𥪸	立	17	
𥪹	立	17	
𥪺	立	19	
𥪻	立	17	
𥪼	立	18	
𥪽	立	18	
𥪾	立	18	
𥪿	立	18	
𥫀	立	18	
𥫁	立	18	
𥫂	日	18	
𥫃	立	18	
𥫄	立	18	
𥫅	立	19	
𥫆	立	19	
𥫇	立	19	
𥫈	立	20	
𥫉	立	20	
𥫊	立	20	
𥫋	立	20	
𥫌	立	20	
𥫍	立	20	
𥫎	立	21	
𥫏	立	21	
𥫐	立	22	
𥫑	立	22	
𥫒	立	25	
𥫓	立	23	
𥫔	立	24	
𥫕	立	25	
𥫖	立	25	
𥫗	竹	6	
𥫘	竹	7	
𥫙	竹	8	
𥫚	竹	8	
𥫛	竹	8	
𥫜	竹	8	
𥫝	竹	9	
𥫞	竹	9	
𥫟	竹	9	
𥫠	竹	9	
𥫡	竹	9	
𥫢	竹	9	
𥫣	竹	9	
𥫤	竹	9	
𥫥	竹	9	
𥫦	竹	9	
𥫧	竹	9	
𥫨	竹	9	
𥫩	竹	9	
𥫪	竹	9	
𥫫	竹	9	
𥫬	竹	9	
𥫭	竹	9	
𥫮	竹	9	
𥫯	竹	10	
𥫰	竹	10	
𥫱	竹	10	
𥫲	竹	10	
𥫳	竹	10	
𥫴	竹	10	
𥫵	竹	10	
𥫶	竹	10	
𥫷	竹	10	
𥫸	竹	10	
𥫹	竹	10	
𥫺	竹	10	
𥫻	竹	10	
𥫼	竹	10	
𥫽	竹	10	
𥫾	竹	10	
𥫿	竹	10	
𥬀	竹	10	
𥬁	竹	10	
𥬂	竹	10	
𥬃	竹	10	
𥬄	竹	10	
𥬅	竹	10	
𥬆	竹	10	
𥬇	竹	10	
𥬈	竹	10	
𥬉	竹	10	
𥬊	竹	10	
𥬋	竹	10	
𥬌	竹	11	
𥬍	竹	11	
𥬎	竹	11	
𥬏	竹	11	
𥬐	竹	11	
𥬑	竹	11	
𥬒	竹	11	
𥬓	竹	11	
𥬔	竹	11	
𥬕	竹	11	
𥬖	竹	11	
𥬗	竹	11	
𥬘	竹	11	
𥬙	竹	11	
𥬚	竹	11	
𥬛	竹	11	
𥬜	竹	11	
𥬝	竹	11	
𥬞	竹	11	
𥬟	竹	11	
𥬠	竹	11	
𥬡	竹	11	
𥬢	竹	11	
𥬣	竹	11	
𥬤	竹	11	
𥬥	竹	11	
𥬦	竹	11	
𥬧	竹	11	
𥬨	竹	11	
𥬩	竹	11	
𥬪	竹	12	
𥬫	竹	12	
𥬬	竹	12	
𥬭	竹	12	
𥬮	竹	12	
𥬯	竹	12	
𥬰	竹	12	
𥬱	竹	12	
𥬲	竹	12	
𥬳	竹	12	
𥬴	竹	12	
𥬵	竹	12	
𥬶	竹	12	
𥬷	竹	12	
𥬸	竹	12	
𥬹	竹	12	
𥬺	竹	12	
𥬻	竹	12	
𥬼	竹	12	
𥬽	竹	12	
𥬾	竹	12	
𥬿	竹	11	
𥭀	竹	12	
𥭁	竹	12	
𥭂	竹	12	
𥭃	竹	12	
𥭄	竹	12	
𥭅	竹	12	
𥭆	竹	12	
𥭇	竹	12	
𥭈	竹	12	
𥭉	竹	12	
𥭊	竹	12	
𥭋	竹	12	
𥭌	竹	12	
𥭍	竹	12	
𥭎	竹	12	
𥭏	竹	12	
𥭐	竹	13	
𥭑	竹	13	
𥭒	竹	13	
𥭓	竹	13	
𥭔	竹	13	
𥭕	竹	13	
𥭖	竹	13	
𥭗	竹	13	
𥭘	竹	13	
𥭙	竹	13	
𥭚	竹	13	
𥭛	竹	13	
𥭜	竹	13	
𥭝	竹	13	
𥭞	竹	13	
𥭟	竹	13	
𥭠	竹	13	
𥭡	竹	13	
𥭢	竹	13	
𥭣	竹	13	
𥭤	竹	13	
𥭥	竹	13	
𥭦	竹	13	
𥭧	竹	13	
𥭨	竹	13	
𥭩	竹	13	
𥭪	竹	13	
𥭫	竹	13	
𥭬	竹	13	
𥭭	竹	13	
𥭮	竹	13	
𥭯	竹	13	
𥭰	竹	13	
𥭱	竹	13	
𥭲	竹	13	
𥭳	竹	13	
𥭴	竹	13	
𥭵	竹	13	
𥭶	竹	13	
𥭷	竹	13	
𥭸	竹	13	
𥭹	竹	13	
𥭺	竹	13	
𥭻	竹	13	
𥭼	竹	13	
𥭽	竹	13	
𥭾	竹	13	
𥭿	竹	13	
𥮀	竹	13	
𥮁	竹	13	
𥮂	竹	13	
𥮃	竹	13	
𥮄	竹	13	
𥮅	竹	13	
𥮆	竹	13	
𥮇	竹	13	
𥮈	竹	13	
𥮉	竹	13	
𥮊	竹	13	
𥮋	竹	13	
𥮌	竹	13	
𥮍	竹	14	
𥮎	竹	14	
𥮏	竹	14	
𥮐	竹	14	
𥮑	竹	14	
𥮒	竹	14	
𥮓	竹	14	
𥮔	竹	14	
𥮕	竹	14	
𥮖	竹	14	
𥮗	竹	14	
𥮘	竹	14	
𥮙	竹	14	
𥮚	竹	14	
𥮛	竹	14	
𥮜	竹	14	
𥮝	竹	14	
𥮞	竹	14	
𥮟	竹	14	
𥮠	竹	14	
𥮡	竹	14	
𥮢	竹	14	
𥮣	竹	14	
𥮤	竹	14	
𥮥	竹	14	
𥮦	竹	14	
𥮧	竹	14	
𥮨	竹	14	
𥮩	竹	14	
𥮪	竹	14	
𥮫	竹	14	
𥮬	竹	14	
𥮭	竹	14	
𥮮	竹	14	
𥮯	竹	14	
𥮰	竹	14	
𥮱	竹	14	
𥮲	竹	14	
𥮳	竹	14	
𥮴	竹	14	
𥮵	竹	14	
𥮶	竹	14	
𥮷	竹	14	
𥮸	竹	14	
𥮹	竹	14	
𥮺	竹	14	
𥮻	竹	14	
𥮼	竹	14	
𥮽	竹	14	
𥮾	竹	14	
𥮿	竹	14	
𥯀	竹	14	
𥯁	竹	14	
𥯂	竹	14	
𥯃	竹	14	
𥯄	竹	14	
𥯅	竹	14	
𥯆	竹	14	
𥯇	竹	14	
𥯈	竹	14	
𥯉	竹	14	
𥯊	竹	14	
𥯋	竹	14	
𥯌	竹	14	
𥯍	竹	14	
𥯎	竹	14	
𥯏	竹	14	
𥯐	竹	14	
𥯑	竹	15	
𥯒	竹	15	
𥯓	竹	15	
𥯔	竹	15	
𥯕	竹	15	
𥯖	竹	15	
𥯗	竹	15	
𥯘	竹	15	
𥯙	竹	15	
𥯚	竹	15	
𥯛	竹	15	
𥯜	竹	15	
𥯝	竹	15	
𥯞	竹	15	
𥯟	竹	15	
𥯠	竹	15	
𥯡	竹	15	
𥯢	竹	15	
𥯣	竹	15	
𥯤	竹	15	
𥯥	竹	15	
𥯦	竹	15	
𥯧	竹	15	
𥯨	竹	15	
𥯩	竹	15	
𥯪	竹	15	
𥯫	竹	15	
𥯬	竹	15	
𥯭	竹	15	
𥯮	竹	15	
𥯯	竹	15	
𥯰	竹	15	
𥯱	竹	15	
𥯲	竹	15	
𥯳	竹	15	
𥯴	竹	15	
𥯵	竹	15	
𥯶	竹	15	
𥯷	竹	15	
𥯸	竹	15	
𥯹	竹	15	
𥯺	竹	15	
𥯻	竹	15	
𥯼	竹	15	
𥯽	竹	15	
𥯾	竹	15	
𥯿	竹	15	
𥰀	竹	15	
𥰁	竹	15	
𥰂	竹	15	
𥰃	竹	15	
𥰄	竹	15	
𥰅	竹	15	
𥰆	竹	15	
𥰇	竹	15	
𥰈	竹	15	
𥰉	竹	15	
𥰊	竹	15	
𥰋	竹	15	
𥰌	竹	15	
𥰍	竹	15	
𥰎	竹	15	
𥰏	竹	15	
𥰐	竹	15	
𥰑	竹	15	
𥰒	竹	15	
𥰓	竹	15	
𥰔	竹	15	
𥰕	竹	15	
𥰖	竹	15	
𥰗	竹	15	
𥰘	竹	16	
𥰙	竹	16	
𥰚	竹	16	
𥰛	竹	16	
𥰜	竹	16	
𥰝	竹	16	
𥰞	竹	16	
𥰟	竹	16	
𥰠	竹	16	
𥰡	竹	16	
𥰢	竹	16	
𥰣	竹	16	
𥰤	竹	16	
𥰥	竹	16	
𥰦	竹	16	
𥰧	竹	16	
𥰨	竹	16	
𥰩	竹	16	
𥰪	竹	16	
𥰫	竹	16	
𥰬	竹	16	
𥰭	竹	16	
𥰮	竹	16	
𥰯	竹	16	
𥰰	竹	16	
𥰱	竹	16	
𥰲	竹	16	
𥰳	竹	16	
𥰴	竹	16	
𥰵	竹	16	
𥰶	竹	16	
𥰷	竹	16	
𥰸	竹	16	
𥰹	竹	16	
𥰺	竹	16	
𥰻	竹	16	
𥰼	竹	16	
𥰽	竹	16	
𥰾	竹	16	
𥰿	竹	16	
𥱀	竹	16	
𥱁	竹	16	
𥱂	竹	16	
𥱃	竹	16	
𥱄	竹	16	
𥱅	竹	16	
𥱆	竹	16	
𥱇	竹	16	
𥱈	竹	16	
𥱉	竹	16	
𥱊	竹	16	
𥱋	竹	16	
𥱌	竹	16	
𥱍	竹	16	
𥱎	竹	16	
𥱏	竹	16	
𥱐	竹	16	
𥱑	竹	16	
𥱒	竹	16	
𥱓	竹	16	
𥱔	竹	16	
𥱕	竹	16	
𥱖	竹	16	
𥱗	竹	16	
𥱘	竹	16	
𥱙	竹	16	
𥱚	竹	16	
𥱛	竹	16	
𥱜	竹	16	
𥱝	竹	16	
𥱞	竹	16	
𥱟	竹	16	
𥱠	竹	16	
𥱡	竹	16	
𥱢	竹	16	
𥱣	竹	16	
𥱤	竹	16	
𥱥	竹	16	
𥱦	竹	16	
𥱧	竹	16	
𥱨	竹	16	
𥱩	竹	16	
𥱪	竹	16	
𥱫	竹	16	
𥱬	竹	16	
𥱭	竹	16	
𥱮	竹	16	
𥱯	竹	16	
𥱰	竹	16	
𥱱	竹	16	
𥱲	竹	16	
𥱳	竹	16	
𥱴	竹	16	
𥱵	竹	17	
𥱶	竹	17	
𥱷	竹	17	
𥱸	竹	17	
𥱹	竹	17	
𥱺	竹	17	
𥱻	竹	17	
𥱼	竹	17	
𥱽	竹	17	
𥱾	竹	17	
𥱿	竹	17	
𥲀	竹	17	
𥲁	竹	17	
𥲂	竹	17	
𥲃	竹	17	
𥲄	竹	17	
𥲅	竹	17	
𥲆	竹	17	
𥲇	竹	17	
𥲈	竹	17	
𥲉	竹	17	
𥲊	竹	17	
𥲋	竹	17	
𥲌	竹	17	
𥲍	竹	17	
𥲎	竹	17	
𥲏	竹	17	
𥲐	竹	17	
𥲑	竹	17	
𥲒	竹	17	
𥲓	竹	17	
𥲔	竹	17	
𥲕	竹	17	
𥲖	竹	17	
𥲗	竹	17	
𥲘	竹	17	
𥲙	竹	17	
𥲚	竹	17	
𥲛	竹	17	
𥲜	竹	17	
𥲝	竹	17	
𥲞	竹	17	
𥲟	竹	17	
𥲠	竹	17	
𥲡	竹	17	
𥲢	竹	17	
𥲣	竹	17	
𥲤	竹	17	
𥲥	竹	17	
𥲦	竹	17	
𥲧	竹	17	
𥲨	竹	17	
𥲩	竹	17	
𥲪	竹	17	
𥲫	竹	17	
𥲬	竹	17	
𥲭	竹	17	
𥲮	竹	17	
𥲯	竹	17	
𥲰	竹	17	
𥲱	竹	17	
𥲲	竹	17	
𥲳	竹	17	
𥲴	竹	17	
𥲵	竹	17	
𥲶	竹	17	
𥲷	竹	17	
𥲸	竹	17	
𥲹	竹	17	
𥲺	竹	17	
𥲻	竹	17	
𥲼	竹	17	
𥲽	竹	17	
𥲾	竹	17	
𥲿	竹	17	
𥳀	竹	17	
𥳁	竹	18	
𥳂	竹	17	
𥳃	竹	17	
𥳄	竹	17	
𥳅	竹	17	
𥳆	竹	18	
𥳇	竹	18	
𥳈	竹	18	
𥳉	竹	18	
𥳊	竹	18	
𥳋	竹	18	
𥳌	竹	18	
𥳍	竹	18	
𥳎	竹	18	
𥳏	竹	18	
𥳐	竹	18	
𥳑	竹	18	
𥳒	竹	18	
𥳓	竹	18	
𥳔	竹	18	
𥳕	竹	18	
𥳖	竹	18	
𥳗	竹	18	
𥳘	竹	18	
𥳙	竹	18	
𥳚	竹	18	
𥳛	竹	18	
𥳜	竹	18	
𥳝	竹	18	
𥳞	竹	18	
𥳟	竹	18	
𥳠	竹	18	
𥳡	竹	18	
𥳢	竹	18	
𥳣	竹	18	
𥳤	竹	18	
𥳥	竹	18	
𥳦	竹	18	
𥳧	竹	18	
𥳨	竹	18	
𥳩	竹	18	
𥳪	竹	18	
𥳫	竹	18	
𥳬	竹	18	
𥳭	竹	18	
𥳮	竹	18	
𥳯	竹	18	
𥳰	竹	18	
𥳱	竹	18	
𥳲	竹	18	
𥳳	竹	18	
𥳴	竹	18	
𥳵	竹	18	
𥳶	竹	18	
𥳷	竹	18	
𥳸	竹	18	
𥳹	竹	18	
𥳺	竹	18	
𥳻	竹	18	
𥳼	竹	18	
𥳽	竹	18	
𥳾	竹	18	
𥳿	竹	18	
𥴀	竹	18	
𥴁	竹	18	
𥴂	竹	18	
𥴃	竹	18	
𥴄	竹	18	
𥴅	竹	18	
𥴆	竹	18	
𥴇	竹	18	
𥴈	竹	18	
𥴉	竹	18	
𥴊	竹	18	
𥴋	竹	18	
𥴌	竹	18	
𥴍	竹	18	
𥴎	竹	17	
𥴏	竹	18	
𥴐	竹	18	
𥴑	竹	18	
𥴒	竹	18	
𥴓	竹	18	
𥴔	竹	18	
𥴕	竹	18	
𥴖	竹	18	
𥴗	竹	18	
𥴘	竹	18	
𥴙	竹	18	
𥴚	竹	18	
𥴛	竹	18	
𥴜	竹	18	
𥴝	竹	18	
𥴞	竹	18	
𥴟	竹	18	
𥴠	竹	18	
𥴡	竹	19	
𥴢	竹	19	
𥴣	竹	19	
𥴤	竹	19	
𥴥	竹	19	
𥴦	竹	19	
𥴧	竹	19	
𥴨	竹	19	
𥴩	竹	19	
𥴪	竹	19	
𥴫	竹	19	
𥴬	竹	19	
𥴭	竹	19	
𥴮	竹	19	
𥴯	竹	19	
𥴰	竹	19	
𥴱	竹	19	
𥴲	竹	19	
𥴳	竹	19	
𥴴	竹	19	
𥴵	竹	19	
𥴶	竹	19	
𥴷	竹	19	
𥴸	竹	19	
𥴹	竹	19	
𥴺	竹	19	
𥴻	竹	19	
𥴼	竹	19	
𥴽	竹	19	
𥴾	竹	19	
𥴿	竹	19	
𥵀	竹	19	
𥵁	竹	19	
𥵂	竹	19	
𥵃	竹	19	
𥵄	竹	19	
𥵅	竹	19	
𥵆	竹	19	
𥵇	竹	19	
𥵈	竹	19	
𥵉	竹	19	
𥵊	竹	19	
𥵋	竹	19	
𥵌	竹	19	
𥵍	竹	19	
𥵎	竹	19	
𥵏	竹	19	
𥵐	竹	19	
𥵑	竹	19	
𥵒	竹	19	
𥵓	竹	19	
𥵔	竹	19	
𥵕	竹	19	
𥵖	竹	19	
𥵗	竹	19	
𥵘	竹	19	
𥵙	竹	19	
𥵚	竹	19	
𥵛	竹	19	
𥵜	竹	20	
𥵝	竹	20	
𥵞	竹	20	
𥵟	竹	20	
𥵠	竹	20	
𥵡	竹	20	
𥵢	竹	20	
𥵣	竹	20	
𥵤	竹	20	
𥵥	竹	20	
𥵦	竹	20	
𥵧	竹	20	
𥵨	竹	20	
𥵩	竹	20	
𥵪	竹	20	
𥵫	竹	20	
𥵬	竹	20	
𥵭	竹	20	
𥵮	竹	20	
𥵯	竹	20	
𥵰	竹	20	
𥵱	竹	20	
𥵲	竹	20	
𥵳	竹	20	
𥵴	竹	20	
𥵵	竹	20	
𥵶	竹	20	
𥵷	竹	20	
𥵸	竹	20	
𥵹	竹	20	
𥵺	竹	20	
𥵻	竹	20	
𥵼	竹	20	
𥵽	竹	20	
𥵾	竹	20	
𥵿	竹	20	
𥶀	竹	20	
𥶁	竹	20	
𥶂	竹	20	
𥶃	竹	20	
𥶄	竹	20	
𥶅	竹	21	
𥶆	竹	21	
𥶇	竹	21	
𥶈	竹	21	
𥶉	竹	21	
𥶊	竹	21	
𥶋	竹	21	
𥶌	竹	21	
𥶍	竹	21	
𥶎	竹	21	
𥶏	竹	21	
𥶐	竹	21	
𥶑	竹	21	
𥶒	竹	21	
𥶓	竹	21	
𥶔	竹	21	
𥶕	竹	21	
𥶖	竹	21	
𥶗	竹	21	
𥶘	竹	21	
𥶙	竹	21	
𥶚	竹	21	
𥶛	竹	21	
𥶜	竹	21	
𥶝	竹	21	
𥶞	竹	21	
𥶟	竹	21	
𥶠	竹	21	
𥶡	竹	21	
𥶢	竹	21	
𥶣	竹	21	
𥶤	竹	21	
𥶥	竹	21	
𥶦	竹	21	
𥶧	竹	21	
𥶨	竹	21	
𥶩	竹	21	
𥶪	竹	21	
𥶫	竹	21	
𥶬	竹	21	
𥶭	竹	21	
𥶮	竹	21	
𥶯	竹	21	
𥶰	竹	21	
𥶱	竹	21	
𥶲	竹	21	
𥶳	竹	21	
𥶴	竹	21	
𥶵	竹	22	
𥶶	竹	22	
𥶷	竹	22	
𥶸	竹	22	
𥶹	竹	22	
𥶺	竹	22	
𥶻	竹	22	
𥶼	竹	22	
𥶽	竹	22	
𥶾	竹	22	
𥶿	竹	22	
𥷀	竹	22	
𥷁	竹	22	
𥷂	竹	22	
𥷃	竹	22	
𥷄	竹	22	
𥷅	竹	22	
𥷆	竹	22	
𥷇	竹	22	
𥷈	竹	22	
𥷉	竹	22	
𥷊	竹	22	
𥷋	竹	22	
𥷌	竹	22	
𥷍	竹	22	
𥷎	竹	22	
𥷏	竹	22	
𥷐	竹	22	
𥷑	竹	22	
𥷒	竹	22	
𥷓	竹	22	
𥷔	竹	23	
𥷕	竹	23	
𥷖	竹	23	
𥷗	竹	23	
𥷘	竹	23	
𥷙	竹	23	
𥷚	竹	23	
𥷛	竹	23	
𥷜	竹	23	
𥷝	竹	23	
𥷞	竹	23	
𥷟	竹	23	
𥷠	竹	23	
𥷡	竹	23	
𥷢	竹	23	
𥷣	竹	23	
𥷤	竹	23	
𥷥	竹	23	
𥷦	竹	23	
𥷧	竹	23	
𥷨	竹	24	
𥷩	竹	24	
𥷪	竹	24	
𥷫	竹	24	
𥷬	竹	24	
𥷭	竹	24	
𥷮	竹	24	
𥷯	竹	24	
𥷰	竹	24	
𥷱	竹	24	
𥷲	竹	24	
𥷳	竹	24	
𥷴	竹	24	
𥷵	竹	24	
𥷶	竹	24	
𥷷	竹	24	
𥷸	竹	24	
𥷹	竹	24	
𥷺	竹	24	
𥷻	竹	24	
𥷼	竹	25	
𥷽	竹	25	
𥷾	竹	25	
𥷿	竹	25	
𥸀	竹	25	
𥸁	竹	25	
𥸂	竹	25	
𥸃	竹	25	
𥸄	竹	25	
𥸅	竹	25	
𥸆	竹	25	
𥸇	竹	25	
𥸈	竹	26	
𥸉	竹	26	
𥸊	竹	26	
𥸋	竹	26	
𥸌	竹	26	
𥸍	竹	26	
𥸎	竹	26	
𥸏	竹	26	
𥸐	竹	27	
𥸑	竹	27	
𥸒	竹	27	
𥸓	竹	27	
𥸔	竹	27	
𥸕	竹	27	
𥸖	竹	27	
𥸗	竹	28	
𥸘	竹	29	
𥸙	竹	29	
𥸚	竹	28	
𥸛	竹	28	
𥸜	竹	28	
𥸝	竹	28	
𥸞	竹	29	
𥸟	竹	29	
𥸠	竹	29	
𥸡	竹	30	
𥸢	竹	30	
𥸣	竹	31	
𥸤	竹	32	
𥸥	米	7	
𥸦	米	7	
𥸧	米	8	
𥸨	米	8	
𥸩	米	8	
𥸪	米	8	
𥸫	米	9	
𥸬	米	9	
𥸭	米	9	
𥸮	米	9	
𥸯	米	9	
𥸰	米	9	
𥸱	米	9	
𥸲	米	9	
𥸳	米	10	
𥸴	米	10	
𥸵	米	10	
𥸶	米	10	
𥸷	米	10	
𥸸	米	10	
𥸹	米	10	
𥸺	米	10	
𥸻	米	10	
𥸼	米	10	
𥸽	米	10	
𥸾	米	10	
𥸿	米	10	
𥹀	米	10	
𥹁	米	11	
𥹂	米	11	
𥹃	米	11	
𥹄	米	11	
𥹅	米	11	
𥹆	米	11	
𥹇	米	11	
𥹈	米	11	
𥹉	米	11	
𥹊	米	11	
𥹋	米	11	
𥹌	米	11	
𥹍	米	11	
𥹎	米	11	
𥹏	米	11	
𥹐	米	11	
𥹑	米	11	
𥹒	米	11	
𥹓	米	11	
𥹔	米	11	
𥹕	米	11	
𥹖	米	11	
𥹗	米	12	
𥹘	米	11	
𥹙	米	11	
𥹚	米	12	
𥹛	米	12	
𥹜	米	12	
𥹝	米	12	
𥹞	米	12	
𥹟	米	12	
𥹠	米	12	
𥹡	米	12	
𥹢	米	12	
𥹣	米	12	
𥹤	米	12	
𥹥	米	12	
𥹦	米	12	
𥹧	米	12	
𥹨	米	12	
𥹩	米	12	
𥹪	米	12	
𥹫	米	12	
𥹬	米	12	
𥹭	米	12	
𥹮	米	12	
𥹯	米	12	
𥹰	米	12	
𥹱	米	11	
𥹲	米	13	
𥹳	米	13	
𥹴	米	13	
𥹵	米	13	
𥹶	米	13	
𥹷	米	13	
𥹸	米	13	
𥹹	米	13	
𥹺	米	13	
𥹻	米	13	
𥹼	米	13	
𥹽	米	13	
𥹾	米	13	
𥹿	米	13	
𥺀	米	13	
𥺁	米	13	
𥺂	米	13	
𥺃	米	13	
𥺄	米	13	
𥺅	米	13	
𥺆	米	13	
𥺇	米	13	
𥺈	米	13	
𥺉	米	13	
𥺊	米	13	
𥺋	米	13	
𥺌	米	13	
𥺍	米	13	
𥺎	米	13	
𥺏	米	13	
𥺐	米	13	
𥺑	米	13	
𥺒	米	13	
𥺓	米	13	
𥺔	米	13	
𥺕	米	13	
𥺖	米	13	
𥺗	米	13	
𥺘	米	14	
𥺙	米	14	
𥺚	米	14	
𥺛	米	14	
𥺜	米	14	
𥺝	米	14	
𥺞	米	14	
𥺟	米	14	
𥺠	米	14	
𥺡	米	14	
𥺢	米	14	
𥺣	米	14	
𥺤	米	14	
𥺥	米	14	
𥺦	米	14	
𥺧	米	14	
𥺨	米	14	
𥺩	米	14	
𥺪	米	14	
𥺫	米	14	
𥺬	米	14	
𥺭	米	14	
𥺮	米	14	
𥺯	米	14	
𥺰	米	14	
𥺱	米	14	
𥺲	米	14	
𥺳	米	14	
𥺴	米	14	
𥺵	米	14	
𥺶	米	14	
𥺷	米	14	
𥺸	米	14	
𥺹	米	14	
𥺺	米	14	
𥺻	米	14	
𥺼	米	14	
𥺽	米	14	
𥺾	米	14	
𥺿	米	14	
𥻀	米	14	
𥻁	米	15	
𥻂	米	15	
𥻃	米	15	
𥻄	米	15	
𥻅	米	15	
𥻆	米	15	
𥻇	米	15	
𥻈	米	15	
𥻉	米	15	
𥻊	米	15	
𥻋	米	15	
𥻌	米	15	
𥻍	米	15	
𥻎	米	15	
𥻏	米	15	
𥻐	米	15	
𥻑	米	15	
𥻒	米	15	
𥻓	米	15	
𥻔	米	15	
𥻕	米	15	
𥻖	米	15	
𥻗	米	15	
𥻘	米	15	
𥻙	米	15	
𥻚	米	15	
𥻛	米	15	
𥻜	米	15	
𥻝	米	15	
𥻞	米	15	
𥻟	米	15	
𥻠	米	15	
𥻡	米	15	
𥻢	米	15	
𥻣	米	15	
𥻤	米	16	
𥻥	米	16	
𥻦	米	16	
𥻧	米	16	
𥻨	米	16	
𥻩	米	16	
𥻪	米	16	
𥻫	米	16	
𥻬	米	16	
𥻭	米	16	
𥻮	米	16	
𥻯	米	16	
𥻰	米	16	
𥻱	米	16	
𥻲	米	16	
𥻳	米	16	
𥻴	米	16	
𥻵	米	16	
𥻶	米	16	
𥻷	米	16	
𥻸	米	16	
𥻹	米	16	
𥻺	米	16	
𥻻	米	16	
𥻼	米	16	
𥻽	米	16	
𥻾	米	16	
𥻿	米	17	
𥼀	米	17	
𥼁	米	17	
𥼂	米	17	
𥼃	米	17	
𥼄	米	17	
𥼅	米	17	
𥼆	米	17	
𥼇	米	17	
𥼈	米	17	
𥼉	米	17	
𥼊	米	17	
𥼋	米	17	
𥼌	米	17	
𥼍	米	17	
𥼎	米	17	
𥼏	米	17	
𥼐	米	17	
𥼑	米	17	
𥼒	米	17	
𥼓	米	17	
𥼔	米	17	
𥼕	米	17	
𥼖	米	17	
𥼗	米	18	
𥼘	米	18	
𥼙	米	18	
𥼚	米	18	
𥼛	米	18	
𥼜	米	18	
𥼝	米	18	
𥼞	米	18	
𥼟	米	18	
𥼠	米	18	
𥼡	米	18	
𥼢	米	18	
𥼣	米	18	
𥼤	米	18	
𥼥	米	18	
𥼦	米	18	
𥼧	米	18	
𥼨	米	18	
𥼩	米	18	
𥼪	米	18	
𥼫	米	18	
𥼬	米	18	
𥼭	米	18	
𥼮	米	18	
𥼯	米	18	
𥼰	米	18	
𥼱	米	18	
𥼲	米	18	
𥼳	米	18	
𥼴	米	18	
𥼵	米	18	
𥼶	米	19	
𥼷	米	19	
𥼸	米	19	
𥼹	米	19	
𥼺	米	19	
𥼻	米	19	
𥼼	米	19	
𥼽	米	19	
𥼾	米	19	
𥼿	米	19	
𥽀	米	19	
𥽁	米	19	
𥽂	米	19	
𥽃	米	19	
𥽄	米	19	
𥽅	米	19	
𥽆	米	19	
𥽇	米	19	
𥽈	米	19	
𥽉	米	19	
𥽊	米	19	
𥽋	米	19	
𥽌	米	19	
𥽍	米	19	
𥽎	米	19	
𥽏	米	20	
𥽐	米	20	
𥽑	米	20	
𥽒	米	20	
𥽓	米	20	
𥽔	米	20	
𥽕	米	20	
𥽖	米	20	
𥽗	米	21	
𥽘	米	21	
𥽙	米	21	
𥽚	米	21	
𥽛	米	21	
𥽜	米	21	
𥽝	米	21	
𥽞	米	21	
𥽟	米	21	
𥽠	米	21	
𥽡	米	22	
𥽢	米	21	
𥽣	米	21	
𥽤	米	22	
𥽥	米	22	
𥽦	米	22	
𥽧	米	22	
𥽨	米	22	
𥽩	米	22	
𥽪	米	22	
𥽫	米	22	
𥽬	米	23	
𥽭	米	23	
𥽮	米	23	
𥽯	米	23	
𥽰	米	23	
𥽱	米	24	
𥽲	米	24	
𥽳	米	24	
𥽴	米	24	
𥽵	米	24	
𥽶	米	25	
𥽷	米	25	
𥽸	米	25	
𥽹	米	25	
𥽺	米	25	
𥽻	米	26	
𥽼	米	26	
𥽽	米	26	
𥽾	米	26	
𥽿	米	26	
𥾀	米	27	
𥾁	米	27	
𥾂	米	30	
𥾃	米	31	
𥾄	米	33	
𥾅	糸	8	
𥾆	糸	8	
𥾇	糸	8	
𥾈	糸	8	
𥾉	糸	8	
𥾊	糸	8	
𥾋	糸	8	
𥾌	糸	9	
𥾍	糸	9	
𥾎	糸	9	
𥾏	糸	9	
𥾐	糸	9	
𥾑	糸	9	
𥾒	糸	9	
𥾓	糸	9	
𥾔	糸	9	
𥾕	糸	9	
𥾖	糸	9	
𥾗	糸	9	
𥾘	糸	9	
𥾙	糸	10	
𥾚	糸	10	
𥾛	糸	10	
𥾜	糸	10	
𥾝	糸	10	
𥾞	糸	10	
𥾟	糸	10	
𥾠	糸	10	
𥾡	糸	10	
𥾢	糸	10	
𥾣	糸	10	
𥾤	糸	10	
𥾥	糸	10	
𥾦	糸	10	
𥾧	糸	10	
𥾨	糸	10	
𥾩	糸	10	
𥾪	糸	10	
𥾫	糸	10	
𥾬	糸	10	
𥾭	糸	10	
𥾮	糸	10	
𥾯	糸	10	
𥾰	糸	10	
𥾱	糸	10	
𥾲	糸	10	
𥾳	糸	10	
𥾴	糸	10	
𥾵	糸	10	
𥾶	糸	10	
𥾷	糸	10	
𥾸	糸	10	
𥾹	糸	10	
𥾺	糸	10	
𥾻	糸	10	
𥾼	糸	10	
𥾽	糸	10	
𥾾	糸	10	
𥾿	糸	10	
𥿀	糸	10	
𥿁	糸	10	
𥿂	糸	10	
𥿃	糸	11	
𥿄	糸	11	
𥿅	糸	11	
𥿆	糸	11	
𥿇	糸	11	
𥿈	糸	11	
𥿉	糸	11	
𥿊	糸	11	
𥿋	糸	11	
𥿌	糸	11	
𥿍	糸	11	
𥿎	糸	11	
𥿏	糸	11	
𥿐	糸	11	
𥿑	糸	11	
𥿒	糸	11	
𥿓	糸	11	
𥿔	糸	11	
𥿕	糸	11	
𥿖	糸	11	
𥿗	糸	11	
𥿘	糸	11	
𥿙	糸	11	
𥿚	糸	11	
𥿛	糸	11	
𥿜	糸	11	
𥿝	糸	11	
𥿞	糸	11	
𥿟	糸	11	
𥿠	糸	11	
𥿡	糸	11	
𥿢	糸	11	
𥿣	糸	11	
𥿤	糸	11	
𥿥	糸	11	
𥿦	糸	12	
𥿧	糸	12	
𥿨	糸	12	
𥿩	糸	12	
𥿪	糸	12	
𥿫	糸	12	
𥿬	糸	12	
𥿭	糸	12	
𥿮	糸	12	
𥿯	糸	12	
𥿰	糸	12	
𥿱	糸	12	
𥿲	糸	12	
𥿳	糸	12	
𥿴	糸	12	
𥿵	糸	12	
𥿶	糸	12	
𥿷	糸	12	
𥿸	糸	12	
𥿹	糸	12	
𥿺	糸	12	
𥿻	糸	12	
𥿼	糸	12	
𥿽	糸	12	
𥿾	糸	12	
𥿿	糸	12	
𦀀	糸	12	
𦀁	糸	12	
𦀂	糸	12	
𦀃	糸	12	
𦀄	糸	12	
𦀅	糸	12	
𦀆	糸	12	
𦀇	糸	12	
𦀈	糸	12	
𦀉	糸	12	
𦀊	糸	12	
𦀋	糸	12	
𦀌	糸	12	
𦀍	糸	12	
𦀎	糸	12	
𦀏	糸	12	
𦀐	糸	12	
𦀑	糸	12	
𦀒	糸	13	
𦀓	糸	13	
𦀔	糸	13	
𦀕	糸	13	
𦀖	糸	13	
𦀗	糸	13	
𦀘	糸	13	
𦀙	糸	13	
𦀚	糸	13	
𦀛	糸	13	
𦀜	糸	13	
𦀝	糸	13	
𦀞	糸	13	
𦀟	糸	13	
𦀠	糸	13	
𦀡	糸	13	
𦀢	糸	13	
𦀣	糸	13	
𦀤	糸	13	
𦀥	糸	13	
𦀦	糸	13	
𦀧	糸	13	
𦀨	糸	13	
𦀩	糸	13	
𦀪	糸	13	
𦀫	糸	13	
𦀬	糸	13	
𦀭	糸	13	
𦀮	糸	13	
𦀯	糸	13	
𦀰	糸	13	
𦀱	糸	13	
𦀲	糸	13	
𦀳	糸	13	
𦀴	糸	13	
𦀵	糸	13	
𦀶	糸	13	
𦀷	糸	13	
𦀸	糸	13	
𦀹	糸	13	
𦀺	糸	13	
𦀻	糸	13	
𦀼	糸	13	
𦀽	糸	13	
𦀾	糸	13	
𦀿	糸	13	
𦁀	糸	13	
𦁁	糸	13	
𦁂	糸	13	
𦁃	糸	13	
𦁄	糸	13	
𦁅	糸	13	
𦁆	糸	14	
𦁇	糸	14	
𦁈	糸	14	
𦁉	糸	14	
𦁊	糸	14	
𦁋	糸	14	
𦁌	糸	14	
𦁍	糸	14	
𦁎	糸	14	
𦁏	糸	14	
𦁐	糸	14	
𦁑	糸	14	
𦁒	糸	14	
𦁓	糸	14	
𦁔	糸	14	
𦁕	糸	14	
𦁖	糸	14	
𦁗	糸	14	
𦁘	糸	14	
𦁙	糸	14	
𦁚	糸	14	
𦁛	糸	14	
𦁜	糸	14	
𦁝	糸	14	
𦁞	糸	14	
𦁟	糸	14	
𦁠	糸	14	
𦁡	糸	14	
𦁢	糸	14	
𦁣	糸	14	
𦁤	糸	14	
𦁥	糸	14	
𦁦	糸	14	
𦁧	糸	14	
𦁨	糸	14	
𦁩	糸	14	
𦁪	糸	14	
𦁫	糸	14	
𦁬	糸	14	
𦁭	糸	14	
𦁮	糸	14	
𦁯	糸	14	
𦁰	糸	14	
𦁱	糸	14	
𦁲	糸	14	
𦁳	糸	14	
𦁴	糸	14	
𦁵	糸	14	
𦁶	糸	14	
𦁷	糸	14	
𦁸	糸	14	
𦁹	糸	14	
𦁺	糸	14	
𦁻	糸	14	
𦁼	糸	14	
𦁽	糸	14	
𦁾	糸	14	
𦁿	糸	14	
𦂀	糸	15	
𦂁	糸	15	
𦂂	糸	15	
𦂃	糸	15	
𦂄	糸	15	
𦂅	糸	15	
𦂆	糸	15	
𦂇	糸	15	
𦂈	糸	15	
𦂉	糸	15	
𦂊	糸	15	
𦂋	糸	15	
𦂌	糸	15	
𦂍	糸	15	
𦂎	糸	15	
𦂏	糸	15	
𦂐	糸	15	
𦂑	糸	15	
𦂒	糸	15	
𦂓	糸	15	
𦂔	糸	15	
𦂕	糸	15	
𦂖	糸	15	
𦂗	糸	15	
𦂘	糸	15	
𦂙	糸	15	
𦂚	糸	15	
𦂛	糸	15	
𦂜	糸	15	
𦂝	糸	15	
𦂞	糸	15	
𦂟	糸	15	
𦂠	糸	15	
𦂡	糸	15	
𦂢	糸	15	
𦂣	糸	15	
𦂤	糸	15	
𦂥	糸	15	
𦂦	糸	15	
𦂧	糸	16	
𦂨	糸	15	
𦂩	糸	15	
𦂪	糸	15	
𦂫	糸	15	
𦂬	糸	15	
𦂭	糸	15	
𦂮	糸	15	
𦂯	糸	15	
𦂰	糸	15	
𦂱	糸	15	
𦂲	糸	15	
𦂳	糸	15	
𦂴	糸	15	
𦂵	糸	15	
𦂶	糸	15	
𦂷	糸	15	
𦂸	糸	15	
𦂹	糸	15	
𦂺	糸	15	
𦂻	糸	15	
𦂼	糸	15	
𦂽	糸	15	
𦂾	糸	15	
𦂿	糸	15	
𦃀	糸	15	
𦃁	糸	15	
𦃂	糸	16	
𦃃	糸	16	
𦃄	糸	16	
𦃅	糸	16	
𦃆	糸	16	
𦃇	糸	16	
𦃈	糸	16	
𦃉	糸	16	
𦃊	糸	16	
𦃋	糸	16	
𦃌	糸	16	
𦃍	糸	16	
𦃎	糸	16	
𦃏	糸	16	
𦃐	糸	16	
𦃑	糸	16	
𦃒	糸	16	
𦃓	糸	16	
𦃔	糸	16	
𦃕	糸	16	
𦃖	糸	16	
𦃗	糸	16	
𦃘	糸	16	
𦃙	糸	16	
𦃚	糸	16	
𦃛	糸	16	
𦃜	糸	16	
𦃝	糸	16	
𦃞	糸	16	
𦃟	糸	16	
𦃠	糸	16	
𦃡	糸	16	
𦃢	糸	16	
𦃣	糸	16	
𦃤	糸	16	
𦃥	糸	16	
𦃦	糸	16	
𦃧	糸	16	
𦃨	糸	16	
𦃩	糸	16	
𦃪	糸	16	
𦃫	糸	16	
𦃬	糸	16	
𦃭	糸	16	
𦃮	糸	16	
𦃯	糸	16	
𦃰	糸	16	
𦃱	糸	16	
𦃲	糸	16	
𦃳	糸	16	
𦃴	糸	16	
𦃵	糸	16	
𦃶	糸	16	
𦃷	糸	16	
𦃸	糸	16	
𦃹	糸	16	
𦃺	糸	16	
𦃻	糸	16	
𦃼	糸	16	
𦃽	糸	16	
𦃾	糸	16	
𦃿	糸	16	
𦄀	糸	16	
𦄁	糸	16	
𦄂	糸	17	
𦄃	糸	16	
𦄄	糸	16	
𦄅	糸	16	
𦄆	糸	16	
𦄇	糸	16	
𦄈	糸	16	
𦄉	糸	17	
𦄊	糸	17	
𦄋	糸	17	
𦄌	糸	17	
𦄍	糸	17	
𦄎	糸	17	
𦄏	糸	17	
𦄐	糸	17	
𦄑	糸	17	
𦄒	糸	17	
𦄓	糸	17	
𦄔	糸	17	
𦄕	糸	17	
𦄖	糸	17	
𦄗	糸	17	
𦄘	糸	17	
𦄙	糸	17	
𦄚	糸	17	
𦄛	糸	17	
𦄜	糸	17	
𦄝	糸	17	
𦄞	糸	17	
𦄟	糸	17	
𦄠	糸	17	
𦄡	糸	17	
𦄢	糸	17	
𦄣	糸	17	
𦄤	糸	17	
𦄥	糸	17	
𦄦	糸	17	
𦄧	糸	17	
𦄨	糸	17	
𦄩	糸	17	
𦄪	糸	17	
𦄫	糸	17	
𦄬	糸	17	
𦄭	糸	17	
𦄮	糸	17	
𦄯	糸	17	
𦄰	糸	17	
𦄱	糸	17	
𦄲	糸	17	
𦄳	糸	17	
𦄴	糸	17	
𦄵	糸	17	
𦄶	糸	17	
𦄷	糸	17	
𦄸	糸	17	
𦄹	糸	17	
𦄺	糸	17	
𦄻	糸	17	
𦄼	糸	18	
𦄽	糸	18	
𦄾	糸	18	
𦄿	糸	18	
𦅀	糸	18	
𦅁	糸	18	
𦅂	糸	18	
𦅃	糸	18	
𦅄	糸	18	
𦅅	糸	18	
𦅆	糸	18	
𦅇	糸	18	
𦅈	糸	18	
𦅉	糸	18	
𦅊	糸	18	
𦅋	糸	18	
𦅌	糸	18	
𦅍	糸	18	
𦅎	糸	18	
𦅏	糸	18	
𦅐	糸	18	
𦅑	糸	18	
𦅒	糸	18	
𦅓	糸	18	
𦅔	糸	18	
𦅕	糸	18	
𦅖	糸	18	
𦅗	糸	18	
𦅘	糸	18	
𦅙	糸	18	
𦅚	糸	18	
𦅛	糸	18	
𦅜	糸	18	
𦅝	糸	18	
𦅞	糸	18	
𦅟	糸	18	
𦅠	糸	18	
𦅡	糸	18	
𦅢	糸	18	
𦅣	糸	18	
𦅤	糸	18	
𦅥	糸	18	
𦅦	糸	18	
𦅧	糸	18	
𦅨	糸	18	
𦅩	糸	18	
𦅪	糸	18	
𦅫	糸	18	
𦅬	糸	18	
𦅭	糸	18	
𦅮	糸	18	
𦅯	糸	18	
𦅰	糸	18	
𦅱	糸	18	
𦅲	糸	18	
𦅳	糸	18	
𦅴	糸	18	
𦅵	糸	19	
𦅶	糸	19	
𦅷	糸	19	
𦅸	糸	19	
𦅹	糸	19	
𦅺	糸	19	
𦅻	糸	19	
𦅼	糸	19	
𦅽	糸	19	
𦅾	糸	19	
𦅿	糸	19	
𦆀	糸	19	
𦆁	糸	19	
𦆂	糸	19	
𦆃	糸	19	
𦆄	糸	19	
𦆅	糸	19	
𦆆	糸	19	
𦆇	糸	19	
𦆈	糸	19	
𦆉	糸	19	
𦆊	糸	19	
𦆋	糸	19	
𦆌	糸	19	
𦆍	糸	19	
𦆎	糸	19	
𦆏	糸	19	
𦆐	糸	19	
𦆑	糸	19	
𦆒	糸	19	
𦆓	糸	19	
𦆔	糸	19	
𦆕	糸	19	
𦆖	糸	19	
𦆗	糸	19	
𦆘	糸	19	
𦆙	糸	19	
𦆚	糸	19	
𦆛	糸	19	
𦆜	糸	20	
𦆝	糸	20	
𦆞	糸	20	
𦆟	糸	20	
𦆠	糸	20	
𦆡	糸	20	
𦆢	糸	20	
𦆣	糸	20	
𦆤	糸	21	
𦆥	糸	19	
𦆦	糸	20	
𦆧	糸	20	
𦆨	糸	21	
𦆩	糸	20	
𦆪	糸	20	
𦆫	糸	21	
𦆬	糸	20	
𦆭	糸	20	
𦆮	糸	20	
𦆯	糸	20	
𦆰	糸	20	
𦆱	糸	20	
𦆲	糸	20	
𦆳	糸	20	
𦆴	糸	20	
𦆵	糸	20	
𦆶	糸	20	
𦆷	糸	20	
𦆸	糸	20	
𦆹	糸	20	
𦆺	糸	20	
𦆻	糸	21	
𦆼	糸	21	
𦆽	糸	21	
𦆾	糸	21	
𦆿	糸	21	
𦇀	糸	21	
𦇁	糸	21	
𦇂	糸	22	
𦇃	糸	21	
𦇄	糸	21	
𦇅	糸	21	
𦇆	糸	21	
𦇇	糸	21	
𦇈	糸	21	
𦇉	糸	21	
𦇊	糸	21	
𦇋	糸	21	
𦇌	糸	21	
𦇍	糸	21	
𦇎	糸	21	
𦇏	糸	21	
𦇐	糸	21	
𦇑	糸	21	
𦇒	糸	21	
𦇓	糸	21	
𦇔	糸	22	
𦇕	糸	22	
𦇖	糸	22	
𦇗	糸	22	
𦇘	糸	22	
𦇙	糸	22	
𦇚	糸	22	
𦇛	糸	22	
𦇜	糸	22	
𦇝	糸	22	
𦇞	糸	22	
𦇟	糸	22	
𦇠	糸	22	
𦇡	糸	22	
𦇢	糸	22	
𦇣	糸	22	
𦇤	糸	22	
𦇥	糸	22	
𦇦	糸	22	
𦇧	糸	23	
𦇨	糸	23	
𦇩	糸	23	
𦇪	糸	23	
𦇫	糸	23	
𦇬	糸	23	
𦇭	糸	23	
𦇮	糸	23	
𦇯	糸	23	
𦇰	糸	24	
𦇱	糸	24	
𦇲	糸	24	
𦇳	糸	24	
𦇴	糸	24	
𦇵	糸	24	
𦇶	糸	24	
𦇷	糸	24	
𦇸	糸	25	
𦇹	糸	24	
𦇺	糸	25	
𦇻	糸	25	
𦇼	糸	26	
𦇽	糸	26	
𦇾	糸	27	
𦇿	糸	27	
𦈀	糸	27	
𦈁	糸	27	
𦈂	糸	27	
𦈃	糸	28	
𦈄	糸	28	
𦈅	糸	29	
𦈆	糸	30	
𦈇	糸	31	
𦈈		8	
𦈉		9	
𦈊		10	
𦈋		10	
𦈌		10	
𦈍		11	
𦈎		11	
𦈏		11	
𦈐		11	
𦈑		12	
𦈒		12	
𦈓		12	
𦈔		12	
𦈕		12	
𦈖		13	
𦈗		13	
𦈘		13	
𦈙		13	
𦈚		14	
𦈛		15	
𦈜		15	
𦈝		15	
𦈞		16	
𦈟		16	
𦈠		17	
𦈡		17	
𦈢	缶	6	
𦈣	缶	9	
𦈤	缶	9	
𦈥	缶	9	
𦈦	缶	10	
𦈧	缶	10	
𦈨	缶	10	
𦈩	缶	11	
𦈪	缶	11	
𦈫	缶	11	
𦈬	缶	11	
𦈭	缶	11	
𦈮	缶	11	
𦈯	缶	12	
𦈰	缶	12	
𦈱	缶	12	
𦈲	缶	12	
𦈳	缶	12	
𦈴	缶	13	
𦈵	缶	13	
𦈶	缶	13	
𦈷	缶	13	
𦈸	缶	14	
𦈹	缶	14	
𦈺	缶	14	
𦈻	缶	14	
𦈼	缶	14	
𦈽	缶	14	
𦈾	缶	14	
𦈿	缶	14	
𦉀	缶	14	
𦉁	缶	15	
𦉂	缶	15	
𦉃	缶	15	
𦉄	缶	15	
𦉅	缶	15	
𦉆	缶	15	
𦉇	缶	15	
𦉈	缶	16	
𦉉	缶	16	
𦉊	缶	16	
𦉋	缶	16	
𦉌	缶	16	
𦉍	缶	16	
𦉎	缶	16	
𦉏	缶	17	
𦉐	缶	17	
𦉑	缶	17	
𦉒	缶	17	
𦉓	缶	17	
𦉔	缶	17	
𦉕	缶	18	
𦉖	缶	18	
𦉗	缶	18	
𦉘	缶	18	
𦉙	缶	19	
𦉚	缶	19	
𦉛	缶	19	
𦉜	缶	19	
𦉝	缶	20	
𦉞	缶	20	
𦉟	缶	21	
𦉠	缶	21	
𦉡	缶	22	
𦉢	缶	23	
𦉣	缶	23	
𦉤	缶	23	
𦉥	缶	24	
𦉦	缶	24	
𦉧	缶	26	
𦉨	缶	27	
𦉩	缶	31	
𦉪	网	5	
𦉫	网	5	
𦉬	网	7	
𦉭	网	5	
𦉮	网	7	
𦉯	网	6	
𦉰	网	5	
𦉱	网	7	
𦉲	网	7	
𦉳	网	7	
𦉴	网	7	
𦉵	网	7	
𦉶	网	7	
𦉷	网	8	
𦉸	网	8	
𦉹	网	8	
𦉺	网	8	
𦉻	网	8	
𦉼	网	8	
𦉽	网	8	
𦉾	网	8	
𦉿	网	8	
𦊀	网	8	
𦊁	网	9	
𦊂	网	9	
𦊃	网	9	
𦊄	网	9	
𦊅	网	9	
𦊆	网	9	
𦊇	网	9	
𦊈	网	9	
𦊉	网	9	
𦊊	网	9	
𦊋	网	9	
𦊌	网	9	
𦊍	网	9	
𦊎	网	10	
𦊏	网	10	
𦊐	网	10	
𦊑	网	10	
𦊒	网	10	
𦊓	网	10	
𦊔	网	10	
𦊕	网	10	
𦊖	网	10	
𦊗	网	10	
𦊘	网	10	
𦊙	网	10	
𦊚	网	10	
𦊛	网	10	
𦊜	网	10	
𦊝	网	10	
𦊞	网	10	
𦊟	网	10	
𦊠	网	10	
𦊡	网	10	
𦊢	网	10	
𦊣	网	10	
𦊤	山	10	
𦊥	网	10	
𦊦	网	10	
𦊧	网	10	
𦊨	网	10	
𦊩	网	10	
𦊪	网	11	
𦊫	网	11	
𦊬	网	11	
𦊭	网	11	
𦊮	网	11	
𦊯	网	11	
𦊰	网	11	
𦊱	网	11	
𦊲	网	11	
𦊳	网	10	
𦊴	网	11	
𦊵	网	11	
𦊶	网	11	
𦊷	网	11	
𦊸	网	11	
𦊹	网	11	
𦊺	网	11	
𦊻	网	11	
𦊼	网	12	
𦊽	网	12	
𦊾	网	12	
𦊿	网	12	
𦋀	网	12	
𦋁	网	12	
𦋂	网	12	
𦋃	网	12	
𦋄	网	12	
𦋅	网	13	
𦋆	网	13	
𦋇	网	13	
𦋈	网	13	
𦋉	网	13	
𦋊	网	13	
𦋋	网	13	
𦋌	网	13	
𦋍	网	13	
𦋎	网	13	
𦋏	网	13	
𦋐	网	13	
𦋑	网	12	
𦋒	网	13	
𦋓	网	13	
𦋔	网	13	
𦋕	网	13	
𦋖	网	13	
𦋗	网	13	
𦋘	网	13	
𦋙	网	13	
𦋚	网	13	
𦋛	网	13	
𦋜	网	13	
𦋝	网	14	
𦋞	网	14	
𦋟	网	14	
𦋠	网	14	
𦋡	网	14	
𦋢	网	14	
𦋣	网	14	
𦋤	网	14	
𦋥	网	14	
𦋦	网	14	
𦋧	网	14	
𦋨	网	14	
𦋩	网	14	
𦋪	廴	14	
𦋫	网	14	
𦋬	网	14	
𦋭	网	14	
𦋮	网	14	
𦋯	网	15	
𦋰	网	15	
𦋱	网	15	
𦋲	网	15	
𦋳	网	15	
𦋴	网	15	
𦋵	网	15	
𦋶	网	15	
𦋷	网	15	
𦋸	网	15	
𦋹	网	15	
𦋺	网	15	
𦋻	网	15	
𦋼	网	15	
𦋽	网	16	
𦋾	网	16	
𦋿	网	16	
𦌀	网	16	
𦌁	网	16	
𦌂	网	16	
𦌃	网	16	
𦌄	网	16	
𦌅	网	16	
𦌆	网	16	
𦌇	网	16	
𦌈	网	16	
𦌉	网	16	
𦌊	网	16	
𦌋	网	16	
𦌌	网	16	
𦌍	网	16	
𦌎	网	16	
𦌏	网	16	
𦌐	网	16	
𦌑	网	16	
𦌒	网	17	
𦌓	网	17	
𦌔	网	17	
𦌕	网	17	
𦌖	网	17	
𦌗	网	17	
𦌘	网	17	
𦌙	网	17	
𦌚	网	17	
𦌛	网	17	
𦌜	网	17	
𦌝	网	17	
𦌞	网	17	
𦌟	网	18	
𦌠	网	18	
𦌡	网	18	
𦌢	网	18	
𦌣	网	18	
𦌤	网	18	
𦌥	网	18	
𦌦	网	18	
𦌧	网	18	
𦌨	网	18	
𦌩	羊	18	
𦌪	网	19	
𦌫	网	19	
𦌬	网	19	
𦌭	网	19	
𦌮	网	19	
𦌯	网	19	
𦌰	网	19	
𦌱	网	19	
𦌲	网	19	
𦌳	网	19	
𦌴	网	19	
𦌵	网	20	
𦌶	网	20	
𦌷	网	20	
𦌸	网	20	
𦌹	网	20	
𦌺	网	20	
𦌻	网	21	
𦌼	网	21	
𦌽	网	23	
𦌾	网	24	
𦌿	网	24	
𦍀	网	24	
𦍁	网	24	
𦍂	网	24	
𦍃	网	24	
𦍄	网	24	
𦍅	网	24	
𦍆	网	26	
𦍇	网	27	
𦍈	网	28	
𦍉	网	27	
𦍊	网	28	
𦍋	羊	6	
𦍌	羊	6	
𦍍	羊	5	
𦍎	羊	8	
𦍏	羊	8	
𦍐	羊	8	
𦍑	羊	9	
𦍒	羊	9	
𦍓	羊	9	
𦍔	羊	9	
𦍕	羊	9	
𦍖	羊	9	
𦍗	羊	10	
𦍘	羊	10	
𦍙	羊	10	
𦍚	羊	10	
𦍛	羊	10	
𦍜	羊	10	
𦍝	羊	10	
𦍞	羊	10	
𦍟	羊	10	
𦍠	羊	10	
𦍡	羊	10	
𦍢	羊	10	
𦍣	羊	10	
𦍤	羊	10	
𦍥	羊	11	
𦍦	羊	11	
𦍧	羊	11	
𦍨	羊	11	
𦍩	羊	11	
𦍪	羊	11	
𦍫	羊	11	
𦍬	羊	11	
𦍭	羊	11	
𦍮	羊	10	
𦍯	羊	11	
𦍰	羊	11	
𦍱	羊	11	
𦍲	羊	11	
𦍳	羊	11	
𦍴	羊	11	
𦍵	羊	11	
𦍶	羊	11	
𦍷	羊	11	
𦍸	羊	11	
𦍹	羊	12	
𦍺	羊	12	
𦍻	羊	12	
𦍼	羊	12	
𦍽	羊	12	
𦍾	羊	12	
𦍿	羊	12	
𦎀	羊	12	
𦎁	羊	12	
𦎂	羊	12	
𦎃	羊	12	
𦎄	羊	12	
𦎅	厶	12	
𦎆	羊	13	
𦎇	羊	13	
𦎈	羊	13	
𦎉	羊	13	
𦎊	羊	13	
𦎋	羊	13	
𦎌	羊	13	
𦎍	羊	13	
𦎎	羊	13	
𦎏	羊	13	
𦎐	羊	13	
𦎑	羊	13	
𦎒	羊	13	
𦎓	羊	13	
𦎔	羊	13	
𦎕	羊	13	
𦎖	羊	13	
𦎗	羊	14	
𦎘	羊	14	
𦎙	羊	14	
𦎚	羊	14	
𦎛	羊	14	
𦎜	羊	14	
𦎝	羊	14	
𦎞	羊	14	
𦎟	羊	14	
𦎠	羊	14	
𦎡	羊	14	
𦎢	羊	15	
𦎣	羊	15	
𦎤	羊	15	
𦎥	羊	15	
𦎦	羊	15	
𦎧	羊	15	
𦎨	羊	15	
𦎩	羊	15	
𦎪	羊	15	
𦎫	羊	15	
𦎬	羊	15	
𦎭	羊	15	
𦎮	羊	15	
𦎯	羊	16	
𦎰	羊	16	
𦎱	羊	16	
𦎲	羊	16	
𦎳	羊	16	
𦎴	羊	16	
𦎵	羊	16	
𦎶	羊	16	
𦎷	羊	17	
𦎸	羊	17	
𦎹	羊	17	
𦎺	羊	17	
𦎻	羊	17	
𦎼	羊	17	
𦎽	羊	17	
𦎾	羊	17	
𦎿	羊	17	
𦏀	羊	17	
𦏁	羊	17	
𦏂	羊	17	
𦏃	羊	17	
𦏄	羊	17	
𦏅	羊	18	
𦏆	羊	18	
𦏇	羊	18	
𦏈	羊	18	
𦏉	羊	18	
𦏊	羊	18	
𦏋	羊	18	
𦏌	羊	18	
𦏍	羊	18	
𦏎	羊	18	
𦏏	羊	18	
𦏐	羊	18	
𦏑	羊	18	
𦏒	羊	18	
𦏓	羊	18	
𦏔	羊	18	
𦏕	羊	19	
𦏖	羊	19	
𦏗	羊	19	
𦏘	羊	19	
𦏙	羊	19	
𦏚	羊	19	
𦏛	羊	19	
𦏜	羊	20	
𦏝	羊	20	
𦏞	羊	20	
𦏟	羊	20	
𦏠	羊	20	
𦏡	羊	20	
𦏢	羊	21	
𦏣	羊	21	
𦏤	羊	21	
𦏥	羊	21	
𦏦	羊	21	
𦏧	羊	21	
𦏨	羊	22	
𦏩	羊	22	
𦏪	羊	23	
𦏫	羊	23	
𦏬	羊	24	
𦏭	羊	25	
𦏮	羊	26	
𦏯	羊	27	
𦏰	羊	30	
𦏱	羊	30	
𦏲	羽	8	
𦏳	羽	7	
𦏴	羽	9	
𦏵	羽	9	
𦏶	羽	9	
𦏷	羽	9	
𦏸	羽	9	
𦏹	羽	9	
𦏺	羽	9	
𦏻	羽	9	
𦏼	羽	9	
𦏽	羽	9	
𦏾	羽	9	
𦏿	羽	9	
𦐀	羽	9	
𦐁	羽	9	
𦐂	羽	10	
𦐃	羽	10	
𦐄	羽	10	
𦐅	羽	10	
𦐆	羽	10	
𦐇	羽	10	
𦐈	羽	10	
𦐉	羽	10	
𦐊	羽	10	
𦐋	羽	10	
𦐌	羽	10	
𦐍	羽	10	
𦐎	羽	10	
𦐏	羽	10	
𦐐	羽	10	
𦐑	羽	10	
𦐒	羽	10	
𦐓	羽	10	
𦐔	羽	10	
𦐕	羽	11	
𦐖	羽	11	
𦐗	羽	11	
𦐘	羽	11	
𦐙	羽	11	
𦐚	羽	11	
𦐛	羽	11	
𦐜	羽	11	
𦐝	羽	11	
𦐞	羽	11	
𦐟	羽	11	
𦐠	羽	11	
𦐡	羽	11	
𦐢	羽	11	
𦐣	羽	12	
𦐤	羽	12	
𦐥	羽	12	
𦐦	羽	12	
𦐧	羽	12	
𦐨	羽	12	
𦐩	羽	12	
𦐪	羽	12	
𦐫	羽	12	
𦐬	羽	12	
𦐭	羽	12	
𦐮	羽	12	
𦐯	羽	12	
𦐰	羽	12	
𦐱	羽	12	
𦐲	羽	12	
𦐳	羽	12	
𦐴	羽	12	
𦐵	羽	12	
𦐶	羽	12	
𦐷	羽	12	
𦐸	羽	13	
𦐹	羽	13	
𦐺	羽	13	
𦐻	羽	13	
𦐼	羽	13	
𦐽	羽	13	
𦐾	羽	13	
𦐿	羽	13	
𦑀	羽	13	
𦑁	羽	13	
𦑂	羽	13	
𦑃	羽	13	
𦑄	羽	13	
𦑅	羽	14	
𦑆	羽	13	
𦑇	羽	14	
𦑈	羽	14	
𦑉	羽	14	
𦑊	羽	14	
𦑋	羽	14	
𦑌	羽	14	
𦑍	羽	14	
𦑎	羽	14	
𦑏	羽	14	
𦑐	羽	14	
𦑑	心	14	
𦑒	羽	14	
𦑓	羽	14	
𦑔	羽	14	
𦑕	羽	14	
𦑖	羽	14	
𦑗	羽	14	
𦑘	羽	15	
𦑙	羽	15	
𦑚	羽	15	
𦑛	羽	15	
𦑜	羽	15	
𦑝	羽	15	
𦑞	羽	15	
𦑟	羽	15	
𦑠	羽	15	
𦑡	羽	15	
𦑢	羽	15	
𦑣	羽	15	
𦑤	羽	15	
𦑥	羽	15	
𦑦	羽	15	
𦑧	羽	15	
𦑨	羽	15	
𦑩	羽	15	
𦑪	羽	15	
𦑫	羽	15	
𦑬	羽	15	
𦑭	羽	15	
𦑮	羽	15	
𦑯	羽	15	
𦑰	羽	16	
𦑱	羽	16	
𦑲	羽	16	
𦑳	羽	16	
𦑴	羽	16	
𦑵	羽	16	
𦑶	羽	16	
𦑷	羽	16	
𦑸	羽	16	
𦑹	羽	16	
𦑺	羽	16	
𦑻	羽	15	
𦑼	羽	16	
𦑽	羽	16	
𦑾	羽	16	
𦑿	羽	16	
𦒀	羽	16	
𦒁	羽	16	
𦒂	羽	16	
𦒃	羽	17	
𦒄	羽	17	
𦒅	羽	17	
𦒆	羽	17	
𦒇	羽	17	
𦒈	羽	17	
𦒉	羽	17	
𦒊	羽	17	
𦒋	羽	17	
𦒌	羽	17	
𦒍	羽	18	
𦒎	羽	18	
𦒏	羽	18	
𦒐	羽	18	
𦒑	羽	18	
𦒒	羽	18	
𦒓	羽	18	
𦒔	羽	18	
𦒕	羽	18	
𦒖	羽	18	
𦒗	羽	18	
𦒘	羽	18	
𦒙	羽	18	
𦒚	羽	18	
𦒛	羽	18	
𦒜	羽	19	
𦒝	羽	19	
𦒞	羽	16	
𦒟	羽	18	
𦒠	羽	19	
𦒡	羽	19	
𦒢	羽	20	
𦒣	羽	20	
𦒤	羽	20	
𦒥	羽	20	
𦒦	羽	21	
𦒧	羽	22	
𦒨	羽	21	
𦒩	羽	21	
𦒪	羽	20	
𦒫	羽	20	
𦒬	羽	21	
𦒭	羽	22	
𦒮	羽	22	
𦒯	羽	22	
𦒰	羽	24	
𦒱	老	7	
𦒲	老	7	
𦒳	老	8	
𦒴	老	8	
𦒵	老	8	
𦒶	老	9	
𦒷	老	9	
𦒸	老	9	
𦒹	老	9	
𦒺	老	10	
𦒻	老	10	
𦒼	老	10	
𦒽	老	10	
𦒾	老	10	
𦒿	老	10	
𦓀	老	11	
𦓁	老	13	
𦓂	老	14	
𦓃	老	17	
𦓄	老	15	
𦓅	老	15	
𦓆	老	16	
𦓇	老	16	
𦓈	老	17	
𦓉	老	17	
𦓊	老	18	
𦓋	老	23	
𦓌	老	23	
𦓍	老	26	
𦓎	而	8	
𦓏	而	8	
𦓐	而	5	
𦓑	而	8	
𦓒	而	10	
𦓓	而	11	
𦓔	而	12	
𦓕	而	12	
𦓖	而	13	
𦓗	而	14	
𦓘	而	15	
𦓙	而	15	
𦓚	而	15	
𦓛	而	15	
𦓜	而	15	
𦓝	而	16	
𦓞	而	16	
𦓟	而	17	
𦓠	而	17	
𦓡	而	17	
𦓢	而	22	
𦓣	而	24	
𦓤	耒	6	
𦓥	耒	8	
𦓦	耒	8	
𦓧	耒	8	
𦓨	耒	9	
𦓩	耒	9	
𦓪	耒	9	
𦓫	耒	10	
𦓬	耒	11	
𦓭	耒	11	
𦓮	耒	11	
𦓯	耒	12	
𦓰	耒	12	
𦓱	耒	12	
𦓲	耒	12	
𦓳	耒	12	
𦓴	耒	13	
𦓵	耒	13	
𦓶	耒	13	
𦓷	耒	14	
𦓸	耒	14	
𦓹	耒	14	
𦓺	耒	14	
𦓻	耒	14	
𦓼	耒	14	
𦓽	耒	14	
𦓾	耒	14	
𦓿	耒	14	
𦔀	耒	14	
𦔁	耒	14	
𦔂	耒	15	
𦔃	耒	15	
𦔄	耒	15	
𦔅	耒	15	
𦔆	耒	15	
𦔇	耒	15	
𦔈	耒	15	
𦔉	耒	15	
𦔊	耒	15	
𦔋	耒	16	
𦔌	耒	16	
𦔍	耒	16	
𦔎	耒	16	
𦔏	耒	16	
𦔐	耒	16	
𦔑	耒	16	
𦔒	耒	16	
𦔓	耒	17	
𦔔	耒	17	
𦔕	耒	17	
𦔖	耒	17	
𦔗	耒	17	
𦔘	耒	17	
𦔙	耒	17	
𦔚	耒	17	
𦔛	耒	18	
𦔜	耒	18	
𦔝	耒	18	
𦔞	耒	18	
𦔟	耒	19	
𦔠	耒	18	
𦔡	耒	18	
𦔢	耒	18	
𦔣	耒	18	
𦔤	耒	18	
𦔥	耒	19	
𦔦	耒	19	
𦔧	耒	19	
𦔨	耒	19	
𦔩	耒	21	
𦔪	耒	21	
𦔫	耒	24	
𦔬	耒	24	
𦔭	耒	25	
𦔮	耳	7	
𦔯	耳	8	
𦔰	耳	8	
𦔱	耳	8	
𦔲	耳	8	
𦔳	耳	8	
𦔴	耳	8	
𦔵	耳	8	
𦔶	耳	8	
𦔷	耳	9	
𦔸	耳	9	
𦔹	耳	9	
𦔺	耳	9	
𦔻	耳	9	
𦔼	耳	10	
𦔽	耳	10	
𦔾	耳	10	
𦔿	耳	10	
𦕀	耳	10	
𦕁	耳	10	
𦕂	耳	10	
𦕃	耳	10	
𦕄	耳	10	
𦕅	耳	10	
𦕆	耳	10	
𦕇	耳	10	
𦕈	耳	10	
𦕉	耳	10	
𦕊	耳	10	
𦕋	耳	10	
𦕌	耳	10	
𦕍	耳	10	
𦕎	耳	10	
𦕏	耳	10	
𦕐	耳	11	
𦕑	耳	11	
𦕒	耳	11	
𦕓	耳	11	
𦕔	耳	11	
𦕕	耳	11	
𦕖	耳	11	
𦕗	耳	11	
𦕘	耳	11	
𦕙	耳	11	
𦕚	耳	11	
𦕛	耳	11	
𦕜	耳	11	
𦕝	耳	11	
𦕞	耳	11	
𦕟	耳	11	
𦕠	耳	12	
𦕡	耳	12	
𦕢	耳	12	
𦕣	耳	13	
𦕤	耳	12	
𦕥	耳	12	
𦕦	耳	12	
𦕧	耳	12	
𦕨	耳	12	
𦕩	耳	12	
𦕪	耳	12	
𦕫	耳	12	
𦕬	耳	12	
𦕭	耳	12	
𦕮	耳	12	
𦕯	耳	12	
𦕰	耳	12	
𦕱	耳	12	
𦕲	耳	12	
𦕳	耳	12	
𦕴	耳	12	
𦕵	耳	13	
𦕶	耳	13	
𦕷	耳	13	
𦕸	耳	13	
𦕹	耳	13	
𦕺	耳	13	
𦕻	耳	13	
𦕼	耳	13	
𦕽	耳	13	
𦕾	耳	13	
𦕿	耳	13	
𦖀	耳	13	
𦖁	耳	13	
𦖂	耳	13	
𦖃	耳	13	
𦖄	耳	13	
𦖅	耳	13	
𦖆	耳	13	
𦖇	耳	13	
𦖈	耳	14	
𦖉	耳	14	
𦖊	耳	14	
𦖋	耳	14	
𦖌	耳	14	
𦖍	耳	14	
𦖎	耳	14	
𦖏	耳	14	
𦖐	耳	14	
𦖑	耳	14	
𦖒	耳	14	
𦖓	耳	14	
𦖔	耳	14	
𦖕	耳	14	
𦖖	耳	14	
𦖗	耳	13	
𦖘	耳	14	
𦖙	耳	14	
𦖚	耳	14	
𦖛	耳	14	
𦖜	耳	14	
𦖝	耳	14	
𦖞	耳	14	
𦖟	耳	14	
𦖠	耳	14	
𦖡	耳	14	
𦖢	耳	15	
𦖣	耳	15	
𦖤	耳	15	
𦖥	耳	15	
𦖦	耳	15	
𦖧	耳	15	
𦖨	耳	15	
𦖩	耳	15	
𦖪	耳	15	
𦖫	耳	15	
𦖬	耳	15	
𦖭	耳	15	
𦖮	耳	15	
𦖯	耳	15	
𦖰	耳	15	
𦖱	耳	15	
𦖲	耳	15	
𦖳	耳	15	
𦖴	耳	15	
𦖵	耳	15	
𦖶	耳	15	
𦖷	耳	15	
𦖸	耳	15	
𦖹	耳	15	
𦖺	耳	15	
𦖻	耳	15	
𦖼	耳	16	
𦖽	耳	16	
𦖾	耳	16	
𦖿	耳	16	
𦗀	耳	16	
𦗁	耳	16	
𦗂	耳	16	
𦗃	耳	16	
𦗄	耳	16	
𦗅	耳	16	
𦗆	耳	16	
𦗇	耳	15	
𦗈	耳	16	
𦗉	耳	16	
𦗊	耳	16	
𦗋	耳	16	
𦗌	耳	16	
𦗍	耳	16	
𦗎	耳	16	
𦗏	耳	16	
𦗐	耳	17	
𦗑	耳	17	
𦗒	耳	17	
𦗓	耳	17	
𦗔	耳	17	
𦗕	耳	17	
𦗖	耳	17	
𦗗	耳	17	
𦗘	耳	17	
𦗙	耳	17	
𦗚	耳	17	
𦗛	耳	17	
𦗜	耳	17	
𦗝	耳	17	
𦗞	耳	17	
𦗟	耳	18	
𦗠	耳	18	
𦗡	耳	18	
𦗢	耳	18	
𦗣	耳	18	
𦗤	耳	18	
𦗥	耳	18	
𦗦	耳	18	
𦗧	耳	18	
𦗨	耳	18	
𦗩	耳	18	
𦗪	耳	18	
𦗫	耳	18	
𦗬	耳	18	
𦗭	耳	18	
𦗮	耳	18	
𦗯	耳	18	
𦗰	耳	18	
𦗱	耳	18	
𦗲	耳	18	
𦗳	耳	19	
𦗴	耳	19	
𦗵	耳	19	
𦗶	耳	19	
𦗷	耳	19	
𦗸	耳	19	
𦗹	耳	19	
𦗺	耳	19	
𦗻	耳	19	
𦗼	耳	19	
𦗽	耳	19	
𦗾	耳	20	
𦗿	耳	20	
𦘀	耳	20	
𦘁	耳	20	
𦘂	耳	20	
𦘃	耳	20	
𦘄	耳	20	
𦘅	耳	21	
𦘆	耳	21	
𦘇	耳	21	
𦘈	耳	21	
𦘉	耳	21	
𦘊	耳	22	
𦘋	耳	22	
𦘌	耳	22	
𦘍	耳	23	
𦘎	耳	23	
𦘏	耳	24	
𦘐	耳	25	
𦘑	耳	26	
𦘒	聿	5	
𦘓	聿	8	
𦘔	聿	9	
𦘕	聿	11	
𦘖	聿	11	
𦘗	聿	11	
𦘘	聿	12	
𦘙	聿	12	
𦘚	聿	12	
𦘛	聿	13	
𦘜	聿	13	
𦘝	聿	14	
𦘞	聿	14	
𦘟	聿	14	
𦘠	聿	15	
𦘡	聿	15	
𦘢	聿	15	
𦘣	聿	16	
𦘤	聿	17	
𦘥	聿	17	
𦘦	聿	17	
𦘧	聿	19	
𦘨	聿	20	
𦘩	肉	6	
𦘪	肉	6	
𦘫	肉	6	
𦘬	肉	6	
𦘭	肉	6	
𦘮	肉	6	
𦘯	肉	6	
𦘰	肉	6	
𦘱	肉	6	
𦘲	肉	6	
𦘳	肉	6	
𦘴	肉	7	
𦘵	肉	7	
𦘶	肉	7	
𦘷	肉	7	
𦘸	肉	7	
𦘹	肉	7	
𦘺	肉	7	
𦘻	肉	7	
𦘼	肉	7	
𦘽	肉	7	
𦘾	肉	7	
𦘿	肉	8	
𦙀	肉	8	
𦙁	肉	8	
𦙂	肉	8	
𦙃	肉	8	
𦙄	肉	8	
𦙅	肉	8	
𦙆	肉	8	
𦙇	肉	8	
𦙈	肉	8	
𦙉	肉	8	
𦙊	肉	8	
𦙋	肉	8	
𦙌	肉	8	
𦙍	肉	8	
𦙎	肉	8	
𦙏	肉	8	
𦙐	肉	8	
𦙑	肉	8	
𦙒	肉	8	
𦙓	肉	8	
𦙔	肉	8	
𦙕	肉	8	
𦙖	肉	8	
𦙗	月	8	
𦙘	肉	8	
𦙙	肉	8	
𦙚	肉	8	
𦙛	肉	8	
𦙜	肉	8	
𦙝	肉	8	
𦙞	肉	8	
𦙟	肉	8	
𦙠	肉	8	
𦙡	肉	8	
𦙢	肉	8	
𦙣	肉	8	
𦙤	肉	8	
𦙥	肉	8	
𦙦	肉	8	
𦙧	肉	8	
𦙨	肉	8	
𦙩	肉	8	
𦙪	肉	9	
𦙫	肉	9	
𦙬	肉	9	
𦙭	肉	9	
𦙮	肉	9	
𦙯	肉	9	
𦙰	肉	9	
𦙱	肉	9	
𦙲	肉	9	
𦙳	肉	9	
𦙴	肉	9	
𦙵	肉	9	
𦙶	肉	9	
𦙷	肉	9	
𦙸	肉	9	
𦙹	肉	9	
𦙺	肉	9	
𦙻	肉	9	
𦙼	肉	9	
𦙽	肉	9	
𦙾	肉	9	
𦙿	肉	9	
𦚀	肉	9	
𦚁	肉	9	
𦚂	肉	9	
𦚃	肉	9	
𦚄	肉	9	
𦚅	肉	9	
𦚆	肉	9	
𦚇	肉	9	
𦚈	肉	9	
𦚉	肉	9	
𦚊	肉	9	
𦚋	肉	9	
𦚌	肉	9	
𦚍	肉	9	
𦚎	肉	9	
𦚏	肉	9	
𦚐	肉	9	
𦚑	肉	9	
𦚒	肉	9	
𦚓	肉	9	
𦚔	肉	9	
𦚕	肉	9	
𦚖	肉	9	
𦚗	肉	9	
𦚘	肉	9	
𦚙	肉	9	
𦚚	肉	9	
𦚛	肉	9	
𦚜	肉	9	
𦚝	肉	10	
𦚞	肉	10	
𦚟	肉	10	
𦚠	肉	10	
𦚡	肉	10	
𦚢	肉	10	
𦚣	肉	10	
𦚤	肉	10	
𦚥	肉	10	
𦚦	肉	10	
𦚧	肉	10	
𦚨	肉	10	
𦚩	肉	10	
𦚪	肉	10	
𦚫	肉	10	
𦚬	肉	10	
𦚭	肉	10	
𦚮	肉	10	
𦚯	肉	10	
𦚰	肉	10	
𦚱	肉	10	
𦚲	肉	10	
𦚳	肉	10	
𦚴	肉	10	
𦚵	肉	10	
𦚶	肉	10	
𦚷	肉	10	
𦚸	肉	10	
𦚹	月	10	
𦚺	肉	10	
𦚻	肉	10	
𦚼	肉	10	
𦚽	肉	10	
𦚾	肉	10	
𦚿	肉	10	
𦛀	肉	10	
𦛁	肉	10	
𦛂	肉	10	
𦛃	肉	10	
𦛄	肉	10	
𦛅	肉	10	
𦛆	肉	10	
𦛇	肉	10	
𦛈	肉	10	
𦛉	肉	10	
𦛊	肉	10	
𦛋	肉	10	
𦛌	肉	10	
𦛍	肉	10	
𦛎	肉	10	
𦛏	肉	10	
𦛐	肉	10	
𦛑	肉	10	
𦛒	肉	10	
𦛓	肉	10	
𦛔	肉	11	
𦛕	肉	11	
𦛖	肉	11	
𦛗	肉	11	
𦛘	肉	11	
𦛙	肉	11	
𦛚	肉	11	
𦛛	肉	11	
𦛜	肉	11	
𦛝	肉	11	
𦛞	肉	11	
𦛟	肉	11	
𦛠	肉	11	
𦛡	肉	11	
𦛢	肉	11	
𦛣	肉	11	
𦛤	肉	11	
𦛥	肉	11	
𦛦	肉	11	
𦛧	肉	11	
𦛨	肉	11	
𦛩	肉	11	
𦛪	肉	11	
𦛫	肉	11	
𦛬	肉	11	
𦛭	肉	11	
𦛮	肉	11	
𦛯	肉	11	
𦛰	肉	11	
𦛱	肉	11	
𦛲	肉	11	
𦛳	肉	11	
𦛴	肉	11	
𦛵	肉	11	
𦛶	肉	11	
𦛷	肉	11	
𦛸	肉	11	
𦛹	肉	11	
𦛺	肉	11	
𦛻	肉	11	
𦛼	肉	11	
𦛽	肉	11	
𦛾	肉	11	
𦛿	肉	11	
𦜀	肉	11	
𦜁	肉	11	
𦜂	肉	11	
𦜃	肉	11	
𦜄	肉	11	
𦜅	肉	11	
𦜆	肉	12	
𦜇	肉	12	
𦜈	肉	12	
𦜉	肉	12	
𦜊	肉	12	
𦜋	肉	12	
𦜌	肉	12	
𦜍	肉	12	
𦜎	肉	12	
𦜏	肉	12	
𦜐	肉	12	
𦜑	肉	12	
𦜒	肉	12	
𦜓	肉	12	
𦜔	肉	12	
𦜕	肉	12	
𦜖	肉	12	
𦜗	肉	12	
𦜘	肉	12	
𦜙	肉	12	
𦜚	肉	12	
𦜛	肉	12	
𦜜	肉	12	
𦜝	肉	12	
𦜞	肉	12	
𦜟	肉	12	
𦜠	肉	12	
𦜡	肉	12	
𦜢	肉	12	
𦜣	肉	12	
𦜤	肉	12	
𦜥	肉	12	
𦜦	肉	12	
𦜧	肉	12	
𦜨	肉	12	
𦜩	肉	12	
𦜪	肉	12	
𦜫	肉	12	
𦜬	肉	12	
𦜭	肉	12	
𦜮	肉	12	
𦜯	肉	12	
𦜰	肉	12	
𦜱	肉	12	
𦜲	肉	12	
𦜳	月	12	
𦜴	肉	12	
𦜵	肉	12	
𦜶	肉	12	
𦜷	肉	12	
𦜸	肉	12	
𦜹	肉	12	
𦜺	肉	12	
𦜻	肉	12	
𦜼	肉	12	
𦜽	肉	12	
𦜾	肉	12	
𦜿	肉	12	
𦝀	肉	12	
𦝁	肉	12	
𦝂	肉	12	
𦝃	肉	12	
𦝄	肉	12	
𦝅	肉	12	
𦝆	肉	12	
𦝇	肉	12	
𦝈	肉	12	
𦝉	肉	12	
𦝊	肉	12	
𦝋	肉	12	
𦝌	肉	12	
𦝍	肉	12	
𦝎	肉	12	
𦝏	肉	12	
𦝐	肉	12	
𦝑	肉	12	
𦝒	肉	12	
𦝓	肉	12	
𦝔	肉	12	
𦝕	肉	12	
𦝖	肉	12	
𦝗	肉	12	
𦝘	肉	12	
𦝙	肉	12	
𦝚	肉	13	
𦝛	肉	13	
𦝜	肉	13	
𦝝	肉	13	
𦝞	肉	13	
𦝟	肉	13	
𦝠	肉	13	
𦝡	肉	13	
𦝢	肉	13	
𦝣	肉	13	
𦝤	肉	13	
𦝥	肉	13	
𦝦	肉	13	
𦝧	肉	13	
𦝨	肉	13	
𦝩	肉	13	
𦝪	肉	13	
𦝫	肉	13	
𦝬	肉	13	
𦝭	肉	13	
𦝮	肉	13	
𦝯	肉	13	
𦝰	肉	13	
𦝱	肉	13	
𦝲	肉	13	
𦝳	肉	13	
𦝴	肉	13	
𦝵	肉	13	
𦝶	肉	13	
𦝷	肉	13	
𦝸	肉	13	
𦝹	肉	13	
𦝺	肉	13	
𦝻	肉	13	
𦝼	肉	13	
𦝽	肉	13	
𦝾	肉	13	
𦝿	肉	13	
𦞀	肉	13	
𦞁	肉	13	
𦞂	肉	13	
𦞃	肉	13	
𦞄	肉	13	
𦞅	肉	13	
𦞆	肉	13	
𦞇	肉	13	
𦞈	肉	13	
𦞉	肉	13	
𦞊	肉	13	
𦞋	肉	13	
𦞌	肉	13	
𦞍	肉	13	
𦞎	肉	13	
𦞏	肉	13	
𦞐	肉	13	
𦞑	肉	13	
𦞒	肉	13	
𦞓	肉	13	
𦞔	肉	13	
𦞕	肉	13	
𦞖	肉	13	
𦞗	肉	13	
𦞘	肉	13	
𦞙	肉	14	
𦞚	肉	14	
𦞛	肉	14	
𦞜	肉	14	
𦞝	肉	14	
𦞞	肉	14	
𦞟	肉	14	
𦞠	肉	14	
𦞡	肉	14	
𦞢	肉	14	
𦞣	肉	14	
𦞤	肉	14	
𦞥	肉	14	
𦞦	肉	14	
𦞧	肉	14	
𦞨	肉	14	
𦞩	肉	14	
𦞪	肉	14	
𦞫	肉	14	
𦞬	肉	14	
𦞭	肉	14	
𦞮	肉	14	
𦞯	肉	14	
𦞰	肉	14	
𦞱	肉	14	
𦞲	肉	14	
𦞳	肉	14	
𦞴	肉	14	
𦞵	肉	14	
𦞶	肉	14	
𦞷	肉	14	
𦞸	肉	14	
𦞹	肉	14	
𦞺	肉	14	
𦞻	肉	14	
𦞼	肉	14	
𦞽	肉	14	
𦞾	肉	14	
𦞿	肉	14	
𦟀	肉	14	
𦟁	肉	14	
𦟂	肉	14	
𦟃	肉	14	
𦟄	肉	14	
𦟅	肉	14	
𦟆	肉	14	
𦟇	肉	14	
𦟈	肉	14	
𦟉	肉	14	
𦟊	肉	14	
𦟋	肉	14	
𦟌	肉	14	
𦟍	肉	14	
𦟎	肉	14	
𦟏	肉	14	
𦟐	肉	14	
𦟑	肉	14	
𦟒	肉	14	
𦟓	肉	13	
𦟔	肉	13	
𦟕	肉	14	
𦟖	肉	14	
𦟗	肉	14	
𦟘	肉	15	
𦟙	肉	15	
𦟚	肉	15	
𦟛	肉	15	
𦟜	肉	15	
𦟝	肉	15	
𦟞	肉	15	
𦟟	肉	15	
𦟠	肉	15	
𦟡	肉	15	
𦟢	肉	15	
𦟣	肉	15	
𦟤	肉	15	
𦟥	肉	15	
𦟦	肉	15	
𦟧	肉	15	
𦟨	肉	15	
𦟩	肉	15	
𦟪	肉	15	
𦟫	肉	15	
𦟬	肉	15	
𦟭	肉	15	
𦟮	肉	15	
𦟯	肉	15	
𦟰	肉	15	
𦟱	肉	15	
𦟲	肉	15	
𦟳	肉	15	
𦟴	肉	15	
𦟵	肉	15	
𦟶	肉	15	
𦟷	肉	15	
𦟸	肉	15	
𦟹	肉	15	
𦟺	肉	15	
𦟻	肉	15	
𦟼	肉	15	
𦟽	肉	15	
𦟾	肉	15	
𦟿	肉	15	
𦠀	肉	15	
𦠁	肉	15	
𦠂	肉	15	
𦠃	肉	16	
𦠄	肉	16	
𦠅	肉	16	
𦠆	肉	16	
𦠇	肉	16	
𦠈	肉	16	
𦠉	肉	16	
𦠊	肉	16	
𦠋	肉	16	
𦠌	肉	16	
𦠍	肉	16	
𦠎	肉	16	
𦠏	肉	16	
𦠐	肉	16	
𦠑	肉	16	
𦠒	肉	16	
𦠓	肉	16	
𦠔	肉	16	
𦠕	肉	16	
𦠖	肉	16	
𦠗	肉	16	
𦠘	肉	16	
𦠙	肉	16	
𦠚	肉	16	
𦠛	肉	16	
𦠜	肉	16	
𦠝	肉	16	
𦠞	肉	16	
𦠟	肉	16	
𦠠	肉	16	
𦠡	肉	16	
𦠢	肉	16	
𦠣	肉	16	
𦠤	肉	16	
𦠥	肉	16	
𦠦	肉	16	
𦠧	肉	16	
𦠨	肉	16	
𦠩	肉	16	
𦠪	肉	16	
𦠫	肉	16	
𦠬	肉	16	
𦠭	肉	16	
𦠮	肉	16	
𦠯	肉	16	
𦠰	肉	16	
𦠱	肉	16	
𦠲	肉	16	
𦠳	肉	16	
𦠴	肉	16	
𦠵	肉	16	
𦠶	肉	16	
𦠷	肉	16	
𦠸	肉	16	
𦠹	肉	16	
𦠺	肉	16	
𦠻	肉	16	
𦠼	肉	16	
𦠽	肉	16	
𦠾	肉	17	
𦠿	肉	17	
𦡀	肉	17	
𦡁	肉	17	
𦡂	肉	17	
𦡃	肉	17	
𦡄	肉	16	
𦡅	肉	17	
𦡆	肉	17	
𦡇	肉	17	
𦡈	肉	17	
𦡉	肉	17	
𦡊	肉	17	
𦡋	肉	17	
𦡌	肉	17	
𦡍	肉	17	
𦡎	肉	18	
𦡏	肉	17	
𦡐	肉	17	
𦡑	肉	17	
𦡒	肉	17	
𦡓	肉	17	
𦡔	肉	17	
𦡕	肉	17	
𦡖	月	17	
𦡗	心	16	
𦡘	肉	17	
𦡙	肉	17	
𦡚	肉	17	
𦡛	肉	17	
𦡜	肉	17	
𦡝	肉	17	
𦡞	肉	17	
𦡟	肉	17	
𦡠	肉	17	
𦡡	肉	17	
𦡢	肉	17	
𦡣	肉	17	
𦡤	肉	17	
𦡥	肉	17	
𦡦	肉	17	
𦡧	肉	17	
𦡨	肉	17	
𦡩	肉	17	
𦡪	肉	17	
𦡫	肉	17	
𦡬	肉	17	
𦡭	肉	17	
𦡮	肉	16	
𦡯	肉	17	
𦡰	肉	18	
𦡱	肉	18	
𦡲	肉	18	
𦡳	肉	18	
𦡴	肉	18	
𦡵	肉	18	
𦡶	肉	18	
𦡷	肉	18	
𦡸	肉	18	
𦡹	肉	18	
𦡺	肉	18	
𦡻	肉	18	
𦡼	肉	18	
𦡽	肉	18	
𦡾	肉	18	
𦡿	肉	18	
𦢀	肉	18	
𦢁	肉	18	
𦢂	肉	18	
𦢃	肉	18	
𦢄	肉	18	
𦢅	肉	18	
𦢆	肉	18	
𦢇	肉	18	
𦢈	肉	18	
𦢉	肉	18	
𦢊	肉	19	
𦢋	肉	19	
𦢌	肉	19	
𦢍	肉	19	
𦢎	肉	19	
𦢏	肉	19	
𦢐	肉	19	
𦢑	肉	19	
𦢒	肉	19	
𦢓	肉	19	
𦢔	肉	19	
𦢕	肉	19	
𦢖	肉	19	
𦢗	肉	19	
𦢘	肉	19	
𦢙	肉	19	
𦢚	肉	19	
𦢛	肉	19	
𦢜	肉	19	
𦢝	肉	19	
𦢞	肉	19	
𦢟	肉	19	
𦢠	肉	19	
𦢡	肉	19	
𦢢	肉	19	
𦢣	肉	19	
𦢤	肉	19	
𦢥	肉	20	
𦢦	肉	20	
𦢧	肉	20	
𦢨	肉	20	
𦢩	肉	20	
𦢪	肉	20	
𦢫	肉	20	
𦢬	肉	20	
𦢭	肉	20	
𦢮	肉	20	
𦢯	肉	20	
𦢰	肉	20	
𦢱	肉	20	
𦢲	肉	20	
𦢳	肉	20	
𦢴	肉	20	
𦢵	肉	20	
𦢶	肉	20	
𦢷	肉	20	
𦢸	肉	21	
𦢹	肉	21	
𦢺	肉	21	
𦢻	肉	21	
𦢼	肉	21	
𦢽	肉	21	
𦢾	肉	21	
𦢿	肉	22	
𦣀	肉	22	
𦣁	肉	22	
𦣂	肉	22	
𦣃	肉	22	
𦣄	肉	22	
𦣅	肉	22	
𦣆	肉	23	
𦣇	肉	23	
𦣈	肉	23	
𦣉	肉	23	
𦣊	肉	23	
𦣋	肉	23	
𦣌	肉	23	
𦣍	肉	23	
𦣎	肉	23	
𦣏	肉	23	
𦣐	肉	23	
𦣑	肉	24	
𦣒	肉	24	
𦣓	肉	24	
𦣔	肉	24	
𦣕	肉	24	
𦣖	肉	25	
𦣗	肉	25	
𦣘	肉	26	
𦣙	肉	25	
𦣚	肉	26	
𦣛	肉	27	
𦣜	肉	28	
𦣝	臣	7	
𦣞	臣	6	
𦣟	臣	9	
𦣠	臣	10	
𦣡	臣	10	
𦣢	臣	10	
𦣣	臣	10	
𦣤	臣	11	
𦣥	臣	11	
𦣦	臣	12	
𦣧	臣	12	
𦣨	臣	12	
𦣩	臣	12	
𦣪	臣	16	
𦣫	臣	14	
𦣬	臣	14	
𦣭	臣	15	
𦣮	臣	14	
𦣯	臣	15	
𦣰	臣	17	
𦣱	臣	17	
𦣲	臣	18	
𦣳	臣	18	
𦣴	臣	21	
𦣵	臣	21	
𦣶	臣	22	
𦣷	臣	29	
𦣸	臣	31	
𦣹	自	6	
𦣺	自	7	
𦣻	自	7	
𦣼	自	7	
𦣽	自	8	
𦣾	自	9	
𦣿	自	9	
𦤀	自	9	
𦤁	自	10	
𦤂	自	10	
𦤃	自	10	
𦤄	自	10	
𦤅	自	10	
𦤆	自	10	
𦤇	自	10	
𦤈	自	10	
𦤉	自	10	
𦤊	自	10	
𦤋	自	10	
𦤌	自	11	
𦤍	自	11	
𦤎	自	11	
𦤏	自	11	
𦤐	自	12	
𦤑	自	12	
𦤒	自	12	
𦤓	自	12	
𦤔	自	13	
𦤕	自	14	
𦤖	自	14	
𦤗	自	14	
𦤘	自	15	
𦤙	自	15	
𦤚	自	15	
𦤛	自	15	
𦤜	自	15	
𦤝	自	15	
𦤞	自	16	
𦤟	自	16	
𦤠	自	16	
𦤡	自	17	
𦤢	自	17	
𦤣	自	17	
𦤤	自	17	
𦤥	自	18	
𦤦	自	19	
𦤧	自	19	
𦤨	自	19	
𦤩	自	19	
𦤪	自	19	
𦤫	自	20	
𦤬	自	20	
𦤭	自	20	
𦤮	自	20	
𦤯	自	21	
𦤰	自	21	
𦤱	自	24	
𦤲	自	26	
𦤳	至	6	
𦤴	至	6	
𦤵	至	8	
𦤶	至	9	
𦤷	至	9	
𦤸	至	9	
𦤹	至	10	
𦤺	至	10	
𦤻	至	11	
𦤼	至	11	
𦤽	至	11	
𦤾	至	11	
𦤿	至	12	
𦥀	至	12	
𦥁	至	13	
𦥂	至	14	
𦥃	至	14	
𦥄	至	14	
𦥅	至	15	
𦥆	至	15	
𦥇	至	15	
𦥈	土	14	
𦥉	至	16	
𦥊	至	16	
𦥋	至	16	
𦥌	至	16	
𦥍	至	16	
𦥎	至	17	
𦥏	至	18	
𦥐	至	18	
𦥑	臼	6	
𦥒	臼	6	
𦥓	臼	6	
𦥔	臼	7	
𦥕	臼	8	
𦥖	臼	8	
𦥗	臼	9	
𦥘	臼	9	
𦥙	臼	8	
𦥚	臼	9	
𦥛	臼	9	
𦥜	臼	9	
𦥝	臼	10	
𦥞	臼	10	
𦥟	臼	10	
𦥠	臼	10	
𦥡	臼	10	
𦥢	臼	10	
𦥣	臼	10	
𦥤	臼	10	
𦥥	臼	11	
𦥦	臼	11	
𦥧	臼	9	
𦥨	臼	11	
𦥩	臼	11	
𦥪	臼	11	
𦥫	臼	11	
𦥬	臼	11	
𦥭	臼	12	
𦥮	臼	12	
𦥯	臼	12	
𦥰	臼	12	
𦥱	臼	12	
𦥲	臼	12	
𦥳	臼	13	
𦥴	臼	13	
𦥵	臼	13	
𦥶	臼	13	
𦥷	臼	13	
𦥸	臼	13	
𦥹	臼	13	
𦥺	臼	13	
𦥻	臼	14	
𦥼	臼	14	
𦥽	臼	14	
𦥾	臼	14	
𦥿	臼	14	
𦦀	臼	14	
𦦁	臼	14	
𦦂	臼	14	
𦦃	臼	14	
𦦄	臼	14	
𦦅	臼	15	
𦦆	臼	15	
𦦇	臼	15	
𦦈	臼	15	
𦦉	臼	15	
𦦊	臼	15	
𦦋	臼	15	
𦦌	臼	15	
𦦍	臼	15	
𦦎	臼	15	
𦦏	臼	16	
𦦐	臼	16	
𦦑	臼	16	
𦦒	臼	16	
𦦓	臼	16	
𦦔	禸	15	
𦦕	臼	16	
𦦖	臼	16	
𦦗	臼	16	
𦦘	臼	17	
𦦙	臼	17	
𦦚	臼	17	
𦦛	臼	17	
𦦜	臼	17	
𦦝	臼	17	
𦦞	臼	17	
𦦟	臼	17	
𦦠	臼	17	
𦦡	臼	18	
𦦢	臼	18	
𦦣	臼	18	
𦦤	臼	18	
𦦥	臼	18	
𦦦	臼	18	
𦦧	臼	18	
𦦨	火	18	
𦦩	臼	19	
𦦪	臼	19	
𦦫	臼	19	
𦦬	臼	19	
𦦭	臼	20	
𦦮	臼	20	
𦦯	臼	19	
𦦰	臼	20	
𦦱	臼	20	
𦦲	臼	20	
𦦳	臼	20	
𦦴	臼	20	
𦦵	臼	20	
𦦶	臼	21	
𦦷	臼	21	
𦦸	臼	21	
𦦹	臼	22	
𦦺	臼	23	
𦦻	臼	23	
𦦼	臼	24	
𦦽	臼	25	
𦦾	臼	25	
𦦿	臼	25	
𦧀	臼	26	
𦧁	臼	27	
𦧂	臼	27	
𦧃	臼	30	
𦧄	臼	42	
𦧅	臼	48	
𦧆	舌	7	
𦧇	舌	9	
𦧈	舌	10	
𦧉	舌	10	
𦧊	舌	10	
𦧋	舌	10	
𦧌	舌	10	
𦧍	舌	10	
𦧎	舌	10	
𦧏	舌	10	
𦧐	舌	10	
𦧑	舌	11	
𦧒	舌	11	
𦧓	舌	11	
𦧔	舌	11	
𦧕	舌	12	
𦧖	舌	12	
𦧗	舌	12	
𦧘	舌	12	
𦧙	舌	12	
𦧚	舌	12	
𦧛	舌	12	
𦧜	舌	12	
𦧝	舌	13	
𦧞	舌	13	
𦧟	舌	14	
𦧠	舌	14	
𦧡	舌	14	
𦧢	舌	14	
𦧣	舌	14	
𦧤	舌	14	
𦧥	舌	14	
𦧦	舌	14	
𦧧	舌	15	
𦧨	舌	15	
𦧩	舌	15	
𦧪	舌	15	
𦧫	舌	15	
𦧬	舌	15	
𦧭	舌	16	
𦧮	舌	16	
𦧯	舌	16	
𦧰	舌	16	
𦧱	舌	17	
𦧲	舌	17	
𦧳	舌	17	
𦧴	舌	18	
𦧵	舌	18	
𦧶	舌	18	
𦧷	舌	19	
𦧸	舌	20	
𦧹	舌	21	
𦧺	舌	22	
𦧻	舌	23	
𦧼	舌	23	
𦧽	舌	26	
𦧾	舛	15	
𦧿	舛	15	
𦨀	舛	18	
𦨁	舛	20	
𦨂	舛	23	
𦨃	舛	22	
𦨄	舛	24	
𦨅	舛	25	
𦨆	舛	27	
𦨇	舟	7	
𦨈	舟	8	
𦨉	舟	8	
𦨊	舟	8	
𦨋	舟	8	
𦨌	舟	8	
𦨍	舟	8	
𦨎	舟	9	
𦨏	舟	9	
𦨐	舟	9	
𦨑	舟	9	
𦨒	舟	9	
𦨓	舟	9	
𦨔	舟	9	
𦨕	舟	10	
𦨖	舟	10	
𦨗	舟	10	
𦨘	舟	10	
𦨙	舟	10	
𦨚	舟	10	
𦨛	舟	10	
𦨜	舟	10	
𦨝	舟	10	
𦨞	舟	10	
𦨟	舟	10	
𦨠	舟	10	
𦨡	舟	11	
𦨢	舟	11	
𦨣	舟	11	
𦨤	舟	11	
𦨥	舟	11	
𦨦	舟	11	
𦨧	舟	11	
𦨨	舟	11	
𦨩	舟	11	
𦨪	舟	11	
𦨫	舟	11	
𦨬	舟	11	
𦨭	舟	11	
𦨮	舟	11	
𦨯	舟	12	
𦨰	舟	12	
𦨱	舟	12	
𦨲	舟	12	
𦨳	舟	13	
𦨴	舟	12	
𦨵	舟	12	
𦨶	舟	12	
𦨷	舟	12	
𦨸	舟	12	
𦨹	舟	12	
𦨺	舟	12	
𦨻	舟	12	
𦨼	舟	12	
𦨽	舟	13	
𦨾	舟	13	
𦨿	舟	13	
𦩀	舟	13	
𦩁	舟	13	
𦩂	舟	13	
𦩃	舟	13	
𦩄	舟	13	
𦩅	舟	13	
𦩆	舟	13	
𦩇	舟	13	
𦩈	舟	13	
𦩉	舟	13	
𦩊	舟	14	
𦩋	舟	14	
𦩌	舟	14	
𦩍	舟	14	
𦩎	舟	14	
𦩏	舟	14	
𦩐	舟	14	
𦩑	舟	14	
𦩒	舟	14	
𦩓	舟	14	
𦩔	舟	14	
𦩕	舟	14	
𦩖	舟	14	
𦩗	舟	14	
𦩘	舟	14	
𦩙	舟	14	
𦩚	舟	14	
𦩛	舟	14	
𦩜	舟	14	
𦩝	舟	15	
𦩞	舟	15	
𦩟	舟	15	
𦩠	舟	15	
𦩡	舟	15	
𦩢	舟	15	
𦩣	舟	15	
𦩤	舟	15	
𦩥	舟	15	
𦩦	舟	15	
𦩧	舟	15	
𦩨	舟	15	
𦩩	舟	15	
𦩪	舟	15	
𦩫	舟	15	
𦩬	舟	15	
𦩭	舟	15	
𦩮	舟	15	
𦩯	舟	15	
𦩰	舟	15	
𦩱	舟	15	
𦩲	舟	15	
𦩳	舟	15	
𦩴	舟	16	
𦩵	舟	16	
𦩶	舟	16	
𦩷	舟	16	
𦩸	舟	16	
𦩹	舟	16	
𦩺	舟	16	
𦩻	舟	16	
𦩼	舟	16	
𦩽	舟	16	
𦩾	舟	16	
𦩿	舟	15	
𦪀	舟	16	
𦪁	舟	16	
𦪂	舟	16	
𦪃	舟	16	
𦪄	舟	16	
𦪅	舟	16	
𦪆	舟	17	
𦪇	舟	17	
𦪈	舟	17	
𦪉	舟	17	
𦪊	舟	17	
𦪋	舟	17	
𦪌	舟	17	
𦪍	舟	17	
𦪎	舟	17	
𦪏	舟	17	
𦪐	舟	17	
𦪑	舟	18	
𦪒	舟	18	
𦪓	舟	18	
𦪔	舟	18	
𦪕	舟	18	
𦪖	舟	18	
𦪗	舟	18	
𦪘	舟	18	
𦪙	舟	18	
𦪚	舟	18	
𦪛	舟	18	
𦪜	舟	18	
𦪝	舟	18	
𦪞	舟	18	
𦪟	舟	18	
𦪠	舟	18	
𦪡	舟	18	
𦪢	舟	18	
𦪣	舟	18	
𦪤	舟	18	
𦪥	舟	18	
𦪦	舟	18	
𦪧	舟	18	
𦪨	舟	19	
𦪩	舟	19	
𦪪	舟	19	
𦪫	舟	19	
𦪬	舟	19	
𦪭	舟	19	
𦪮	舟	19	
𦪯	舟	19	
𦪰	舟	19	
𦪱	舟	20	
𦪲	舟	20	
𦪳	舟	20	
𦪴	舟	20	
𦪵	舟	20	
𦪶	舟	21	
𦪷	舟	21	
𦪸	舟	21	
𦪹	皿	21	
𦪺	舟	21	
𦪻	舟	21	
𦪼	舟	21	
𦪽	舟	22	
𦪾	舟	22	
𦪿	舟	22	
𦫀	舟	22	
𦫁	舟	22	
𦫂	舟	22	
𦫃	舟	23	
𦫄	舟	23	
𦫅	舟	25	
𦫆	舟	25	
𦫇	舟	26	
𦫈	舟	27	
𦫉	舟	26	
𦫊	舟	30	
𦫋	艮	9	
𦫌	艮	11	
𦫍	艮	11	
𦫎	艮	12	
𦫏	艮	13	
𦫐	艮	15	
𦫑	艮	17	
𦫒	艮	20	
𦫓	色	9	
𦫔	色	11	
𦫕	色	11	
𦫖	色	11	
𦫗	色	11	
𦫘	色	11	
𦫙	色	11	
𦫚	色	12	
𦫛	色	13	
𦫜	色	13	
𦫝	色	13	
𦫞	色	14	
𦫟	色	14	
𦫠	色	14	
𦫡	色	14	
𦫢	色	14	
𦫣	色	14	
𦫤	色	15	
𦫥	色	15	
𦫦	色	15	
𦫧	色	15	
𦫨	色	15	
𦫩	色	15	
𦫪	色	16	
𦫫	色	16	
𦫬	色	16	
𦫭	色	16	
𦫮	色	16	
𦫯	色	20	
𦫰	色	20	
𦫱	色	20	
𦫲	色	25	
𦫳	艸	5	
𦫴	艸	5	
𦫵	艸	5	
𦫶	艸	6	
𦫷	艸	6	
𦫸	艸	6	
𦫹	艸	6	
𦫺	艸	6	
𦫻	艸	6	
𦫼	艸	6	
𦫽	艸	6	
𦫾	艸	6	
𦫿	艸	6	
𦬀	艸	6	
𦬁	艸	7	
𦬂	艸	7	
𦬃	艸	7	
𦬄	艸	7	
𦬅	艸	7	
𦬆	艸	7	
𦬇	艸	7	
𦬈	艸	7	
𦬉	艸	7	
𦬊	艸	7	
𦬋	艸	7	
𦬌	艸	7	
𦬍	艸	7	
𦬎	艸	7	
𦬏	艸	7	
𦬐	艸	7	
𦬑	艸	7	
𦬒	艸	7	
𦬓	艸	8	
𦬔	艸	8	
𦬕	艸	8	
𦬖	艸	8	
𦬗	艸	8	
𦬘	艸	8	
𦬙	艸	8	
𦬚	艸	8	
𦬛	艸	8	
𦬜	艸	8	
𦬝	艸	8	
𦬞	艸	8	
𦬟	艸	8	
𦬠	艸	8	
𦬡	艸	8	
𦬢	艸	8	
𦬣	艸	8	
𦬤	艸	8	
𦬥	艸	8	
𦬦	艸	8	
𦬧	艸	8	
𦬨	艸	8	
𦬩	艸	8	
𦬪	艸	8	
𦬫	艸	8	
𦬬	艸	8	
𦬭	艸	8	
𦬮	艸	8	
𦬯	艸	8	
𦬰	艸	8	
𦬱	艸	8	
𦬲	艸	8	
𦬳	艸	8	
𦬴	艸	8	
𦬵	艸	8	
𦬶	艸	8	
𦬷	艸	9	
𦬸	艸	9	
𦬹	艸	9	
𦬺	艸	9	
𦬻	艸	9	
𦬼	艸	9	
𦬽	艸	9	
𦬾	艸	9	
𦬿	艸	9	
𦭀	艸	9	
𦭁	艸	9	
𦭂	艸	9	
𦭃	艸	9	
𦭄	艸	9	
𦭅	艸	9	
𦭆	艸	9	
𦭇	艸	9	
𦭈	艸	9	
𦭉	艸	9	
𦭊	艸	9	
𦭋	艸	9	
𦭌	艸	9	
𦭍	艸	9	
𦭎	艸	9	
𦭏	艸	9	
𦭐	艸	9	
𦭑	艸	9	
𦭒	艸	9	
𦭓	艸	9	
𦭔	艸	9	
𦭕	艸	9	
𦭖	艸	9	
𦭗	艸	9	
𦭘	艸	9	
𦭙	艸	9	
𦭚	艸	9	
𦭛	艸	9	
𦭜	艸	9	
𦭝	艸	9	
𦭞	艸	9	
𦭟	艸	9	
𦭠	艸	9	
𦭡	艸	9	
𦭢	艸	9	
𦭣	艸	9	
𦭤	艸	9	
𦭥	艸	9	
𦭦	艸	9	
𦭧	艸	9	
𦭨	艸	9	
𦭩	艸	9	
𦭪	艸	9	
𦭫	艸	9	
𦭬	艸	9	
𦭭	艸	10	
𦭮	艸	10	
𦭯	艸	10	
𦭰	艸	10	
𦭱	艸	10	
𦭲	艸	10	
𦭳	艸	10	
𦭴	艸	10	
𦭵	艸	10	
𦭶	艸	10	
𦭷	艸	10	
𦭸	艸	10	
𦭹	艸	10	
𦭺	艸	10	
𦭻	艸	10	
𦭼	艸	10	
𦭽	艸	10	
𦭾	艸	10	
𦭿	艸	10	
𦮀	艸	10	
𦮁	艸	10	
𦮂	艸	10	
𦮃	艸	10	
𦮄	艸	10	
𦮅	艸	10	
𦮆	艸	10	
𦮇	艸	10	
𦮈	艸	10	
𦮉	艸	10	
𦮊	艸	10	
𦮋	艸	10	
𦮌	艸	10	
𦮍	艸	10	
𦮎	艸	10	
𦮏	艸	10	
𦮐	艸	10	
𦮑	艸	10	
𦮒	艸	10	
𦮓	艸	10	
𦮔	艸	10	
𦮕	艸	10	
𦮖	艸	10	
𦮗	艸	10	
𦮘	艸	10	
𦮙	艸	10	
𦮚	艸	10	
𦮛	艸	10	
𦮜	艸	10	
𦮝	艸	10	
𦮞	艸	10	
𦮟	艸	10	
𦮠	艸	10	
𦮡	艸	10	
𦮢	艸	10	
𦮣	艸	10	
𦮤	艸	10	
𦮥	艸	10	
𦮦	艸	10	
𦮧	艸	10	
𦮨	艸	10	
𦮩	艸	10	
𦮪	艸	10	
𦮫	艸	10	
𦮬	艸	10	
𦮭	艸	10	
𦮮	艸	10	
𦮯	艸	10	
𦮰	艸	10	
𦮱	艸	10	
𦮲	艸	10	
𦮳	艸	10	
𦮴	艸	10	
𦮵	艸	10	
𦮶	艸	11	
𦮷	艸	11	
𦮸	艸	11	
𦮹	艸	11	
𦮺	艸	11	
𦮻	艸	11	
𦮼	艸	11	
𦮽	艸	11	
𦮾	艸	11	
𦮿	艸	11	
𦯀	艸	11	
𦯁	艸	11	
𦯂	艸	11	
𦯃	艸	11	
𦯄	艸	11	
𦯅	艸	11	
𦯆	艸	11	
𦯇	艸	11	
𦯈	艸	11	
𦯉	艸	11	
𦯊	艸	11	
𦯋	艸	11	
𦯌	艸	11	
𦯍	艸	11	
𦯎	艸	11	
𦯏	艸	11	
𦯐	艸	11	
𦯑	艸	11	
𦯒	艸	11	
𦯓	艸	11	
𦯔	艸	11	
𦯕	艸	11	
𦯖	艸	11	
𦯗	艸	11	
𦯘	艸	11	
𦯙	艸	11	
𦯚	艸	11	
𦯛	艸	11	
𦯜	艸	11	
𦯝	艸	11	
𦯞	艸	11	
𦯟	艸	11	
𦯠	艸	11	
𦯡	艸	11	
𦯢	艸	11	
𦯣	艸	11	
𦯤	艸	11	
𦯥	艸	11	
𦯦	艸	11	
𦯧	艸	11	
𦯨	艸	11	
𦯩	艸	11	
𦯪	艸	11	
𦯫	艸	11	
𦯬	艸	11	
𦯭	艸	11	
𦯮	艸	11	
𦯯	艸	11	
𦯰	艸	11	
𦯱	艸	12	
𦯲	艸	11	
𦯳	艸	11	
𦯴	艸	11	
𦯵	艸	11	
𦯶	艸	11	
𦯷	艸	11	
𦯸	艸	11	
𦯹	艸	11	
𦯺	艸	11	
𦯻	艸	11	
𦯼	艸	11	
𦯽	艸	11	
𦯾	艸	11	
𦯿	艸	11	
𦰀	艸	11	
𦰁	艸	11	
𦰂	艸	11	
𦰃	艸	11	
𦰄	艸	11	
𦰅	艸	11	
𦰆	艸	11	
𦰇	艸	11	
𦰈	艸	11	
𦰉	艸	11	
𦰊	艸	11	
𦰋	艸	11	
𦰌	艸	11	
𦰍	艸	11	
𦰎	艸	11	
𦰏	艸	11	
𦰐	艸	11	
𦰑	艸	11	
𦰒	艸	11	
𦰓	艸	11	
𦰔	艸	11	
𦰕	艸	11	
𦰖	艸	12	
𦰗	艸	11	
𦰘	艸	11	
𦰙	艸	11	
𦰚	艸	11	
𦰛	艸	11	
𦰜	艸	11	
𦰝	艸	11	
𦰞	艸	11	
𦰟	艸	11	
𦰠	艸	11	
𦰡	艸	11	
𦰢	艸	11	
𦰣	艸	11	
𦰤	艸	11	
𦰥	艸	11	
𦰦	艸	11	
𦰧	艸	11	
𦰨	艸	11	
𦰩	艸	11	
𦰪	艸	12	
𦰫	艸	12	
𦰬	艸	12	
𦰭	艸	12	
𦰮	艸	12	
𦰯	艸	12	
𦰰	艸	12	
𦰱	艸	12	
𦰲	艸	12	
𦰳	艸	12	
𦰴	艸	12	
𦰵	艸	12	
𦰶	艸	12	
𦰷	艸	12	
𦰸	艸	12	
𦰹	艸	12	
𦰺	艸	12	
𦰻	艸	12	
𦰼	艸	12	
𦰽	艸	12	
𦰾	艸	12	
𦰿	艸	12	
𦱀	艸	12	
𦱁	艸	12	
𦱂	艸	12	
𦱃	艸	12	
𦱄	艸	12	
𦱅	艸	12	
𦱆	艸	12	
𦱇	艸	12	
𦱈	艸	12	
𦱉	艸	12	
𦱊	艸	12	
𦱋	艸	12	
𦱌	艸	12	
𦱍	艸	12	
𦱎	艸	12	
𦱏	艸	12	
𦱐	艸	12	
𦱑	艸	12	
𦱒	艸	12	
𦱓	艸	12	
𦱔	艸	12	
𦱕	艸	12	
𦱖	艸	12	
𦱗	艸	12	
𦱘	艸	12	
𦱙	艸	12	
𦱚	艸	12	
𦱛	艸	12	
𦱜	艸	12	
𦱝	艸	12	
𦱞	艸	12	
𦱟	艸	12	
𦱠	艸	12	
𦱡	艸	12	
𦱢	艸	12	
𦱣	艸	12	
𦱤	艸	12	
𦱥	艸	12	
𦱦	艸	12	
𦱧	艸	12	
𦱨	艸	12	
𦱩	艸	12	
𦱪	艸	12	
𦱫	艸	12	
𦱬	艸	12	
𦱭	艸	12	
𦱮	艸	12	
𦱯	艸	12	
𦱰	艸	12	
𦱱	艸	12	
𦱲	艸	12	
𦱳	艸	12	
𦱴	艸	12	
𦱵	艸	12	
𦱶	艸	12	
𦱷	艸	12	
𦱸	艸	12	
𦱹	艸	12	
𦱺	艸	12	
𦱻	艸	12	
𦱼	艸	12	
𦱽	艸	12	
𦱾	艸	12	
𦱿	艸	12	
𦲀	艸	12	
𦲁	艸	12	
𦲂	艸	12	
𦲃	艸	12	
𦲄	艸	12	
𦲅	艸	12	
𦲆	艸	12	
𦲇	艸	12	
𦲈	艸	12	
𦲉	艸	12	
𦲊	艸	12	
𦲋	艸	12	
𦲌	艸	12	
𦲍	艸	12	
𦲎	艸	12	
𦲏	艸	12	
𦲐	艸	12	
𦲑	艸	12	
𦲒	艸	12	
𦲓	艸	12	
𦲔	艸	12	
𦲕	艸	12	
𦲖	艸	12	
𦲗	艸	12	
𦲘	艸	12	
𦲙	艸	12	
𦲚	艸	12	
𦲛	艸	12	
𦲜	艸	12	
𦲝	艸	12	
𦲞	艸	12	
𦲟	艸	12	
𦲠	艸	12	
𦲡	艸	12	
𦲢	艸	12	
𦲣	艸	12	
𦲤	艸	12	
𦲥	艸	12	
𦲦	艸	12	
𦲧	艸	12	
𦲨	艸	12	
𦲩	艸	12	
𦲪	艸	12	
𦲫	艸	12	
𦲬	艸	12	
𦲭	艸	12	
𦲮	艸	12	
𦲯	艸	12	
𦲰	艸	12	
𦲱	艸	12	
𦲲	艸	12	
𦲳	艸	12	
𦲴	艸	12	
𦲵	艸	12	
𦲶	艸	12	
𦲷	艸	12	
𦲸	艸	12	
𦲹	艸	12	
𦲺	艸	12	
𦲻	艸	12	
𦲼	艸	12	
𦲽	艸	12	
𦲾	艸	12	
𦲿	艸	12	
𦳀	艸	12	
𦳁	艸	13	
𦳂	艸	13	
𦳃	艸	13	
𦳄	艸	13	
𦳅	艸	13	
𦳆	艸	13	
𦳇	艸	13	
𦳈	艸	13	
𦳉	艸	13	
𦳊	艸	13	
𦳋	艸	13	
𦳌	艸	13	
𦳍	艸	13	
𦳎	艸	13	
𦳏	艸	13	
𦳐	艸	13	
𦳑	艸	13	
𦳒	艸	13	
𦳓	艸	13	
𦳔	艸	13	
𦳕	艸	13	
𦳖	艸	13	
𦳗	艸	13	
𦳘	艸	13	
𦳙	艸	13	
𦳚	艸	13	
𦳛	艸	13	
𦳜	艸	13	
𦳝	艸	13	
𦳞	艸	13	
𦳟	艸	13	
𦳠	艸	13	
𦳡	艸	13	
𦳢	艸	13	
𦳣	艸	13	
𦳤	艸	13	
𦳥	艸	13	
𦳦	艸	13	
𦳧	艸	13	
𦳨	艸	13	
𦳩	艸	13	
𦳪	艸	13	
𦳫	艸	13	
𦳬	艸	13	
𦳭	艸	13	
𦳮	艸	13	
𦳯	艸	13	
𦳰	艸	13	
𦳱	艸	13	
𦳲	艸	13	
𦳳	艸	13	
𦳴	艸	13	
𦳵	艸	13	
𦳶	艸	13	
𦳷	艸	13	
𦳸	艸	13	
𦳹	艸	13	
𦳺	艸	13	
𦳻	艸	13	
𦳼	艸	13	
𦳽	艸	13	
𦳾	艸	13	
𦳿	艸	13	
𦴀	艸	13	
𦴁	艸	13	
𦴂	艸	13	
𦴃	艸	13	
𦴄	艸	13	
𦴅	艸	13	
𦴆	艸	13	
𦴇	艸	13	
𦴈	艸	13	
𦴉	艸	13	
𦴊	艸	13	
𦴋	艸	13	
𦴌	艸	13	
𦴍	艸	13	
𦴎	艸	13	
𦴏	艸	13	
𦴐	艸	13	
𦴑	艸	13	
𦴒	艸	13	
𦴓	艸	13	
𦴔	艸	13	
𦴕	艸	13	
𦴖	艸	13	
𦴗	艸	13	
𦴘	艸	13	
𦴙	艸	13	
𦴚	艸	13	
𦴛	艸	13	
𦴜	艸	13	
𦴝	艸	13	
𦴞	艸	13	
𦴟	艸	13	
𦴠	艸	13	
𦴡	艸	13	
𦴢	艸	13	
𦴣	艸	13	
𦴤	艸	13	
𦴥	艸	13	
𦴦	艸	13	
𦴧	艸	13	
𦴨	艸	13	
𦴩	艸	13	
𦴪	艸	13	
𦴫	艸	13	
𦴬	艸	13	
𦴭	艸	13	
𦴮	艸	13	
𦴯	艸	13	
𦴰	艸	13	
𦴱	艸	13	
𦴲	艸	13	
𦴳	艸	13	
𦴴	艸	13	
𦴵	艸	13	
𦴶	水	13	
𦴷	艸	13	
𦴸	艸	13	
𦴹	艸	13	
𦴺	艸	13	
𦴻	艸	13	
𦴼	艸	13	
𦴽	艸	13	
𦴾	艸	13	
𦴿	艸	13	
𦵀	艸	13	
𦵁	艸	13	
𦵂	艸	13	
𦵃	艸	13	
𦵄	艸	13	
𦵅	艸	13	
𦵆	艸	13	
𦵇	艸	14	
𦵈	艸	13	
𦵉	艸	13	
𦵊	艸	13	
𦵋	艸	13	
𦵌	艸	13	
𦵍	艸	13	
𦵎	艸	13	
𦵏	艸	13	
𦵐	艸	13	
𦵑	艸	13	
𦵒	艸	13	
𦵓	艸	13	
𦵔	艸	13	
𦵕	艸	13	
𦵖	艸	13	
𦵗	艸	13	
𦵘	艸	13	
𦵙	艸	13	
𦵚	艸	13	
𦵛	艸	13	
𦵜	艸	13	
𦵝	艸	13	
𦵞	艸	13	
𦵟	艸	13	
𦵠	艸	13	
𦵡	艸	14	
𦵢	艸	14	
𦵣	艸	14	
𦵤	艸	14	
𦵥	艸	14	
𦵦	艸	14	
𦵧	艸	14	
𦵨	艸	14	
𦵩	艸	14	
𦵪	艸	14	
𦵫	艸	14	
𦵬	艸	14	
𦵭	艸	14	
𦵮	艸	14	
𦵯	艸	14	
𦵰	艸	14	
𦵱	艸	14	
𦵲	艸	14	
𦵳	艸	14	
𦵴	艸	14	
𦵵	艸	14	
𦵶	艸	14	
𦵷	艸	14	
𦵸	艸	14	
𦵹	艸	14	
𦵺	艸	14	
𦵻	艸	14	
𦵼	艸	14	
𦵽	艸	14	
𦵾	艸	14	
𦵿	艸	14	
𦶀	艸	14	
𦶁	艸	14	
𦶂	艸	14	
𦶃	艸	14	
𦶄	艸	14	
𦶅	艸	14	
𦶆	艸	14	
𦶇	艸	14	
𦶈	艸	14	
𦶉	艸	14	
𦶊	艸	14	
𦶋	艸	14	
𦶌	艸	14	
𦶍	艸	14	
𦶎	艸	14	
𦶏	艸	14	
𦶐	艸	14	
𦶑	艸	14	
𦶒	艸	14	
𦶓	艸	14	
𦶔	艸	14	
𦶕	艸	14	
𦶖	艸	14	
𦶗	艸	14	
𦶘	艸	14	
𦶙	艸	14	
𦶚	艸	14	
𦶛	艸	14	
𦶜	艸	14	
𦶝	艸	14	
𦶞	艸	14	
𦶟	艸	14	
𦶠	艸	14	
𦶡	艸	14	
𦶢	艸	14	
𦶣	艸	14	
𦶤	艸	14	
𦶥	艸	14	
𦶦	艸	14	
𦶧	艸	14	
𦶨	艸	14	
𦶩	艸	14	
𦶪	艸	14	
𦶫	艸	14	
𦶬	艸	14	
𦶭	艸	14	
𦶮	艸	14	
𦶯	艸	14	
𦶰	艸	14	
𦶱	艸	14	
𦶲	艸	14	
𦶳	艸	14	
𦶴	艸	14	
𦶵	艸	14	
𦶶	艸	14	
𦶷	艸	14	
𦶸	艸	14	
𦶹	艸	14	
𦶺	艸	14	
𦶻	艸	14	
𦶼	艸	14	
𦶽	艸	14	
𦶾	艸	14	
𦶿	艸	14	
𦷀	艸	14	
𦷁	艸	14	
𦷂	艸	14	
𦷃	艸	14	
𦷄	艸	14	
𦷅	艸	14	
𦷆	艸	14	
𦷇	艸	14	
𦷈	艸	14	
𦷉	艸	14	
𦷊	艸	14	
𦷋	艸	14	
𦷌	艸	14	
𦷍	艸	14	
𦷎	艸	14	
𦷏	艸	14	
𦷐	艸	14	
𦷑	艸	14	
𦷒	艸	14	
𦷓	艸	14	
𦷔	艸	14	
𦷕	艸	14	
𦷖	艸	14	
𦷗	艸	14	
𦷘	艸	14	
𦷙	艸	14	
𦷚	艸	14	
𦷛	艸	14	
𦷜	艸	14	
𦷝	艸	14	
𦷞	艸	14	
𦷟	艸	14	
𦷠	艸	14	
𦷡	艸	14	
𦷢	艸	14	
𦷣	艸	14	
𦷤	艸	14	
𦷥	艸	14	
𦷦	艸	14	
𦷧	艸	14	
𦷨	艸	14	
𦷩	艸	14	
𦷪	艸	14	
𦷫	艸	14	
𦷬	艸	14	
𦷭	艸	14	
𦷮	艸	14	
𦷯	艸	14	
𦷰	艸	14	
𦷱	艸	14	
𦷲	艸	14	
𦷳	艸	14	
𦷴	艸	14	
𦷵	艸	14	
𦷶	艸	14	
𦷷	艸	14	
𦷸	艸	14	
𦷹	艸	14	
𦷺	艸	14	
𦷻	艸	14	
𦷼	艸	14	
𦷽	艸	14	
𦷾	艸	14	
𦷿	艸	15	
𦸀	艸	15	
𦸁	艸	15	
𦸂	艸	15	
𦸃	艸	15	
𦸄	艸	15	
𦸅	艸	15	
𦸆	艸	15	
𦸇	艸	15	
𦸈	艸	15	
𦸉	艸	15	
𦸊	艸	15	
𦸋	艸	15	
𦸌	艸	15	
𦸍	艸	15	
𦸎	艸	15	
𦸏	艸	15	
𦸐	艸	15	
𦸑	艸	15	
𦸒	艸	15	
𦸓	艸	15	
𦸔	艸	15	
𦸕	艸	15	
𦸖	艸	15	
𦸗	艸	15	
𦸘	艸	15	
𦸙	艸	15	
𦸚	艸	15	
𦸛	艸	15	
𦸜	艸	15	
𦸝	艸	15	
𦸞	艸	15	
𦸟	艸	15	
𦸠	艸	15	
𦸡	艸	15	
𦸢	艸	15	
𦸣	艸	15	
𦸤	艸	15	
𦸥	艸	15	
𦸦	艸	15	
𦸧	艸	15	
𦸨	艸	15	
𦸩	艸	15	
𦸪	艸	15	
𦸫	艸	15	
𦸬	艸	15	
𦸭	艸	15	
𦸮	艸	15	
𦸯	艸	15	
𦸰	艸	15	
𦸱	艸	15	
𦸲	艸	15	
𦸳	艸	15	
𦸴	艸	15	
𦸵	艸	15	
𦸶	艸	15	
𦸷	艸	15	
𦸸	艸	15	
𦸹	艸	15	
𦸺	艸	15	
𦸻	艸	15	
𦸼	艸	15	
𦸽	艸	16	
𦸾	艸	15	
𦸿	艸	15	
𦹀	艸	15	
𦹁	艸	15	
𦹂	艸	15	
𦹃	艸	15	
𦹄	艸	15	
𦹅	艸	15	
𦹆	艸	15	
𦹇	艸	15	
𦹈	艸	15	
𦹉	艸	15	
𦹊	艸	15	
𦹋	艸	15	
𦹌	艸	15	
𦹍	艸	15	
𦹎	艸	15	
𦹏	艸	15	
𦹐	艸	15	
𦹑	艸	15	
𦹒	艸	15	
𦹓	艸	15	
𦹔	艸	15	
𦹕	艸	15	
𦹖	艸	15	
𦹗	艸	15	
𦹘	艸	15	
𦹙	艸	15	
𦹚	艸	15	
𦹛	艸	15	
𦹜	艸	15	
𦹝	艸	15	
𦹞	艸	15	
𦹟	艸	15	
𦹠	艸	15	
𦹡	艸	15	
𦹢	艸	15	
𦹣	艸	15	
𦹤	艸	15	
𦹥	艸	15	
𦹦	艸	15	
𦹧	艸	15	
𦹨	艸	15	
𦹩	艸	15	
𦹪	艸	15	
𦹫	艸	15	
𦹬	艸	15	
𦹭	艸	15	
𦹮	艸	15	
𦹯	艸	15	
𦹰	艸	15	
𦹱	艸	15	
𦹲	艸	15	
𦹳	艸	15	
𦹴	艸	15	
𦹵	艸	15	
𦹶	艸	15	
𦹷	艸	15	
𦹸	艸	15	
𦹹	艸	15	
𦹺	艸	15	
𦹻	艸	15	
𦹼	艸	15	
𦹽	艸	15	
𦹾	艸	15	
𦹿	艸	15	
𦺀	艸	15	
𦺁	艸	15	
𦺂	艸	15	
𦺃	艸	15	
𦺄	艸	15	
𦺅	艸	30	
𦺆	艸	16	
𦺇	艸	16	
𦺈	艸	16	
𦺉	艸	16	
𦺊	艸	16	
𦺋	艸	16	
𦺌	艸	16	
𦺍	艸	16	
𦺎	艸	16	
𦺏	艸	16	
𦺐	艸	16	
𦺑	艸	16	
𦺒	艸	16	
𦺓	艸	16	
𦺔	艸	16	
𦺕	艸	16	
𦺖	艸	16	
𦺗	艸	16	
𦺘	艸	16	
𦺙	艸	16	
𦺚	艸	16	
𦺛	艸	16	
𦺜	艸	16	
𦺝	艸	16	
𦺞	艸	16	
𦺟	艸	16	
𦺠	艸	16	
𦺡	艸	16	
𦺢	艸	16	
𦺣	艸	16	
𦺤	艸	16	
𦺥	艸	16	
𦺦	艸	16	
𦺧	艸	16	
𦺨	艸	16	
𦺩	艸	16	
𦺪	艸	16	
𦺫	艸	16	
𦺬	艸	16	
𦺭	艸	16	
𦺮	艸	16	
𦺯	艸	16	
𦺰	艸	16	
𦺱	艸	16	
𦺲	艸	16	
𦺳	艸	16	
𦺴	艸	16	
𦺵	艸	16	
𦺶	艸	16	
𦺷	艸	16	
𦺸	艸	16	
𦺹	艸	16	
𦺺	艸	16	
𦺻	艸	16	
𦺼	艸	16	
𦺽	艸	16	
𦺾	艸	16	
𦺿	艸	16	
𦻀	艸	16	
𦻁	艸	16	
𦻂	艸	16	
𦻃	艸	16	
𦻄	艸	16	
𦻅	艸	16	
𦻆	艸	16	
𦻇	心	18	
𦻈	艸	16	
𦻉	艸	16	
𦻊	艸	16	
𦻋	艸	16	
𦻌	艸	16	
𦻍	艸	16	
𦻎	艸	16	
𦻏	艸	16	
𦻐	艸	16	
𦻑	艸	16	
𦻒	艸	16	
𦻓	艸	16	
𦻔	艸	16	
𦻕	艸	16	
𦻖	艸	16	
𦻗	艸	16	
𦻘	艸	16	
𦻙	艸	16	
𦻚	艸	16	
𦻛	艸	16	
𦻜	艸	16	
𦻝	艸	16	
𦻞	艸	16	
𦻟	艸	16	
𦻠	艸	16	
𦻡	艸	16	
𦻢	艸	16	
𦻣	艸	16	
𦻤	艸	16	
𦻥	艸	16	
𦻦	艸	16	
𦻧	艸	16	
𦻨	艸	16	
𦻩	艸	16	
𦻪	艸	16	
𦻫	艸	16	
𦻬	艸	16	
𦻭	艸	16	
𦻮	艸	16	
𦻯	艸	16	
𦻰	艸	16	
𦻱	艸	16	
𦻲	艸	16	
𦻳	艸	16	
𦻴	艸	16	
𦻵	艸	16	
𦻶	艸	16	
𦻷	艸	16	
𦻸	艸	16	
𦻹	艸	16	
𦻺	艸	16	
𦻻	艸	16	
𦻼	艸	16	
𦻽	艸	16	
𦻾	艸	17	
𦻿	艸	16	
𦼀	艸	16	
𦼁	艸	16	
𦼂	艸	16	
𦼃	艸	16	
𦼄	艸	16	
𦼅	艸	16	
𦼆	艸	16	
𦼇	艸	16	
𦼈	艸	16	
𦼉	艸	16	
𦼊	艸	16	
𦼋	艸	16	
𦼌	艸	16	
𦼍	艸	16	
𦼎	艸	16	
𦼏	艸	16	
𦼐	艸	16	
𦼑	艸	16	
𦼒	艸	16	
𦼓	艸	16	
𦼔	艸	16	
𦼕	艸	16	
𦼖	艸	16	
𦼗	艸	16	
𦼘	艸	16	
𦼙	艸	16	
𦼚	艸	16	
𦼛	艸	16	
𦼜	艸	16	
𦼝	艸	16	
𦼞	艸	16	
𦼟	艸	16	
𦼠	艸	16	
𦼡	艸	16	
𦼢	艸	16	
𦼣	艸	16	
𦼤	艸	16	
𦼥	艸	16	
𦼦	艸	16	
𦼧	艸	16	
𦼨	艸	17	
𦼩	艸	17	
𦼪	艸	17	
𦼫	艸	17	
𦼬	艸	17	
𦼭	艸	17	
𦼮	艸	17	
𦼯	艸	17	
𦼰	艸	17	
𦼱	艸	17	
𦼲	艸	17	
𦼳	艸	17	
𦼴	艸	17	
𦼵	艸	17	
𦼶	艸	17	
𦼷	艸	17	
𦼸	艸	17	
𦼹	艸	17	
𦼺	艸	17	
𦼻	艸	17	
𦼼	艸	17	
𦼽	艸	17	
𦼾	艸	17	
𦼿	艸	17	
𦽀	艸	17	
𦽁	艸	17	
𦽂	艸	17	
𦽃	艸	17	
𦽄	艸	17	
𦽅	艸	17	
𦽆	艸	17	
𦽇	艸	17	
𦽈	艸	17	
𦽉	艸	17	
𦽊	艸	17	
𦽋	艸	17	
𦽌	艸	17	
𦽍	艸	17	
𦽎	艸	17	
𦽏	艸	17	
𦽐	艸	17	
𦽑	艸	17	
𦽒	艸	17	
𦽓	艸	17	
𦽔	艸	17	
𦽕	艸	17	
𦽖	艸	17	
𦽗	艸	17	
𦽘	艸	17	
𦽙	艸	17	
𦽚	艸	17	
𦽛	艸	17	
𦽜	艸	17	
𦽝	艸	17	
𦽞	艸	17	
𦽟	艸	17	
𦽠	艸	17	
𦽡	艸	17	
𦽢	艸	17	
𦽣	艸	17	
𦽤	艸	17	
𦽥	艸	17	
𦽦	艸	17	
𦽧	艸	17	
𦽨	艸	17	
𦽩	艸	17	
𦽪	艸	17	
𦽫	艸	17	
𦽬	艸	17	
𦽭	艸	16	
𦽮	艸	17	
𦽯	艸	17	
𦽰	艸	17	
𦽱	艸	17	
𦽲	艸	17	
𦽳	艸	17	
𦽴	艸	17	
𦽵	艸	17	
𦽶	艸	17	
𦽷	艸	17	
𦽸	艸	17	
𦽹	艸	17	
𦽺	艸	17	
𦽻	艸	17	
𦽼	艸	17	
𦽽	艸	17	
𦽾	艸	17	
𦽿	艸	17	
𦾀	艸	17	
𦾁	艸	17	
𦾂	艸	17	
𦾃	艸	17	
𦾄	艸	17	
𦾅	艸	17	
𦾆	艸	17	
𦾇	艸	17	
𦾈	艸	17	
𦾉	艸	17	
𦾊	艸	17	
𦾋	艸	17	
𦾌	艸	17	
𦾍	艸	17	
𦾎	艸	17	
𦾏	艸	17	
𦾐	艸	17	
𦾑	艸	17	
𦾒	艸	17	
𦾓	艸	17	
𦾔	艸	17	
𦾕	艸	17	
𦾖	艸	17	
𦾗	艸	17	
𦾘	艸	17	
𦾙	艸	17	
𦾚	艸	17	
𦾛	艸	17	
𦾜	艸	17	
𦾝	艸	17	
𦾞	艸	17	
𦾟	艸	17	
𦾠	艸	17	
𦾡	艸	17	
𦾢	艸	17	
𦾣	艸	17	
𦾤	艸	17	
𦾥	艸	17	
𦾦	艸	17	
𦾧	艸	17	
𦾨	艸	17	
𦾩	艸	17	
𦾪	艸	18	
𦾫	艸	18	
𦾬	艸	18	
𦾭	艸	18	
𦾮	艸	18	
𦾯	艸	18	
𦾰	艸	18	
𦾱	艸	18	
𦾲	艸	18	
𦾳	艸	18	
𦾴	艸	18	
𦾵	艸	18	
𦾶	艸	18	
𦾷	艸	18	
𦾸	艸	18	
𦾹	艸	18	
𦾺	艸	18	
𦾻	艸	18	
𦾼	艸	18	
𦾽	艸	18	
𦾾	艸	18	
𦾿	艸	18	
𦿀	艸	18	
𦿁	艸	18	
𦿂	艸	18	
𦿃	艸	18	
𦿄	艸	18	
𦿅	艸	18	
𦿆	艸	18	
𦿇	艸	18	
𦿈	艸	18	
𦿉	艸	18	
𦿊	艸	18	
𦿋	艸	18	
𦿌	艸	18	
𦿍	艸	18	
𦿎	艸	18	
𦿏	艸	18	
𦿐	艸	18	
𦿑	艸	18	
𦿒	艸	18	
𦿓	艸	18	
𦿔	艸	19	
𦿕	艸	19	
𦿖	艸	18	
𦿗	艸	18	
𦿘	艸	18	
𦿙	艸	18	
𦿚	艸	18	
𦿛	艸	18	
𦿜	艸	18	
𦿝	艸	19	
𦿞	艸	18	
𦿟	艸	18	
𦿠	艸	18	
𦿡	艸	17	
𦿢	艸	18	
𦿣	艸	18	
𦿤	艸	18	
𦿥	艸	18	
𦿦	艸	18	
𦿧	艸	18	
𦿨	艸	18	
𦿩	艸	18	
𦿪	艸	18	
𦿫	艸	18	
𦿬	艸	18	
𦿭	艸	18	
𦿮	艸	18	
𦿯	艸	18	
𦿰	艸	18	
𦿱	艸	18	
𦿲	艸	18	
𦿳	艸	18	
𦿴	艸	18	
𦿵	艸	18	
𦿶	艸	18	
𦿷	艸	18	
𦿸	艸	17	
𦿹	艸	18	
𦿺	艸	18	
𦿻	艸	18	
𦿼	艸	18	
𦿽	艸	18	
𦿾	艸	18	
𦿿	艸	18	
𧀀	艸	18	
𧀁	艸	18	
𧀂	艸	18	
𧀃	艸	18	
𧀄	艸	18	
𧀅	艸	18	
𧀆	艸	18	
𧀇	艸	18	
𧀈	艸	18	
𧀉	艸	18	
𧀊	艸	18	
𧀋	艸	18	
𧀌	艸	18	
𧀍	艸	18	
𧀎	艸	18	
𧀏	艸	18	
𧀐	艸	18	
𧀑	艸	18	
𧀒	艸	18	
𧀓	艸	18	
𧀔	艸	18	
𧀕	艸	18	
𧀖	艸	18	
𧀗	艸	18	
𧀘	艸	18	
𧀙	艸	18	
𧀚	艸	18	
𧀛	艸	18	
𧀜	艸	18	
𧀝	艸	18	
𧀞	艸	18	
𧀟	艸	18	
𧀠	艸	19	
𧀡	艸	19	
𧀢	艸	19	
𧀣	艸	19	
𧀤	艸	19	
𧀥	艸	19	
𧀦	艸	19	
𧀧	艸	19	
𧀨	艸	19	
𧀩	艸	19	
𧀪	艸	19	
𧀫	艸	19	
𧀬	艸	19	
𧀭	艸	19	
𧀮	艸	19	
𧀯	艸	19	
𧀰	艸	19	
𧀱	艸	19	
𧀲	艸	19	
𧀳	艸	19	
𧀴	艸	19	
𧀵	艸	19	
𧀶	艸	19	
𧀷	艸	19	
𧀸	艸	19	
𧀹	艸	19	
𧀺	艸	19	
𧀻	艸	19	
𧀼	艸	19	
𧀽	艸	19	
𧀾	艸	19	
𧀿	艸	19	
𧁀	艸	19	
𧁁	艸	19	
𧁂	艸	19	
𧁃	艸	19	
𧁄	艸	19	
𧁅	艸	19	
𧁆	艸	19	
𧁇	艸	19	
𧁈	艸	19	
𧁉	艸	19	
𧁊	艸	19	
𧁋	艸	19	
𧁌	艸	19	
𧁍	艸	19	
𧁎	艸	19	
𧁏	艸	19	
𧁐	艸	19	
𧁑	艸	19	
𧁒	艸	19	
𧁓	艸	19	
𧁔	艸	19	
𧁕	艸	19	
𧁖	艸	19	
𧁗	艸	19	
𧁘	艸	19	
𧁙	艸	19	
𧁚	艸	19	
𧁛	艸	19	
𧁜	艸	19	
𧁝	艸	19	
𧁞	艸	19	
𧁟	艸	19	
𧁠	艸	19	
𧁡	艸	19	
𧁢	艸	19	
𧁣	艸	19	
𧁤	艸	19	
𧁥	艸	19	
𧁦	艸	19	
𧁧	艸	19	
𧁨	艸	19	
𧁩	艸	19	
𧁪	艸	19	
𧁫	艸	19	
𧁬	艸	19	
𧁭	艸	19	
𧁮	艸	19	
𧁯	艸	19	
𧁰	艸	19	
𧁱	艸	19	
𧁲	艸	19	
𧁳	艸	19	
𧁴	艸	19	
𧁵	艸	19	
𧁶	艸	19	
𧁷	艸	19	
𧁸	艸	19	
𧁹	艸	19	
𧁺	艸	19	
𧁻	艸	20	
𧁼	艸	20	
𧁽	艸	20	
𧁾	艸	20	
𧁿	艸	20	
𧂀	艸	20	
𧂁	艸	20	
𧂂	艸	20	
𧂃	艸	20	
𧂄	艸	20	
𧂅	艸	20	
𧂆	艸	20	
𧂇	艸	20	
𧂈	艸	20	
𧂉	艸	20	
𧂊	艸	20	
𧂋	艸	20	
𧂌	艸	20	
𧂍	艸	20	
𧂎	艸	20	
𧂏	艸	20	
𧂐	艸	20	
𧂑	艸	20	
𧂒	艸	20	
𧂓	艸	20	
𧂔	艸	20	
𧂕	艸	20	
𧂖	艸	20	
𧂗	艸	20	
𧂘	艸	20	
𧂙	艸	20	
𧂚	艸	20	
𧂛	艸	20	
𧂜	艸	20	
𧂝	艸	20	
𧂞	艸	20	
𧂟	艸	20	
𧂠	艸	20	
𧂡	艸	20	
𧂢	艸	20	
𧂣	艸	20	
𧂤	艸	20	
𧂥	艸	20	
𧂦	艸	20	
𧂧	艸	20	
𧂨	艸	20	
𧂩	艸	20	
𧂪	艸	20	
𧂫	艸	20	
𧂬	艸	20	
𧂭	艸	20	
𧂮	艸	20	
𧂯	艸	20	
𧂰	艸	20	
𧂱	艸	20	
𧂲	艸	20	
𧂳	艸	20	
𧂴	艸	20	
𧂵	艸	20	
𧂶	艸	20	
𧂷	艸	20	
𧂸	艸	20	
𧂹	艸	20	
𧂺	艸	20	
𧂻	艸	20	
𧂼	艸	20	
𧂽	艸	20	
𧂾	艸	20	
𧂿	艸	20	
𧃀	艸	20	
𧃁	艸	20	
𧃂	艸	20	
𧃃	艸	20	
𧃄	艸	20	
𧃅	艸	20	
𧃆	艸	20	
𧃇	艸	20	
𧃈	艸	20	
𧃉	艸	20	
𧃊	艸	20	
𧃋	艸	20	
𧃌	艸	19	
𧃍	艸	21	
𧃎	艸	20	
𧃏	艸	21	
𧃐	艸	21	
𧃑	艸	21	
𧃒	艸	21	
𧃓	艸	21	
𧃔	艸	21	
𧃕	艸	21	
𧃖	艸	21	
𧃗	艸	21	
𧃘	艸	21	
𧃙	艸	21	
𧃚	艸	21	
𧃛	艸	21	
𧃜	艸	21	
𧃝	艸	21	
𧃞	艸	21	
𧃟	艸	21	
𧃠	艸	21	
𧃡	艸	21	
𧃢	艸	21	
𧃣	艸	21	
𧃤	艸	21	
𧃥	艸	21	
𧃦	艸	21	
𧃧	艸	21	
𧃨	艸	21	
𧃩	艸	21	
𧃪	艸	21	
𧃫	艸	21	
𧃬	艸	21	
𧃭	艸	21	
𧃮	艸	21	
𧃯	艸	21	
𧃰	艸	21	
𧃱	艸	21	
𧃲	艸	21	
𧃳	艸	21	
𧃴	艸	21	
𧃵	艸	21	
𧃶	艸	21	
𧃷	艸	21	
𧃸	艸	21	
𧃹	艸	21	
𧃺	艸	21	
𧃻	艸	21	
𧃼	艸	21	
𧃽	艸	21	
𧃾	艸	21	
𧃿	艸	21	
𧄀	艸	21	
𧄁	艸	21	
𧄂	艸	21	
𧄃	艸	21	
𧄄	艸	21	
𧄅	艸	21	
𧄆	艸	21	
𧄇	艸	21	
𧄈	艸	21	
𧄉	艸	21	
𧄊	艸	21	
𧄋	艸	21	
𧄌	艸	21	
𧄍	艸	22	
𧄎	艸	22	
𧄏	艸	22	
𧄐	艸	22	
𧄑	艸	22	
𧄒	艸	22	
𧄓	艸	22	
𧄔	艸	22	
𧄕	艸	22	
𧄖	艸	22	
𧄗	艸	22	
𧄘	艸	22	
𧄙	艸	22	
𧄚	艸	22	
𧄛	艸	22	
𧄜	艸	22	
𧄝	艸	22	
𧄞	艸	22	
𧄟	艸	22	
𧄠	艸	22	
𧄡	艸	22	
𧄢	艸	22	
𧄣	艸	22	
𧄤	艸	22	
𧄥	艸	22	
𧄦	艸	22	
𧄧	艸	22	
𧄨	艸	22	
𧄩	艸	22	
𧄪	艸	22	
𧄫	艸	22	
𧄬	艸	22	
𧄭	艸	22	
𧄮	艸	22	
𧄯	艸	22	
𧄰	艸	22	
𧄱	艸	22	
𧄲	艸	22	
𧄳	艸	22	
𧄴	艸	22	
𧄵	艸	22	
𧄶	艸	23	
𧄷	艸	23	
𧄸	艸	23	
𧄹	艸	23	
𧄺	艸	23	
𧄻	艸	23	
𧄼	艸	23	
𧄽	艸	23	
𧄾	艸	23	
𧄿	艸	23	
𧅀	艸	23	
𧅁	艸	23	
𧅂	艸	23	
𧅃	艸	23	
𧅄	艸	23	
𧅅	艸	23	
𧅆	艸	23	
𧅇	艸	23	
𧅈	艸	23	
𧅉	艸	23	
𧅊	艸	23	
𧅋	艸	23	
𧅌	艸	23	
𧅍	艸	23	
𧅎	艸	23	
𧅏	艸	23	
𧅐	艸	23	
𧅑	艸	23	
𧅒	艸	23	
𧅓	艸	23	
𧅔	艸	23	
𧅕	艸	23	
𧅖	艸	24	
𧅗	艸	24	
𧅘	艸	24	
𧅙	艸	24	
𧅚	艸	24	
𧅛	艸	24	
𧅜	艸	24	
𧅝	艸	24	
𧅞	艸	24	
𧅟	艸	24	
𧅠	艸	24	
𧅡	艸	24	
𧅢	艸	24	
𧅣	艸	24	
𧅤	艸	24	
𧅥	艸	24	
𧅦	艸	24	
𧅧	艸	24	
𧅨	艸	24	
𧅩	艸	24	
𧅪	艸	24	
𧅫	艸	24	
𧅬	艸	24	
𧅭	艸	24	
𧅮	艸	25	
𧅯	艸	25	
𧅰	艸	25	
𧅱	艸	25	
𧅲	艸	25	
𧅳	艸	25	
𧅴	艸	25	
𧅵	艸	28	
𧅶	艸	25	
𧅷	艸	25	
𧅸	艸	25	
𧅹	艸	25	
𧅺	艸	26	
𧅻	艸	26	
𧅼	艸	26	
𧅽	艸	26	
𧅾	艸	26	
𧅿	艸	26	
𧆀	艸	26	
𧆁	艸	26	
𧆂	艸	26	
𧆃	艸	26	
𧆄	艸	26	
𧆅	艸	26	
𧆆	示	25	
𧆇	艸	27	
𧆈	艸	27	
𧆉	艸	27	
𧆊	艸	27	
𧆋	艸	27	
𧆌	艸	27	
𧆍	艸	27	
𧆎	艸	27	
𧆏	艸	28	
𧆐	艸	28	
𧆑	艸	28	
𧆒	艸	28	
𧆓	艸	37	
𧆔	艸	29	
𧆕	艸	29	
𧆖	艸	30	
𧆗	艸	31	
𧆘	艸	43	
𧆙	艸	33	
𧆚	艸	30	
𧆛	虍	8	
𧆜	虍	9	
𧆝	虍	9	
𧆞	虍	9	
𧆟	虍	10	
𧆠	虍	10	
𧆡	虍	10	
𧆢	虍	10	
𧆣	虍	11	
𧆤	虍	11	
𧆥	虍	11	
𧆦	虍	11	
𧆧	虍	11	
𧆨	虍	11	
𧆩	虍	11	
𧆪	虍	11	
𧆫	虍	11	
𧆬	虍	11	
𧆭	虍	11	
𧆮	虍	11	
𧆯	虍	11	
𧆰	虍	11	
𧆱	虍	12	
𧆲	虍	12	
𧆳	虍	12	
𧆴	虍	12	
𧆵	虍	12	
𧆶	虍	12	
𧆷	虍	12	
𧆸	虍	12	
𧆹	虍	12	
𧆺	虍	13	
𧆻	虍	13	
𧆼	虍	13	
𧆽	虍	13	
𧆾	虍	13	
𧆿	虍	13	
𧇀	虍	13	
𧇁	虍	14	
𧇂	虍	14	
𧇃	虍	14	
𧇄	虍	14	
𧇅	虍	14	
𧇆	虍	14	
𧇇	虍	14	
𧇈	虍	14	
𧇉	虍	14	
𧇊	虍	14	
𧇋	虍	14	
𧇌	虍	14	
𧇍	虍	14	
𧇎	虍	14	
𧇏	虍	15	
𧇐	虍	15	
𧇑	虍	15	
𧇒	虍	15	
𧇓	虍	15	
𧇔	虍	15	
𧇕	虍	15	
𧇖	虍	15	
𧇗	虍	15	
𧇘	虍	15	
𧇙	虍	15	
𧇚	虍	15	
𧇛	虍	15	
𧇜	虍	16	
𧇝	虍	16	
𧇞	虍	16	
𧇟	虍	16	
𧇠	虍	16	
𧇡	虍	16	
𧇢	虍	16	
𧇣	虍	16	
𧇤	虍	16	
𧇥	虍	16	
𧇦	虍	16	
𧇧	虍	16	
𧇨	虍	16	
𧇩	虍	16	
𧇪	虍	16	
𧇫	虍	16	
𧇬	虍	16	
𧇭	虍	16	
𧇮	虍	16	
𧇯	虍	16	
𧇰	虍	16	
𧇱	虍	17	
𧇲	虍	17	
𧇳	虍	17	
𧇴	虍	17	
𧇵	虍	17	
𧇶	虍	17	
𧇷	虍	17	
𧇸	虍	17	
𧇹	虍	17	
𧇺	虍	17	
𧇻	虍	18	
𧇼	虍	18	
𧇽	虍	18	
𧇾	虍	18	
𧇿	虍	18	
𧈀	虍	18	
𧈁	虍	18	
𧈂	虍	19	
𧈃	虍	18	
𧈄	虍	18	
𧈅	虍	19	
𧈆	虍	19	
𧈇	虍	19	
𧈈	虍	19	
𧈉	虍	19	
𧈊	虍	19	
𧈋	虍	20	
𧈌	虍	20	
𧈍	虍	20	
𧈎	虍	20	
𧈏	虍	20	
𧈐	食	19	
𧈑	虍	21	
𧈒	虍	21	
𧈓	虍	21	
𧈔	虍	21	
𧈕	虍	21	
𧈖	虍	21	
𧈗	虍	21	
𧈘	虍	22	
𧈙	虍	22	
𧈚	虍	23	
𧈛	虍	23	
𧈜	虍	26	
𧈝	虫	7	
𧈞	虫	7	
𧈟	虫	8	
𧈠	虫	8	
𧈡	虫	8	
𧈢	虫	8	
𧈣	虫	8	
𧈤	虫	8	
𧈥	虫	8	
𧈦	虫	8	
𧈧	虫	8	
𧈨	虫	9	
𧈩	虫	9	
𧈪	虫	9	
𧈫	虫	9	
𧈬	虫	9	
𧈭	虫	9	
𧈮	虫	9	
𧈯	虫	9	
𧈰	虫	9	
𧈱	虫	9	
𧈲	虫	9	
𧈳	虫	9	
𧈴	虫	9	
𧈵	虫	9	
𧈶	虫	9	
𧈷	虫	9	
𧈸	虫	9	
𧈹	虫	9	
𧈺	虫	9	
𧈻	虫	10	
𧈼	虫	10	
𧈽	虫	10	
𧈾	虫	10	
𧈿	虫	10	
𧉀	虫	10	
𧉁	虫	10	
𧉂	虫	10	
𧉃	虫	10	
𧉄	虫	10	
𧉅	虫	10	
𧉆	虫	10	
𧉇	虫	10	
𧉈	虫	10	
𧉉	虫	10	
𧉊	虫	10	
𧉋	虫	10	
𧉌	虫	10	
𧉍	虫	10	
𧉎	虫	10	
𧉏	虫	10	
𧉐	虫	10	
𧉑	虫	10	
𧉒	虫	10	
𧉓	虫	10	
𧉔	虫	10	
𧉕	虫	10	
𧉖	虫	10	
𧉗	虫	10	
𧉘	虫	10	
𧉙	虫	10	
𧉚	虫	10	
𧉛	虫	10	
𧉜	虫	10	
𧉝	虫	10	
𧉞	虫	11	
𧉟	虫	11	
𧉠	虫	11	
𧉡	虫	11	
𧉢	虫	11	
𧉣	虫	11	
𧉤	虫	11	
𧉥	虫	11	
𧉦	虫	11	
𧉧	虫	11	
𧉨	虫	11	
𧉩	虫	11	
𧉪	虫	11	
𧉫	虫	11	
𧉬	虫	11	
𧉭	虫	11	
𧉮	虫	11	
𧉯	虫	11	
𧉰	虫	11	
𧉱	虫	11	
𧉲	虫	11	
𧉳	虫	11	
𧉴	虫	11	
𧉵	虫	11	
𧉶	虫	11	
𧉷	虫	11	
𧉸	虫	11	
𧉹	虫	11	
𧉺	虫	11	
𧉻	虫	11	
𧉼	虫	11	
𧉽	虫	11	
𧉾	虫	11	
𧉿	虫	11	
𧊀	虫	11	
𧊁	虫	11	
𧊂	虫	11	
𧊃	虫	11	
𧊄	虫	11	
𧊅	虫	11	
𧊆	虫	11	
𧊇	虫	11	
𧊈	虫	11	
𧊉	虫	11	
𧊊	虫	11	
𧊋	虫	11	
𧊌	虫	11	
𧊍	虫	11	
𧊎	虫	11	
𧊏	虫	12	
𧊐	虫	12	
𧊑	虫	12	
𧊒	虫	12	
𧊓	虫	12	
𧊔	虫	12	
𧊕	虫	12	
𧊖	虫	12	
𧊗	虫	12	
𧊘	虫	12	
𧊙	虫	12	
𧊚	虫	12	
𧊛	虫	12	
𧊜	虫	12	
𧊝	虫	12	
𧊞	虫	12	
𧊟	虫	12	
𧊠	虫	12	
𧊡	虫	12	
𧊢	虫	12	
𧊣	虫	12	
𧊤	虫	12	
𧊥	虫	12	
𧊦	虫	12	
𧊧	虫	12	
𧊨	虫	12	
𧊩	虫	12	
𧊪	虫	12	
𧊫	虫	13	
𧊬	虫	12	
𧊭	虫	12	
𧊮	虫	13	
𧊯	虫	12	
𧊰	虫	12	
𧊱	虫	12	
𧊲	虫	12	
𧊳	虫	12	
𧊴	虫	12	
𧊵	虫	12	
𧊶	虫	12	
𧊷	虫	12	
𧊸	虫	12	
𧊹	虫	12	
𧊺	虫	12	
𧊻	虫	12	
𧊼	虫	12	
𧊽	虫	12	
𧊾	虫	12	
𧊿	虫	12	
𧋀	虫	12	
𧋁	虫	12	
𧋂	虫	12	
𧋃	虫	12	
𧋄	虫	12	
𧋅	虫	12	
𧋆	虫	12	
𧋇	虫	12	
𧋈	虫	13	
𧋉	虫	13	
𧋊	虫	13	
𧋋	虫	13	
𧋌	虫	13	
𧋍	虫	13	
𧋎	虫	13	
𧋏	虫	13	
𧋐	虫	13	
𧋑	虫	13	
𧋒	虫	13	
𧋓	虫	13	
𧋔	虫	13	
𧋕	虫	13	
𧋖	虫	13	
𧋗	虫	13	
𧋘	虫	13	
𧋙	虫	13	
𧋚	虫	13	
𧋛	虫	13	
𧋜	虫	13	
𧋝	虫	13	
𧋞	虫	14	
𧋟	虫	13	
𧋠	虫	13	
𧋡	虫	13	
𧋢	虫	13	
𧋣	虫	13	
𧋤	虫	13	
𧋥	虫	13	
𧋦	虫	13	
𧋧	虫	13	
𧋨	虫	13	
𧋩	虫	13	
𧋪	虫	13	
𧋫	虫	13	
𧋬	虫	13	
𧋭	虫	13	
𧋮	虫	13	
𧋯	虫	13	
𧋰	虫	13	
𧋱	虫	13	
𧋲	虫	13	
𧋳	虫	13	
𧋴	虫	13	
𧋵	虫	13	
𧋶	虫	13	
𧋷	虫	13	
𧋸	虫	13	
𧋹	虫	13	
𧋺	虫	13	
𧋻	虫	13	
𧋼	虫	13	
𧋽	虫	13	
𧋾	虫	13	
𧋿	虫	13	
𧌀	虫	13	
𧌁	虫	13	
𧌂	虫	13	
𧌃	虫	14	
𧌄	虫	14	
𧌅	虫	14	
𧌆	虫	14	
𧌇	虫	14	
𧌈	虫	14	
𧌉	虫	14	
𧌊	虫	14	
𧌋	虫	14	
𧌌	虫	14	
𧌍	虫	14	
𧌎	虫	14	
𧌏	虫	14	
𧌐	虫	14	
𧌑	虫	14	
𧌒	虫	14	
𧌓	虫	14	
𧌔	虫	14	
𧌕	虫	14	
𧌖	虫	14	
𧌗	虫	14	
𧌘	虫	14	
𧌙	虫	14	
𧌚	虫	14	
𧌛	虫	14	
𧌜	虫	14	
𧌝	虫	14	
𧌞	虫	13	
𧌟	虫	14	
𧌠	虫	14	
𧌡	虫	14	
𧌢	虫	14	
𧌣	虫	14	
𧌤	虫	14	
𧌥	虫	14	
𧌦	虫	14	
𧌧	虫	14	
𧌨	虫	14	
𧌩	虫	14	
𧌪	虫	14	
𧌫	虫	14	
𧌬	虫	14	
𧌭	虫	14	
𧌮	虫	14	
𧌯	虫	14	
𧌰	虫	15	
𧌱	虫	14	
𧌲	虫	14	
𧌳	虫	14	
𧌴	虫	14	
𧌵	虫	14	
𧌶	虫	14	
𧌷	虫	14	
𧌸	虫	14	
𧌹	虫	14	
𧌺	虫	14	
𧌻	虫	14	
𧌼	虫	14	
𧌽	虫	14	
𧌾	虫	14	
𧌿	虫	14	
𧍀	虫	14	
𧍁	虫	14	
𧍂	虫	14	
𧍃	虫	14	
𧍄	虫	14	
𧍅	虫	14	
𧍆	虫	14	
𧍇	虫	14	
𧍈	虫	14	
𧍉	虫	14	
𧍊	虫	14	
𧍋	虫	14	
𧍌	虫	14	
𧍍	虫	14	
𧍎	虫	14	
𧍏	虫	14	
𧍐	虫	14	
𧍑	虫	14	
𧍒	虫	15	
𧍓	虫	15	
𧍔	虫	15	
𧍕	虫	15	
𧍖	虫	15	
𧍗	虫	15	
𧍘	虫	15	
𧍙	虫	15	
𧍚	虫	15	
𧍛	虫	15	
𧍜	虫	15	
𧍝	虫	15	
𧍞	虫	15	
𧍟	虫	15	
𧍠	虫	15	
𧍡	虫	15	
𧍢	虫	15	
𧍣	虫	15	
𧍤	虫	15	
𧍥	虫	15	
𧍦	虫	15	
𧍧	虫	15	
𧍨	虫	15	
𧍩	虫	15	
𧍪	虫	15	
𧍫	虫	15	
𧍬	虫	15	
𧍭	虫	15	
𧍮	虫	15	
𧍯	虫	15	
𧍰	虫	15	
𧍱	虫	15	
𧍲	虫	15	
𧍳	虫	15	
𧍴	虫	15	
𧍵	虫	15	
𧍶	虫	15	
𧍷	虫	15	
𧍸	虫	15	
𧍹	虫	15	
𧍺	虫	15	
𧍻	虫	15	
𧍼	虫	15	
𧍽	虫	15	
𧍾	虫	15	
𧍿	虫	15	
𧎀	虫	15	
𧎁	虫	15	
𧎂	虫	15	
𧎃	虫	15	
𧎄	虫	15	
𧎅	虫	15	
𧎆	虫	15	
𧎇	虫	15	
𧎈	虫	15	
𧎉	虫	15	
𧎊	虫	15	
𧎋	虫	15	
𧎌	虫	15	
𧎍	虫	15	
𧎎	虫	15	
𧎏	虫	15	
𧎐	虫	15	
𧎑	虫	15	
𧎒	虫	15	
𧎓	虫	15	
𧎔	虫	15	
𧎕	虫	15	
𧎖	虫	15	
𧎗	虫	15	
𧎘	虫	15	
𧎙	虫	15	
𧎚	虫	15	
𧎛	虫	15	
𧎜	虫	15	
𧎝	虫	15	
𧎞	虫	15	
𧎟	虫	15	
𧎠	虫	15	
𧎡	虫	16	
𧎢	虫	16	
𧎣	虫	16	
𧎤	虫	16	
𧎥	虫	16	
𧎦	虫	16	
𧎧	虫	16	
𧎨	虫	16	
𧎩	虫	16	
𧎪	虫	16	
𧎫	虫	16	
𧎬	虫	16	
𧎭	虫	16	
𧎮	虫	16	
𧎯	虫	16	
𧎰	虫	16	
𧎱	虫	16	
𧎲	虫	16	
𧎳	虫	16	
𧎴	虫	16	
𧎵	虫	16	
𧎶	虫	16	
𧎷	虫	16	
𧎸	虫	16	
𧎹	虫	16	
𧎺	虫	16	
𧎻	虫	16	
𧎼	虫	16	
𧎽	虫	16	
𧎾	虫	16	
𧎿	虫	16	
𧏀	虫	16	
𧏁	虫	16	
𧏂	虫	16	
𧏃	虫	16	
𧏄	虫	16	
𧏅	虫	16	
𧏆	虫	16	
𧏇	虫	15	
𧏈	虫	16	
𧏉	虫	16	
𧏊	虫	16	
𧏋	虫	16	
𧏌	虫	16	
𧏍	虫	16	
𧏎	虫	16	
𧏏	虫	16	
𧏐	虫	16	
𧏑	虫	16	
𧏒	虫	16	
𧏓	虫	16	
𧏔	虫	16	
𧏕	虫	16	
𧏖	虫	16	
𧏗	虫	16	
𧏘	虫	16	
𧏙	虫	16	
𧏚	虫	16	
𧏛	虫	16	
𧏜	虫	16	
𧏝	虫	16	
𧏞	虫	16	
𧏟	虫	16	
𧏠	虫	16	
𧏡	虫	16	
𧏢	虫	16	
𧏣	虫	16	
𧏤	虫	16	
𧏥	虫	16	
𧏦	虫	16	
𧏧	虫	16	
𧏨	虫	16	
𧏩	虫	16	
𧏪	虫	16	
𧏫	虫	16	
𧏬	虫	16	
𧏭	虫	16	
𧏮	虫	16	
𧏯	虫	16	
𧏰	虫	16	
𧏱	虫	16	
𧏲	虫	16	
𧏳	虫	16	
𧏴	虫	16	
𧏵	虫	16	
𧏶	虫	16	
𧏷	虫	16	
𧏸	虫	17	
𧏹	虫	17	
𧏺	虫	17	
𧏻	虫	17	
𧏼	虫	17	
𧏽	虫	17	
𧏾	虫	17	
𧏿	虫	17	
𧐀	虫	17	
𧐁	虫	17	
𧐂	虫	17	
𧐃	虫	17	
𧐄	虫	17	
𧐅	虫	17	
𧐆	虫	17	
𧐇	虫	17	
𧐈	虫	17	
𧐉	虫	17	
𧐊	虫	17	
𧐋	虫	17	
𧐌	虫	17	
𧐍	虫	17	
𧐎	虫	17	
𧐏	虫	17	
𧐐	虫	17	
𧐑	虫	17	
𧐒	虫	17	
𧐓	虫	17	
𧐔	虫	17	
𧐕	虫	17	
𧐖	虫	17	
𧐗	虫	17	
𧐘	虫	17	
𧐙	虫	17	
𧐚	虫	17	
𧐛	虫	17	
𧐜	虫	17	
𧐝	虫	17	
𧐞	虫	17	
𧐟	虫	17	
𧐠	虫	17	
𧐡	虫	17	
𧐢	虫	17	
𧐣	虫	17	
𧐤	虫	17	
𧐥	虫	17	
𧐦	虫	17	
𧐧	虫	17	
𧐨	虫	17	
𧐩	虫	17	
𧐪	虫	17	
𧐫	虫	17	
𧐬	虫	17	
𧐭	虫	17	
𧐮	虫	17	
𧐯	虫	17	
𧐰	网	18	
𧐱	虫	17	
𧐲	虫	17	
𧐳	虫	17	
𧐴	虫	17	
𧐵	虫	17	
𧐶	虫	17	
𧐷	虫	17	
𧐸	虫	17	
𧐹	虫	17	
𧐺	虫	17	
𧐻	虫	17	
𧐼	虫	17	
𧐽	虫	17	
𧐾	虫	17	
𧐿	虫	17	
𧑀	虫	17	
𧑁	虫	17	
𧑂	虫	17	
𧑃	虫	17	
𧑄	虫	18	
𧑅	虫	18	
𧑆	虫	18	
𧑇	虫	18	
𧑈	虫	18	
𧑉	虫	18	
𧑊	虫	18	
𧑋	虫	18	
𧑌	虫	18	
𧑍	虫	18	
𧑎	虫	18	
𧑏	虫	18	
𧑐	虫	18	
𧑑	虫	18	
𧑒	虫	18	
𧑓	虫	18	
𧑔	虫	18	
𧑕	虫	18	
𧑖	虫	18	
𧑗	虫	18	
𧑘	虫	18	
𧑙	虫	18	
𧑚	虫	18	
𧑛	虫	18	
𧑜	虫	18	
𧑝	虫	18	
𧑞	虫	18	
𧑟	虫	18	
𧑠	虫	18	
𧑡	虫	18	
𧑢	虫	18	
𧑣	虫	18	
𧑤	虫	18	
𧑥	虫	18	
𧑦	虫	18	
𧑧	虫	18	
𧑨	虫	18	
𧑩	虫	18	
𧑪	虫	18	
𧑫	虫	18	
𧑬	虫	18	
𧑭	虫	18	
𧑮	虫	18	
𧑯	虫	18	
𧑰	虫	18	
𧑱	虫	18	
𧑲	虫	18	
𧑳	虫	18	
𧑴	虫	18	
𧑵	虫	18	
𧑶	虫	18	
𧑷	虫	18	
𧑸	虫	18	
𧑹	虫	18	
𧑺	虫	18	
𧑻	虫	18	
𧑼	虫	18	
𧑽	虫	18	
𧑾	虫	18	
𧑿	虫	18	
𧒀	虫	18	
𧒁	虫	18	
𧒂	虫	18	
𧒃	虫	18	
𧒄	虫	18	
𧒅	虫	18	
𧒆	虫	18	
𧒇	虫	18	
𧒈	虫	18	
𧒉	虫	18	
𧒊	虫	18	
𧒋	虫	18	
𧒌	虫	18	
𧒍	虫	18	
𧒎	虫	19	
𧒏	虫	19	
𧒐	虫	19	
𧒑	虫	19	
𧒒	虫	19	
𧒓	虫	19	
𧒔	虫	19	
𧒕	虫	19	
𧒖	虫	19	
𧒗	虫	19	
𧒘	虫	19	
𧒙	虫	19	
𧒚	虫	19	
𧒛	虫	19	
𧒜	虫	19	
𧒝	虫	19	
𧒞	虫	19	
𧒟	虫	19	
𧒠	虫	19	
𧒡	虫	19	
𧒢	虫	19	
𧒣	虫	19	
𧒤	虫	19	
𧒥	虫	19	
𧒦	虫	19	
𧒧	虫	19	
𧒨	虫	19	
𧒩	虫	19	
𧒪	虫	19	
𧒫	虫	19	
𧒬	虫	19	
𧒭	虫	19	
𧒮	虫	19	
𧒯	虫	19	
𧒰	虫	19	
𧒱	虫	19	
𧒲	虫	19	
𧒳	虫	19	
𧒴	虫	19	
𧒵	虫	19	
𧒶	虫	19	
𧒷	虫	19	
𧒸	虫	19	
𧒹	虫	19	
𧒺	虫	19	
𧒻	虫	19	
𧒼	虫	19	
𧒽	虫	19	
𧒾	虫	19	
𧒿	虫	19	
𧓀	虫	19	
𧓁	虫	19	
𧓂	虫	19	
𧓃	虫	19	
𧓄	虫	19	
𧓅	虫	19	
𧓆	虫	19	
𧓇	虫	19	
𧓈	虫	19	
𧓉	虫	20	
𧓊	虫	20	
𧓋	虫	20	
𧓌	虫	20	
𧓍	虫	20	
𧓎	虫	20	
𧓏	虫	20	
𧓐	虫	20	
𧓑	虫	20	
𧓒	虫	20	
𧓓	虫	20	
𧓔	虫	20	
𧓕	虫	20	
𧓖	虫	20	
𧓗	虫	20	
𧓘	虫	20	
𧓙	虫	20	
𧓚	虫	20	
𧓛	虫	20	
𧓜	虫	20	
𧓝	虫	20	
𧓞	虫	20	
𧓟	虫	20	
𧓠	虫	20	
𧓡	虫	20	
𧓢	虫	20	
𧓣	虫	20	
𧓤	虫	20	
𧓥	虫	20	
𧓦	虫	20	
𧓧	虫	20	
𧓨	虫	20	
𧓩	虫	20	
𧓪	虫	20	
𧓫	虫	20	
𧓬	虫	20	
𧓭	虫	20	
𧓮	虫	20	
𧓯	虫	20	
𧓰	虫	20	
𧓱	虫	21	
𧓲	虫	21	
𧓳	虫	21	
𧓴	虫	21	
𧓵	虫	21	
𧓶	虫	21	
𧓷	虫	21	
𧓸	虫	21	
𧓹	虫	21	
𧓺	虫	21	
𧓻	虫	21	
𧓼	虫	21	
𧓽	虫	21	
𧓾	虫	21	
𧓿	虫	21	
𧔀	虫	21	
𧔁	虫	21	
𧔂	虫	21	
𧔃	虫	21	
𧔄	虫	21	
𧔅	虫	21	
𧔆	虫	21	
𧔇	虫	21	
𧔈	虫	21	
𧔉	虫	21	
𧔊	虫	21	
𧔋	虫	21	
𧔌	虫	21	
𧔍	虫	21	
𧔎	虫	21	
𧔏	虫	21	
𧔐	虫	21	
𧔑	虫	21	
𧔒	虫	21	
𧔓	虫	21	
𧔔	虫	21	
𧔕	虫	21	
𧔖	虫	21	
𧔗	虫	21	
𧔘	虫	21	
𧔙	虫	21	
𧔚	虫	21	
𧔛	虫	21	
𧔜	虫	21	
𧔝	虫	22	
𧔞	虫	22	
𧔟	虫	22	
𧔠	虫	22	
𧔡	虫	22	
𧔢	虫	22	
𧔣	虫	22	
𧔤	虫	22	
𧔥	虫	22	
𧔦	虫	22	
𧔧	虫	22	
𧔨	虫	22	
𧔩	虫	22	
𧔪	虫	22	
𧔫	虫	22	
𧔬	虫	22	
𧔭	虫	22	
𧔮	虫	22	
𧔯	虫	22	
𧔰	虫	22	
𧔱	虫	22	
𧔲	虫	22	
𧔳	虫	22	
𧔴	虫	22	
𧔵	虫	22	
𧔶	虫	22	
𧔷	虫	22	
𧔸	虫	22	
𧔹	虫	22	
𧔺	虫	22	
𧔻	虫	22	
𧔼	虫	22	
𧔽	虫	22	
𧔾	虫	22	
𧔿	虫	22	
𧕀	虫	22	
𧕁	虫	22	
𧕂	虫	22	
𧕃	虫	23	
𧕄	虫	23	
𧕅	虫	23	
𧕆	虫	23	
𧕇	虫	23	
𧕈	虫	23	
𧕉	虫	23	
𧕊	虫	23	
𧕋	虫	23	
𧕌	虫	23	
𧕍	虫	23	
𧕎	虫	23	
𧕏	虫	23	
𧕐	虫	23	
𧕑	虫	23	
𧕒	虫	23	
𧕓	虫	24	
𧕔	虫	23	
𧕕	虫	23	
𧕖	虫	23	
𧕗	虫	23	
𧕘	虫	23	
𧕙	虫	23	
𧕚	虫	23	
𧕛	虫	24	
𧕜	虫	24	
𧕝	虫	24	
𧕞	虫	24	
𧕟	虫	24	
𧕠	虫	24	
𧕡	虫	24	
𧕢	虫	24	
𧕣	虫	24	
𧕤	虫	24	
𧕥	虫	24	
𧕦	虫	24	
𧕧	虫	24	
𧕨	虫	24	
𧕩	虫	24	
𧕪	虫	24	
𧕫	虫	24	
𧕬	虫	24	
𧕭	虫	24	
𧕮	虫	24	
𧕯	虫	25	
𧕰	虫	25	
𧕱	虫	25	
𧕲	虫	25	
𧕳	虫	25	
𧕴	虫	25	
𧕵	虫	25	
𧕶	虫	25	
𧕷	虫	25	
𧕸	虫	25	
𧕹	虫	25	
𧕺	虫	25	
𧕻	虫	25	
𧕼	虫	25	
𧕽	虫	26	
𧕾	虫	26	
𧕿	虫	26	
𧖀	虫	26	
𧖁	虫	26	
𧖂	虫	26	
𧖃	虫	26	
𧖄	虫	27	
𧖅	虫	27	
𧖆	虫	27	
𧖇	虫	27	
𧖈	虫	27	
𧖉	虫	27	
𧖊	虫	26	
𧖋	虫	27	
𧖌	虫	27	
𧖍	虫	27	
𧖎	虫	27	
𧖏	虫	27	
𧖐	虫	27	
𧖑	虫	28	
𧖒	虫	28	
𧖓	虫	28	
𧖔	虫	28	
𧖕	虫	28	
𧖖	虫	28	
𧖗	虫	28	
𧖘	虫	29	
𧖙	虫	29	
𧖚	虫	29	
𧖛	虫	29	
𧖜	虫	30	
𧖝	虫	30	
𧖞	虫	30	
𧖟	虫	30	
𧖠	鳥	30	
𧖡	虫	30	
𧖢	虫	31	
𧖣	虫	31	
𧖤	虫	32	
𧖥	虫	32	
𧖦	虫	32	
𧖧	血	8	
𧖨	血	8	
𧖩	血	8	
𧖪	血	9	
𧖫	血	10	
𧖬	血	10	
𧖭	血	10	
𧖮	血	10	
𧖯	血	10	
𧖰	血	11	
𧖱	血	11	
𧖲	血	11	
𧖳	血	12	
𧖴	血	12	
𧖵	血	13	
𧖶	血	13	
𧖷	血	13	
𧖸	血	13	
𧖹	血	13	
𧖺	血	14	
𧖻	血	14	
𧖼	血	14	
𧖽	血	14	
𧖾	血	14	
𧖿	血	14	
𧗀	血	15	
𧗁	血	15	
𧗂	血	15	
𧗃	血	15	
𧗄	血	14	
𧗅	血	15	
𧗆	血	16	
𧗇	血	16	
𧗈	血	16	
𧗉	血	16	
𧗊	血	16	
𧗋	血	17	
𧗌	血	17	
𧗍	血	17	
𧗎	血	18	
𧗏	血	18	
𧗐	血	18	
𧗑	血	18	
𧗒	血	18	
𧗓	血	18	
𧗔	血	19	
𧗕	血	19	
𧗖	血	20	
𧗗	血	20	
𧗘	血	21	
𧗙	血	22	
𧗚	血	22	
𧗛	血	23	
𧗜	血	30	
𧗝	行	8	
𧗞	行	8	
𧗟	行	8	
𧗠	行	8	
𧗡	行	9	
𧗢	行	9	
𧗣	行	9	
𧗤	行	9	
𧗥	行	9	
𧗦	行	10	
𧗧	行	10	
𧗨	行	10	
𧗩	行	10	
𧗪	行	11	
𧗫	行	12	
𧗬	行	12	
𧗭	行	12	
𧗮	行	12	
𧗯	行	12	
𧗰	行	12	
𧗱	行	12	
𧗲	行	13	
𧗳	行	13	
𧗴	行	13	
𧗵	行	13	
𧗶	行	13	
𧗷	行	13	
𧗸	行	14	
𧗹	行	15	
𧗺	行	14	
𧗻	行	14	
𧗼	行	15	
𧗽	行	15	
𧗾	行	16	
𧗿	行	17	
𧘀	行	17	
𧘁	行	17	
𧘂	行	18	
𧘃	行	18	
𧘄	行	19	
𧘅	行	21	
𧘆	行	22	
𧘇	衣	4	
𧘈	衣	7	
𧘉	衣	7	
𧘊	衣	7	
𧘋	衣	7	
𧘌	衣	7	
𧘍	衣	8	
𧘎	衣	8	
𧘏	衣	8	
𧘐	衣	8	
𧘑	衣	8	
𧘒	衣	8	
𧘓	衣	8	
𧘔	衣	8	
𧘕	衣	8	
𧘖	衣	8	
𧘗	衣	8	
𧘘	衣	8	
𧘙	衣	8	
𧘚	衣	8	
𧘛	衣	8	
𧘜	衣	8	
𧘝	衣	9	
𧘞	衣	9	
𧘟	衣	9	
𧘠	衣	9	
𧘡	衣	9	
𧘢	衣	9	
𧘣	衣	9	
𧘤	衣	9	
𧘥	衣	9	
𧘦	衣	9	
𧘧	衣	9	
𧘨	衣	9	
𧘩	衣	9	
𧘪	衣	9	
𧘫	衣	9	
𧘬	衣	9	
𧘭	衣	9	
𧘮	衣	9	
𧘯	衣	9	
𧘰	衣	9	
𧘱	衣	9	
𧘲	衣	9	
𧘳	衣	9	
𧘴	衣	9	
𧘵	衣	9	
𧘶	衣	9	
𧘷	衣	9	
𧘸	衣	9	
𧘹	衣	9	
𧘺	衣	9	
𧘻	衣	9	
𧘼	衣	9	
𧘽	衣	10	
𧘾	衣	11	
𧘿	衣	10	
𧙀	衣	10	
𧙁	衣	10	
𧙂	衣	10	
𧙃	衣	10	
𧙄	衣	10	
𧙅	衣	10	
𧙆	衣	10	
𧙇	衣	10	
𧙈	衣	10	
𧙉	衣	10	
𧙊	衣	10	
𧙋	衣	10	
𧙌	衣	10	
𧙍	衣	10	
𧙎	衣	10	
𧙏	衣	10	
𧙐	衣	10	
𧙑	衣	10	
𧙒	衣	10	
𧙓	衣	10	
𧙔	衣	10	
𧙕	衣	10	
𧙖	衣	10	
𧙗	衣	10	
𧙘	衣	10	
𧙙	衣	10	
𧙚	衣	10	
𧙛	衣	10	
𧙜	衣	10	
𧙝	衣	10	
𧙞	衣	11	
𧙟	衣	11	
𧙠	衣	11	
𧙡	衣	11	
𧙢	衣	11	
𧙣	衣	11	
𧙤	衣	11	
𧙥	衣	11	
𧙦	衣	11	
𧙧	衣	11	
𧙨	衣	11	
𧙩	衣	11	
𧙪	衣	11	
𧙫	衣	11	
𧙬	衣	11	
𧙭	衣	11	
𧙮	衣	11	
𧙯	衣	11	
𧙰	衣	11	
𧙱	衣	11	
𧙲	衣	11	
𧙳	衣	11	
𧙴	衣	11	
𧙵	衣	11	
𧙶	衣	11	
𧙷	衣	11	
𧙸	衣	11	
𧙹	衣	11	
𧙺	衣	11	
𧙻	衣	11	
𧙼	衣	11	
𧙽	衣	11	
𧙾	衣	11	
𧙿	衣	11	
𧚀	衣	12	
𧚁	衣	12	
𧚂	衣	12	
𧚃	衣	12	
𧚄	衣	12	
𧚅	衣	12	
𧚆	衣	12	
𧚇	衣	12	
𧚈	衣	12	
𧚉	衣	12	
𧚊	衣	12	
𧚋	衣	12	
𧚌	衣	12	
𧚍	衣	12	
𧚎	衣	12	
𧚏	衣	12	
𧚐	衣	12	
𧚑	衣	12	
𧚒	衣	12	
𧚓	衣	12	
𧚔	衣	12	
𧚕	衣	12	
𧚖	衣	12	
𧚗	衣	12	
𧚘	衣	12	
𧚙	衣	12	
𧚚	衣	12	
𧚛	衣	12	
𧚜	衣	12	
𧚝	衣	12	
𧚞	衣	12	
𧚟	衣	12	
𧚠	衣	12	
𧚡	衣	12	
𧚢	衣	12	
𧚣	衣	12	
𧚤	衣	13	
𧚥	衣	13	
𧚦	衣	13	
𧚧	衣	13	
𧚨	衣	13	
𧚩	衣	13	
𧚪	衣	13	
𧚫	衣	13	
𧚬	衣	13	
𧚭	衣	13	
𧚮	衣	13	
𧚯	衣	13	
𧚰	衣	13	
𧚱	衣	13	
𧚲	衣	13	
𧚳	衣	13	
𧚴	衣	13	
𧚵	衣	13	
𧚶	衣	13	
𧚷	衣	13	
𧚸	衣	13	
𧚹	衣	13	
𧚺	衣	13	
𧚻	衣	14	
𧚼	衣	13	
𧚽	衣	13	
𧚾	衣	13	
𧚿	衣	13	
𧛀	衣	13	
𧛁	衣	13	
𧛂	衣	13	
𧛃	衣	13	
𧛄	衣	13	
𧛅	衣	13	
𧛆	衣	13	
𧛇	衣	13	
𧛈	衣	13	
𧛉	衣	13	
𧛊	衣	13	
𧛋	衣	13	
𧛌	衣	13	
𧛍	衣	13	
𧛎	衣	13	
𧛏	衣	14	
𧛐	衣	14	
𧛑	衣	14	
𧛒	衣	14	
𧛓	衣	14	
𧛔	衣	14	
𧛕	衣	14	
𧛖	衣	14	
𧛗	衣	14	
𧛘	衣	14	
𧛙	衣	14	
𧛚	衣	14	
𧛛	衣	14	
𧛜	衣	14	
𧛝	衣	14	
𧛞	衣	14	
𧛟	衣	14	
𧛠	衣	14	
𧛡	衣	14	
𧛢	衣	14	
𧛣	衣	14	
𧛤	衣	14	
𧛥	衣	14	
𧛦	衣	14	
𧛧	衣	14	
𧛨	衣	14	
𧛩	衣	14	
𧛪	衣	14	
𧛫	衣	14	
𧛬	衣	14	
𧛭	衣	14	
𧛮	衣	14	
𧛯	衣	14	
𧛰	衣	14	
𧛱	衣	14	
𧛲	衣	14	
𧛳	衣	14	
𧛴	衣	14	
𧛵	衣	14	
𧛶	衣	14	
𧛷	衣	14	
𧛸	衣	15	
𧛹	衣	15	
𧛺	衣	15	
𧛻	衣	15	
𧛼	衣	15	
𧛽	衣	15	
𧛾	衣	15	
𧛿	衣	15	
𧜀	衣	15	
𧜁	衣	15	
𧜂	衣	15	
𧜃	衣	15	
𧜄	衣	15	
𧜅	衣	15	
𧜆	衣	15	
𧜇	衣	15	
𧜈	衣	15	
𧜉	衣	15	
𧜊	衣	15	
𧜋	衣	15	
𧜌	衣	15	
𧜍	衣	15	
𧜎	衣	15	
𧜏	衣	15	
𧜐	衣	15	
𧜑	衣	15	
𧜒	衣	15	
𧜓	衣	15	
𧜔	衣	15	
𧜕	衣	15	
𧜖	衣	15	
𧜗	衣	15	
𧜘	衣	15	
𧜙	衣	15	
𧜚	衣	15	
𧜛	衣	15	
𧜜	衣	15	
𧜝	衣	16	
𧜞	衣	16	
𧜟	衣	16	
𧜠	衣	16	
𧜡	衣	16	
𧜢	衣	16	
𧜣	衣	16	
𧜤	衣	16	
𧜥	衣	16	
𧜦	衣	16	
𧜧	衣	16	
𧜨	衣	15	
𧜩	衣	16	
𧜪	衣	16	
𧜫	衣	16	
𧜬	衣	16	
𧜭	衣	17	
𧜮	衣	16	
𧜯	衣	16	
𧜰	衣	16	
𧜱	衣	16	
𧜲	衣	16	
𧜳	衣	16	
𧜴	衣	16	
𧜵	衣	16	
𧜶	衣	16	
𧜷	衣	16	
𧜸	衣	16	
𧜹	衣	16	
𧜺	衣	16	
𧜻	衣	16	
𧜼	衣	16	
𧜽	衣	16	
𧜾	衣	16	
𧜿	衣	16	
𧝀	衣	16	
𧝁	衣	16	
𧝂	衣	17	
𧝃	衣	17	
𧝄	衣	17	
𧝅	衣	17	
𧝆	衣	17	
𧝇	衣	17	
𧝈	衣	17	
𧝉	衣	17	
𧝊	衣	17	
𧝋	衣	17	
𧝌	衣	17	
𧝍	衣	17	
𧝎	衣	17	
𧝏	衣	17	
𧝐	衣	17	
𧝑	衣	17	
𧝒	衣	17	
𧝓	衣	17	
𧝔	衣	17	
𧝕	衣	17	
𧝖	衣	17	
𧝗	衣	17	
𧝘	衣	17	
𧝙	衣	17	
𧝚	衣	17	
𧝛	衣	17	
𧝜	衣	17	
𧝝	衣	17	
𧝞	衣	17	
𧝟	衣	17	
𧝠	衣	17	
𧝡	衣	17	
𧝢	衣	17	
𧝣	衣	17	
𧝤	衣	17	
𧝥	衣	17	
𧝦	衣	17	
𧝧	衣	17	
𧝨	衣	17	
𧝩	衣	17	
𧝪	衣	17	
𧝫	衣	17	
𧝬	衣	17	
𧝭	衣	17	
𧝮	衣	17	
𧝯	衣	17	
𧝰	衣	17	
𧝱	衣	18	
𧝲	衣	18	
𧝳	衣	18	
𧝴	衣	18	
𧝵	衣	18	
𧝶	衣	18	
𧝷	衣	18	
𧝸	衣	18	
𧝹	衣	18	
𧝺	衣	18	
𧝻	衣	18	
𧝼	衣	18	
𧝽	衣	18	
𧝾	衣	18	
𧝿	衣	18	
𧞀	衣	18	
𧞁	衣	18	
𧞂	衣	18	
𧞃	衣	18	
𧞄	衣	18	
𧞅	衣	18	
𧞆	衣	18	
𧞇	衣	18	
𧞈	衣	18	
𧞉	衣	18	
𧞊	衣	18	
𧞋	衣	18	
𧞌	衣	18	
𧞍	衣	19	
𧞎	衣	19	
𧞏	衣	19	
𧞐	衣	19	
𧞑	衣	19	
𧞒	衣	19	
𧞓	衣	19	
𧞔	衣	19	
𧞕	衣	19	
𧞖	衣	19	
𧞗	衣	20	
𧞘	衣	19	
𧞙	衣	19	
𧞚	衣	19	
𧞛	衣	19	
𧞜	衣	19	
𧞝	衣	19	
𧞞	衣	19	
𧞟	衣	19	
𧞠	衣	19	
𧞡	衣	19	
𧞢	衣	19	
𧞣	衣	19	
𧞤	衣	19	
𧞥	衣	19	
𧞦	衣	19	
𧞧	衣	20	
𧞨	衣	20	
𧞩	衣	20	
𧞪	衣	20	
𧞫	衣	20	
𧞬	衣	20	
𧞭	衣	20	
𧞮	衣	20	
𧞯	衣	20	
𧞰	衣	20	
𧞱	衣	20	
𧞲	衣	21	
𧞳	衣	20	
𧞴	衣	20	
𧞵	衣	20	
𧞶	衣	21	
𧞷	衣	21	
𧞸	衣	21	
𧞹	衣	21	
𧞺	衣	21	
𧞻	衣	21	
𧞼	衣	21	
𧞽	衣	21	
𧞾	衣	21	
𧞿	衣	21	
𧟀	衣	21	
𧟁	衣	21	
𧟂	衣	21	
𧟃	衣	22	
𧟄	衣	22	
𧟅	衣	22	
𧟆	衣	22	
𧟇	衣	22	
𧟈	衣	23	
𧟉	衣	23	
𧟊	衣	23	
𧟋	衣	23	
𧟌	衣	24	
𧟍	衣	24	
𧟎	衣	24	
𧟏	衣	24	
𧟐	衣	25	
𧟑	衣	25	
𧟒	衣	25	
𧟓	衣	25	
𧟔	衣	25	
𧟕	衣	26	
𧟖	衣	26	
𧟗	衣	26	
𧟘	衣	27	
𧟙	衣	29	
𧟚	衣	29	
𧟛	衣	31	
𧟜	衣	33	
𧟝	衣	33	
𧟞	衣	37	
𧟟	衣	37	
𧟠	襾	7	
𧟡	襾	7	
𧟢	襾	7	
𧟣	襾	8	
𧟤	襾	9	
𧟥	襾	9	
𧟦	襾	9	
𧟧	襾	10	
𧟨	襾	10	
𧟩	襾	10	
𧟪	襾	11	
𧟫	襾	11	
𧟬	襾	11	
𧟭	襾	12	
𧟮	襾	12	
𧟯	襾	13	
𧟰	襾	13	
𧟱	襾	14	
𧟲	襾	14	
𧟳	襾	14	
𧟴	襾	14	
𧟵	襾	14	
𧟶	襾	14	
𧟷	襾	14	
𧟸	襾	14	
𧟹	襾	15	
𧟺	襾	15	
𧟻	襾	15	
𧟼	襾	16	
𧟽	襾	16	
𧟾	襾	16	
𧟿	襾	17	
𧠀	襾	18	
𧠁	襾	18	
𧠂	襾	19	
𧠃	襾	20	
𧠄	襾	21	
𧠅	襾	25	
𧠆	見	8	
𧠇	見	8	
𧠈	見	9	
𧠉	見	10	
𧠊	見	10	
𧠋	見	10	
𧠌	見	10	
𧠍	見	10	
𧠎	見	11	
𧠏	見	11	
𧠐	見	11	
𧠑	見	11	
𧠒	見	11	
𧠓	見	11	
𧠔	見	11	
𧠕	見	11	
𧠖	見	11	
𧠗	見	11	
𧠘	見	11	
𧠙	見	11	
𧠚	見	11	
𧠛	見	11	
𧠜	見	12	
𧠝	見	12	
𧠞	見	12	
𧠟	見	12	
𧠠	見	12	
𧠡	見	12	
𧠢	見	12	
𧠣	見	12	
𧠤	見	12	
𧠥	見	12	
𧠦	見	12	
𧠧	見	12	
𧠨	見	13	
𧠩	見	13	
𧠪	見	13	
𧠫	見	13	
𧠬	見	13	
𧠭	見	13	
𧠮	見	13	
𧠯	見	13	
𧠰	見	13	
𧠱	見	13	
𧠲	見	13	
𧠳	見	13	
𧠴	見	13	
𧠵	見	13	
𧠶	見	13	
𧠷	見	13	
𧠸	見	13	
𧠹	見	13	
𧠺	見	13	
𧠻	見	14	
𧠼	見	14	
𧠽	見	14	
𧠾	見	14	
𧠿	見	14	
𧡀	見	14	
𧡁	見	14	
𧡂	見	14	
𧡃	見	14	
𧡄	見	14	
𧡅	見	14	
𧡆	見	14	
𧡇	見	14	
𧡈	見	14	
𧡉	見	14	
𧡊	見	14	
𧡋	見	15	
𧡌	見	15	
𧡍	見	15	
𧡎	見	15	
𧡏	見	15	
𧡐	見	15	
𧡑	見	15	
𧡒	見	15	
𧡓	見	15	
𧡔	見	15	
𧡕	見	15	
𧡖	見	15	
𧡗	見	15	
𧡘	見	15	
𧡙	見	15	
𧡚	見	15	
𧡛	見	15	
𧡜	見	15	
𧡝	見	15	
𧡞	見	15	
𧡟	見	15	
𧡠	見	15	
𧡡	見	16	
𧡢	見	16	
𧡣	見	16	
𧡤	見	16	
𧡥	見	16	
𧡦	見	16	
𧡧	見	16	
𧡨	見	16	
𧡩	見	16	
𧡪	見	16	
𧡫	見	16	
𧡬	見	16	
𧡭	見	16	
𧡮	見	16	
𧡯	見	16	
𧡰	見	16	
𧡱	見	16	
𧡲	見	16	
𧡳	見	16	
𧡴	見	16	
𧡵	見	16	
𧡶	見	16	
𧡷	見	17	
𧡸	見	17	
𧡹	見	17	
𧡺	見	17	
𧡻	見	17	
𧡼	見	17	
𧡽	見	17	
𧡾	見	17	
𧡿	見	17	
𧢀	見	17	
𧢁	見	17	
𧢂	見	18	
𧢃	見	18	
𧢄	見	18	
𧢅	見	18	
𧢆	見	18	
𧢇	見	18	
𧢈	見	18	
𧢉	見	18	
𧢊	見	18	
𧢋	見	18	
𧢌	見	19	
𧢍	見	19	
𧢎	見	19	
𧢏	見	19	
𧢐	見	19	
𧢑	見	19	
𧢒	見	20	
𧢓	見	20	
𧢔	見	20	
𧢕	見	20	
𧢖	見	20	
𧢗	見	20	
𧢘	見	21	
𧢙	見	21	
𧢚	見	21	
𧢛	見	21	
𧢜	見	22	
𧢝	見	22	
𧢞	見	22	
𧢟	見	22	
𧢠	見	22	
𧢡	見	22	
𧢢	見	24	
𧢣	見	24	
𧢤	見	24	
𧢥	見	24	
𧢦	見	25	
𧢧	見	25	
𧢨	見	25	
𧢩	見	25	
𧢪	見	25	
𧢫	見	25	
𧢬	見	26	
𧢭	見	27	
𧢮	見	28	
𧢯	見	34	
𧢰	見	37	
𧢱	見	44	
𧢲	角	7	
𧢳	角	8	
𧢴	角	9	
𧢵	角	9	
𧢶	角	9	
𧢷	角	10	
𧢸	角	10	
𧢹	角	10	
𧢺	角	10	
𧢻	角	11	
𧢼	角	11	
𧢽	角	11	
𧢾	角	11	
𧢿	角	11	
𧣀	角	11	
𧣁	角	11	
𧣂	角	11	
𧣃	角	11	
𧣄	角	11	
𧣅	角	11	
𧣆	角	11	
𧣇	角	11	
𧣈	角	11	
𧣉	角	11	
𧣊	角	11	
𧣋	角	11	
𧣌	角	11	
𧣍	角	11	
𧣎	角	11	
𧣏	角	11	
𧣐	角	11	
𧣑	角	12	
𧣒	角	12	
𧣓	角	12	
𧣔	角	12	
𧣕	角	12	
𧣖	角	12	
𧣗	角	12	
𧣘	角	12	
𧣙	角	12	
𧣚	角	12	
𧣛	角	12	
𧣜	角	12	
𧣝	角	12	
𧣞	角	12	
𧣟	角	12	
𧣠	角	12	
𧣡	角	13	
𧣢	角	13	
𧣣	角	13	
𧣤	角	13	
𧣥	角	13	
𧣦	角	13	
𧣧	角	13	
𧣨	角	14	
𧣩	角	14	
𧣪	角	14	
𧣫	角	14	
𧣬	角	14	
𧣭	角	14	
𧣮	角	14	
𧣯	角	14	
𧣰	角	14	
𧣱	角	14	
𧣲	角	14	
𧣳	角	14	
𧣴	角	15	
𧣵	角	15	
𧣶	角	15	
𧣷	角	15	
𧣸	角	15	
𧣹	角	15	
𧣺	角	15	
𧣻	角	15	
𧣼	角	15	
𧣽	角	15	
𧣾	角	15	
𧣿	角	15	
𧤀	角	15	
𧤁	角	15	
𧤂	角	15	
𧤃	角	15	
𧤄	角	15	
𧤅	角	15	
𧤆	角	15	
𧤇	角	15	
𧤈	角	15	
𧤉	角	15	
𧤊	角	15	
𧤋	角	16	
𧤌	角	16	
𧤍	角	16	
𧤎	角	16	
𧤏	角	16	
𧤐	角	16	
𧤑	角	16	
𧤒	角	16	
𧤓	角	16	
𧤔	角	16	
𧤕	角	16	
𧤖	角	16	
𧤗	角	16	
𧤘	角	16	
𧤙	角	16	
𧤚	角	16	
𧤛	角	17	
𧤜	角	17	
𧤝	角	17	
𧤞	角	17	
𧤟	角	17	
𧤠	角	17	
𧤡	角	17	
𧤢	角	16	
𧤣	角	17	
𧤤	角	17	
𧤥	角	17	
𧤦	角	17	
𧤧	角	17	
𧤨	角	17	
𧤩	角	17	
𧤪	角	17	
𧤫	角	17	
𧤬	角	17	
𧤭	角	17	
𧤮	角	17	
𧤯	角	18	
𧤰	角	18	
𧤱	角	18	
𧤲	角	18	
𧤳	角	18	
𧤴	角	18	
𧤵	角	18	
𧤶	角	18	
𧤷	角	18	
𧤸	角	18	
𧤹	角	18	
𧤺	角	19	
𧤻	角	19	
𧤼	角	19	
𧤽	角	19	
𧤾	角	19	
𧤿	角	19	
𧥀	角	19	
𧥁	角	19	
𧥂	角	19	
𧥃	角	19	
𧥄	角	20	
𧥅	角	20	
𧥆	角	20	
𧥇	角	20	
𧥈	角	21	
𧥉	角	21	
𧥊	角	21	
𧥋	角	21	
𧥌	角	22	
𧥍	角	22	
𧥎	角	22	
𧥏	角	22	
𧥐	角	22	
𧥑	角	23	
𧥒	角	23	
𧥓	角	24	
𧥔	角	24	
𧥕	角	25	
𧥖	角	26	
𧥗	角	28	
𧥘	角	28	
𧥙	角	29	
𧥚	角	29	
𧥛	言	6	
𧥜	言	6	
𧥝	言	8	
𧥞	言	8	
𧥟	言	8	
𧥠	言	9	
𧥡	言	10	
𧥢	言	10	
𧥣	言	10	
𧥤	言	10	
𧥥	言	10	
𧥦	言	10	
𧥧	言	10	
𧥨	言	10	
𧥩	言	10	
𧥪	言	10	
𧥫	言	10	
𧥬	言	10	
𧥭	言	10	
𧥮	言	11	
𧥯	言	11	
𧥰	言	11	
𧥱	言	11	
𧥲	言	11	
𧥳	言	11	
𧥴	言	11	
𧥵	言	11	
𧥶	言	11	
𧥷	言	11	
𧥸	言	11	
𧥹	言	11	
𧥺	言	11	
𧥻	言	11	
𧥼	言	11	
𧥽	言	11	
𧥾	言	11	
𧥿	言	11	
𧦀	言	11	
𧦁	言	11	
𧦂	言	11	
𧦃	言	11	
𧦄	言	11	
𧦅	言	11	
𧦆	言	11	
𧦇	言	11	
𧦈	言	11	
𧦉	言	11	
𧦊	言	11	
𧦋	言	11	
𧦌	言	11	
𧦍	言	11	
𧦎	言	11	
𧦏	言	11	
𧦐	言	11	
𧦑	言	11	
𧦒	言	11	
𧦓	言	11	
𧦔	言	11	
𧦕	言	11	
𧦖	言	11	
𧦗	言	11	
𧦘	言	11	
𧦙	言	11	
𧦚	言	11	
𧦛	言	11	
𧦜	言	12	
𧦝	言	12	
𧦞	言	12	
𧦟	言	12	
𧦠	言	12	
𧦡	言	12	
𧦢	言	12	
𧦣	言	12	
𧦤	言	12	
𧦥	言	12	
𧦦	言	12	
𧦧	言	12	
𧦨	言	12	
𧦩	言	12	
𧦪	言	12	
𧦫	言	12	
𧦬	言	12	
𧦭	言	12	
𧦮	言	12	
𧦯	言	12	
𧦰	言	12	
𧦱	言	12	
𧦲	言	12	
𧦳	言	12	
𧦴	言	12	
𧦵	言	12	
𧦶	言	12	
𧦷	言	12	
𧦸	言	12	
𧦹	言	12	
𧦺	言	12	
𧦻	言	12	
𧦼	言	12	
𧦽	言	12	
𧦾	言	12	
𧦿	言	12	
𧧀	言	12	
𧧁	言	12	
𧧂	言	12	
𧧃	言	13	
𧧄	言	13	
𧧅	言	13	
𧧆	言	13	
𧧇	言	13	
𧧈	言	13	
𧧉	言	13	
𧧊	言	13	
𧧋	言	13	
𧧌	言	13	
𧧍	言	13	
𧧎	言	13	
𧧏	言	13	
𧧐	言	13	
𧧑	言	13	
𧧒	言	13	
𧧓	言	13	
𧧔	言	13	
𧧕	言	13	
𧧖	言	13	
𧧗	言	13	
𧧘	言	13	
𧧙	言	13	
𧧚	言	13	
𧧛	言	13	
𧧜	言	13	
𧧝	言	13	
𧧞	言	13	
𧧟	言	13	
𧧠	言	13	
𧧡	言	13	
𧧢	言	13	
𧧣	言	13	
𧧤	言	13	
𧧥	言	13	
𧧦	言	13	
𧧧	言	13	
𧧨	言	13	
𧧩	言	13	
𧧪	言	13	
𧧫	言	13	
𧧬	言	13	
𧧭	言	13	
𧧮	言	13	
𧧯	言	13	
𧧰	言	13	
𧧱	言	13	
𧧲	言	13	
𧧳	言	13	
𧧴	言	14	
𧧵	言	14	
𧧶	言	14	
𧧷	言	14	
𧧸	言	14	
𧧹	言	14	
𧧺	言	14	
𧧻	言	14	
𧧼	言	14	
𧧽	言	14	
𧧾	言	14	
𧧿	言	14	
𧨀	言	14	
𧨁	言	14	
𧨂	言	14	
𧨃	言	14	
𧨄	言	14	
𧨅	言	14	
𧨆	言	14	
𧨇	言	14	
𧨈	言	14	
𧨉	言	14	
𧨊	言	14	
𧨋	言	14	
𧨌	言	14	
𧨍	言	14	
𧨎	言	14	
𧨏	言	14	
𧨐	言	14	
𧨑	言	14	
𧨒	言	14	
𧨓	言	14	
𧨔	言	14	
𧨕	言	14	
𧨖	言	14	
𧨗	言	14	
𧨘	言	14	
𧨙	言	14	
𧨚	言	14	
𧨛	言	14	
𧨜	言	13	
𧨝	言	14	
𧨞	言	14	
𧨟	言	14	
𧨠	言	14	
𧨡	言	14	
𧨢	言	14	
𧨣	言	14	
𧨤	言	14	
𧨥	言	14	
𧨦	言	15	
𧨧	言	15	
𧨨	言	15	
𧨩	言	15	
𧨪	言	15	
𧨫	言	15	
𧨬	言	15	
𧨭	言	15	
𧨮	言	15	
𧨯	言	15	
𧨰	言	15	
𧨱	言	15	
𧨲	言	15	
𧨳	言	15	
𧨴	言	15	
𧨵	言	15	
𧨶	言	15	
𧨷	言	15	
𧨸	言	15	
𧨹	言	15	
𧨺	言	15	
𧨻	言	15	
𧨼	言	15	
𧨽	言	15	
𧨾	言	15	
𧨿	言	15	
𧩀	言	15	
𧩁	言	15	
𧩂	言	15	
𧩃	言	15	
𧩄	言	15	
𧩅	言	15	
𧩆	言	15	
𧩇	言	15	
𧩈	言	15	
𧩉	言	15	
𧩊	言	15	
𧩋	言	15	
𧩌	言	15	
𧩍	言	15	
𧩎	言	15	
𧩏	言	15	
𧩐	言	15	
𧩑	言	15	
𧩒	言	15	
𧩓	言	15	
𧩔	言	15	
𧩕	言	15	
𧩖	言	15	
𧩗	言	15	
𧩘	言	15	
𧩙	言	15	
𧩚	言	15	
𧩛	言	15	
𧩜	言	15	
𧩝	言	15	
𧩞	言	15	
𧩟	言	15	
𧩠	言	15	
𧩡	言	15	
𧩢	言	15	
𧩣	言	16	
𧩤	言	16	
𧩥	言	16	
𧩦	言	16	
𧩧	言	16	
𧩨	言	16	
𧩩	言	16	
𧩪	言	16	
𧩫	言	16	
𧩬	言	16	
𧩭	言	16	
𧩮	言	16	
𧩯	言	16	
𧩰	言	16	
𧩱	言	16	
𧩲	言	16	
𧩳	言	16	
𧩴	言	16	
𧩵	言	16	
𧩶	言	16	
𧩷	言	16	
𧩸	言	16	
𧩹	言	16	
𧩺	言	16	
𧩻	言	16	
𧩼	言	16	
𧩽	言	16	
𧩾	言	16	
𧩿	言	16	
𧪀	言	16	
𧪁	言	16	
𧪂	言	16	
𧪃	言	16	
𧪄	言	16	
𧪅	言	16	
𧪆	言	16	
𧪇	言	16	
𧪈	言	16	
𧪉	言	16	
𧪊	言	16	
𧪋	言	16	
𧪌	言	16	
𧪍	言	16	
𧪎	言	16	
𧪏	言	16	
𧪐	言	16	
𧪑	言	16	
𧪒	言	16	
𧪓	言	16	
𧪔	言	16	
𧪕	言	16	
𧪖	言	16	
𧪗	言	16	
𧪘	言	17	
𧪙	言	17	
𧪚	言	17	
𧪛	言	17	
𧪜	言	17	
𧪝	言	17	
𧪞	言	17	
𧪟	言	17	
𧪠	言	17	
𧪡	言	17	
𧪢	言	17	
𧪣	言	17	
𧪤	言	17	
𧪥	言	17	
𧪦	言	17	
𧪧	言	17	
𧪨	言	17	
𧪩	言	17	
𧪪	言	17	
𧪫	言	17	
𧪬	言	17	
𧪭	言	17	
𧪮	言	17	
𧪯	言	17	
𧪰	言	17	
𧪱	言	17	
𧪲	言	17	
𧪳	言	17	
𧪴	言	17	
𧪵	言	17	
𧪶	言	17	
𧪷	言	17	
𧪸	言	17	
𧪹	言	17	
𧪺	言	17	
𧪻	言	17	
𧪼	言	17	
𧪽	言	17	
𧪾	言	17	
𧪿	言	17	
𧫀	言	17	
𧫁	言	17	
𧫂	言	17	
𧫃	言	17	
𧫄	言	17	
𧫅	言	17	
𧫆	言	17	
𧫇	言	17	
𧫈	言	17	
𧫉	言	17	
𧫊	言	17	
𧫋	言	17	
𧫌	言	17	
𧫍	言	17	
𧫎	言	17	
𧫏	言	17	
𧫐	言	17	
𧫑	言	17	
𧫒	言	18	
𧫓	言	18	
𧫔	言	18	
𧫕	言	18	
𧫖	言	18	
𧫗	言	18	
𧫘	言	18	
𧫙	言	18	
𧫚	言	18	
𧫛	言	18	
𧫜	言	18	
𧫝	言	18	
𧫞	言	18	
𧫟	言	18	
𧫠	言	18	
𧫡	言	18	
𧫢	言	18	
𧫣	言	18	
𧫤	言	18	
𧫥	言	18	
𧫦	言	18	
𧫧	言	18	
𧫨	言	18	
𧫩	言	18	
𧫪	言	18	
𧫫	言	18	
𧫬	言	18	
𧫭	言	18	
𧫮	言	18	
𧫯	言	18	
𧫰	言	18	
𧫱	言	18	
𧫲	言	18	
𧫳	言	18	
𧫴	言	18	
𧫵	言	18	
𧫶	言	18	
𧫷	言	18	
𧫸	言	18	
𧫹	言	18	
𧫺	言	18	
𧫻	言	18	
𧫼	言	18	
𧫽	言	18	
𧫾	言	19	
𧫿	言	19	
𧬀	言	19	
𧬁	言	19	
𧬂	言	19	
𧬃	言	19	
𧬄	言	19	
𧬅	言	19	
𧬆	言	19	
𧬇	言	19	
𧬈	言	19	
𧬉	言	19	
𧬊	言	19	
𧬋	言	19	
𧬌	言	19	
𧬍	言	19	
𧬎	言	19	
𧬏	言	19	
𧬐	言	19	
𧬑	言	19	
𧬒	言	19	
𧬓	言	19	
𧬔	言	19	
𧬕	言	19	
𧬖	言	19	
𧬗	言	19	
𧬘	言	19	
𧬙	言	19	
𧬚	言	19	
𧬛	言	19	
𧬜	言	19	
𧬝	言	19	
𧬞	言	19	
𧬟	言	19	
𧬠	言	19	
𧬡	言	19	
𧬢	言	19	
𧬣	言	19	
𧬤	言	19	
𧬥	言	19	
𧬦	言	19	
𧬧	言	20	
𧬨	言	20	
𧬩	言	20	
𧬪	言	20	
𧬫	言	20	
𧬬	言	20	
𧬭	言	20	
𧬮	言	20	
𧬯	言	20	
𧬰	言	20	
𧬱	言	20	
𧬲	言	20	
𧬳	言	20	
𧬴	言	20	
𧬵	言	20	
𧬶	言	20	
𧬷	言	20	
𧬸	言	20	
𧬹	言	20	
𧬺	言	20	
𧬻	言	20	
𧬼	言	20	
𧬽	言	20	
𧬾	言	20	
𧬿	言	20	
𧭀	言	20	
𧭁	言	20	
𧭂	言	21	
𧭃	言	21	
𧭄	言	21	
𧭅	言	21	
𧭆	言	21	
𧭇	言	21	
𧭈	言	21	
𧭉	言	21	
𧭊	言	21	
𧭋	言	21	
𧭌	言	21	
𧭍	言	21	
𧭎	言	21	
𧭏	言	21	
𧭐	言	21	
𧭑	言	22	
𧭒	言	21	
𧭓	言	21	
𧭔	言	21	
𧭕	言	21	
𧭖	言	21	
𧭗	言	21	
𧭘	言	21	
𧭙	言	21	
𧭚	言	21	
𧭛	言	21	
𧭜	言	22	
𧭝	言	22	
𧭞	言	22	
𧭟	言	22	
𧭠	言	22	
𧭡	言	22	
𧭢	言	22	
𧭣	言	22	
𧭤	言	22	
𧭥	言	22	
𧭦	言	22	
𧭧	言	22	
𧭨	言	22	
𧭩	言	22	
𧭪	言	22	
𧭫	言	22	
𧭬	言	22	
𧭭	言	22	
𧭮	言	22	
𧭯	言	22	
𧭰	言	22	
𧭱	言	22	
𧭲	言	22	
𧭳	言	22	
𧭴	言	22	
𧭵	言	22	
𧭶	言	22	
𧭷	言	22	
𧭸	言	23	
𧭹	言	23	
𧭺	言	23	
𧭻	言	23	
𧭼	言	23	
𧭽	言	23	
𧭾	言	23	
𧭿	言	23	
𧮀	言	23	
𧮁	言	23	
𧮂	言	23	
𧮃	言	23	
𧮄	言	23	
𧮅	言	24	
𧮆	言	24	
𧮇	言	24	
𧮈	言	24	
𧮉	言	24	
𧮊	言	24	
𧮋	言	24	
𧮌	言	24	
𧮍	言	24	
𧮎	言	24	
𧮏	言	24	
𧮐	言	24	
𧮑	言	25	
𧮒	言	25	
𧮓	言	25	
𧮔	言	25	
𧮕	言	25	
𧮖	言	25	
𧮗	言	25	
𧮘	言	25	
𧮙	言	26	
𧮚	言	26	
𧮛	言	26	
𧮜	言	26	
𧮝	言	26	
𧮞	言	27	
𧮟	言	27	
𧮠	言	27	
𧮡	言	27	
𧮢	言	28	
𧮣	言	28	
𧮤	言	28	
𧮥	口	28	
𧮦	言	28	
𧮧	言	28	
𧮨	言	29	
𧮩	言	39	
𧮪		7	
𧮫	谷	7	
𧮬	谷	10	
𧮭	谷	10	
𧮮	谷	10	
𧮯	谷	11	
𧮰	谷	11	
𧮱	谷	11	
𧮲	谷	11	
𧮳	谷	12	
𧮴	谷	12	
𧮵	谷	13	
𧮶	谷	13	
𧮷	谷	13	
𧮸	谷	14	
𧮹	谷	14	
𧮺	谷	15	
𧮻	谷	15	
𧮼	谷	15	
𧮽	谷	15	
𧮾	谷	15	
𧮿	谷	15	
𧯀	谷	16	
𧯁	谷	16	
𧯂	谷	16	
𧯃	谷	16	
𧯄	谷	16	
𧯅	谷	16	
𧯆	谷	17	
𧯇	谷	17	
𧯈	谷	17	
𧯉	谷	17	
𧯊	谷	18	
𧯋	谷	19	
𧯌	谷	19	
𧯍	谷	19	
𧯎	谷	19	
𧯏	谷	19	
𧯐	谷	19	
𧯑	谷	19	
𧯒	谷	19	
𧯓	谷	20	
𧯔	谷	20	
𧯕	谷	21	
𧯖	谷	21	
𧯗	谷	25	
𧯘	谷	27	
𧯙	谷	31	
𧯚	豆	9	
𧯛	豆	10	
𧯜	豆	10	
𧯝	豆	10	
𧯞	豆	11	
𧯟	豆	11	
𧯠	豆	12	
𧯡	豆	12	
𧯢	豆	12	
𧯣	豆	12	
𧯤	豆	12	
𧯥	豆	13	
𧯦	豆	13	
𧯧	土	13	
𧯨	豆	13	
𧯩	豆	14	
𧯪	豆	14	
𧯫	豆	14	
𧯬	豆	14	
𧯭	豆	15	
𧯮	豆	15	
𧯯	豆	15	
𧯰	豆	15	
𧯱	豆	15	
𧯲	豆	15	
𧯳	豆	15	
𧯴	豆	15	
𧯵	豆	15	
𧯶	豆	15	
𧯷	豆	16	
𧯸	豆	16	
𧯹	豆	16	
𧯺	豆	16	
𧯻	豆	16	
𧯼	豆	17	
𧯽	豆	17	
𧯾	豆	17	
𧯿	豆	17	
𧰀	豆	17	
𧰁	豆	17	
𧰂	豆	17	
𧰃	豆	18	
𧰄	豆	18	
𧰅	豆	18	
𧰆	豆	18	
𧰇	豆	18	
𧰈	豆	17	
𧰉	豆	19	
𧰊	豆	19	
𧰋	豆	19	
𧰌	豆	19	
𧰍	豆	19	
𧰎	豆	19	
𧰏	豆	19	
𧰐	豆	19	
𧰑	豆	20	
𧰒	豆	20	
𧰓	豆	20	
𧰔	豆	20	
𧰕	豆	20	
𧰖	豆	20	
𧰗	豆	21	
𧰘	豆	21	
𧰙	豆	22	
𧰚	豆	22	
𧰛	豆	22	
𧰜	豆	22	
𧰝	豆	23	
𧰞	豆	23	
𧰟	豆	23	
𧰠	豆	24	
𧰡	豆	25	
𧰢	豆	25	
𧰣	豆	27	
𧰤	豆	27	
𧰥	豆	29	
𧰦	豕	8	
𧰧	豕	6	
𧰨	豕	6	
𧰩	豕	9	
𧰪	豕	10	
𧰫	豕	10	
𧰬	豕	10	
𧰭	豕	10	
𧰮	豕	11	
𧰯	豕	11	
𧰰	豕	11	
𧰱	豕	11	
𧰲	豕	11	
𧰳	豕	11	
𧰴	豕	11	
𧰵	豕	12	
𧰶	豕	12	
𧰷	豕	12	
𧰸	豕	12	
𧰹	豕	12	
𧰺	豕	12	
𧰻	豕	12	
𧰼	豕	12	
𧰽	豕	12	
𧰾	豕	12	
𧰿	豕	13	
𧱀	豕	13	
𧱁	豕	13	
𧱂	豕	13	
𧱃	豕	13	
𧱄	豕	13	
𧱅	豕	13	
𧱆	豕	13	
𧱇	豕	13	
𧱈	豕	13	
𧱉	豕	13	
𧱊	豕	13	
𧱋	豕	13	
𧱌	豕	13	
𧱍	豕	14	
𧱎	豕	14	
𧱏	豕	14	
𧱐	豕	14	
𧱑	豕	14	
𧱒	豕	14	
𧱓	豕	14	
𧱔	豕	14	
𧱕	豕	14	
𧱖	豕	14	
𧱗	豕	14	
𧱘	豕	15	
𧱙	豕	15	
𧱚	豕	15	
𧱛	豕	15	
𧱜	豕	15	
𧱝	豕	15	
𧱞	豕	15	
𧱟	豕	15	
𧱠	豕	15	
𧱡	豕	15	
𧱢	豕	15	
𧱣	豕	15	
𧱤	豕	15	
𧱥	豕	15	
𧱦	豕	15	
𧱧	豕	15	
𧱨	豕	16	
𧱩	豕	16	
𧱪	豕	16	
𧱫	豕	16	
𧱬	豕	16	
𧱭	豕	16	
𧱮	豕	16	
𧱯	豕	16	
𧱰	豕	16	
𧱱	豕	16	
𧱲	豕	17	
𧱳	豕	17	
𧱴	豕	17	
𧱵	豕	17	
𧱶	豕	17	
𧱷	豕	17	
𧱸	豕	17	
𧱹	豕	17	
𧱺	豕	17	
𧱻	豕	18	
𧱼	豕	18	
𧱽	豕	18	
𧱾	豕	18	
𧱿	豕	18	
𧲀	豕	18	
𧲁	豕	18	
𧲂	豕	19	
𧲃	豕	19	
𧲄	豕	19	
𧲅	豕	19	
𧲆	豕	19	
𧲇	豕	20	
𧲈	豕	20	
𧲉	豕	20	
𧲊	豕	20	
𧲋	豕	20	
𧲌	豕	21	
𧲍	豕	21	
𧲎	豕	21	
𧲏	豕	21	
𧲐	豕	22	
𧲑	豕	22	
𧲒	豕	22	
𧲓	豕	22	
𧲔	豕	23	
𧲕	豕	23	
𧲖	豕	23	
𧲗	豕	22	
𧲘	豕	24	
𧲙	豕	24	
𧲚	豕	25	
𧲛	豕	25	
𧲜	豕	25	
𧲝	豕	27	
𧲞	豕	29	
𧲟	豕	36	
𧲠	豸	8	
𧲡	豸	9	
𧲢	豸	10	
𧲣	豸	10	
𧲤	豸	11	
𧲥	豸	11	
𧲦	豸	11	
𧲧	豸	11	
𧲨	豸	11	
𧲩	豸	11	
𧲪	豸	11	
𧲫	豸	11	
𧲬	豸	12	
𧲭	豸	12	
𧲮	豸	12	
𧲯	豸	12	
𧲰	豸	12	
𧲱	豸	12	
𧲲	豸	12	
𧲳	豸	12	
𧲴	豸	12	
𧲵	豸	12	
𧲶	豸	12	
𧲷	豸	12	
𧲸	豸	12	
𧲹	豸	12	
𧲺	豸	12	
𧲻	豸	12	
𧲼	豸	12	
𧲽	豸	12	
𧲾	豸	13	
𧲿	豸	13	
𧳀	豸	13	
𧳁	豸	13	
𧳂	豸	13	
𧳃	豸	13	
𧳄	豸	13	
𧳅	豸	13	
𧳆	豸	13	
𧳇	豸	13	
𧳈	豸	13	
𧳉	豸	13	
𧳊	豸	14	
𧳋	豸	14	
𧳌	豸	14	
𧳍	豸	14	
𧳎	豸	14	
𧳏	豸	14	
𧳐	豸	14	
𧳑	豸	14	
𧳒	豸	14	
𧳓	豸	14	
𧳔	豸	14	
𧳕	豸	14	
𧳖	豸	14	
𧳗	豸	14	
𧳘	豸	14	
𧳙	豸	15	
𧳚	豸	15	
𧳛	豸	15	
𧳜	豸	15	
𧳝	豸	15	
𧳞	豸	15	
𧳟	豸	15	
𧳠	豸	15	
𧳡	豸	15	
𧳢	豸	15	
𧳣	豸	15	
𧳤	豸	15	
𧳥	豸	15	
𧳦	豸	16	
𧳧	豸	16	
𧳨	豸	16	
𧳩	豸	16	
𧳪	豸	16	
𧳫	豸	16	
𧳬	豸	16	
𧳭	豸	16	
𧳮	豸	16	
𧳯	豸	16	
𧳰	豸	16	
𧳱	豸	15	
𧳲	豸	16	
𧳳	豸	16	
𧳴	豸	16	
𧳵	豸	17	
𧳶	豸	17	
𧳷	豸	17	
𧳸	豸	17	
𧳹	豸	17	
𧳺	豸	17	
𧳻	豸	17	
𧳼	豸	17	
𧳽	豸	17	
𧳾	豸	17	
𧳿	豸	17	
𧴀	豸	17	
𧴁	豸	18	
𧴂	豸	18	
𧴃	豸	18	
𧴄	豸	18	
𧴅	豸	18	
𧴆	豸	19	
𧴇	豸	18	
𧴈	豸	18	
𧴉	豸	18	
𧴊	豸	18	
𧴋	豸	18	
𧴌	豸	19	
𧴍	豸	19	
𧴎	豸	19	
𧴏	豸	19	
𧴐	豸	20	
𧴑	豸	19	
𧴒	豸	19	
𧴓	豸	19	
𧴔	豸	19	
𧴕	豸	19	
𧴖	豸	20	
𧴗	豸	20	
𧴘	豸	20	
𧴙	豸	20	
𧴚	豸	20	
𧴛	豸	20	
𧴜	豸	20	
𧴝	豸	21	
𧴞	豸	21	
𧴟	豸	22	
𧴠	豸	23	
𧴡	豸	23	
𧴢	豸	24	
𧴣	豸	27	
𧴤	貝	9	
𧴥	貝	9	
𧴦	貝	9	
𧴧	貝	9	
𧴨	貝	9	
𧴩	貝	9	
𧴪	貝	10	
𧴫	貝	10	
𧴬	貝	10	
𧴭	貝	10	
𧴮	貝	10	
𧴯	貝	10	
𧴰	貝	10	
𧴱	貝	10	
𧴲	貝	10	
𧴳	貝	11	
𧴴	貝	11	
𧴵	貝	11	
𧴶	貝	11	
𧴷	貝	11	
𧴸	貝	11	
𧴹	貝	11	
𧴺	貝	11	
𧴻	貝	11	
𧴼	貝	11	
𧴽	貝	11	
𧴾	貝	11	
𧴿	貝	11	
𧵀	貝	11	
𧵁	貝	11	
𧵂	貝	11	
𧵃	貝	11	
𧵄	貝	11	
𧵅	貝	11	
𧵆	貝	11	
𧵇	貝	11	
𧵈	貝	11	
𧵉	貝	12	
𧵊	貝	12	
𧵋	貝	12	
𧵌	貝	12	
𧵍	貝	12	
𧵎	貝	12	
𧵏	貝	12	
𧵐	貝	12	
𧵑	貝	12	
𧵒	貝	12	
𧵓	貝	12	
𧵔	貝	12	
𧵕	貝	12	
𧵖	貝	12	
𧵗	貝	12	
𧵘	貝	12	
𧵙	貝	12	
𧵚	貝	12	
𧵛	貝	12	
𧵜	貝	12	
𧵝	貝	12	
𧵞	貝	12	
𧵟	貝	12	
𧵠	貝	12	
𧵡	貝	12	
𧵢	貝	12	
𧵣	貝	13	
𧵤	貝	13	
𧵥	貝	13	
𧵦	貝	13	
𧵧	貝	13	
𧵨	貝	13	
𧵩	貝	13	
𧵪	貝	13	
𧵫	貝	13	
𧵬	貝	13	
𧵭	貝	13	
𧵮	貝	13	
𧵯	貝	13	
𧵰	貝	13	
𧵱	貝	13	
𧵲	貝	13	
𧵳	貝	13	
𧵴	貝	13	
𧵵	貝	13	
𧵶	貝	13	
𧵷	貝	13	
𧵸	貝	13	
𧵹	貝	13	
𧵺	貝	13	
𧵻	貝	13	
𧵼	貝	13	
𧵽	貝	13	
𧵾	貝	13	
𧵿	貝	13	
𧶀	貝	13	
𧶁	貝	13	
𧶂	貝	13	
𧶃	貝	13	
𧶄	貝	13	
𧶅	貝	14	
𧶆	貝	14	
𧶇	貝	14	
𧶈	貝	14	
𧶉	貝	14	
𧶊	貝	14	
𧶋	貝	14	
𧶌	貝	14	
𧶍	貝	14	
𧶎	貝	14	
𧶏	貝	14	
𧶐	貝	14	
𧶑	貝	14	
𧶒	貝	14	
𧶓	貝	14	
𧶔	貝	14	
𧶕	貝	14	
𧶖	貝	14	
𧶗	貝	14	
𧶘	貝	14	
𧶙	貝	14	
𧶚	貝	14	
𧶛	貝	15	
𧶜	貝	15	
𧶝	貝	15	
𧶞	貝	15	
𧶟	貝	15	
𧶠	貝	15	
𧶡	貝	15	
𧶢	貝	15	
𧶣	貝	15	
𧶤	貝	15	
𧶥	貝	15	
𧶦	貝	15	
𧶧	貝	15	
𧶨	貝	15	
𧶩	貝	15	
𧶪	貝	15	
𧶫	貝	15	
𧶬	貝	15	
𧶭	貝	15	
𧶮	貝	15	
𧶯	貝	15	
𧶰	貝	15	
𧶱	貝	16	
𧶲	貝	16	
𧶳	貝	16	
𧶴	貝	16	
𧶵	貝	16	
𧶶	貝	16	
𧶷	貝	16	
𧶸	貝	16	
𧶹	貝	16	
𧶺	貝	16	
𧶻	貝	16	
𧶼	貝	16	
𧶽	貝	16	
𧶾	貝	16	
𧶿	貝	16	
𧷀	貝	16	
𧷁	貝	16	
𧷂	貝	16	
𧷃	貝	16	
𧷄	貝	16	
𧷅	网	17	
𧷆	貝	16	
𧷇	貝	16	
𧷈	貝	16	
𧷉	貝	16	
𧷊	貝	16	
𧷋	貝	16	
𧷌	貝	17	
𧷍	貝	17	
𧷎	貝	17	
𧷏	貝	17	
𧷐	貝	17	
𧷑	貝	17	
𧷒	貝	17	
𧷓	貝	17	
𧷔	貝	17	
𧷕	貝	17	
𧷖	貝	17	
𧷗	貝	17	
𧷘	貝	17	
𧷙	貝	17	
𧷚	貝	17	
𧷛	貝	17	
𧷜	貝	17	
𧷝	貝	17	
𧷞	貝	18	
𧷟	貝	18	
𧷠	貝	18	
𧷡	貝	18	
𧷢	貝	18	
𧷣	貝	18	
𧷤	貝	18	
𧷥	貝	18	
𧷦	貝	18	
𧷧	貝	18	
𧷨	貝	18	
𧷩	貝	18	
𧷪	貝	18	
𧷫	貝	18	
𧷬	貝	18	
𧷭	貝	18	
𧷮	貝	18	
𧷯	貝	18	
𧷰	貝	18	
𧷱	貝	18	
𧷲	貝	18	
𧷳	貝	18	
𧷴	貝	18	
𧷵	貝	18	
𧷶	貝	18	
𧷷	貝	18	
𧷸	貝	18	
𧷹	貝	18	
𧷺	貝	18	
𧷻	貝	18	
𧷼	貝	19	
𧷽	貝	19	
𧷾	貝	19	
𧷿	貝	19	
𧸀	貝	19	
𧸁	貝	19	
𧸂	貝	19	
𧸃	貝	19	
𧸄	貝	19	
𧸅	貝	19	
𧸆	貝	19	
𧸇	貝	19	
𧸈	貝	19	
𧸉	貝	19	
𧸊	貝	19	
𧸋	貝	19	
𧸌	貝	19	
𧸍	貝	19	
𧸎	貝	19	
𧸏	貝	19	
𧸐	貝	19	
𧸑	貝	19	
𧸒	貝	19	
𧸓	貝	19	
𧸔	貝	19	
𧸕	貝	19	
𧸖	貝	20	
𧸗	貝	20	
𧸘	貝	20	
𧸙	貝	20	
𧸚	貝	20	
𧸛	貝	20	
𧸜	貝	20	
𧸝	貝	20	
𧸞	貝	20	
𧸟	貝	20	
𧸠	貝	20	
𧸡	貝	20	
𧸢	貝	20	
𧸣	貝	20	
𧸤	貝	20	
𧸥	貝	20	
𧸦	貝	21	
𧸧	貝	21	
𧸨	貝	21	
𧸩	貝	21	
𧸪	貝	21	
𧸫	貝	21	
𧸬	貝	21	
𧸭	貝	21	
𧸮	貝	21	
𧸯	貝	21	
𧸰	貝	21	
𧸱	貝	22	
𧸲	貝	22	
𧸳	貝	22	
𧸴	貝	22	
𧸵	貝	22	
𧸶	貝	22	
𧸷	貝	22	
𧸸	貝	22	
𧸹	貝	22	
𧸺	貝	22	
𧸻	貝	22	
𧸼	貝	22	
𧸽	貝	23	
𧸾	貝	23	
𧸿	貝	22	
𧹀	貝	23	
𧹁	貝	23	
𧹂	貝	23	
𧹃	貝	23	
𧹄	貝	23	
𧹅	貝	23	
𧹆	貝	23	
𧹇	貝	23	
𧹈	貝	24	
𧹉	貝	24	
𧹊	貝	24	
𧹋	貝	24	
𧹌	貝	25	
𧹍	貝	25	
𧹎	貝	26	
𧹏	貝	26	
𧹐	貝	26	
𧹑		8	
𧹒		9	
𧹓		11	
𧹔		12	
𧹕		12	
𧹖		12	
𧹗		15	
𧹘	赤	8	
𧹙	赤	9	
𧹚	赤	9	
𧹛	赤	11	
𧹜	赤	11	
𧹝	赤	12	
𧹞	赤	12	
𧹟	赤	12	
𧹠	赤	13	
𧹡	赤	13	
𧹢	赤	13	
𧹣	赤	14	
𧹤	赤	14	
𧹥	赤	14	
𧹦	赤	14	
𧹧	赤	15	
𧹨	赤	15	
𧹩	赤	15	
𧹪	赤	15	
𧹫	赤	15	
𧹬	赤	16	
𧹭	赤	16	
𧹮	赤	16	
𧹯	赤	16	
𧹰	赤	16	
𧹱	赤	16	
𧹲	赤	17	
𧹳	赤	17	
𧹴	赤	17	
𧹵	赤	17	
𧹶	赤	18	
𧹷	赤	18	
𧹸	赤	19	
𧹹	赤	19	
𧹺	赤	19	
𧹻	赤	19	
𧹼	赤	19	
𧹽	赤	21	
𧹾	赤	21	
𧹿	赤	21	
𧺀	赤	22	
𧺁	赤	22	
𧺂	赤	23	
𧺃	赤	23	
𧺄	赤	23	
𧺅	赤	23	
𧺆	走	7	
𧺇	走	8	
𧺈	走	9	
𧺉	走	9	
𧺊	走	9	
𧺋	走	9	
𧺌	走	9	
𧺍	走	9	
𧺎	走	9	
𧺏	走	10	
𧺐	走	10	
𧺑	走	10	
𧺒	走	10	
𧺓	走	10	
𧺔	走	10	
𧺕	走	10	
𧺖	走	10	
𧺗	走	10	
𧺘	走	10	
𧺙	走	10	
𧺚	走	10	
𧺛	走	10	
𧺜	走	10	
𧺝	走	11	
𧺞	走	11	
𧺟	走	11	
𧺠	走	11	
𧺡	走	11	
𧺢	走	11	
𧺣	走	11	
𧺤	走	11	
𧺥	走	11	
𧺦	走	11	
𧺧	走	11	
𧺨	走	11	
𧺩	走	11	
𧺪	走	11	
𧺫	走	11	
𧺬	走	11	
𧺭	走	11	
𧺮	走	11	
𧺯	走	11	
𧺰	走	11	
𧺱	走	11	
𧺲	走	11	
𧺳	走	11	
𧺴	走	11	
𧺵	走	11	
𧺶	走	12	
𧺷	走	12	
𧺸	走	12	
𧺹	走	12	
𧺺	走	12	
𧺻	走	12	
𧺼	走	12	
𧺽	走	12	
𧺾	走	12	
𧺿	走	12	
𧻀	走	12	
𧻁	走	12	
𧻂	走	12	
𧻃	走	12	
𧻄	走	12	
𧻅	走	12	
𧻆	走	12	
𧻇	走	12	
𧻈	走	12	
𧻉	走	12	
𧻊	走	12	
𧻋	走	12	
𧻌	走	12	
𧻍	走	12	
𧻎	走	12	
𧻏	走	12	
𧻐	走	13	
𧻑	走	13	
𧻒	走	13	
𧻓	走	13	
𧻔	走	13	
𧻕	走	13	
𧻖	走	13	
𧻗	走	13	
𧻘	走	13	
𧻙	走	13	
𧻚	走	13	
𧻛	走	13	
𧻜	走	13	
𧻝	走	13	
𧻞	走	13	
𧻟	走	13	
𧻠	走	13	
𧻡	走	13	
𧻢	走	13	
𧻣	走	13	
𧻤	走	13	
𧻥	走	13	
𧻦	走	13	
𧻧	走	13	
𧻨	走	13	
𧻩	走	13	
𧻪	走	13	
𧻫	走	13	
𧻬	走	13	
𧻭	走	13	
𧻮	走	13	
𧻯	走	14	
𧻰	走	14	
𧻱	走	14	
𧻲	走	14	
𧻳	走	14	
𧻴	走	14	
𧻵	走	14	
𧻶	走	14	
𧻷	走	14	
𧻸	走	14	
𧻹	走	14	
𧻺	走	14	
𧻻	走	14	
𧻼	走	14	
𧻽	走	14	
𧻾	走	14	
𧻿	走	14	
𧼀	走	14	
𧼁	走	14	
𧼂	走	14	
𧼃	走	14	
𧼄	走	14	
𧼅	走	14	
𧼆	走	14	
𧼇	走	14	
𧼈	走	14	
𧼉	走	14	
𧼊	走	14	
𧼋	走	14	
𧼌	走	14	
𧼍	走	14	
𧼎	走	15	
𧼏	走	15	
𧼐	走	15	
𧼑	走	15	
𧼒	走	15	
𧼓	走	15	
𧼔	走	15	
𧼕	走	15	
𧼖	走	15	
𧼗	走	15	
𧼘	走	15	
𧼙	走	15	
𧼚	走	15	
𧼛	走	15	
𧼜	走	15	
𧼝	走	14	
𧼞	走	15	
𧼟	走	16	
𧼠	走	15	
𧼡	走	15	
𧼢	走	15	
𧼣	走	15	
𧼤	走	15	
𧼥	走	15	
𧼦	走	15	
𧼧	走	15	
𧼨	走	16	
𧼩	走	16	
𧼪	走	16	
𧼫	走	16	
𧼬	走	16	
𧼭	走	16	
𧼮	走	16	
𧼯	走	16	
𧼰	走	16	
𧼱	走	16	
𧼲	走	16	
𧼳	走	16	
𧼴	走	16	
𧼵	走	16	
𧼶	走	16	
𧼷	走	16	
𧼸	走	16	
𧼹	走	16	
𧼺	走	16	
𧼻	走	16	
𧼼	走	16	
𧼽	走	16	
𧼾	走	16	
𧼿	走	16	
𧽀	走	16	
𧽁	走	16	
𧽂	走	16	
𧽃	走	16	
𧽄	走	16	
𧽅	走	16	
𧽆	走	16	
𧽇	走	16	
𧽈	走	16	
𧽉	走	17	
𧽊	走	17	
𧽋	走	17	
𧽌	走	17	
𧽍	走	17	
𧽎	走	17	
𧽏	走	17	
𧽐	走	17	
𧽑	走	17	
𧽒	走	17	
𧽓	走	17	
𧽔	走	17	
𧽕	走	17	
𧽖	走	17	
𧽗	走	17	
𧽘	走	17	
𧽙	走	17	
𧽚	走	17	
𧽛	走	17	
𧽜	走	17	
𧽝	走	17	
𧽞	走	18	
𧽟	走	18	
𧽠	走	18	
𧽡	走	18	
𧽢	走	18	
𧽣	走	18	
𧽤	走	18	
𧽥	走	18	
𧽦	走	18	
𧽧	走	18	
𧽨	走	18	
𧽩	走	18	
𧽪	走	18	
𧽫	走	18	
𧽬	走	18	
𧽭	走	18	
𧽮	走	18	
𧽯	走	18	
𧽰	走	18	
𧽱	走	18	
𧽲	走	18	
𧽳	走	18	
𧽴	走	18	
𧽵	走	18	
𧽶	走	19	
𧽷	走	19	
𧽸	走	19	
𧽹	走	19	
𧽺	走	19	
𧽻	走	19	
𧽼	走	19	
𧽽	走	19	
𧽾	走	19	
𧽿	走	19	
𧾀	走	19	
𧾁	走	19	
𧾂	走	19	
𧾃	走	19	
𧾄	走	19	
𧾅	走	19	
𧾆	走	19	
𧾇	走	19	
𧾈	走	19	
𧾉	走	19	
𧾊	走	19	
𧾋	走	19	
𧾌	走	19	
𧾍	走	20	
𧾎	走	20	
𧾏	走	20	
𧾐	走	20	
𧾑	走	20	
𧾒	走	20	
𧾓	走	20	
𧾔	走	20	
𧾕	走	20	
𧾖	走	20	
𧾗	走	20	
𧾘	走	20	
𧾙	走	21	
𧾚	走	21	
𧾛	走	21	
𧾜	走	21	
𧾝	走	21	
𧾞	走	21	
𧾟	走	21	
𧾠	走	21	
𧾡	走	22	
𧾢	走	22	
𧾣	走	22	
𧾤	走	22	
𧾥	走	22	
𧾦	走	22	
𧾧	走	22	
𧾨	走	23	
𧾩	走	23	
𧾪	走	23	
𧾫	走	23	
𧾬	走	23	
𧾭	走	23	
𧾮	走	24	
𧾯	走	24	
𧾰	走	25	
𧾱	走	25	
𧾲	走	25	
𧾳	走	25	
𧾴	走	25	
𧾵	走	27	
𧾶	走	28	
𧾷	足	7	
𧾸	足	8	
𧾹	足	8	
𧾺	足	9	
𧾻	足	9	
𧾼	足	9	
𧾽	足	9	
𧾾	足	9	
𧾿	足	9	
𧿀	足	9	
𧿁	足	10	
𧿂	足	10	
𧿃	足	10	
𧿄	足	10	
𧿅	足	10	
𧿆	足	10	
𧿇	足	10	
𧿈	足	10	
𧿉	足	10	
𧿊	足	10	
𧿋	足	10	
𧿌	足	10	
𧿍	足	10	
𧿎	足	10	
𧿏	足	10	
𧿐	足	10	
𧿑	足	10	
𧿒	足	11	
𧿓	足	11	
𧿔	足	11	
𧿕	足	11	
𧿖	足	11	
𧿗	足	11	
𧿘	足	11	
𧿙	足	11	
𧿚	足	11	
𧿛	足	11	
𧿜	足	11	
𧿝	足	11	
𧿞	足	11	
𧿟	足	11	
𧿠	足	11	
𧿡	足	11	
𧿢	足	11	
𧿣	足	11	
𧿤	足	11	
𧿥	足	11	
𧿦	足	11	
𧿧	足	11	
𧿨	足	11	
𧿩	足	11	
𧿪	足	11	
𧿫	足	11	
𧿬	足	11	
𧿭	足	11	
𧿮	足	11	
𧿯	足	11	
𧿰	足	11	
𧿱	足	11	
𧿲	足	12	
𧿳	足	12	
𧿴	足	12	
𧿵	足	12	
𧿶	足	12	
𧿷	足	12	
𧿸	足	12	
𧿹	足	12	
𧿺	足	12	
𧿻	足	12	
𧿼	足	12	
𧿽	足	12	
𧿾	足	12	
𧿿	足	12	
𨀀	足	12	
𨀁	足	12	
𨀂	足	12	
𨀃	足	12	
𨀄	足	12	
𨀅	足	12	
𨀆	足	12	
𨀇	足	12	
𨀈	足	12	
𨀉	足	12	
𨀊	足	12	
𨀋	足	12	
𨀌	足	12	
𨀍	足	12	
𨀎	足	12	
𨀏	足	12	
𨀐	足	12	
𨀑	足	12	
𨀒	足	12	
𨀓	足	12	
𨀔	足	12	
𨀕	足	13	
𨀖	足	13	
𨀗	足	13	
𨀘	足	13	
𨀙	足	13	
𨀚	足	13	
𨀛	足	13	
𨀜	足	13	
𨀝	足	13	
𨀞	足	13	
𨀟	足	13	
𨀠	足	13	
𨀡	足	13	
𨀢	足	13	
𨀣	足	13	
𨀤	足	13	
𨀥	足	13	
𨀦	足	13	
𨀧	足	13	
𨀨	足	13	
𨀩	足	13	
𨀪	足	13	
𨀫	足	13	
𨀬	足	13	
𨀭	足	13	
𨀮	足	13	
𨀯	足	13	
𨀰	足	13	
𨀱	足	13	
𨀲	足	13	
𨀳	足	13	
𨀴	足	13	
𨀵	足	13	
𨀶	足	13	
𨀷	足	13	
𨀸	足	13	
𨀹	足	13	
𨀺	足	13	
𨀻	足	13	
𨀼	足	13	
𨀽	足	13	
𨀾	足	13	
𨀿	足	13	
𨁀	足	14	
𨁁	足	14	
𨁂	足	14	
𨁃	足	14	
𨁄	足	14	
𨁅	足	14	
𨁆	足	14	
𨁇	足	14	
𨁈	足	14	
𨁉	足	14	
𨁊	足	14	
𨁋	足	14	
𨁌	足	14	
𨁍	足	14	
𨁎	足	14	
𨁏	足	14	
𨁐	足	14	
𨁑	足	14	
𨁒	足	14	
𨁓	足	14	
𨁔	足	14	
𨁕	足	14	
𨁖	足	14	
𨁗	足	14	
𨁘	足	14	
𨁙	足	14	
𨁚	足	14	
𨁛	足	14	
𨁜	足	14	
𨁝	足	14	
𨁞	足	14	
𨁟	足	14	
𨁠	足	14	
𨁡	足	14	
𨁢	足	14	
𨁣	足	14	
𨁤	足	14	
𨁥	足	14	
𨁦	足	14	
𨁧	足	14	
𨁨	足	14	
𨁩	足	14	
𨁪	足	14	
𨁫	足	14	
𨁬	足	14	
𨁭	足	14	
𨁮	足	14	
𨁯	足	14	
𨁰	足	14	
𨁱	足	14	
𨁲	足	14	
𨁳	足	14	
𨁴	足	14	
𨁵	足	15	
𨁶	足	15	
𨁷	足	15	
𨁸	足	15	
𨁹	足	15	
𨁺	足	15	
𨁻	足	15	
𨁼	足	15	
𨁽	足	15	
𨁾	足	15	
𨁿	足	15	
𨂀	足	15	
𨂁	足	15	
𨂂	足	15	
𨂃	足	15	
𨂄	足	15	
𨂅	足	15	
𨂆	足	15	
𨂇	足	15	
𨂈	足	15	
𨂉	足	15	
𨂊	足	15	
𨂋	足	15	
𨂌	足	15	
𨂍	足	15	
𨂎	足	15	
𨂏	足	15	
𨂐	足	15	
𨂑	足	15	
𨂒	足	15	
𨂓	足	15	
𨂔	足	15	
𨂕	足	15	
𨂖	足	15	
𨂗	足	15	
𨂘	足	15	
𨂙	足	15	
𨂚	足	15	
𨂛	足	15	
𨂜	足	15	
𨂝	足	16	
𨂞	足	16	
𨂟	足	15	
𨂠	足	16	
𨂡	足	16	
𨂢	足	16	
𨂣	足	16	
𨂤	足	16	
𨂥	足	16	
𨂦	足	16	
𨂧	足	16	
𨂨	足	16	
𨂩	足	16	
𨂪	足	16	
𨂫	足	16	
𨂬	足	16	
𨂭	足	16	
𨂮	足	16	
𨂯	足	16	
𨂰	足	16	
𨂱	足	16	
𨂲	足	16	
𨂳	足	16	
𨂴	足	16	
𨂵	足	16	
𨂶	足	16	
𨂷	足	16	
𨂸	足	16	
𨂹	足	16	
𨂺	足	16	
𨂻	足	16	
𨂼	足	16	
𨂽	足	16	
𨂾	足	16	
𨂿	足	16	
𨃀	足	16	
𨃁	足	16	
𨃂	足	16	
𨃃	足	16	
𨃄	足	16	
𨃅	足	16	
𨃆	足	16	
𨃇	足	16	
𨃈	足	16	
𨃉	足	16	
𨃊	足	16	
𨃋	足	13	
𨃌	足	16	
𨃍	足	16	
𨃎	足	16	
𨃏	足	16	
𨃐	足	16	
𨃑	足	16	
𨃒	足	16	
𨃓	足	17	
𨃔	足	17	
𨃕	足	17	
𨃖	足	17	
𨃗	足	17	
𨃘	足	17	
𨃙	足	17	
𨃚	足	17	
𨃛	足	17	
𨃜	足	17	
𨃝	足	17	
𨃞	足	17	
𨃟	足	17	
𨃠	足	17	
𨃡	足	17	
𨃢	足	17	
𨃣	足	17	
𨃤	足	17	
𨃥	足	17	
𨃦	足	17	
𨃧	足	17	
𨃨	足	17	
𨃩	足	17	
𨃪	足	17	
𨃫	足	17	
𨃬	足	17	
𨃭	足	17	
𨃮	足	17	
𨃯	足	17	
𨃰	足	17	
𨃱	足	17	
𨃲	足	17	
𨃳	足	17	
𨃴	足	17	
𨃵	足	17	
𨃶	足	17	
𨃷	足	17	
𨃸	足	17	
𨃹	足	17	
𨃺	足	17	
𨃻	足	17	
𨃼	足	17	
𨃽	足	17	
𨃾	足	17	
𨃿	足	17	
𨄀	足	17	
𨄁	足	17	
𨄂	足	17	
𨄃	足	18	
𨄄	足	17	
𨄅	足	18	
𨄆	足	18	
𨄇	足	18	
𨄈	足	18	
𨄉	足	18	
𨄊	足	18	
𨄋	足	18	
𨄌	足	18	
𨄍	足	18	
𨄎	足	18	
𨄏	足	18	
𨄐	足	18	
𨄑	足	18	
𨄒	足	18	
𨄓	足	18	
𨄔	足	18	
𨄕	足	18	
𨄖	足	18	
𨄗	足	18	
𨄘	足	18	
𨄙	足	18	
𨄚	足	18	
𨄛	足	18	
𨄜	足	18	
𨄝	足	18	
𨄞	足	18	
𨄟	足	18	
𨄠	足	18	
𨄡	足	18	
𨄢	足	18	
𨄣	足	18	
𨄤	足	18	
𨄥	足	18	
𨄦	足	18	
𨄧	足	18	
𨄨	足	18	
𨄩	足	18	
𨄪	足	18	
𨄫	足	18	
𨄬	足	18	
𨄭	足	18	
𨄮	足	18	
𨄯	足	18	
𨄰	足	18	
𨄱	足	18	
𨄲	足	18	
𨄳	足	18	
𨄴	足	18	
𨄵	足	18	
𨄶	足	18	
𨄷	足	18	
𨄸	足	18	
𨄹	足	18	
𨄺	足	18	
𨄻	足	18	
𨄼	足	18	
𨄽	足	18	
𨄾	足	18	
𨄿	足	18	
𨅀	足	18	
𨅁	足	18	
𨅂	足	18	
𨅃	足	18	
𨅄	足	18	
𨅅	足	18	
𨅆	足	18	
𨅇	足	18	
𨅈	足	18	
𨅉	足	18	
𨅊	足	19	
𨅋	足	19	
𨅌	足	19	
𨅍	足	19	
𨅎	足	19	
𨅏	足	19	
𨅐	足	19	
𨅑	足	19	
𨅒	足	19	
𨅓	足	19	
𨅔	足	19	
𨅕	足	19	
𨅖	足	19	
𨅗	足	19	
𨅘	足	19	
𨅙	足	19	
𨅚	足	18	
𨅛	足	19	
𨅜	足	19	
𨅝	足	19	
𨅞	足	19	
𨅟	足	19	
𨅠	足	19	
𨅡	足	19	
𨅢	足	19	
𨅣	足	19	
𨅤	足	19	
𨅥	足	19	
𨅦	足	19	
𨅧	足	19	
𨅨	足	19	
𨅩	足	19	
𨅪	足	19	
𨅫	足	19	
𨅬	足	19	
𨅭	足	19	
𨅮	足	19	
𨅯	足	19	
𨅰	足	19	
𨅱	足	19	
𨅲	足	19	
𨅳	足	19	
𨅴	足	19	
𨅵	足	19	
𨅶	足	19	
𨅷	足	19	
𨅸	足	19	
𨅹	足	19	
𨅺	足	19	
𨅻	足	19	
𨅼	足	19	
𨅽	足	19	
𨅾	足	19	
𨅿	足	19	
𨆀	足	19	
𨆁	足	20	
𨆂	足	20	
𨆃	足	20	
𨆄	足	20	
𨆅	足	20	
𨆆	足	20	
𨆇	足	20	
𨆈	足	20	
𨆉	足	20	
𨆊	足	20	
𨆋	足	20	
𨆌	足	20	
𨆍	足	20	
𨆎	足	20	
𨆏	足	20	
𨆐	足	20	
𨆑	足	20	
𨆒	足	20	
𨆓	足	20	
𨆔	足	20	
𨆕	足	20	
𨆖	足	20	
𨆗	足	20	
𨆘	足	20	
𨆙	足	20	
𨆚	足	20	
𨆛	足	20	
𨆜	足	20	
𨆝	足	20	
𨆞	足	20	
𨆟	足	20	
𨆠	足	20	
𨆡	足	20	
𨆢	足	20	
𨆣	足	20	
𨆤	足	20	
𨆥	足	20	
𨆦	足	20	
𨆧	足	20	
𨆨	足	20	
𨆩	足	20	
𨆪	足	21	
𨆫	足	21	
𨆬	足	21	
𨆭	足	21	
𨆮	足	21	
𨆯	足	21	
𨆰	足	21	
𨆱	足	21	
𨆲	足	21	
𨆳	足	21	
𨆴	足	21	
𨆵	足	21	
𨆶	足	21	
𨆷	足	21	
𨆸	足	21	
𨆹	足	21	
𨆺	足	21	
𨆻	足	21	
𨆼	足	21	
𨆽	足	21	
𨆾	足	21	
𨆿	足	21	
𨇀	足	21	
𨇁	足	22	
𨇂	足	22	
𨇃	足	22	
𨇄	足	22	
𨇅	足	22	
𨇆	足	22	
𨇇	足	22	
𨇈	足	22	
𨇉	足	22	
𨇊	足	22	
𨇋	足	22	
𨇌	足	22	
𨇍	足	22	
𨇎	足	22	
𨇏	足	22	
𨇐	足	22	
𨇑	足	22	
𨇒	足	22	
𨇓	足	22	
𨇔	足	22	
𨇕	足	22	
𨇖	足	23	
𨇗	足	23	
𨇘	足	23	
𨇙	足	23	
𨇚	足	23	
𨇛	足	23	
𨇜	足	23	
𨇝	足	23	
𨇞	足	23	
𨇟	足	23	
𨇠	足	23	
𨇡	足	23	
𨇢	足	23	
𨇣	足	23	
𨇤	足	24	
𨇥	足	24	
𨇦	足	24	
𨇧	足	24	
𨇨	足	24	
𨇩	足	24	
𨇪	足	24	
𨇫	足	24	
𨇬	足	24	
𨇭	足	24	
𨇮	足	25	
𨇯	足	25	
𨇰	足	25	
𨇱	足	25	
𨇲	足	25	
𨇳	足	25	
𨇴	足	25	
𨇵	足	25	
𨇶	足	25	
𨇷	足	25	
𨇸	足	25	
𨇹	足	25	
𨇺	足	25	
𨇻	足	26	
𨇼	足	26	
𨇽	足	26	
𨇾	足	26	
𨇿	足	26	
𨈀	足	26	
𨈁	足	27	
𨈂	足	27	
𨈃	足	27	
𨈄	足	28	
𨈅	足	28	
𨈆	足	28	
𨈇	足	28	
𨈈	足	29	
𨈉	足	29	
𨈊	足	29	
𨈋	足	30	
𨈌	足	30	
𨈍	足	31	
𨈎	足	37	
𨈏	身	7	
𨈐	身	5	
𨈑	身	6	
𨈒	身	9	
𨈓	身	10	
𨈔	身	10	
𨈕	身	10	
𨈖	身	10	
𨈗	身	10	
𨈘	身	11	
𨈙	身	11	
𨈚	身	11	
𨈛	身	11	
𨈜	身	11	
𨈝	身	11	
𨈞	身	11	
𨈟	身	11	
𨈠	身	11	
𨈡	身	11	
𨈢	身	11	
𨈣	身	11	
𨈤	身	11	
𨈥	身	11	
𨈦	身	11	
𨈧	身	11	
𨈨	身	11	
𨈩	身	12	
𨈪	身	12	
𨈫	身	12	
𨈬	身	12	
𨈭	身	12	
𨈮	身	12	
𨈯	身	12	
𨈰	身	12	
𨈱	身	12	
𨈲	身	12	
𨈳	身	12	
𨈴	身	12	
𨈵	身	12	
𨈶	身	12	
𨈷	身	12	
𨈸	身	13	
𨈹	身	13	
𨈺	身	13	
𨈻	身	13	
𨈼	身	13	
𨈽	身	13	
𨈾	身	13	
𨈿	身	13	
𨉀	身	13	
𨉁	身	13	
𨉂	身	13	
𨉃	身	13	
𨉄	身	13	
𨉅	身	13	
𨉆	身	13	
𨉇	身	13	
𨉈	身	14	
𨉉	身	14	
𨉊	身	14	
𨉋	身	14	
𨉌	身	14	
𨉍	身	14	
𨉎	身	14	
𨉏	身	14	
𨉐	身	14	
𨉑	身	14	
𨉒	身	14	
𨉓	身	14	
𨉔	身	15	
𨉕	身	15	
𨉖	身	15	
𨉗	身	15	
𨉘	身	15	
𨉙	身	15	
𨉚	身	15	
𨉛	身	15	
𨉜	身	15	
𨉝	身	15	
𨉞	身	15	
𨉟	身	15	
𨉠	身	15	
𨉡	身	15	
𨉢	身	16	
𨉣	身	16	
𨉤	身	16	
𨉥	身	16	
𨉦	身	17	
𨉧	身	16	
𨉨	身	16	
𨉩	身	16	
𨉪	身	16	
𨉫	身	16	
𨉬	身	16	
𨉭	身	16	
𨉮	身	17	
𨉯	身	17	
𨉰	身	17	
𨉱	身	17	
𨉲	身	17	
𨉳	身	17	
𨉴	身	17	
𨉵	身	17	
𨉶	身	17	
𨉷	身	17	
𨉸	身	17	
𨉹	身	18	
𨉺	身	18	
𨉻	身	18	
𨉼	身	18	
𨉽	身	18	
𨉾	身	18	
𨉿	身	19	
𨊀	身	19	
𨊁	身	19	
𨊂	身	19	
𨊃	身	19	
𨊄	身	19	
𨊅	身	19	
𨊆	身	19	
𨊇	身	19	
𨊈	身	19	
𨊉	身	19	
𨊊	身	19	
𨊋	身	19	
𨊌	身	19	
𨊍	身	20	
𨊎	身	20	
𨊏	身	20	
𨊐	身	20	
𨊑	身	20	
𨊒	身	20	
𨊓	身	21	
𨊔	身	21	
𨊕	身	21	
𨊖	身	21	
𨊗	身	21	
𨊘	身	22	
𨊙	身	22	
𨊚	身	22	
𨊛	身	23	
𨊜	身	23	
𨊝	身	25	
𨊞	身	25	
𨊟	身	26	
𨊠	車	9	
𨊡	車	9	
𨊢	車	9	
𨊣	車	9	
𨊤	車	9	
𨊥	車	9	
𨊦	車	9	
𨊧	車	10	
𨊨	車	10	
𨊩	車	10	
𨊪	車	10	
𨊫	車	10	
𨊬	車	10	
𨊭	車	10	
𨊮	車	10	
𨊯	車	10	
𨊰	車	10	
𨊱	車	10	
𨊲	車	10	
𨊳	車	11	
𨊴	車	11	
𨊵	車	11	
𨊶	車	11	
𨊷	車	11	
𨊸	車	11	
𨊹	車	11	
𨊺	車	11	
𨊻	車	11	
𨊼	車	11	
𨊽	車	11	
𨊾	車	11	
𨊿	車	11	
𨋀	車	11	
𨋁	車	11	
𨋂	車	11	
𨋃	車	11	
𨋄	車	11	
𨋅	車	11	
𨋆	車	11	
𨋇	車	11	
𨋈	車	11	
𨋉	車	11	
𨋊	車	11	
𨋋	車	11	
𨋌	車	11	
𨋍	車	11	
𨋎	車	12	
𨋏	車	12	
𨋐	車	12	
𨋑	車	12	
𨋒	車	12	
𨋓	車	12	
𨋔	車	12	
𨋕	車	12	
𨋖	車	12	
𨋗	車	12	
𨋘	車	12	
𨋙	車	12	
𨋚	車	12	
𨋛	車	12	
𨋜	車	12	
𨋝	車	12	
𨋞	車	12	
𨋟	車	12	
𨋠	車	12	
𨋡	車	12	
𨋢	車	12	
𨋣	車	12	
𨋤	車	12	
𨋥	車	12	
𨋦	車	12	
𨋧	車	12	
𨋨	車	13	
𨋩	車	13	
𨋪	車	13	
𨋫	車	13	
𨋬	車	13	
𨋭	車	13	
𨋮	車	13	
𨋯	車	13	
𨋰	車	13	
𨋱	車	13	
𨋲	車	13	
𨋳	車	13	
𨋴	車	13	
𨋵	車	13	
𨋶	車	13	
𨋷	車	13	
𨋸	車	13	
𨋹	車	13	
𨋺	車	13	
𨋻	車	13	
𨋼	車	13	
𨋽	車	13	
𨋾	車	13	
𨋿	車	13	
𨌀	車	13	
𨌁	車	13	
𨌂	車	14	
𨌃	車	14	
𨌄	車	14	
𨌅	車	14	
𨌆	車	14	
𨌇	車	14	
𨌈	車	14	
𨌉	車	14	
𨌊	車	14	
𨌋	車	14	
𨌌	車	14	
𨌍	車	14	
𨌎	車	14	
𨌏	車	14	
𨌐	車	14	
𨌑	車	14	
𨌒	車	14	
𨌓	車	14	
𨌔	車	14	
𨌕	車	14	
𨌖	車	14	
𨌗	車	14	
𨌘	車	14	
𨌙	車	14	
𨌚	車	14	
𨌛	車	14	
𨌜	車	14	
𨌝	車	14	
𨌞	車	14	
𨌟	車	14	
𨌠	車	15	
𨌡	車	15	
𨌢	車	15	
𨌣	車	15	
𨌤	車	15	
𨌥	車	15	
𨌦	車	15	
𨌧	車	15	
𨌨	車	15	
𨌩	車	15	
𨌪	車	15	
𨌫	車	15	
𨌬	車	15	
𨌭	車	15	
𨌮	車	15	
𨌯	車	15	
𨌰	車	15	
𨌱	車	15	
𨌲	車	15	
𨌳	車	15	
𨌴	車	15	
𨌵	車	15	
𨌶	車	15	
𨌷	車	15	
𨌸	車	15	
𨌹	車	15	
𨌺	車	15	
𨌻	車	15	
𨌼	車	15	
𨌽	車	15	
𨌾	車	15	
𨌿	車	15	
𨍀	車	15	
𨍁	車	15	
𨍂	車	15	
𨍃	車	15	
𨍄	車	15	
𨍅	車	15	
𨍆	車	15	
𨍇	車	16	
𨍈	車	16	
𨍉	車	16	
𨍊	車	16	
𨍋	車	16	
𨍌	車	16	
𨍍	車	16	
𨍎	車	16	
𨍏	車	16	
𨍐	車	16	
𨍑	車	16	
𨍒	車	16	
𨍓	車	16	
𨍔	車	16	
𨍕	車	16	
𨍖	車	16	
𨍗	車	16	
𨍘	車	16	
𨍙	車	16	
𨍚	車	16	
𨍛	車	16	
𨍜	車	16	
𨍝	車	16	
𨍞	車	16	
𨍟	車	16	
𨍠	車	16	
𨍡	車	16	
𨍢	車	16	
𨍣	車	16	
𨍤	車	16	
𨍥	車	16	
𨍦	車	16	
𨍧	車	16	
𨍨	車	16	
𨍩	車	17	
𨍪	車	17	
𨍫	車	17	
𨍬	車	17	
𨍭	車	17	
𨍮	車	17	
𨍯	車	17	
𨍰	車	17	
𨍱	車	17	
𨍲	車	17	
𨍳	車	17	
𨍴	車	17	
𨍵	車	17	
𨍶	車	17	
𨍷	車	17	
𨍸	車	17	
𨍹	車	17	
𨍺	車	17	
𨍻	車	17	
𨍼	車	17	
𨍽	車	17	
𨍾	車	17	
𨍿	車	17	
𨎀	車	17	
𨎁	車	17	
𨎂	車	17	
𨎃	車	17	
𨎄	車	17	
𨎅	車	17	
𨎆	車	17	
𨎇	車	17	
𨎈	車	17	
𨎉	車	17	
𨎊	車	18	
𨎋	車	18	
𨎌	車	18	
𨎍	車	18	
𨎎	車	18	
𨎏	車	18	
𨎐	車	18	
𨎑	車	18	
𨎒	車	18	
𨎓	車	18	
𨎔	車	18	
𨎕	車	18	
𨎖	車	18	
𨎗	車	18	
𨎘	車	18	
𨎙	車	18	
𨎚	車	18	
𨎛	車	18	
𨎜	車	18	
𨎝	車	18	
𨎞	車	18	
𨎟	車	18	
𨎠	車	18	
𨎡	車	18	
𨎢	車	18	
𨎣	車	18	
𨎤	車	19	
𨎥	車	19	
𨎦	車	19	
𨎧	車	19	
𨎨	車	19	
𨎩	車	19	
𨎪	車	19	
𨎫	車	19	
𨎬	車	19	
𨎭	車	19	
𨎮	車	19	
𨎯	車	19	
𨎰	車	19	
𨎱	車	19	
𨎲	車	20	
𨎳	車	20	
𨎴	車	20	
𨎵	車	20	
𨎶	車	20	
𨎷	車	20	
𨎸	車	20	
𨎹	車	20	
𨎺	車	20	
𨎻	車	20	
𨎼	車	20	
𨎽	車	20	
𨎾	車	20	
𨎿	車	20	
𨏀	車	20	
𨏁	車	20	
𨏂	車	20	
𨏃	車	20	
𨏄	車	20	
𨏅	車	20	
𨏆	車	20	
𨏇	車	20	
𨏈	車	21	
𨏉	車	21	
𨏊	車	21	
𨏋	車	21	
𨏌	車	21	
𨏍	車	21	
𨏎	車	21	
𨏏	車	21	
𨏐	車	21	
𨏑	車	22	
𨏒	車	22	
𨏓	車	22	
𨏔	車	22	
𨏕	車	22	
𨏖	車	22	
𨏗	車	22	
𨏘	車	22	
𨏙	車	22	
𨏚	車	22	
𨏛	車	22	
𨏜	車	22	
𨏝	車	22	
𨏞	車	23	
𨏟	車	23	
𨏠	車	23	
𨏡	車	23	
𨏢	車	23	
𨏣	車	23	
𨏤	車	23	
𨏥	車	23	
𨏦	車	23	
𨏧	車	23	
𨏨	車	23	
𨏩	車	24	
𨏪	車	24	
𨏫	車	24	
𨏬	車	24	
𨏭	車	24	
𨏮	車	24	
𨏯	車	24	
𨏰	車	24	
𨏱	車	24	
𨏲	車	24	
𨏳	車	25	
𨏴	車	25	
𨏵	車	26	
𨏶	車	26	
𨏷	車	26	
𨏸	車	26	
𨏹	車	27	
𨏺	車	28	
𨏻	車	27	
𨏼	車	28	
𨏽	車	26	
𨏾	車	27	
𨏿	車	28	
𨐀	車	28	
𨐁	車	29	
𨐂	車	30	
𨐃	車	31	
𨐄	車	38	
𨐅		8	
𨐆		8	
𨐇		9	
𨐈		10	
𨐉		16	
𨐊		20	
𨐋	辛	7	
𨐌	辛	8	
𨐍	辛	10	
𨐎	辛	10	
𨐏	辛	11	
𨐐	辛	11	
𨐑	辛	11	
𨐒	辛	12	
𨐓	辛	12	
𨐔	辛	13	
𨐕	辛	13	
𨐖	辛	13	
𨐗	辛	13	
𨐘	辛	14	
𨐙	辛	14	
𨐚	辛	14	
𨐛	辛	14	
𨐜	辛	15	
𨐝	辛	15	
𨐞	辛	15	
𨐟	辛	15	
𨐠	辛	16	
𨐡	辛	16	
𨐢	辛	16	
𨐣	辛	16	
𨐤	辛	16	
𨐥	辛	16	
𨐦	辛	16	
𨐧	辛	16	
𨐨	辛	17	
𨐩	辛	17	
𨐪	辛	17	
𨐫	辛	17	
𨐬	辛	17	
𨐭	辛	17	
𨐮	辛	17	
𨐯	辛	17	
𨐰	辛	18	
𨐱	辛	18	
𨐲	辛	18	
𨐳	戶	18	
𨐴	田	18	
𨐵	辛	19	
𨐶	辛	19	
𨐷	辛	19	
𨐸	辛	19	
𨐹	辛	19	
𨐺	辛	20	
𨐻	辛	20	
𨐼	辛	20	
𨐽	辛	21	
𨐾	辛	22	
𨐿	辛	22	
𨑀	辛	24	
𨑁	辛	29	
𨑂	辛	30	
𨑃	辰	7	
𨑄	辰	7	
𨑅	辰	13	
𨑆	辰	13	
𨑇	辰	13	
𨑈	辰	15	
𨑉	辰	16	
𨑊	辰	19	
𨑋	辰	21	
𨑌	辰	22	
𨑍	辵	5	
𨑎	辵	5	
𨑏	辵	5	
𨑐	辵	5	
𨑑	辵	6	
𨑒	辵	6	
𨑓	辵	6	
𨑔	辵	6	
𨑕	辵	6	
𨑖	辵	6	
𨑗	辵	6	
𨑘	辵	6	
𨑙	辵	6	
𨑚	辵	6	
𨑛	辵	6	
𨑜	辵	6	
𨑝	辵	6	
𨑞	辵	6	
𨑟	辵	6	
𨑠	辵	6	
𨑡	辵	6	
𨑢	辵	7	
𨑣	辵	7	
𨑤	辵	7	
𨑥	辵	7	
𨑦	辵	7	
𨑧	辵	7	
𨑨	辵	7	
𨑩	辵	7	
𨑪	辵	7	
𨑫	辵	7	
𨑬	辵	7	
𨑭	辵	7	
𨑮	辵	7	
𨑯	辵	7	
𨑰	辵	7	
𨑱	辵	7	
𨑲	辵	7	
𨑳	辵	7	
𨑴	辵	7	
𨑵	辵	7	
𨑶	辵	7	
𨑷	辵	7	
𨑸	辵	7	
𨑹	辵	7	
𨑺	辵	7	
𨑻	辵	7	
𨑼	辵	7	
𨑽	辵	7	
𨑾	辵	7	
𨑿	辵	7	
𨒀	辵	7	
𨒁	辵	7	
𨒂	辵	8	
𨒃	辵	8	
𨒄	辵	8	
𨒅	辵	8	
𨒆	辵	8	
𨒇	辵	8	
𨒈	辵	8	
𨒉	辵	8	
𨒊	辵	8	
𨒋	辵	8	
𨒌	辵	8	
𨒍	辵	8	
𨒎	辵	8	
𨒏	辵	8	
𨒐	辵	8	
𨒑	辵	8	
𨒒	辵	8	
𨒓	辵	8	
𨒔	辵	8	
𨒕	辵	8	
𨒖	辵	8	
𨒗	辵	8	
𨒘	辵	8	
𨒙	辵	8	
𨒚	辵	8	
𨒛	辵	8	
𨒜	辵	8	
𨒝	辵	8	
𨒞	辵	8	
𨒟	辵	8	
𨒠	辵	8	
𨒡	辵	8	
𨒢	辵	8	
𨒣	辵	8	
𨒤	辵	8	
𨒥	辵	9	
𨒦	辵	9	
𨒧	辵	9	
𨒨	辵	9	
𨒩	辵	9	
𨒪	辵	9	
𨒫	辵	9	
𨒬	辵	9	
𨒭	辵	9	
𨒮	辵	9	
𨒯	辵	9	
𨒰	辵	9	
𨒱	辵	9	
𨒲	辵	9	
𨒳	辵	9	
𨒴	辵	9	
𨒵	辵	9	
𨒶	辵	9	
𨒷	辵	9	
𨒸	辵	9	
𨒹	辵	9	
𨒺	辵	9	
𨒻	辵	9	
𨒼	辵	9	
𨒽	辵	9	
𨒾	辵	9	
𨒿	辵	9	
𨓀	辵	9	
𨓁	辵	9	
𨓂	辵	9	
𨓃	辵	9	
𨓄	辵	9	
𨓅	辵	10	
𨓆	辵	10	
𨓇	辵	10	
𨓈	辵	10	
𨓉	辵	10	
𨓊	辵	10	
𨓋	辵	10	
𨓌	辵	10	
𨓍	辵	10	
𨓎	辵	10	
𨓏	辵	10	
𨓐	辵	10	
𨓑	辵	10	
𨓒	辵	10	
𨓓	辵	10	
𨓔	辵	10	
𨓕	辵	10	
𨓖	辵	10	
𨓗	辵	10	
𨓘	辵	10	
𨓙	辵	10	
𨓚	辵	10	
𨓛	辵	10	
𨓜	辵	10	
𨓝	辵	10	
𨓞	辵	10	
𨓟	辵	10	
𨓠	辵	10	
𨓡	辵	10	
𨓢	辵	10	
𨓣	辵	10	
𨓤	辵	10	
𨓥	辵	10	
𨓦	辵	10	
𨓧	辵	10	
𨓨	辵	10	
𨓩	辵	10	
𨓪	辵	10	
𨓫	辵	11	
𨓬	辵	11	
𨓭	辵	11	
𨓮	辵	11	
𨓯	辵	11	
𨓰	辵	11	
𨓱	辵	11	
𨓲	辵	11	
𨓳	辵	11	
𨓴	辵	11	
𨓵	辵	11	
𨓶	辵	11	
𨓷	辵	11	
𨓸	辵	11	
𨓹	辵	11	
𨓺	辵	11	
𨓻	辵	11	
𨓼	辵	11	
𨓽	辵	11	
𨓾	辵	11	
𨓿	辵	11	
𨔀	辵	11	
𨔁	辵	11	
𨔂	辵	11	
𨔃	辵	11	
𨔄	辵	11	
𨔅	辵	11	
𨔆	辵	11	
𨔇	辵	11	
𨔈	辵	11	
𨔉	辵	11	
𨔊	辵	11	
𨔋	辵	11	
𨔌	辵	11	
𨔍	辵	11	
𨔎	辵	12	
𨔏	辵	11	
𨔐	辵	11	
𨔑	辵	11	
𨔒	辵	11	
𨔓	辵	11	
𨔔	辵	11	
𨔕	辵	11	
𨔖	辵	11	
𨔗	辵	11	
𨔘	辵	11	
𨔙	辵	11	
𨔚	辵	11	
𨔛	辵	11	
𨔜	辵	11	
𨔝	辵	12	
𨔞	辵	12	
𨔟	辵	12	
𨔠	辵	11	
𨔡	辵	12	
𨔢	辵	12	
𨔣	辵	12	
𨔤	辵	12	
𨔥	辵	12	
𨔦	辵	12	
𨔧	辵	12	
𨔨	辵	12	
𨔩	辵	12	
𨔪	辵	12	
𨔫	辵	12	
𨔬	辵	12	
𨔭	辵	12	
𨔮	辵	12	
𨔯	辵	12	
𨔰	辵	12	
𨔱	辵	12	
𨔲	辵	12	
𨔳	辵	12	
𨔴	辵	12	
𨔵	辵	12	
𨔶	辵	12	
𨔷	辵	12	
𨔸	辵	12	
𨔹	辵	12	
𨔺	辵	12	
𨔻	辵	12	
𨔼	辵	12	
𨔽	辵	12	
𨔾	辵	12	
𨔿	辵	12	
𨕀	辵	12	
𨕁	辵	12	
𨕂	辵	12	
𨕃	辵	12	
𨕄	辵	12	
𨕅	辵	12	
𨕆	辵	12	
𨕇	辵	12	
𨕈	辵	12	
𨕉	辵	12	
𨕊	辵	12	
𨕋	辵	12	
𨕌	辵	12	
𨕍	辵	12	
𨕎	辵	12	
𨕏	辵	12	
𨕐	辵	12	
𨕑	辵	12	
𨕒	辵	12	
𨕓	辵	12	
𨕔	辵	12	
𨕕	辵	12	
𨕖	辵	12	
𨕗	辵	12	
𨕘	辵	12	
𨕙	辵	12	
𨕚	辵	12	
𨕛	辵	12	
𨕜	辵	12	
𨕝	辵	13	
𨕞	辵	13	
𨕟	辵	13	
𨕠	辵	13	
𨕡	辵	13	
𨕢	辵	13	
𨕣	辵	13	
𨕤	辵	13	
𨕥	辵	13	
𨕦	辵	13	
𨕧	辵	13	
𨕨	辵	13	
𨕩	辵	13	
𨕪	辵	13	
𨕫	辵	13	
𨕬	辵	13	
𨕭	辵	13	
𨕮	辵	13	
𨕯	辵	13	
𨕰	辵	13	
𨕱	辵	13	
𨕲	辵	13	
𨕳	辵	13	
𨕴	辵	13	
𨕵	辵	13	
𨕶	辵	13	
𨕷	辵	13	
𨕸	辵	13	
𨕹	辵	13	
𨕺	辵	13	
𨕻	辵	13	
𨕼	辵	13	
𨕽	辵	13	
𨕾	辵	13	
𨕿	辵	13	
𨖀	辵	13	
𨖁	辵	13	
𨖂	辵	13	
𨖃	辵	13	
𨖄	辵	13	
𨖅	辵	13	
𨖆	辵	14	
𨖇	辵	14	
𨖈	辵	14	
𨖉	辵	14	
𨖊	辵	14	
𨖋	辵	14	
𨖌	辵	14	
𨖍	辵	14	
𨖎	辵	14	
𨖏	辵	14	
𨖐	辵	14	
𨖑	辵	14	
𨖒	辵	14	
𨖓	辵	14	
𨖔	辵	14	
𨖕	辵	14	
𨖖	辵	14	
𨖗	辵	14	
𨖘	辵	14	
𨖙	辵	14	
𨖚	辵	14	
𨖛	辵	14	
𨖜	辵	14	
𨖝	辵	14	
𨖞	辵	14	
𨖟	辵	14	
𨖠	辵	14	
𨖡	辵	14	
𨖢	辵	14	
𨖣	辵	14	
𨖤	辵	14	
𨖥	辵	14	
𨖦	辵	14	
𨖧	辵	14	
𨖨	辵	14	
𨖩	辵	14	
𨖪	辵	14	
𨖫	辵	14	
𨖬	辵	14	
𨖭	辵	14	
𨖮	辵	14	
𨖯	辵	14	
𨖰	辵	14	
𨖱	辵	14	
𨖲	辵	14	
𨖳	辵	14	
𨖴	辵	15	
𨖵	辵	15	
𨖶	辵	15	
𨖷	辵	15	
𨖸	辵	15	
𨖹	辵	15	
𨖺	辵	15	
𨖻	辵	15	
𨖼	辵	15	
𨖽	辵	15	
𨖾	辵	15	
𨖿	辵	15	
𨗀	辵	15	
𨗁	辵	15	
𨗂	辵	15	
𨗃	辵	15	
𨗄	辵	15	
𨗅	辵	15	
𨗆	辵	15	
𨗇	辵	15	
𨗈	辵	15	
𨗉	辵	15	
𨗊	辵	15	
𨗋	辵	15	
𨗌	辵	15	
𨗍	辵	15	
𨗎	辵	15	
𨗏	辵	15	
𨗐	辵	15	
𨗑	辵	15	
𨗒	辵	15	
𨗓	口	16	
𨗔	辵	15	
𨗕	辵	15	
𨗖	辵	15	
𨗗	辵	15	
𨗘	辵	15	
𨗙	辵	15	
𨗚	辵	15	
𨗛	辵	15	
𨗜	辵	15	
𨗝	辵	15	
𨗞	辵	15	
𨗟	辵	15	
𨗠	辵	15	
𨗡	辵	15	
𨗢	辵	15	
𨗣	辵	15	
𨗤	辵	15	
𨗥	辵	16	
𨗦	辵	16	
𨗧	辵	16	
𨗨	辵	16	
𨗩	辵	16	
𨗪	辵	16	
𨗫	辵	16	
𨗬	辵	16	
𨗭	辵	16	
𨗮	辵	16	
𨗯	辵	16	
𨗰	辵	16	
𨗱	辵	16	
𨗲	辵	16	
𨗳	辵	16	
𨗴	辵	16	
𨗵	辵	16	
𨗶	辵	16	
𨗷	辵	16	
𨗸	辵	16	
𨗹	辵	16	
𨗺	辵	16	
𨗻	辵	16	
𨗼	辵	16	
𨗽	辵	16	
𨗾	辵	16	
𨗿	辵	16	
𨘀	辵	16	
𨘁	辵	16	
𨘂	辵	16	
𨘃	辵	16	
𨘄	辵	16	
𨘅	辵	16	
𨘆	辵	16	
𨘇	辵	17	
𨘈	辵	17	
𨘉	辵	17	
𨘊	辵	17	
𨘋	辵	17	
𨘌	辵	17	
𨘍	辵	17	
𨘎	辵	17	
𨘏	辵	17	
𨘐	辵	17	
𨘑	辵	17	
𨘒	辵	17	
𨘓	辵	17	
𨘔	辵	17	
𨘕	辵	17	
𨘖	辵	17	
𨘗	辵	17	
𨘘	辵	17	
𨘙	辵	17	
𨘚	辵	17	
𨘛	辵	17	
𨘜	辵	17	
𨘝	辵	17	
𨘞	辵	17	
𨘟	辵	17	
𨘠	辵	17	
𨘡	辵	18	
𨘢	辵	18	
𨘣	辵	18	
𨘤	辵	18	
𨘥	辵	18	
𨘦	辵	18	
𨘧	辵	18	
𨘨	辵	18	
𨘩	辵	18	
𨘪	辵	18	
𨘫	辵	18	
𨘬	辵	18	
𨘭	辵	18	
𨘮	辵	18	
𨘯	辵	18	
𨘰	辵	18	
𨘱	辵	18	
𨘲	辵	18	
𨘳	辵	18	
𨘴	辵	18	
𨘵	辵	18	
𨘶	辵	18	
𨘷	辵	19	
𨘸	辵	19	
𨘹	辵	19	
𨘺	辵	19	
𨘻	辵	19	
𨘼	車	20	
𨘽	辵	19	
𨘾	辵	19	
𨘿	辵	19	
𨙀	辵	19	
𨙁	辵	19	
𨙂	辵	20	
𨙃	辵	20	
𨙄	辵	20	
𨙅	辵	20	
𨙆	辵	20	
𨙇	辵	20	
𨙈	辵	20	
𨙉	辵	20	
𨙊	辵	20	
𨙋	辵	20	
𨙌	辵	20	
𨙍	辵	20	
𨙎	辵	20	
𨙏	辵	20	
𨙐	辵	20	
𨙑	辵	20	
𨙒	辵	21	
𨙓	辵	21	
𨙔	辵	21	
𨙕	辵	21	
𨙖	辵	21	
𨙗	辵	21	
𨙘	辵	21	
𨙙	辵	22	
𨙚	辵	22	
𨙛	辵	22	
𨙜	辵	22	
𨙝	辵	22	
𨙞	辵	22	
𨙟	辵	23	
𨙠	辵	23	
𨙡	辵	23	
𨙢	辵	23	
𨙣	辵	23	
𨙤	辵	24	
𨙥	辵	24	
𨙦	辵	25	
𨙧	辵	26	
𨙨	邑	7	
𨙩	邑	4	
𨙪	邑	4	
𨙫	邑	5	
𨙬	邑	5	
𨙭	邑	5	
𨙮	邑	5	
𨙯	邑	5	
𨙰	邑	5	
𨙱	邑	5	
𨙲	邑	5	
𨙳	邑	5	
𨙴	邑	5	
𨙵	邑	5	
𨙶	邑	6	
𨙷	邑	6	
𨙸	邑	6	
𨙹	邑	6	
𨙺	邑	6	
𨙻	邑	6	
𨙼	邑	6	
𨙽	邑	6	
𨙾	邑	6	
𨙿	邑	6	
𨚀	邑	6	
𨚁	邑	6	
𨚂	邑	6	
𨚃	邑	6	
𨚄	邑	6	
𨚅	邑	6	
𨚆	邑	6	
𨚇	邑	6	
𨚈	邑	6	
𨚉	邑	6	
𨚊	邑	6	
𨚋	邑	6	
𨚌	邑	6	
𨚍	邑	6	
𨚎	邑	6	
𨚏	邑	6	
𨚐	邑	6	
𨚑	邑	6	
𨚒	邑	6	
𨚓	邑	7	
𨚔	邑	7	
𨚕	邑	7	
𨚖	邑	7	
𨚗	邑	7	
𨚘	邑	7	
𨚙	邑	7	
𨚚	邑	7	
𨚛	邑	7	
𨚜	邑	7	
𨚝	邑	7	
𨚞	邑	7	
𨚟	邑	7	
𨚠	邑	7	
𨚡	邑	7	
𨚢	邑	7	
𨚣	邑	7	
𨚤	邑	7	
𨚥	邑	7	
𨚦	邑	7	
𨚧	邑	7	
𨚨	邑	7	
𨚩	邑	7	
𨚪	邑	7	
𨚫	邑	7	
𨚬	邑	7	
𨚭	邑	7	
𨚮	邑	7	
𨚯	邑	8	
𨚰	邑	8	
𨚱	邑	8	
𨚲	邑	8	
𨚳	邑	8	
𨚴	邑	8	
𨚵	邑	8	
𨚶	邑	8	
𨚷	邑	8	
𨚸	邑	8	
𨚹	邑	8	
𨚺	邑	8	
𨚻	邑	8	
𨚼	邑	8	
𨚽	邑	8	
𨚾	邑	8	
𨚿	邑	8	
𨛀	邑	8	
𨛁	邑	8	
𨛂	邑	8	
𨛃	邑	8	
𨛄	邑	8	
𨛅	邑	8	
𨛆	邑	8	
𨛇	邑	8	
𨛈	邑	8	
𨛉	邑	8	
𨛊	邑	8	
𨛋	邑	9	
𨛌	邑	9	
𨛍	邑	9	
𨛎	邑	9	
𨛏	邑	9	
𨛐	邑	9	
𨛑	邑	9	
𨛒	邑	9	
𨛓	邑	9	
𨛔	邑	9	
𨛕	邑	9	
𨛖	邑	9	
𨛗	邑	9	
𨛘	邑	9	
𨛙	邑	9	
𨛚	邑	9	
𨛛	邑	9	
𨛜	邑	9	
𨛝	邑	9	
𨛞	邑	9	
𨛟	邑	9	
𨛠	邑	9	
𨛡	邑	9	
𨛢	邑	9	
𨛣	邑	9	
𨛤	邑	9	
𨛥	邑	9	
𨛦	邑	9	
𨛧	邑	9	
𨛨	邑	9	
𨛩	邑	9	
𨛪	邑	9	
𨛫	邑	10	
𨛬	邑	10	
𨛭	邑	10	
𨛮	邑	10	
𨛯	邑	10	
𨛰	邑	10	
𨛱	邑	10	
𨛲	邑	10	
𨛳	邑	10	
𨛴	邑	10	
𨛵	邑	10	
𨛶	邑	10	
𨛷	邑	10	
𨛸	邑	10	
𨛹	邑	10	
𨛺	邑	10	
𨛻	邑	10	
𨛼	邑	10	
𨛽	邑	10	
𨛾	邑	10	
𨛿	邑	10	
𨜀	邑	10	
𨜁	邑	10	
𨜂	邑	10	
𨜃	邑	10	
𨜄	邑	10	
𨜅	邑	10	
𨜆	邑	10	
𨜇	邑	10	
𨜈	邑	10	
𨜉	邑	10	
𨜊	邑	10	
𨜋	邑	10	
𨜌	邑	10	
𨜍	邑	10	
𨜎	邑	10	
𨜏	邑	11	
𨜐	邑	11	
𨜑	邑	11	
𨜒	邑	11	
𨜓	邑	11	
𨜔	邑	11	
𨜕	邑	11	
𨜖	邑	11	
𨜗	邑	12	
𨜘	邑	11	
𨜙	邑	11	
𨜚	邑	11	
𨜛	邑	11	
𨜜	邑	11	
𨜝	邑	11	
𨜞	邑	11	
𨜟	邑	11	
𨜠	邑	11	
𨜡	邑	11	
𨜢	邑	11	
𨜣	邑	11	
𨜤	邑	11	
𨜥	邑	11	
𨜦	邑	11	
𨜧	邑	11	
𨜨	邑	11	
𨜩	邑	11	
𨜪	邑	11	
𨜫	邑	11	
𨜬	邑	11	
𨜭	邑	11	
𨜮	邑	11	
𨜯	邑	11	
𨜰	邑	11	
𨜱	邑	11	
𨜲	邑	12	
𨜳	邑	12	
𨜴	邑	12	
𨜵	邑	12	
𨜶	邑	12	
𨜷	邑	12	
𨜸	邑	12	
𨜹	邑	12	
𨜺	邑	12	
𨜻	邑	12	
𨜼	邑	12	
𨜽	邑	12	
𨜾	邑	12	
𨜿	邑	12	
𨝀	邑	12	
𨝁	邑	12	
𨝂	邑	12	
𨝃	邑	12	
𨝄	邑	12	
𨝅	邑	12	
𨝆	邑	12	
𨝇	邑	12	
𨝈	邑	12	
𨝉	邑	12	
𨝊	邑	12	
𨝋	邑	13	
𨝌	邑	13	
𨝍	邑	13	
𨝎	邑	13	
𨝏	邑	13	
𨝐	邑	13	
𨝑	邑	13	
𨝒	邑	13	
𨝓	邑	13	
𨝔	邑	13	
𨝕	邑	13	
𨝖	邑	13	
𨝗	邑	13	
𨝘	邑	13	
𨝙	邑	13	
𨝚	邑	13	
𨝛	邑	13	
𨝜	邑	13	
𨝝	邑	13	
𨝞	邑	13	
𨝟	邑	13	
𨝠	邑	13	
𨝡	邑	13	
𨝢	邑	13	
𨝣	邑	13	
𨝤	邑	13	
𨝥	邑	13	
𨝦	邑	13	
𨝧	邑	13	
𨝨	邑	13	
𨝩	邑	13	
𨝪	邑	13	
𨝫	邑	14	
𨝬	邑	14	
𨝭	邑	14	
𨝮	邑	14	
𨝯	邑	14	
𨝰	邑	14	
𨝱	邑	14	
𨝲	邑	14	
𨝳	邑	14	
𨝴	邑	14	
𨝵	邑	14	
𨝶	邑	14	
𨝷	邑	14	
𨝸	邑	14	
𨝹	邑	13	
𨝺	邑	14	
𨝻	邑	14	
𨝼	邑	14	
𨝽	邑	14	
𨝾	邑	14	
𨝿	邑	14	
𨞀	邑	14	
𨞁	邑	14	
𨞂	邑	14	
𨞃	邑	14	
𨞄	邑	14	
𨞅	邑	14	
𨞆	邑	14	
𨞇	邑	14	
𨞈	邑	14	
𨞉	邑	14	
𨞊	邑	14	
𨞋	邑	14	
𨞌	邑	14	
𨞍	邑	14	
𨞎	邑	14	
𨞏	邑	14	
𨞐	邑	14	
𨞑	邑	15	
𨞒	邑	15	
𨞓	邑	15	
𨞔	邑	15	
𨞕	邑	15	
𨞖	邑	15	
𨞗	邑	15	
𨞘	邑	15	
𨞙	邑	15	
𨞚	邑	15	
𨞛	邑	15	
𨞜	邑	15	
𨞝	邑	15	
𨞞	邑	15	
𨞟	邑	15	
𨞠	邑	15	
𨞡	邑	15	
𨞢	邑	15	
𨞣	邑	15	
𨞤	邑	15	
𨞥	邑	15	
𨞦	邑	15	
𨞧	邑	16	
𨞨	邑	16	
𨞩	邑	16	
𨞪	邑	16	
𨞫	邑	16	
𨞬	邑	16	
𨞭	邑	16	
𨞮	邑	16	
𨞯	邑	16	
𨞰	邑	16	
𨞱	邑	16	
𨞲	邑	16	
𨞳	邑	16	
𨞴	邑	16	
𨞵	邑	16	
𨞶	邑	16	
𨞷	邑	16	
𨞸	邑	16	
𨞹	邑	16	
𨞺	邑	17	
𨞻	邑	17	
𨞼	邑	17	
𨞽	邑	17	
𨞾	邑	17	
𨞿	邑	17	
𨟀	邑	17	
𨟁	邑	17	
𨟂	邑	17	
𨟃	邑	17	
𨟄	邑	17	
𨟅	邑	17	
𨟆	邑	17	
𨟇	邑	17	
𨟈	邑	17	
𨟉	邑	17	
𨟊	邑	17	
𨟋	邑	17	
𨟌	邑	17	
𨟍	邑	18	
𨟎	邑	18	
𨟏	邑	18	
𨟐	邑	18	
𨟑	邑	18	
𨟒	邑	18	
𨟓	邑	18	
𨟔	邑	18	
𨟕	邑	18	
𨟖	邑	18	
𨟗	邑	18	
𨟘	邑	18	
𨟙	邑	19	
𨟚	邑	19	
𨟛	邑	19	
𨟜	邑	19	
𨟝	邑	19	
𨟞	邑	19	
𨟟	邑	19	
𨟠	邑	20	
𨟡	邑	20	
𨟢	邑	20	
𨟣	邑	20	
𨟤	邑	21	
𨟥	邑	21	
𨟦	邑	21	
𨟧	邑	21	
𨟨	邑	22	
𨟩	邑	23	
𨟪	邑	23	
𨟫	邑	23	
𨟬	邑	23	
𨟭	邑	23	
𨟮	邑	23	
𨟯	邑	26	
𨟰	酉	10	
𨟱	酉	10	
𨟲	酉	10	
𨟳	酉	10	
𨟴	酉	11	
𨟵	酉	11	
𨟶	酉	11	
𨟷	酉	11	
𨟸	酉	11	
𨟹	酉	11	
𨟺	酉	11	
𨟻	酉	11	
𨟼	酉	11	
𨟽	酉	11	
𨟾	酉	11	
𨟿	酉	11	
𨠀	酉	11	
𨠁	酉	11	
𨠂	酉	11	
𨠃	酉	11	
𨠄	酉	11	
𨠅	酉	11	
𨠆	酉	11	
𨠇	酉	11	
𨠈	酉	11	
𨠉	酉	11	
𨠊	酉	11	
𨠋	酉	12	
𨠌	酉	12	
𨠍	酉	12	
𨠎	酉	12	
𨠏	酉	12	
𨠐	酉	12	
𨠑	酉	12	
𨠒	酉	12	
𨠓	酉	12	
𨠔	酉	12	
𨠕	酉	12	
𨠖	酉	12	
𨠗	酉	12	
𨠘	酉	12	
𨠙	酉	12	
𨠚	酉	12	
𨠛	酉	12	
𨠜	酉	12	
𨠝	酉	12	
𨠞	酉	12	
𨠟	酉	12	
𨠠	酉	12	
𨠡	酉	12	
𨠢	酉	12	
𨠣	酉	12	
𨠤	酉	13	
𨠥	酉	13	
𨠦	酉	13	
𨠧	酉	13	
𨠨	酉	13	
𨠩	酉	13	
𨠪	酉	13	
𨠫	酉	13	
𨠬	酉	13	
𨠭	酉	13	
𨠮	酉	13	
𨠯	酉	13	
𨠰	酉	13	
𨠱	酉	13	
𨠲	酉	13	
𨠳	酉	13	
𨠴	酉	13	
𨠵	酉	13	
𨠶	酉	13	
𨠷	酉	14	
𨠸	酉	14	
𨠹	酉	14	
𨠺	酉	14	
𨠻	酉	14	
𨠼	酉	14	
𨠽	酉	14	
𨠾	酉	14	
𨠿	酉	14	
𨡀	酉	14	
𨡁	酉	14	
𨡂	酉	14	
𨡃	酉	14	
𨡄	酉	14	
𨡅	酉	14	
𨡆	酉	14	
𨡇	酉	14	
𨡈	酉	14	
𨡉	酉	14	
𨡊	酉	14	
𨡋	酉	14	
𨡌	酉	15	
𨡍	酉	15	
𨡎	酉	15	
𨡏	酉	15	
𨡐	酉	15	
𨡑	酉	15	
𨡒	酉	15	
𨡓	酉	15	
𨡔	酉	15	
𨡕	酉	15	
𨡖	酉	15	
𨡗	酉	15	
𨡘	酉	15	
𨡙	酉	15	
𨡚	酉	15	
𨡛	酉	15	
𨡜	酉	15	
𨡝	酉	15	
𨡞	酉	15	
𨡟	酉	15	
𨡠	酉	15	
𨡡	酉	15	
𨡢	酉	15	
𨡣	酉	15	
𨡤	酉	15	
𨡥	酉	15	
𨡦	酉	15	
𨡧	酉	15	
𨡨	酉	15	
𨡩	酉	16	
𨡪	酉	16	
𨡫	酉	16	
𨡬	酉	16	
𨡭	酉	16	
𨡮	酉	16	
𨡯	酉	16	
𨡰	酉	16	
𨡱	酉	16	
𨡲	酉	16	
𨡳	酉	16	
𨡴	酉	16	
𨡵	酉	16	
𨡶	酉	16	
𨡷	酉	16	
𨡸	酉	16	
𨡹	酉	16	
𨡺	酉	16	
𨡻	酉	16	
𨡼	酉	16	
𨡽	酉	16	
𨡾	酉	16	
𨡿	酉	16	
𨢀	酉	16	
𨢁	酉	16	
𨢂	酉	16	
𨢃	酉	16	
𨢄	酉	16	
𨢅	酉	17	
𨢆	酉	17	
𨢇	酉	17	
𨢈	酉	17	
𨢉	酉	17	
𨢊	酉	17	
𨢋	酉	17	
𨢌	酉	17	
𨢍	酉	17	
𨢎	酉	17	
𨢏	酉	17	
𨢐	酉	17	
𨢑	酉	17	
𨢒	酉	17	
𨢓	酉	17	
𨢔	酉	17	
𨢕	酉	17	
𨢖	酉	17	
𨢗	酉	17	
𨢘	酉	17	
𨢙	酉	17	
𨢚	酉	17	
𨢛	酉	17	
𨢜	酉	17	
𨢝	酉	17	
𨢞	酉	17	
𨢟	酉	17	
𨢠	酉	17	
𨢡	酉	18	
𨢢	酉	18	
𨢣	酉	18	
𨢤	酉	18	
𨢥	酉	18	
𨢦	酉	18	
𨢧	酉	18	
𨢨	酉	18	
𨢩	酉	18	
𨢪	酉	18	
𨢫	酉	18	
𨢬	酉	18	
𨢭	酉	18	
𨢮	酉	18	
𨢯	酉	18	
𨢰	酉	18	
𨢱	酉	18	
𨢲	酉	18	
𨢳	酉	18	
𨢴	酉	18	
𨢵	酉	18	
𨢶	酉	18	
𨢷	酉	18	
𨢸	酉	18	
𨢹	酉	18	
𨢺	酉	18	
𨢻	酉	18	
𨢼	酉	18	
𨢽	酉	19	
𨢾	酉	19	
𨢿	酉	19	
𨣀	酉	19	
𨣁	酉	19	
𨣂	酉	19	
𨣃	酉	19	
𨣄	酉	19	
𨣅	酉	19	
𨣆	酉	19	
𨣇	酉	19	
𨣈	酉	19	
𨣉	酉	19	
𨣊	酉	19	
𨣋	酉	19	
𨣌	酉	19	
𨣍	酉	19	
𨣎	酉	19	
𨣏	酉	19	
𨣐	酉	19	
𨣑	酉	19	
𨣒	酉	19	
𨣓	酉	19	
𨣔	酉	19	
𨣕	酉	19	
𨣖	酉	20	
𨣗	酉	20	
𨣘	酉	20	
𨣙	酉	20	
𨣚	酉	20	
𨣛	酉	20	
𨣜	酉	20	
𨣝	酉	20	
𨣞	酉	20	
𨣟	酉	20	
𨣠	酉	20	
𨣡	酉	20	
𨣢	酉	20	
𨣣	酉	20	
𨣤	酉	20	
𨣥	酉	20	
𨣦	酉	21	
𨣧	酉	21	
𨣨	酉	21	
𨣩	酉	21	
𨣪	酉	21	
𨣫	酉	21	
𨣬	酉	21	
𨣭	酉	21	
𨣮	酉	22	
𨣯	酉	22	
𨣰	酉	22	
𨣱	酉	22	
𨣲	酉	22	
𨣳	酉	22	
𨣴	酉	22	
𨣵	酉	22	
𨣶	酉	23	
𨣷	酉	23	
𨣸	酉	23	
𨣹	酉	23	
𨣺	酉	23	
𨣻	酉	23	
𨣼	酉	23	
𨣽	酉	23	
𨣾	酉	24	
𨣿	酉	24	
𨤀	酉	24	
𨤁	酉	24	
𨤂	酉	24	
𨤃	酉	25	
𨤄	酉	25	
𨤅	酉	26	
𨤆	酉	26	
𨤇	酉	27	
𨤈	酉	27	
𨤉	酉	27	
𨤊	酉	28	
𨤋	酉	28	
𨤌	酉	28	
𨤍	酉	31	
𨤎	酉	31	
𨤏	釆	10	
𨤐	釆	11	
𨤑	釆	11	
𨤒	釆	14	
𨤓	釆	14	
𨤔	釆	14	
𨤕	釆	15	
𨤖	釆	15	
𨤗	釆	15	
𨤘	釆	16	
𨤙	釆	16	
𨤚	釆	17	
𨤛	釆	17	
𨤜	釆	17	
𨤝	釆	18	
𨤞	釆	20	
𨤟	釆	21	
𨤠	釆	21	
𨤡	釆	22	
𨤢	里	11	
𨤣	里	10	
𨤤	里	10	
𨤥	里	11	
𨤦	里	12	
𨤧	里	12	
𨤨	里	12	
𨤩	里	12	
𨤪	里	13	
𨤫	里	13	
𨤬	里	14	
𨤭	里	15	
𨤮	里	15	
𨤯	里	15	
𨤰	里	16	
𨤱	里	16	
𨤲	里	17	
𨤳	里	17	
𨤴	里	18	
𨤵	里	18	
𨤶	里	18	
𨤷	里	18	
𨤸	里	20	
𨤹	里	21	
𨤺	里	21	
𨤻	里	25	
𨤼	里	30	
𨤽	金	10	
𨤾	金	10	
𨤿	金	10	
𨥀	金	10	
𨥁	金	10	
𨥂	金	11	
𨥃	金	11	
𨥄	金	11	
𨥅	金	11	
𨥆	金	11	
𨥇	金	11	
𨥈	金	11	
𨥉	金	11	
𨥊	金	12	
𨥋	金	12	
𨥌	金	12	
𨥍	金	12	
𨥎	金	12	
𨥏	金	12	
𨥐	金	12	
𨥑	金	12	
𨥒	金	12	
𨥓	金	12	
𨥔	金	12	
𨥕	金	12	
𨥖	金	12	
𨥗	金	12	
𨥘	金	12	
𨥙	金	12	
𨥚	金	12	
𨥛	金	12	
𨥜	金	12	
𨥝	金	12	
𨥞	金	12	
𨥟	金	12	
𨥠	金	12	
𨥡	金	12	
𨥢	金	12	
𨥣	金	12	
𨥤	金	12	
𨥥	金	13	
𨥦	金	13	
𨥧	金	13	
𨥨	金	13	
𨥩	金	13	
𨥪	金	13	
𨥫	金	13	
𨥬	金	13	
𨥭	金	13	
𨥮	金	13	
𨥯	金	13	
𨥰	金	13	
𨥱	金	13	
𨥲	金	13	
𨥳	金	13	
𨥴	金	13	
𨥵	金	13	
𨥶	金	13	
𨥷	金	13	
𨥸	金	13	
𨥹	金	13	
𨥺	金	13	
𨥻	金	13	
𨥼	金	13	
𨥽	金	13	
𨥾	金	13	
𨥿	金	13	
𨦀	金	13	
𨦁	金	13	
𨦂	金	14	
𨦃	金	14	
𨦄	金	14	
𨦅	金	14	
𨦆	金	14	
𨦇	金	14	
𨦈	金	14	
𨦉	金	14	
𨦊	金	14	
𨦋	金	14	
𨦌	金	14	
𨦍	金	14	
𨦎	金	14	
𨦏	金	14	
𨦐	金	14	
𨦑	金	14	
𨦒	金	14	
𨦓	金	14	
𨦔	金	14	
𨦕	金	14	
𨦖	金	14	
𨦗	金	14	
𨦘	金	14	
𨦙	金	14	
𨦚	金	14	
𨦛	金	14	
𨦜	金	14	
𨦝	金	14	
𨦞	舟	14	
𨦟	金	14	
𨦠	金	14	
𨦡	金	14	
𨦢	金	14	
𨦣	金	14	
𨦤	金	14	
𨦥	金	14	
𨦦	金	14	
𨦧	金	14	
𨦨	金	14	
𨦩	金	14	
𨦪	金	14	
𨦫	金	14	
𨦬	金	15	
𨦭	金	15	
𨦮	金	15	
𨦯	金	15	
𨦰	金	15	
𨦱	金	15	
𨦲	金	15	
𨦳	金	15	
𨦴	金	15	
𨦵	金	15	
𨦶	金	15	
𨦷	金	15	
𨦸	金	15	
𨦹	金	15	
𨦺	金	15	
𨦻	金	15	
𨦼	金	15	
𨦽	金	15	
𨦾	金	15	
𨦿	金	15	
𨧀	金	15	
𨧁	金	15	
𨧂	金	15	
𨧃	金	15	
𨧄	金	15	
𨧅	金	15	
𨧆	金	15	
𨧇	金	15	
𨧈	金	15	
𨧉	金	15	
𨧊	金	15	
𨧋	金	15	
𨧌	金	15	
𨧍	金	15	
𨧎	金	15	
𨧏	金	15	
𨧐	金	15	
𨧑	金	15	
𨧒	金	15	
𨧓	金	15	
𨧔	金	15	
𨧕	金	15	
𨧖	金	15	
𨧗	金	15	
𨧘	金	15	
𨧙	金	15	
𨧚	金	15	
𨧛	金	15	
𨧜	金	15	
𨧝	金	15	
𨧞	金	15	
𨧟	金	15	
𨧠	金	15	
𨧡	金	15	
𨧢	金	15	
𨧣	金	15	
𨧤	金	15	
𨧥	金	15	
𨧦	金	16	
𨧧	金	16	
𨧨	金	16	
𨧩	金	16	
𨧪	金	16	
𨧫	金	16	
𨧬	金	16	
𨧭	金	16	
𨧮	金	16	
𨧯	金	16	
𨧰	金	16	
𨧱	金	16	
𨧲	金	16	
𨧳	金	16	
𨧴	金	16	
𨧵	金	16	
𨧶	金	16	
𨧷	金	16	
𨧸	金	16	
𨧹	金	16	
𨧺	金	16	
𨧻	金	16	
𨧼	金	16	
𨧽	金	16	
𨧾	金	16	
𨧿	金	16	
𨨀	金	16	
𨨁	金	16	
𨨂	金	16	
𨨃	金	16	
𨨄	金	16	
𨨅	金	16	
𨨆	金	16	
𨨇	金	16	
𨨈	金	16	
𨨉	金	16	
𨨊	金	16	
𨨋	金	16	
𨨌	金	16	
𨨍	金	16	
𨨎	金	16	
𨨏	金	16	
𨨐	金	16	
𨨑	金	16	
𨨒	金	16	
𨨓	金	16	
𨨔	金	16	
𨨕	金	16	
𨨖	金	16	
𨨗	金	16	
𨨘	金	16	
𨨙	金	16	
𨨚	金	16	
𨨛	金	16	
𨨜	金	16	
𨨝	金	16	
𨨞	金	16	
𨨟	金	16	
𨨠	金	16	
𨨡	金	16	
𨨢	金	16	
𨨣	金	16	
𨨤	金	16	
𨨥	金	16	
𨨦	金	16	
𨨧	金	16	
𨨨	金	16	
𨨩	金	16	
𨨪	金	16	
𨨫	金	16	
𨨬	金	16	
𨨭	金	16	
𨨮	金	16	
𨨯	金	17	
𨨰	金	17	
𨨱	金	17	
𨨲	金	17	
𨨳	金	17	
𨨴	金	17	
𨨵	金	17	
𨨶	金	17	
𨨷	金	17	
𨨸	金	17	
𨨹	金	17	
𨨺	金	17	
𨨻	金	17	
𨨼	金	17	
𨨽	金	17	
𨨾	金	17	
𨨿	金	17	
𨩀	金	17	
𨩁	金	17	
𨩂	金	17	
𨩃	金	17	
𨩄	金	17	
𨩅	金	17	
𨩆	金	17	
𨩇	金	17	
𨩈	金	17	
𨩉	金	17	
𨩊	金	17	
𨩋	金	17	
𨩌	金	17	
𨩍	金	17	
𨩎	金	17	
𨩏	金	17	
𨩐	金	17	
𨩑	金	17	
𨩒	金	17	
𨩓	金	17	
𨩔	金	17	
𨩕	金	17	
𨩖	金	17	
𨩗	金	17	
𨩘	金	17	
𨩙	金	17	
𨩚	金	17	
𨩛	金	17	
𨩜	金	17	
𨩝	金	17	
𨩞	金	17	
𨩟	金	17	
𨩠	金	17	
𨩡	金	17	
𨩢	金	17	
𨩣	金	17	
𨩤	金	17	
𨩥	金	17	
𨩦	金	17	
𨩧	金	17	
𨩨	金	17	
𨩩	金	17	
𨩪	金	17	
𨩫	金	17	
𨩬	金	17	
𨩭	金	17	
𨩮	金	17	
𨩯	金	17	
𨩰	金	17	
𨩱	金	17	
𨩲	金	17	
𨩳	金	17	
𨩴	金	17	
𨩵	金	17	
𨩶	金	17	
𨩷	金	17	
𨩸	金	17	
𨩹	金	17	
𨩺	金	17	
𨩻	金	17	
𨩼	金	17	
𨩽	金	17	
𨩾	金	17	
𨩿	金	17	
𨪀	金	17	
𨪁	金	17	
𨪂	金	17	
𨪃	金	17	
𨪄	金	17	
𨪅	金	17	
𨪆	金	17	
𨪇	金	18	
𨪈	金	18	
𨪉	金	18	
𨪊	金	18	
𨪋	金	18	
𨪌	金	18	
𨪍	金	18	
𨪎	金	18	
𨪏	金	18	
𨪐	金	18	
𨪑	金	18	
𨪒	金	18	
𨪓	金	18	
𨪔	金	18	
𨪕	金	18	
𨪖	金	18	
𨪗	金	18	
𨪘	金	18	
𨪙	金	18	
𨪚	金	18	
𨪛	金	18	
𨪜	金	18	
𨪝	金	18	
𨪞	金	18	
𨪟	金	18	
𨪠	金	18	
𨪡	金	18	
𨪢	金	18	
𨪣	金	18	
𨪤	金	18	
𨪥	金	18	
𨪦	金	18	
𨪧	金	18	
𨪨	金	18	
𨪩	金	18	
𨪪	金	18	
𨪫	金	18	
𨪬	金	18	
𨪭	金	18	
𨪮	金	18	
𨪯	金	18	
𨪰	金	18	
𨪱	金	18	
𨪲	金	18	
𨪳	金	18	
𨪴	金	18	
𨪵	金	18	
𨪶	金	18	
𨪷	金	18	
𨪸	金	18	
𨪹	金	18	
𨪺	金	18	
𨪻	金	18	
𨪼	金	18	
𨪽	金	18	
𨪾	金	18	
𨪿	金	18	
𨫀	金	18	
𨫁	金	18	
𨫂	金	18	
𨫃	金	18	
𨫄	金	18	
𨫅	金	18	
𨫆	金	18	
𨫇	金	18	
𨫈	金	18	
𨫉	金	18	
𨫊	金	18	
𨫋	金	18	
𨫌	金	18	
𨫍	金	18	
𨫎	金	18	
𨫏	金	19	
𨫐	金	19	
𨫑	金	19	
𨫒	金	19	
𨫓	金	19	
𨫔	金	19	
𨫕	金	19	
𨫖	金	19	
𨫗	金	19	
𨫘	金	19	
𨫙	金	19	
𨫚	金	19	
𨫛	金	19	
𨫜	金	19	
𨫝	金	19	
𨫞	金	19	
𨫟	金	19	
𨫠	金	19	
𨫡	金	19	
𨫢	金	19	
𨫣	金	19	
𨫤	金	19	
𨫥	金	19	
𨫦	金	19	
𨫧	金	19	
𨫨	金	19	
𨫩	金	19	
𨫪	金	19	
𨫫	金	19	
𨫬	金	19	
𨫭	金	19	
𨫮	金	19	
𨫯	金	19	
𨫰	金	19	
𨫱	金	19	
𨫲	金	19	
𨫳	金	19	
𨫴	金	19	
𨫵	金	19	
𨫶	金	19	
𨫷	金	19	
𨫸	金	19	
𨫹	金	19	
𨫺	金	19	
𨫻	金	19	
𨫼	金	19	
𨫽	金	19	
𨫾	金	19	
𨫿	金	19	
𨬀	金	19	
𨬁	金	19	
𨬂	金	19	
𨬃	金	19	
𨬄	金	19	
𨬅	金	19	
𨬆	金	19	
𨬇	金	19	
𨬈	金	19	
𨬉	金	19	
𨬊	金	19	
𨬋	金	19	
𨬌	金	19	
𨬍	金	20	
𨬎	金	20	
𨬏	金	20	
𨬐	金	20	
𨬑	金	20	
𨬒	金	20	
𨬓	金	20	
𨬔	金	20	
𨬕	金	21	
𨬖	金	20	
𨬗	金	20	
𨬘	金	20	
𨬙	金	20	
𨬚	金	20	
𨬛	金	20	
𨬜	金	20	
𨬝	金	20	
𨬞	金	20	
𨬟	金	20	
𨬠	金	20	
𨬡	金	20	
𨬢	金	20	
𨬣	金	20	
𨬤	金	20	
𨬥	金	20	
𨬦	金	20	
𨬧	金	20	
𨬨	金	20	
𨬩	金	20	
𨬪	金	20	
𨬫	金	20	
𨬬	金	20	
𨬭	金	20	
𨬮	金	20	
𨬯	金	20	
𨬰	金	20	
𨬱	金	20	
𨬲	金	20	
𨬳	金	20	
𨬴	金	20	
𨬵	金	20	
𨬶	金	20	
𨬷	金	20	
𨬸	金	20	
𨬹	金	20	
𨬺	金	20	
𨬻	金	20	
𨬼	金	20	
𨬽	金	20	
𨬾	金	20	
𨬿	金	20	
𨭀	金	20	
𨭁	金	20	
𨭂	金	20	
𨭃	金	20	
𨭄	金	20	
𨭅	金	20	
𨭆	金	20	
𨭇	金	20	
𨭈	金	20	
𨭉	金	20	
𨭊	金	20	
𨭋	金	20	
𨭌	金	20	
𨭍	金	20	
𨭎	金	20	
𨭏	金	20	
𨭐	金	20	
𨭑	金	20	
𨭒	金	20	
𨭓	金	20	
𨭔	金	20	
𨭕	金	21	
𨭖	金	21	
𨭗	金	21	
𨭘	金	21	
𨭙	金	21	
𨭚	金	21	
𨭛	金	21	
𨭜	金	21	
𨭝	金	21	
𨭞	金	21	
𨭟	金	21	
𨭠	金	21	
𨭡	金	21	
𨭢	金	21	
𨭣	金	21	
𨭤	金	21	
𨭥	金	21	
𨭦	金	21	
𨭧	金	21	
𨭨	金	21	
𨭩	金	21	
𨭪	金	21	
𨭫	金	21	
𨭬	金	21	
𨭭	金	21	
𨭮	金	21	
𨭯	金	21	
𨭰	金	21	
𨭱	金	21	
𨭲	金	21	
𨭳	金	21	
𨭴	金	21	
𨭵	金	21	
𨭶	金	21	
𨭷	金	21	
𨭸	金	21	
𨭹	金	21	
𨭺	金	21	
𨭻	金	21	
𨭼	金	21	
𨭽	金	21	
𨭾	金	21	
𨭿	金	21	
𨮀	金	21	
𨮁	金	21	
𨮂	金	21	
𨮃	金	21	
𨮄	金	21	
𨮅	金	21	
𨮆	金	21	
𨮇	金	21	
𨮈	金	21	
𨮉	金	21	
𨮊	金	21	
𨮋	金	21	
𨮌	金	21	
𨮍	金	21	
𨮎	金	21	
𨮏	金	21	
𨮐	金	21	
𨮑	金	21	
𨮒	金	22	
𨮓	金	22	
𨮔	金	22	
𨮕	金	22	
𨮖	金	22	
𨮗	金	22	
𨮘	金	22	
𨮙	金	22	
𨮚	金	22	
𨮛	金	22	
𨮜	金	22	
𨮝	金	22	
𨮞	金	22	
𨮟	金	22	
𨮠	金	22	
𨮡	金	22	
𨮢	金	22	
𨮣	金	22	
𨮤	金	22	
𨮥	金	22	
𨮦	金	22	
𨮧	金	22	
𨮨	金	22	
𨮩	金	22	
𨮪	金	22	
𨮫	金	22	
𨮬	金	22	
𨮭	金	22	
𨮮	金	22	
𨮯	金	22	
𨮰	金	22	
𨮱	金	22	
𨮲	金	22	
𨮳	金	22	
𨮴	金	22	
𨮵	金	22	
𨮶	金	22	
𨮷	金	22	
𨮸	金	23	
𨮹	金	23	
𨮺	金	23	
𨮻	金	23	
𨮼	金	23	
𨮽	金	23	
𨮾	金	23	
𨮿	金	23	
𨯀	金	23	
𨯁	金	23	
𨯂	金	23	
𨯃	金	23	
𨯄	金	23	
𨯅	金	23	
𨯆	金	23	
𨯇	金	23	
𨯈	金	23	
𨯉	金	23	
𨯊	金	23	
𨯋	金	23	
𨯌	金	23	
𨯍	金	23	
𨯎	金	23	
𨯏	金	23	
𨯐	金	23	
𨯑	金	23	
𨯒	金	23	
𨯓	金	23	
𨯔	金	23	
𨯕	金	23	
𨯖	金	23	
𨯗	金	23	
𨯘	金	23	
𨯙	金	23	
𨯚	金	23	
𨯛	金	23	
𨯜	金	23	
𨯝	金	24	
𨯞	金	24	
𨯟	金	24	
𨯠	金	24	
𨯡	金	24	
𨯢	金	24	
𨯣	金	24	
𨯤	金	24	
𨯥	金	24	
𨯦	金	24	
𨯧	金	24	
𨯨	金	24	
𨯩	金	24	
𨯪	金	24	
𨯫	金	24	
𨯬	金	24	
𨯭	金	24	
𨯮	金	24	
𨯯	金	24	
𨯰	金	24	
𨯱	金	24	
𨯲	金	24	
𨯳	金	24	
𨯴	金	24	
𨯵	金	24	
𨯶	金	24	
𨯷	金	24	
𨯸	金	24	
𨯹	金	24	
𨯺	金	25	
𨯻	金	25	
𨯼	金	25	
𨯽	金	25	
𨯾	金	25	
𨯿	金	25	
𨰀	金	25	
𨰁	金	25	
𨰂	金	25	
𨰃	金	25	
𨰄	金	25	
𨰅	金	25	
𨰆	金	25	
𨰇	金	25	
𨰈	金	25	
𨰉	金	26	
𨰊	金	26	
𨰋	金	26	
𨰌	金	26	
𨰍	金	26	
𨰎	金	26	
𨰏	金	26	
𨰐	金	26	
𨰑	金	26	
𨰒	金	26	
𨰓	金	26	
𨰔	金	26	
𨰕	金	26	
𨰖	金	26	
𨰗	金	26	
𨰘	金	26	
𨰙	金	26	
𨰚	金	26	
𨰛	金	26	
𨰜	金	26	
𨰝	金	26	
𨰞	金	27	
𨰟	金	27	
𨰠	金	27	
𨰡	金	27	
𨰢	金	27	
𨰣	金	27	
𨰤	金	27	
𨰥	金	27	
𨰦	金	27	
𨰧	金	27	
𨰨	金	27	
𨰩	金	28	
𨰪	金	28	
𨰫	金	28	
𨰬	金	28	
𨰭	金	28	
𨰮	金	28	
𨰯	金	28	
𨰰	金	28	
𨰱	金	25	
𨰲	金	29	
𨰳	金	29	
𨰴	金	29	
𨰵	金	29	
𨰶	金	29	
𨰷	金	30	
𨰸	金	30	
𨰹	金	30	
𨰺	金	31	
𨰻	金	32	
𨰼	金	35	
𨰽	金	38	
𨰾		8	
𨰿		8	
𨱀		9	
𨱁		9	
𨱂		9	
𨱃		10	
𨱄		10	
𨱅		10	
𨱆		10	
𨱇		12	
𨱈		12	
𨱉		13	
𨱊		13	
𨱋		13	
𨱌		13	
𨱍		15	
𨱎		14	
𨱏		15	
𨱐		16	
𨱑		17	
𨱒		16	
𨱓		17	
𨱔		17	
𨱕		18	
𨱖		18	
𨱗	長	7	
𨱘	長	7	
𨱙	長	9	
𨱚	長	11	
𨱛	長	11	
𨱜	長	11	
𨱝	長	11	
𨱞	長	11	
𨱟	長	11	
𨱠	長	11	
𨱡	長	11	
𨱢	長	11	
𨱣	長	11	
𨱤	長	11	
𨱥	長	11	
𨱦	長	12	
𨱧	長	12	
𨱨	長	12	
𨱩	長	12	
𨱪	長	12	
𨱫	長	12	
𨱬	長	12	
𨱭	長	12	
𨱮	長	12	
𨱯	長	12	
𨱰	長	12	
𨱱	長	12	
𨱲	長	13	
𨱳	長	13	
𨱴	長	13	
𨱵	長	13	
𨱶	長	13	
𨱷	長	13	
𨱸	長	13	
𨱹	長	13	
𨱺	長	13	
𨱻	長	13	
𨱼	長	13	
𨱽	長	14	
𨱾	長	13	
𨱿	長	13	
𨲀	長	14	
𨲁	長	14	
𨲂	長	14	
𨲃	長	14	
𨲄	長	14	
𨲅	長	14	
𨲆	長	14	
𨲇	長	15	
𨲈	長	15	
𨲉	長	15	
𨲊	長	15	
𨲋	長	15	
𨲌	長	15	
𨲍	長	15	
𨲎	長	15	
𨲏	長	15	
𨲐	長	15	
𨲑	長	15	
𨲒	長	15	
𨲓	長	16	
𨲔	長	16	
𨲕	長	16	
𨲖	長	16	
𨲗	長	16	
𨲘	長	16	
𨲙	長	16	
𨲚	長	16	
𨲛	長	16	
𨲜	長	16	
𨲝	長	16	
𨲞	長	17	
𨲟	長	17	
𨲠	長	17	
𨲡	長	17	
𨲢	長	17	
𨲣	長	17	
𨲤	長	17	
𨲥	長	18	
𨲦	長	18	
𨲧	長	18	
𨲨	長	18	
𨲩	長	18	
𨲪	長	18	
𨲫	長	18	
𨲬	長	18	
𨲭	長	19	
𨲮	長	19	
𨲯	長	19	
𨲰	長	19	
𨲱	長	19	
𨲲	長	19	
𨲳	長	20	
𨲴	長	20	
𨲵	長	20	
𨲶	長	20	
𨲷	長	20	
𨲸	長	21	
𨲹	長	21	
𨲺	長	21	
𨲻	長	22	
𨲼	長	22	
𨲽	長	22	
𨲾	長	22	
𨲿	長	22	
𨳀	長	23	
𨳁	長	23	
𨳂	長	24	
𨳃	長	24	
𨳄	長	26	
𨳅	長	28	
𨳆	長	29	
𨳇	門	8	
𨳈	門	8	
𨳉	門	9	
𨳊	門	10	
𨳋	門	10	
𨳌	門	10	
𨳍	門	10	
𨳎	門	10	
𨳏	門	10	
𨳐	門	11	
𨳑	門	11	
𨳒	門	11	
𨳓	門	11	
𨳔	門	11	
𨳕	門	11	
𨳖	門	11	
𨳗	門	12	
𨳘	門	12	
𨳙	門	12	
𨳚	門	12	
𨳛	門	12	
𨳜	門	12	
𨳝	門	12	
𨳞	門	12	
𨳟	門	12	
𨳠	門	12	
𨳡	門	12	
𨳢	門	12	
𨳣	門	12	
𨳤	門	12	
𨳥	門	12	
𨳦	門	12	
𨳧	門	12	
𨳨	門	12	
𨳩	門	12	
𨳪	門	12	
𨳫	門	12	
𨳬	門	12	
𨳭	門	12	
𨳮	門	12	
𨳯	門	12	
𨳰	門	12	
𨳱	門	12	
𨳲	門	12	
𨳳	門	13	
𨳴	門	13	
𨳵	門	13	
𨳶	門	13	
𨳷	門	13	
𨳸	門	13	
𨳹	門	13	
𨳺	門	13	
𨳻	門	13	
𨳼	門	13	
𨳽	門	13	
𨳾	門	13	
𨳿	門	13	
𨴀	門	13	
𨴁	門	13	
𨴂	門	13	
𨴃	門	13	
𨴄	門	13	
𨴅	門	13	
𨴆	門	13	
𨴇	門	13	
𨴈	門	13	
𨴉	門	13	
𨴊	門	13	
𨴋	門	13	
𨴌	門	13	
𨴍	門	14	
𨴎	門	14	
𨴏	門	14	
𨴐	門	14	
𨴑	門	14	
𨴒	門	14	
𨴓	門	14	
𨴔	門	14	
𨴕	門	14	
𨴖	門	14	
𨴗	門	14	
𨴘	門	14	
𨴙	門	14	
𨴚	門	14	
𨴛	門	14	
𨴜	門	14	
𨴝	門	14	
𨴞	門	14	
𨴟	門	14	
𨴠	門	14	
𨴡	門	14	
𨴢	門	14	
𨴣	門	14	
𨴤	門	14	
𨴥	門	14	
𨴦	門	14	
𨴧	門	15	
𨴨	門	15	
𨴩	門	15	
𨴪	門	15	
𨴫	門	15	
𨴬	門	15	
𨴭	門	15	
𨴮	門	15	
𨴯	門	15	
𨴰	門	15	
𨴱	門	15	
𨴲	門	15	
𨴳	門	15	
𨴴	門	15	
𨴵	門	15	
𨴶	門	15	
𨴷	門	15	
𨴸	門	15	
𨴹	門	15	
𨴺	門	15	
𨴻	門	15	
𨴼	門	15	
𨴽	門	15	
𨴾	門	15	
𨴿	門	15	
𨵀	門	15	
𨵁	門	15	
𨵂	門	15	
𨵃	門	15	
𨵄	門	15	
𨵅	門	15	
𨵆	門	15	
𨵇	門	15	
𨵈	門	16	
𨵉	門	16	
𨵊	門	16	
𨵋	門	16	
𨵌	門	16	
𨵍	門	16	
𨵎	門	16	
𨵏	門	16	
𨵐	門	16	
𨵑	門	16	
𨵒	門	16	
𨵓	門	16	
𨵔	門	16	
𨵕	門	16	
𨵖	門	16	
𨵗	門	16	
𨵘	門	16	
𨵙	門	16	
𨵚	門	16	
𨵛	門	16	
𨵜	門	16	
𨵝	門	16	
𨵞	門	16	
𨵟	門	16	
𨵠	門	16	
𨵡	門	16	
𨵢	門	16	
𨵣	門	16	
𨵤	門	16	
𨵥	門	17	
𨵦	門	17	
𨵧	門	17	
𨵨	門	17	
𨵩	門	17	
𨵪	門	17	
𨵫	門	17	
𨵬	門	17	
𨵭	門	17	
𨵮	門	17	
𨵯	門	17	
𨵰	門	17	
𨵱	門	17	
𨵲	門	17	
𨵳	門	17	
𨵴	門	17	
𨵵	門	17	
𨵶	門	17	
𨵷	門	17	
𨵸	門	17	
𨵹	門	17	
𨵺	門	17	
𨵻	門	17	
𨵼	門	17	
𨵽	門	17	
𨵾	門	17	
𨵿	門	17	
𨶀	門	18	
𨶁	門	18	
𨶂	門	18	
𨶃	門	18	
𨶄	門	18	
𨶅	門	18	
𨶆	門	18	
𨶇	門	18	
𨶈	門	18	
𨶉	門	18	
𨶊	門	18	
𨶋	門	18	
𨶌	門	18	
𨶍	門	18	
𨶎	門	18	
𨶏	門	18	
𨶐	門	18	
𨶑	門	18	
𨶒	門	18	
𨶓	門	18	
𨶔	門	18	
𨶕	門	18	
𨶖	門	18	
𨶗	門	18	
𨶘	門	18	
𨶙	門	18	
𨶚	門	18	
𨶛	門	18	
𨶜	門	19	
𨶝	門	19	
𨶞	門	19	
𨶟	門	19	
𨶠	門	19	
𨶡	門	19	
𨶢	門	19	
𨶣	門	19	
𨶤	門	19	
𨶥	門	19	
𨶦	門	19	
𨶧	門	19	
𨶨	門	19	
𨶩	門	19	
𨶪	門	19	
𨶫	門	19	
𨶬	門	20	
𨶭	門	20	
𨶮	門	20	
𨶯	門	20	
𨶰	門	20	
𨶱	門	20	
𨶲	門	20	
𨶳	門	20	
𨶴	門	20	
𨶵	門	20	
𨶶	門	20	
𨶷	門	20	
𨶸	門	20	
𨶹	門	20	
𨶺	門	20	
𨶻	門	20	
𨶼	門	20	
𨶽	門	20	
𨶾	門	20	
𨶿	門	20	
𨷀	門	20	
𨷁	門	20	
𨷂	門	20	
𨷃	門	21	
𨷄	門	21	
𨷅	門	21	
𨷆	門	21	
𨷇	門	21	
𨷈	門	21	
𨷉	門	21	
𨷊	門	21	
𨷋	門	21	
𨷌	門	21	
𨷍	門	21	
𨷎	門	21	
𨷏	門	21	
𨷐	門	21	
𨷑	門	21	
𨷒	門	21	
𨷓	門	21	
𨷔	門	22	
𨷕	門	21	
𨷖	門	21	
𨷗	門	21	
𨷘	門	22	
𨷙	門	22	
𨷚	門	22	
𨷛	門	22	
𨷜	門	22	
𨷝	門	22	
𨷞	門	22	
𨷟	門	23	
𨷠	門	23	
𨷡	門	23	
𨷢	門	23	
𨷣	門	23	
𨷤	門	23	
𨷥	門	23	
𨷦	門	24	
𨷧	門	24	
𨷨	門	24	
𨷩	門	24	
𨷪	門	24	
𨷫	門	24	
𨷬	門	24	
𨷭	門	24	
𨷮	門	24	
𨷯	門	25	
𨷰	門	25	
𨷱	門	25	
𨷲	門	25	
𨷳	門	25	
𨷴	門	25	
𨷵	門	25	
𨷶	門	24	
𨷷	門	26	
𨷸	門	25	
𨷹	門	26	
𨷺	門	26	
𨷻	門	27	
𨷼	門	29	
𨷽	門	32	
𨷾	門	32	
𨷿		6	
𨸀		6	
𨸁		6	
𨸂		7	
𨸃		7	
𨸄		9	
𨸅		9	
𨸆		12	
𨸇		12	
𨸈		12	
𨸉		13	
𨸊		13	
𨸋		15	
𨸌		15	
𨸍		17	
𨸎		20	
𨸏	阜	8	
𨸐	阜	4	
𨸑	阜	4	
𨸒	阜	4	
𨸓	阜	4	
𨸔	阜	4	
𨸕	阜	4	
𨸖	阜	5	
𨸗	阜	5	
𨸘	阜	5	
𨸙	阜	5	
𨸚	阜	6	
𨸛	阜	6	
𨸜	阜	6	
𨸝	阜	6	
𨸞	阜	6	
𨸟	阜	6	
𨸠	阜	6	
𨸡	阜	6	
𨸢	阜	6	
𨸣	阜	6	
𨸤	阜	6	
𨸥	阜	6	
𨸦	阜	6	
𨸧	阜	6	
𨸨	阜	6	
𨸩	阜	6	
𨸪	阜	7	
𨸫	阜	7	
𨸬	阜	7	
𨸭	阜	7	
𨸮	阜	7	
𨸯	阜	7	
𨸰	阜	7	
𨸱	阜	7	
𨸲	阜	7	
𨸳	阜	7	
𨸴	阜	7	
𨸵	阜	7	
𨸶	阜	7	
𨸷	阜	7	
𨸸	阜	7	
𨸹	阜	7	
𨸺	阜	7	
𨸻	阜	7	
𨸼	阜	7	
𨸽	阜	7	
𨸾	阜	7	
𨸿	阜	7	
𨹀	阜	7	
𨹁	阜	8	
𨹂	阜	8	
𨹃	阜	8	
𨹄	阜	8	
𨹅	阜	8	
𨹆	阜	8	
𨹇	阜	8	
𨹈	阜	8	
𨹉	阜	8	
𨹊	阜	8	
𨹋	阜	8	
𨹌	阜	8	
𨹍	阜	8	
𨹎	阜	8	
𨹏	阜	8	
𨹐	阜	8	
𨹑	阜	8	
𨹒	阜	8	
𨹓	阜	8	
𨹔	阜	8	
𨹕	阜	8	
𨹖	阜	8	
𨹗	阜	8	
𨹘	阜	9	
𨹙	阜	9	
𨹚	阜	9	
𨹛	阜	9	
𨹜	阜	9	
𨹝	阜	9	
𨹞	阜	9	
𨹟	阜	9	
𨹠	阜	9	
𨹡	阜	9	
𨹢	阜	9	
𨹣	阜	9	
𨹤	阜	9	
𨹥	阜	9	
𨹦	阜	9	
𨹧	阜	9	
𨹨	阜	9	
𨹩	阜	9	
𨹪	阜	9	
𨹫	阜	9	
𨹬	阜	9	
𨹭	阜	9	
𨹮	阜	9	
𨹯	阜	9	
𨹰	阜	9	
𨹱	阜	9	
𨹲	阜	9	
𨹳	阜	9	
𨹴	子	10	
𨹵	阜	10	
𨹶	阜	10	
𨹷	阜	10	
𨹸	阜	10	
𨹹	阜	10	
𨹺	阜	10	
𨹻	阜	10	
𨹼	阜	10	
𨹽	阜	10	
𨹾	阜	10	
𨹿	阜	10	
𨺀	阜	10	
𨺁	阜	10	
𨺂	阜	10	
𨺃	阜	10	
𨺄	阜	10	
𨺅	阜	10	
𨺆	阜	10	
𨺇	阜	10	
𨺈	阜	10	
𨺉	阜	10	
𨺊	阜	10	
𨺋	阜	10	
𨺌	阜	10	
𨺍	阜	10	
𨺎	阜	10	
𨺏	阜	10	
𨺐	阜	10	
𨺑	阜	10	
𨺒	阜	10	
𨺓	阜	10	
𨺔	阜	10	
𨺕	阜	10	
𨺖	阜	10	
𨺗	阜	10	
𨺘	阜	10	
𨺙	阜	10	
𨺚	阜	10	
𨺛	阜	10	
𨺜	阜	10	
𨺝	阜	10	
𨺞	阜	11	
𨺟	阜	11	
𨺠	阜	11	
𨺡	阜	11	
𨺢	阜	11	
𨺣	阜	11	
𨺤	阜	11	
𨺥	阜	11	
𨺦	阜	11	
𨺧	阜	11	
𨺨	阜	11	
𨺩	阜	11	
𨺪	阜	11	
𨺫	阜	11	
𨺬	阜	11	
𨺭	阜	11	
𨺮	阜	11	
𨺯	阜	11	
𨺰	阜	11	
𨺱	阜	11	
𨺲	阜	11	
𨺳	阜	11	
𨺴	阜	11	
𨺵	阜	11	
𨺶	阜	11	
𨺷	阜	11	
𨺸	阜	11	
𨺹	阜	11	
𨺺	阜	11	
𨺻	阜	11	
𨺼	阜	11	
𨺽	阜	11	
𨺾	阜	11	
𨺿	阜	11	
𨻀	阜	12	
𨻁	阜	12	
𨻂	阜	12	
𨻃	阜	12	
𨻄	阜	12	
𨻅	阜	12	
𨻆	阜	12	
𨻇	阜	12	
𨻈	阜	12	
𨻉	阜	12	
𨻊	阜	12	
𨻋	阜	12	
𨻌	阜	12	
𨻍	阜	12	
𨻎	阜	12	
𨻏	阜	12	
𨻐	阜	12	
𨻑	阜	12	
𨻒	阜	12	
𨻓	阜	12	
𨻔	阜	12	
𨻕	阜	12	
𨻖	阜	12	
𨻗	阜	12	
𨻘	阜	12	
𨻙	阜	12	
𨻚	阜	12	
𨻛	阜	12	
𨻜	阜	12	
𨻝	阜	12	
𨻞	阜	12	
𨻟	阜	12	
𨻠	阜	12	
𨻡	阜	12	
𨻢	阜	12	
𨻣	阜	12	
𨻤	阜	12	
𨻥	阜	12	
𨻦	阜	12	
𨻧	阜	12	
𨻨	阜	12	
𨻩	阜	12	
𨻪	阜	12	
𨻫	阜	12	
𨻬	阜	12	
𨻭	阜	12	
𨻮	阜	13	
𨻯	阜	13	
𨻰	阜	13	
𨻱	阜	13	
𨻲	阜	13	
𨻳	阜	13	
𨻴	阜	13	
𨻵	阜	13	
𨻶	阜	13	
𨻷	阜	13	
𨻸	阜	13	
𨻹	阜	13	
𨻺	阜	13	
𨻻	阜	13	
𨻼	阜	13	
𨻽	阜	13	
𨻾	阜	13	
𨻿	阜	13	
𨼀	阜	13	
𨼁	阜	13	
𨼂	阜	13	
𨼃	阜	13	
𨼄	阜	13	
𨼅	阜	13	
𨼆	阜	13	
𨼇	阜	13	
𨼈	阜	13	
𨼉	阜	13	
𨼊	阜	14	
𨼋	阜	14	
𨼌	阜	14	
𨼍	阜	14	
𨼎	阜	14	
𨼏	阜	14	
𨼐	阜	14	
𨼑	阜	14	
𨼒	阜	14	
𨼓	阜	14	
𨼔	阜	14	
𨼕	阜	14	
𨼖	阜	14	
𨼗	阜	14	
𨼘	阜	14	
𨼙	阜	14	
𨼚	阜	14	
𨼛	阜	14	
𨼜	阜	14	
𨼝	阜	14	
𨼞	阜	14	
𨼟	阜	14	
𨼠	阜	14	
𨼡	阜	14	
𨼢	阜	14	
𨼣	阜	14	
𨼤	阜	14	
𨼥	阜	14	
𨼦	阜	14	
𨼧	阜	14	
𨼨	阜	14	
𨼩	阜	14	
𨼪	阜	15	
𨼫	阜	15	
𨼬	阜	15	
𨼭	阜	15	
𨼮	阜	15	
𨼯	阜	15	
𨼰	阜	15	
𨼱	阜	15	
𨼲	阜	15	
𨼳	阜	15	
𨼴	阜	15	
𨼵	阜	15	
𨼶	阜	15	
𨼷	阜	15	
𨼸	阜	15	
𨼹	阜	15	
𨼺	阜	15	
𨼻	阜	15	
𨼼	阜	15	
𨼽	阜	15	
𨼾	阜	15	
𨼿	阜	16	
𨽀	阜	16	
𨽁	阜	16	
𨽂	阜	16	
𨽃	阜	16	
𨽄	阜	16	
𨽅	阜	16	
𨽆	阜	16	
𨽇	阜	16	
𨽈	阜	16	
𨽉	阜	16	
𨽊	阜	16	
𨽋	阜	16	
𨽌	阜	16	
𨽍	阜	17	
𨽎	阜	17	
𨽏	阜	17	
𨽐	阜	17	
𨽑	阜	17	
𨽒	阜	17	
𨽓	阜	17	
𨽔	阜	17	
𨽕	阜	17	
𨽖	阜	18	
𨽗	阜	18	
𨽘	阜	18	
𨽙	阜	18	
𨽚	阜	18	
𨽛	阜	18	
𨽜	阜	18	
𨽝	阜	18	
𨽞	阜	18	
𨽟	阜	18	
𨽠	阜	18	
𨽡	阜	18	
𨽢	阜	19	
𨽣	阜	19	
𨽤	阜	19	
𨽥	阜	19	
𨽦	阜	20	
𨽧	阜	20	
𨽨	阜	20	
𨽩	阜	20	
𨽪	阜	20	
𨽫	阜	20	
𨽬	阜	21	
𨽭	阜	21	
𨽮	阜	22	
𨽯	阜	22	
𨽰	阜	23	
𨽱	阜	23	
𨽲	阜	26	
𨽳	阜	26	
𨽴	阜	27	
𨽵	阜	27	
𨽶	隶	13	
𨽷	隶	14	
𨽸	隶	15	
𨽹	隶	15	
𨽺	隶	15	
𨽻	隶	15	
𨽼	隶	16	
𨽽	隶	16	
𨽾	隶	16	
𨽿	隶	17	
𨾀	隶	18	
𨾁	隶	18	
𨾂	隶	20	
𨾃	隶	20	
𨾄	隶	22	
𨾅	隹	10	
𨾆	隹	10	
𨾇	隹	10	
𨾈	隹	11	
𨾉	隹	11	
𨾊	隹	11	
𨾋	隹	11	
𨾌	隹	11	
𨾍	隹	11	
𨾎	隹	11	
𨾏	隹	11	
𨾐	隹	11	
𨾑	隹	11	
𨾒	隹	12	
𨾓	隹	12	
𨾔	隹	12	
𨾕	隹	12	
𨾖	隹	12	
𨾗	隹	12	
𨾘	隹	12	
𨾙	隹	12	
𨾚	隹	12	
𨾛	隹	12	
𨾜	隹	12	
𨾝	隹	12	
𨾞	隹	12	
𨾟	隹	12	
𨾠	隹	13	
𨾡	隹	13	
𨾢	隹	13	
𨾣	隹	13	
𨾤	隹	13	
𨾥	隹	13	
𨾦	隹	13	
𨾧	隹	13	
𨾨	隹	13	
𨾩	隹	13	
𨾪	隹	13	
𨾫	隹	13	
𨾬	隹	13	
𨾭	隹	13	
𨾮	隹	13	
𨾯	隹	13	
𨾰	隹	13	
𨾱	隹	13	
𨾲	隹	14	
𨾳	隹	14	
𨾴	隹	14	
𨾵	隹	14	
𨾶	隹	14	
𨾷	隹	14	
𨾸	隹	14	
𨾹	隹	14	
𨾺	隹	14	
𨾻	隹	14	
𨾼	隹	14	
𨾽	隹	14	
𨾾	隹	14	
𨾿	隹	14	
𨿀	隹	14	
𨿁	隹	14	
𨿂	隹	14	
𨿃	隹	14	
𨿄	隹	14	
𨿅	隹	14	
𨿆	隹	14	
𨿇	隹	14	
𨿈	隹	14	
𨿉	隹	14	
𨿊	隹	14	
𨿋	隹	15	
𨿌	隹	15	
𨿍	隹	15	
𨿎	隹	15	
𨿏	隹	15	
𨿐	隹	15	
𨿑	隹	15	
𨿒	隹	15	
𨿓	隹	15	
𨿔	隹	15	
𨿕	隹	15	
𨿖	隹	15	
𨿗	隹	15	
𨿘	隹	15	
𨿙	隹	15	
𨿚	隹	15	
𨿛	隹	15	
𨿜	隹	15	
𨿝	隹	15	
𨿞	隹	15	
𨿟	隹	15	
𨿠	隹	16	
𨿡	隹	16	
𨿢	隹	16	
𨿣	隹	16	
𨿤	隹	16	
𨿥	隹	16	
𨿦	隹	16	
𨿧	隹	16	
𨿨	隹	16	
𨿩	隹	16	
𨿪	隹	16	
𨿫	隹	16	
𨿬	隹	16	
𨿭	隹	16	
𨿮	隹	16	
𨿯	隹	16	
𨿰	隹	16	
𨿱	隹	16	
𨿲	隹	16	
𨿳	隹	16	
𨿴	隹	16	
𨿵	隹	16	
𨿶	隹	16	
𨿷	隹	16	
𨿸	隹	16	
𨿹	隹	16	
𨿺	隹	16	
𨿻	隹	16	
𨿼	隹	16	
𨿽	隹	16	
𨿾	隹	16	
𨿿	隹	17	
𩀀	隹	17	
𩀁	隹	17	
𩀂	隹	17	
𩀃	隹	17	
𩀄	隹	17	
𩀅	隹	17	
𩀆	隹	17	
𩀇	隹	17	
𩀈	隹	17	
𩀉	隹	17	
𩀊	隹	17	
𩀋	隹	17	
𩀌	隹	17	
𩀍	隹	17	
𩀎	隹	17	
𩀏	隹	17	
𩀐	隹	17	
𩀑	隹	17	
𩀒	隹	17	
𩀓	隹	17	
𩀔	隹	17	
𩀕	隹	17	
𩀖	隹	17	
𩀗	隹	18	
𩀘	隹	18	
𩀙	隹	18	
𩀚	隹	18	
𩀛	隹	18	
𩀜	隹	18	
𩀝	隹	18	
𩀞	隹	18	
𩀟	隹	18	
𩀠	隹	18	
𩀡	隹	18	
𩀢	隹	18	
𩀣	隹	18	
𩀤	隹	19	
𩀥	隹	19	
𩀦	隹	19	
𩀧	隹	19	
𩀨	隹	19	
𩀩	隹	19	
𩀪	隹	19	
𩀫	隹	19	
𩀬	隹	19	
𩀭	隹	19	
𩀮	隹	19	
𩀯	隹	19	
𩀰	隹	19	
𩀱	隹	19	
𩀲	隹	19	
𩀳	隹	19	
𩀴	隹	20	
𩀵	隹	20	
𩀶	隹	20	
𩀷	隹	20	
𩀸	隹	20	
𩀹	隹	20	
𩀺	隹	20	
𩀻	隹	20	
𩀼	隹	20	
𩀽	隹	20	
𩀾	隹	20	
𩀿	隹	20	
𩁀	隹	20	
𩁁	隹	20	
𩁂	隹	20	
𩁃	隹	20	
𩁄	隹	20	
𩁅	隹	20	
𩁆	隹	20	
𩁇	隹	21	
𩁈	隹	21	
𩁉	隹	21	
𩁊	隹	21	
𩁋	隹	21	
𩁌	隹	21	
𩁍	隹	21	
𩁎	隹	21	
𩁏	隹	21	
𩁐	隹	21	
𩁑	隹	21	
𩁒	隹	21	
𩁓	隹	22	
𩁔	隹	22	
𩁕	隹	22	
𩁖	隹	22	
𩁗	隹	22	
𩁘	隹	22	
𩁙	隹	22	
𩁚	隹	22	
𩁛	隹	22	
𩁜	隹	23	
𩁝	隹	23	
𩁞	隹	23	
𩁟	隹	23	
𩁠	隹	23	
𩁡	隹	23	
𩁢	隹	23	
𩁣	隹	23	
𩁤	隹	23	
𩁥	隹	23	
𩁦	隹	23	
𩁧	隹	24	
𩁨	隹	24	
𩁩	隹	24	
𩁪	隹	24	
𩁫	隹	24	
𩁬	隹	25	
𩁭	隹	25	
𩁮	隹	25	
𩁯	隹	26	
𩁰	隹	26	
𩁱	隹	26	
𩁲	隹	28	
𩁳	隹	28	
𩁴	隹	32	
𩁵	隹	36	
𩁶	雨	9	
𩁷	雨	10	
𩁸	雨	10	
𩁹	雨	11	
𩁺	雨	11	
𩁻	雨	11	
𩁼	雨	11	
𩁽	雨	11	
𩁾	雨	11	
𩁿	雨	11	
𩂀	雨	11	
𩂁	雨	11	
𩂂	雨	12	
𩂃	雨	12	
𩂄	雨	12	
𩂅	雨	12	
𩂆	雨	12	
𩂇	雨	12	
𩂈	雨	12	
𩂉	雨	12	
𩂊	雨	12	
𩂋	雨	12	
𩂌	雨	12	
𩂍	雨	12	
𩂎	雨	12	
𩂏	雨	12	
𩂐	雨	12	
𩂑	雨	12	
𩂒	雨	13	
𩂓	雨	13	
𩂔	雨	13	
𩂕	雨	13	
𩂖	雨	13	
𩂗	雨	13	
𩂘	雨	13	
𩂙	雨	13	
𩂚	雨	13	
𩂛	雨	13	
𩂜	雨	13	
𩂝	雨	13	
𩂞	雨	13	
𩂟	雨	13	
𩂠	雨	13	
𩂡	雨	13	
𩂢	雨	14	
𩂣	雨	14	
𩂤	雨	14	
𩂥	雨	14	
𩂦	雨	14	
𩂧	雨	14	
𩂨	雨	14	
𩂩	雨	14	
𩂪	雨	14	
𩂫	雨	14	
𩂬	雨	14	
𩂭	雨	14	
𩂮	雨	14	
𩂯	雨	14	
𩂰	雨	14	
𩂱	雨	14	
𩂲	雨	14	
𩂳	雨	14	
𩂴	雨	14	
𩂵	雨	14	
𩂶	雨	14	
𩂷	雨	15	
𩂸	雨	15	
𩂹	雨	15	
𩂺	雨	15	
𩂻	雨	15	
𩂼	雨	15	
𩂽	雨	15	
𩂾	雨	15	
𩂿	雨	15	
𩃀	雨	15	
𩃁	雨	15	
𩃂	雨	15	
𩃃	雨	15	
𩃄	雨	15	
𩃅	雨	15	
𩃆	雨	15	
𩃇	雨	15	
𩃈	雨	15	
𩃉	雨	15	
𩃊	雨	15	
𩃋	雨	15	
𩃌	雨	15	
𩃍	雨	15	
𩃎	雨	15	
𩃏	雨	15	
𩃐	雨	15	
𩃑	雨	15	
𩃒	雨	16	
𩃓	雨	16	
𩃔	雨	16	
𩃕	雨	16	
𩃖	雨	16	
𩃗	雨	16	
𩃘	雨	16	
𩃙	雨	16	
𩃚	雨	16	
𩃛	雨	16	
𩃜	雨	16	
𩃝	雨	16	
𩃞	雨	16	
𩃟	雨	16	
𩃠	雨	16	
𩃡	雨	16	
𩃢	雨	16	
𩃣	雨	16	
𩃤	雨	16	
𩃥	雨	16	
𩃦	雨	16	
𩃧	雨	16	
𩃨	雨	16	
𩃩	雨	16	
𩃪	雨	16	
𩃫	雨	16	
𩃬	雨	16	
𩃭	雨	16	
𩃮	雨	16	
𩃯	雨	16	
𩃰	雨	16	
𩃱	雨	16	
𩃲	雨	16	
𩃳	雨	16	
𩃴	雨	16	
𩃵	雨	17	
𩃶	雨	17	
𩃷	雨	17	
𩃸	雨	17	
𩃹	雨	17	
𩃺	雨	17	
𩃻	雨	17	
𩃼	雨	17	
𩃽	雨	17	
𩃾	雨	18	
𩃿	雨	17	
𩄀	雨	17	
𩄁	雨	17	
𩄂	雨	17	
𩄃	雨	17	
𩄄	雨	17	
𩄅	雨	17	
𩄆	雨	17	
𩄇	雨	17	
𩄈	雨	17	
𩄉	雨	17	
𩄊	雨	17	
𩄋	雨	17	
𩄌	雨	17	
𩄍	雨	17	
𩄎	雨	17	
𩄏	雨	17	
𩄐	雨	17	
𩄑	雨	17	
𩄒	雨	17	
𩄓	雨	17	
𩄔	雨	17	
𩄕	雨	17	
𩄖	雨	17	
𩄗	雨	18	
𩄘	雨	18	
𩄙	雨	18	
𩄚	雨	18	
𩄛	雨	18	
𩄜	雨	18	
𩄝	雨	18	
𩄞	雨	18	
𩄟	雨	18	
𩄠	雨	18	
𩄡	雨	18	
𩄢	雨	18	
𩄣	雨	18	
𩄤	雨	18	
𩄥	雨	18	
𩄦	雨	18	
𩄧	雨	18	
𩄨	雨	18	
𩄩	雨	18	
𩄪	雨	18	
𩄫	雨	18	
𩄬	雨	18	
𩄭	雨	18	
𩄮	辵	17	
𩄯	雨	18	
𩄰	雨	18	
𩄱	雨	18	
𩄲	雨	18	
𩄳	雨	18	
𩄴	雨	18	
𩄵	雨	18	
𩄶	雨	18	
𩄷	雨	18	
𩄸	雨	18	
𩄹	雨	18	
𩄺	雨	18	
𩄻	雨	19	
𩄼	雨	19	
𩄽	雨	19	
𩄾	雨	19	
𩄿	雨	19	
𩅀	雨	19	
𩅁	雨	19	
𩅂	雨	19	
𩅃	雨	19	
𩅄	雨	19	
𩅅	雨	19	
𩅆	雨	19	
𩅇	雨	19	
𩅈	雨	19	
𩅉	雨	19	
𩅊	雨	19	
𩅋	雨	19	
𩅌	雨	19	
𩅍	雨	19	
𩅎	雨	19	
𩅏	雨	19	
𩅐	雨	19	
𩅑	雨	19	
𩅒	雨	19	
𩅓	雨	19	
𩅔	雨	19	
𩅕	雨	19	
𩅖	雨	19	
𩅗	雨	19	
𩅘	雨	19	
𩅙	雨	19	
𩅚	雨	19	
𩅛	雨	19	
𩅜	雨	19	
𩅝	雨	20	
𩅞	雨	20	
𩅟	雨	20	
𩅠	雨	20	
𩅡	雨	20	
𩅢	雨	20	
𩅣	雨	20	
𩅤	雨	20	
𩅥	雨	20	
𩅦	雨	20	
𩅧	雨	20	
𩅨	雨	20	
𩅩	雨	20	
𩅪	雨	20	
𩅫	雨	20	
𩅬	雨	20	
𩅭	雨	20	
𩅮	雨	20	
𩅯	雨	20	
𩅰	雨	20	
𩅱	雨	20	
𩅲	雨	20	
𩅳	雨	20	
𩅴	雨	20	
𩅵	雨	20	
𩅶	雨	20	
𩅷	雨	20	
𩅸	雨	20	
𩅹	雨	20	
𩅺	雨	20	
𩅻	雨	20	
𩅼	雨	21	
𩅽	雨	21	
𩅾	雨	21	
𩅿	雨	21	
𩆀	雨	21	
𩆁	雨	21	
𩆂	雨	21	
𩆃	雨	21	
𩆄	雨	21	
𩆅	雨	21	
𩆆	雨	21	
𩆇	雨	21	
𩆈	雨	21	
𩆉	雨	21	
𩆊	雨	21	
𩆋	雨	21	
𩆌	雨	21	
𩆍	雨	21	
𩆎	雨	21	
𩆏	雨	21	
𩆐	雨	21	
𩆑	雨	22	
𩆒	雨	22	
𩆓	雨	22	
𩆔	雨	22	
𩆕	雨	22	
𩆖	雨	22	
𩆗	雨	22	
𩆘	雨	22	
𩆙	雨	22	
𩆚	雨	22	
𩆛	雨	22	
𩆜	雨	22	
𩆝	雨	22	
𩆞	雨	22	
𩆟	雨	22	
𩆠	雨	22	
𩆡	雨	22	
𩆢	雨	22	
𩆣	雨	22	
𩆤	雨	23	
𩆥	雨	23	
𩆦	雨	23	
𩆧	雨	23	
𩆨	雨	23	
𩆩	雨	23	
𩆪	雨	23	
𩆫	雨	23	
𩆬	雨	23	
𩆭	雨	24	
𩆮	雨	24	
𩆯	雨	24	
𩆰	雨	24	
𩆱	雨	24	
𩆲	雨	24	
𩆳	雨	24	
𩆴	雨	24	
𩆵	雨	25	
𩆶	雨	25	
𩆷	雨	25	
𩆸	雨	25	
𩆹	雨	25	
𩆺	雨	25	
𩆻	雨	25	
𩆼	雨	25	
𩆽	雨	25	
𩆾	雨	25	
𩆿	雨	26	
𩇀	雨	26	
𩇁	雨	26	
𩇂	雨	26	
𩇃	雨	26	
𩇄	雨	26	
𩇅	雨	26	
𩇆	雨	26	
𩇇	雨	26	
𩇈	雨	28	
𩇉	雨	28	
𩇊	雨	29	
𩇋	雨	29	
𩇌	雨	29	
𩇍	雨	29	
𩇎	雨	29	
𩇏	雨	31	
𩇐	雨	32	
𩇑	雨	32	
𩇒	雨	38	
𩇓	雨	40	
𩇔	雨	48	
𩇕	靑	11	
𩇖	靑	12	
𩇗	靑	12	
𩇘	靑	13	
𩇙	靑	13	
𩇚	靑	13	
𩇛	靑	13	
𩇜	靑	14	
𩇝	靑	16	
𩇞	靑	16	
𩇟	靑	17	
𩇠	靑	18	
𩇡	靑	19	
𩇢	靑	20	
𩇣	靑	21	
𩇤	靑	24	
𩇥	靑	25	
𩇦	非	10	
𩇧	非	10	
𩇨	非	10	
𩇩	非	11	
𩇪	非	11	
𩇫	非	11	
𩇬	非	11	
𩇭	非	12	
𩇮	非	12	
𩇯	非	12	
𩇰	非	12	
𩇱	非	12	
𩇲	非	12	
𩇳	非	12	
𩇴	非	12	
𩇵	非	13	
𩇶	非	13	
𩇷	非	14	
𩇸	非	15	
𩇹	非	15	
𩇺	非	15	
𩇻	非	15	
𩇼	非	16	
𩇽	非	18	
𩇾	非	20	
𩇿	非	20	
𩈀	非	20	
𩈁	非	20	
𩈂	非	26	
𩈃	面	12	
𩈄	面	12	
𩈅	面	12	
𩈆	面	13	
𩈇	面	13	
𩈈	面	13	
𩈉	面	13	
𩈊	面	13	
𩈋	面	13	
𩈌	面	13	
𩈍	面	14	
𩈎	面	14	
𩈏	面	14	
𩈐	面	14	
𩈑	面	14	
𩈒	面	14	
𩈓	面	14	
𩈔	面	14	
𩈕	面	14	
𩈖	面	14	
𩈗	面	14	
𩈘	面	14	
𩈙	面	15	
𩈚	面	15	
𩈛	面	15	
𩈜	面	15	
𩈝	面	15	
𩈞	面	15	
𩈟	面	15	
𩈠	面	15	
𩈡	面	16	
𩈢	面	16	
𩈣	面	16	
𩈤	面	16	
𩈥	面	16	
𩈦	面	16	
𩈧	面	16	
𩈨	面	16	
𩈩	面	16	
𩈪	面	16	
𩈫	面	17	
𩈬	面	17	
𩈭	面	17	
𩈮	面	17	
𩈯	面	17	
𩈰	面	17	
𩈱	面	17	
𩈲	面	18	
𩈳	面	18	
𩈴	面	18	
𩈵	面	18	
𩈶	面	18	
𩈷	面	18	
𩈸	面	19	
𩈹	面	19	
𩈺	面	19	
𩈻	面	20	
𩈼	面	20	
𩈽	面	20	
𩈾	面	20	
𩈿	面	20	
𩉀	面	20	
𩉁	面	21	
𩉂	面	21	
𩉃	面	21	
𩉄	面	21	
𩉅	面	21	
𩉆	面	21	
𩉇	面	21	
𩉈	面	21	
𩉉	面	21	
𩉊	面	22	
𩉋	面	22	
𩉌	面	23	
𩉍	面	23	
𩉎	面	23	
𩉏	面	23	
𩉐	面	23	
𩉑	面	24	
𩉒	面	24	
𩉓	面	25	
𩉔	面	26	
𩉕	面	26	
𩉖	面	27	
𩉗	面	27	
𩉘	面	27	
𩉙	面	28	
𩉚	面	28	
𩉛	革	11	
𩉜	革	11	
𩉝	革	12	
𩉞	革	12	
𩉟	革	12	
𩉠	革	12	
𩉡	革	13	
𩉢	革	13	
𩉣	革	13	
𩉤	革	13	
𩉥	革	13	
𩉦	革	13	
𩉧	革	13	
𩉨	革	13	
𩉩	革	13	
𩉪	革	13	
𩉫	革	13	
𩉬	革	13	
𩉭	革	13	
𩉮	革	13	
𩉯	革	13	
𩉰	革	13	
𩉱	革	13	
𩉲	革	13	
𩉳	革	13	
𩉴	革	13	
𩉵	革	13	
𩉶	革	13	
𩉷	革	13	
𩉸	革	14	
𩉹	革	14	
𩉺	革	14	
𩉻	革	14	
𩉼	革	14	
𩉽	革	14	
𩉾	革	14	
𩉿	革	14	
𩊀	革	14	
𩊁	革	14	
𩊂	革	14	
𩊃	革	14	
𩊄	革	14	
𩊅	革	14	
𩊆	革	14	
𩊇	革	14	
𩊈	革	14	
𩊉	革	14	
𩊊	革	14	
𩊋	革	14	
𩊌	革	14	
𩊍	革	14	
𩊎	革	14	
𩊏	革	14	
𩊐	革	15	
𩊑	革	15	
𩊒	革	15	
𩊓	革	15	
𩊔	革	15	
𩊕	革	15	
𩊖	革	15	
𩊗	革	15	
𩊘	革	15	
𩊙	革	15	
𩊚	革	15	
𩊛	革	15	
𩊜	革	15	
𩊝	革	15	
𩊞	革	15	
𩊟	革	15	
𩊠	革	15	
𩊡	革	15	
𩊢	革	15	
𩊣	革	15	
𩊤	革	15	
𩊥	革	15	
𩊦	革	15	
𩊧	革	15	
𩊨	革	15	
𩊩	革	16	
𩊪	革	16	
𩊫	革	16	
𩊬	革	16	
𩊭	革	16	
𩊮	革	16	
𩊯	革	16	
𩊰	革	16	
𩊱	革	16	
𩊲	革	16	
𩊳	革	16	
𩊴	革	16	
𩊵	革	16	
𩊶	革	16	
𩊷	革	16	
𩊸	革	16	
𩊹	革	16	
𩊺	革	16	
𩊻	革	16	
𩊼	革	16	
𩊽	革	16	
𩊾	革	16	
𩊿	革	17	
𩋀	革	17	
𩋁	革	17	
𩋂	革	17	
𩋃	革	17	
𩋄	革	17	
𩋅	革	17	
𩋆	革	17	
𩋇	革	17	
𩋈	革	17	
𩋉	革	17	
𩋊	革	17	
𩋋	革	17	
𩋌	革	17	
𩋍	革	17	
𩋎	革	17	
𩋏	革	17	
𩋐	革	17	
𩋑	革	17	
𩋒	革	17	
𩋓	革	17	
𩋔	革	17	
𩋕	革	17	
𩋖	革	17	
𩋗	革	17	
𩋘	革	17	
𩋙	革	17	
𩋚	革	17	
𩋛	革	17	
𩋜	革	17	
𩋝	革	17	
𩋞	革	17	
𩋟	革	18	
𩋠	革	18	
𩋡	革	18	
𩋢	革	18	
𩋣	革	18	
𩋤	革	18	
𩋥	革	18	
𩋦	革	18	
𩋧	革	18	
𩋨	革	18	
𩋩	革	18	
𩋪	革	18	
𩋫	革	18	
𩋬	革	18	
𩋭	革	18	
𩋮	革	18	
𩋯	革	18	
𩋰	革	18	
𩋱	革	18	
𩋲	革	18	
𩋳	革	18	
𩋴	革	18	
𩋵	革	18	
𩋶	革	18	
𩋷	革	18	
𩋸	革	18	
𩋹	革	18	
𩋺	革	18	
𩋻	革	18	
𩋼	革	18	
𩋽	革	18	
𩋾	革	18	
𩋿	革	18	
𩌀	革	18	
𩌁	革	18	
𩌂	革	18	
𩌃	革	19	
𩌄	革	19	
𩌅	革	19	
𩌆	革	19	
𩌇	革	19	
𩌈	革	19	
𩌉	革	19	
𩌊	革	19	
𩌋	革	19	
𩌌	革	19	
𩌍	革	19	
𩌎	革	19	
𩌏	革	19	
𩌐	革	19	
𩌑	革	19	
𩌒	革	19	
𩌓	革	19	
𩌔	革	19	
𩌕	革	19	
𩌖	革	19	
𩌗	革	19	
𩌘	革	19	
𩌙	革	19	
𩌚	革	19	
𩌛	革	19	
𩌜	革	19	
𩌝	革	19	
𩌞	革	19	
𩌟	革	19	
𩌠	革	19	
𩌡	革	19	
𩌢	革	19	
𩌣	革	19	
𩌤	革	19	
𩌥	革	19	
𩌦	革	20	
𩌧	革	20	
𩌨	革	20	
𩌩	革	20	
𩌪	革	20	
𩌫	革	20	
𩌬	革	20	
𩌭	革	20	
𩌮	革	20	
𩌯	革	20	
𩌰	革	20	
𩌱	革	20	
𩌲	革	20	
𩌳	革	20	
𩌴	革	20	
𩌵	革	20	
𩌶	革	20	
𩌷	革	20	
𩌸	革	20	
𩌹	革	20	
𩌺	革	20	
𩌻	革	20	
𩌼	革	20	
𩌽	革	20	
𩌾	革	20	
𩌿	革	20	
𩍀	革	20	
𩍁	革	20	
𩍂	革	20	
𩍃	革	21	
𩍄	革	21	
𩍅	革	21	
𩍆	革	21	
𩍇	革	21	
𩍈	革	21	
𩍉	革	21	
𩍊	革	21	
𩍋	革	21	
𩍌	革	21	
𩍍	革	21	
𩍎	革	21	
𩍏	革	21	
𩍐	革	21	
𩍑	革	21	
𩍒	革	21	
𩍓	革	22	
𩍔	革	22	
𩍕	革	22	
𩍖	革	22	
𩍗	革	22	
𩍘	革	22	
𩍙	革	22	
𩍚	革	22	
𩍛	革	22	
𩍜	革	22	
𩍝	革	22	
𩍞	革	22	
𩍟	革	22	
𩍠	革	22	
𩍡	革	22	
𩍢	革	22	
𩍣	革	22	
𩍤	革	22	
𩍥	革	23	
𩍦	革	23	
𩍧	革	23	
𩍨	革	23	
𩍩	革	23	
𩍪	革	23	
𩍫	革	23	
𩍬	革	23	
𩍭	革	23	
𩍮	革	23	
𩍯	革	23	
𩍰	革	23	
𩍱	革	23	
𩍲	革	24	
𩍳	革	24	
𩍴	革	24	
𩍵	革	24	
𩍶	革	24	
𩍷	革	24	
𩍸	革	25	
𩍹	革	25	
𩍺	革	25	
𩍻	鬲	25	
𩍼	革	25	
𩍽	革	25	
𩍾	革	25	
𩍿	革	26	
𩎀	革	26	
𩎁	革	26	
𩎂	革	26	
𩎃	革	26	
𩎄	革	26	
𩎅	革	26	
𩎆	革	26	
𩎇	革	27	
𩎈	革	28	
𩎉	革	28	
𩎊	革	28	
𩎋	革	30	
𩎌	革	32	
𩎍	革	32	
𩎎	革	33	
𩎏	革	33	
𩎐	革	34	
𩎑	革	38	
𩎒	韋	12	
𩎓	韋	13	
𩎔	韋	13	
𩎕	韋	13	
𩎖	韋	13	
𩎗	韋	13	
𩎘	韋	14	
𩎙	韋	14	
𩎚	韋	14	
𩎛	韋	14	
𩎜	韋	14	
𩎝	韋	14	
𩎞	韋	14	
𩎟	韋	14	
𩎠	韋	14	
𩎡	韋	14	
𩎢	韋	14	
𩎣	韋	14	
𩎤	韋	15	
𩎥	韋	15	
𩎦	韋	15	
𩎧	韋	15	
𩎨	韋	15	
𩎩	韋	15	
𩎪	韋	15	
𩎫	韋	15	
𩎬	韋	15	
𩎭	韋	15	
𩎮	韋	15	
𩎯	韋	16	
𩎰	韋	16	
𩎱	韋	16	
𩎲	韋	16	
𩎳	韋	16	
𩎴	韋	16	
𩎵	韋	16	
𩎶	韋	16	
𩎷	韋	16	
𩎸	韋	17	
𩎹	韋	17	
𩎺	韋	17	
𩎻	韋	17	
𩎼	韋	17	
𩎽	韋	17	
𩎾	韋	17	
𩎿	韋	17	
𩏀	韋	17	
𩏁	韋	17	
𩏂	韋	17	
𩏃	韋	17	
𩏄	韋	17	
𩏅	韋	18	
𩏆	韋	18	
𩏇	韋	18	
𩏈	韋	18	
𩏉	韋	18	
𩏊	韋	18	
𩏋	韋	18	
𩏌	韋	18	
𩏍	韋	18	
𩏎	韋	18	
𩏏	韋	19	
𩏐	韋	19	
𩏑	韋	19	
𩏒	韋	19	
𩏓	韋	19	
𩏔	韋	19	
𩏕	韋	19	
𩏖	韋	19	
𩏗	韋	19	
𩏘	韋	20	
𩏙	韋	20	
𩏚	韋	20	
𩏛	韋	20	
𩏜	韋	20	
𩏝	韋	20	
𩏞	韋	20	
𩏟	韋	20	
𩏠	韋	21	
𩏡	韋	21	
𩏢	韋	21	
𩏣	韋	21	
𩏤	韋	21	
𩏥	韋	21	
𩏦	韋	21	
𩏧	韋	21	
𩏨	韋	22	
𩏩	韋	22	
𩏪	韋	22	
𩏫	韋	22	
𩏬	韋	22	
𩏭	韋	22	
𩏮	韋	23	
𩏯	韋	23	
𩏰	韋	23	
𩏱	韋	23	
𩏲	韋	24	
𩏳	韋	24	
𩏴	韋	25	
𩏵	韋	26	
𩏶	韋	27	
𩏷	韋	27	
𩏸	韋	27	
𩏹	韋	28	
𩏺	韋	29	
𩏻	韋	29	
𩏼		8	
𩏽		9	
𩏾		9	
𩏿		13	
𩐀		13	
𩐁	韭	13	
𩐂	韭	13	
𩐃	韭	15	
𩐄	韭	16	
𩐅	韭	17	
𩐆	韭	17	
𩐇	韭	17	
𩐈	韭	18	
𩐉	韭	19	
𩐊	韭	19	
𩐋	韭	20	
𩐌	韭	21	
𩐍	韭	20	
𩐎	韭	20	
𩐏	韭	21	
𩐐	韭	21	
𩐑	韭	22	
𩐒	韭	22	
𩐓	韭	22	
𩐔	韭	23	
𩐕	韭	23	
𩐖	韭	25	
𩐗	音	12	
𩐘	音	13	
𩐙	音	13	
𩐚	音	14	
𩐛	音	14	
𩐜	音	14	
𩐝	音	14	
𩐞	音	15	
𩐟	音	15	
𩐠	音	15	
𩐡	音	15	
𩐢	音	15	
𩐣	音	15	
𩐤	音	15	
𩐥	音	15	
𩐦	音	15	
𩐧	音	16	
𩐨	音	16	
𩐩	音	16	
𩐪	音	16	
𩐫	音	16	
𩐬	音	16	
𩐭	音	17	
𩐮	音	17	
𩐯	音	17	
𩐰	音	17	
𩐱	音	18	
𩐲	音	18	
𩐳	音	18	
𩐴	音	18	
𩐵	音	19	
𩐶	音	19	
𩐷	音	19	
𩐸	音	19	
𩐹	音	20	
𩐺	音	20	
𩐻	音	20	
𩐼	音	20	
𩐽	音	20	
𩐾	音	20	
𩐿	音	21	
𩑀	音	21	
𩑁	音	21	
𩑂	音	22	
𩑃	音	22	
𩑄	音	22	
𩑅	音	22	
𩑆	音	22	
𩑇	音	23	
𩑈	音	24	
𩑉	音	27	
𩑊	音	33	
𩑋	頁	9	
𩑌	頁	11	
𩑍	頁	11	
𩑎	頁	11	
𩑏	頁	11	
𩑐	頁	12	
𩑑	頁	12	
𩑒	頁	12	
𩑓	頁	12	
𩑔	頁	12	
𩑕	頁	12	
𩑖	頁	12	
𩑗	頁	12	
𩑘	頁	12	
𩑙	頁	13	
𩑚	頁	13	
𩑛	頁	13	
𩑜	頁	13	
𩑝	頁	13	
𩑞	頁	13	
𩑟	頁	13	
𩑠	頁	13	
𩑡	頁	13	
𩑢	頁	13	
𩑣	頁	13	
𩑤	頁	13	
𩑥	頁	13	
𩑦	頁	13	
𩑧	頁	13	
𩑨	頁	13	
𩑩	頁	13	
𩑪	頁	13	
𩑫	頁	13	
𩑬	頁	13	
𩑭	頁	13	
𩑮	頁	13	
𩑯	頁	13	
𩑰	頁	14	
𩑱	頁	14	
𩑲	頁	14	
𩑳	頁	14	
𩑴	頁	14	
𩑵	頁	14	
𩑶	頁	14	
𩑷	頁	14	
𩑸	頁	14	
𩑹	頁	14	
𩑺	頁	14	
𩑻	頁	14	
𩑼	頁	14	
𩑽	頁	14	
𩑾	頁	14	
𩑿	頁	14	
𩒀	頁	14	
𩒁	頁	14	
𩒂	頁	14	
𩒃	頁	14	
𩒄	頁	14	
𩒅	頁	14	
𩒆	頁	14	
𩒇	頁	14	
𩒈	頁	14	
𩒉	頁	14	
𩒊	頁	14	
𩒋	頁	14	
𩒌	頁	14	
𩒍	頁	14	
𩒎	頁	14	
𩒏	頁	15	
𩒐	頁	15	
𩒑	頁	15	
𩒒	頁	15	
𩒓	頁	15	
𩒔	頁	15	
𩒕	頁	15	
𩒖	頁	15	
𩒗	頁	15	
𩒘	頁	15	
𩒙	頁	15	
𩒚	頁	15	
𩒛	頁	15	
𩒜	頁	15	
𩒝	頁	15	
𩒞	頁	15	
𩒟	頁	15	
𩒠	頁	15	
𩒡	頁	15	
𩒢	頁	15	
𩒣	頁	15	
𩒤	頁	15	
𩒥	頁	15	
𩒦	頁	15	
𩒧	頁	15	
𩒨	頁	15	
𩒩	頁	15	
𩒪	頁	15	
𩒫	頁	15	
𩒬	頁	15	
𩒭	頁	15	
𩒮	頁	16	
𩒯	頁	16	
𩒰	頁	16	
𩒱	頁	16	
𩒲	頁	16	
𩒳	頁	16	
𩒴	頁	16	
𩒵	頁	16	
𩒶	頁	16	
𩒷	頁	16	
𩒸	頁	16	
𩒹	頁	16	
𩒺	頁	16	
𩒻	頁	16	
𩒼	頁	16	
𩒽	頁	16	
𩒾	頁	16	
𩒿	頁	16	
𩓀	頁	16	
𩓁	頁	16	
𩓂	頁	16	
𩓃	頁	16	
𩓄	頁	16	
𩓅	頁	16	
𩓆	頁	16	
𩓇	頁	16	
𩓈	頁	16	
𩓉	頁	16	
𩓊	頁	16	
𩓋	頁	16	
𩓌	頁	16	
𩓍	頁	16	
𩓎	頁	16	
𩓏	頁	16	
𩓐	頁	16	
𩓑	頁	16	
𩓒	頁	16	
𩓓	頁	16	
𩓔	頁	16	
𩓕	頁	16	
𩓖	頁	16	
𩓗	頁	16	
𩓘	頁	16	
𩓙	頁	16	
𩓚	頁	16	
𩓛	頁	16	
𩓜	頁	16	
𩓝	頁	17	
𩓞	頁	17	
𩓟	頁	17	
𩓠	頁	17	
𩓡	頁	17	
𩓢	頁	17	
𩓣	頁	17	
𩓤	頁	17	
𩓥	頁	17	
𩓦	頁	17	
𩓧	頁	17	
𩓨	頁	17	
𩓩	頁	17	
𩓪	頁	17	
𩓫	頁	17	
𩓬	頁	17	
𩓭	頁	17	
𩓮	頁	17	
𩓯	頁	17	
𩓰	頁	17	
𩓱	頁	17	
𩓲	頁	17	
𩓳	頁	17	
𩓴	頁	17	
𩓵	頁	17	
𩓶	頁	17	
𩓷	頁	17	
𩓸	頁	17	
𩓹	頁	17	
𩓺	頁	17	
𩓻	頁	17	
𩓼	頁	17	
𩓽	頁	17	
𩓾	頁	17	
𩓿	頁	17	
𩔀	頁	18	
𩔁	頁	18	
𩔂	頁	18	
𩔃	頁	18	
𩔄	頁	18	
𩔅	頁	18	
𩔆	頁	18	
𩔇	頁	18	
𩔈	頁	18	
𩔉	頁	18	
𩔊	頁	18	
𩔋	頁	18	
𩔌	頁	18	
𩔍	頁	18	
𩔎	頁	18	
𩔏	頁	18	
𩔐	頁	18	
𩔑	頁	18	
𩔒	頁	18	
𩔓	頁	18	
𩔔	頁	18	
𩔕	頁	18	
𩔖	頁	18	
𩔗	頁	18	
𩔘	頁	18	
𩔙	頁	19	
𩔚	頁	19	
𩔛	頁	19	
𩔜	頁	19	
𩔝	頁	19	
𩔞	頁	19	
𩔟	頁	19	
𩔠	頁	19	
𩔡	頁	19	
𩔢	頁	19	
𩔣	頁	19	
𩔤	頁	19	
𩔥	頁	19	
𩔦	頁	19	
𩔧	頁	19	
𩔨	頁	19	
𩔩	頁	19	
𩔪	頁	19	
𩔫	頁	19	
𩔬	頁	19	
𩔭	頁	19	
𩔮	頁	19	
𩔯	頁	19	
𩔰	頁	19	
𩔱	頁	19	
𩔲	頁	19	
𩔳	頁	20	
𩔴	頁	20	
𩔵	頁	20	
𩔶	頁	20	
𩔷	頁	20	
𩔸	頁	20	
𩔹	頁	20	
𩔺	頁	20	
𩔻	頁	20	
𩔼	頁	20	
𩔽	頁	20	
𩔾	頁	20	
𩔿	頁	20	
𩕀	頁	20	
𩕁	頁	20	
𩕂	頁	20	
𩕃	頁	20	
𩕄	頁	20	
𩕅	頁	20	
𩕆	頁	20	
𩕇	頁	20	
𩕈	頁	20	
𩕉	頁	21	
𩕊	頁	21	
𩕋	頁	21	
𩕌	頁	21	
𩕍	頁	21	
𩕎	頁	21	
𩕏	頁	21	
𩕐	頁	21	
𩕑	頁	21	
𩕒	頁	21	
𩕓	頁	21	
𩕔	頁	21	
𩕕	頁	21	
𩕖	頁	21	
𩕗	頁	21	
𩕘	頁	21	
𩕙	頁	21	
𩕚	頁	21	
𩕛	頁	21	
𩕜	頁	21	
𩕝	頁	21	
𩕞	頁	21	
𩕟	頁	22	
𩕠	頁	22	
𩕡	頁	22	
𩕢	頁	22	
𩕣	頁	22	
𩕤	頁	22	
𩕥	頁	22	
𩕦	頁	22	
𩕧	頁	22	
𩕨	頁	22	
𩕩	頁	22	
𩕪	頁	22	
𩕫	頁	22	
𩕬	頁	23	
𩕭	頁	23	
𩕮	頁	23	
𩕯	頁	23	
𩕰	頁	23	
𩕱	頁	23	
𩕲	頁	23	
𩕳	頁	23	
𩕴	頁	23	
𩕵	頁	23	
𩕶	頁	23	
𩕷	頁	23	
𩕸	頁	23	
𩕹	頁	23	
𩕺	頁	23	
𩕻	頁	23	
𩕼	頁	23	
𩕽	頁	23	
𩕾	頁	24	
𩕿	頁	24	
𩖀	頁	24	
𩖁	頁	24	
𩖂	頁	24	
𩖃	頁	24	
𩖄	頁	24	
𩖅	頁	24	
𩖆	頁	25	
𩖇	頁	25	
𩖈	頁	25	
𩖉	頁	26	
𩖊	頁	26	
𩖋	頁	26	
𩖌	頁	26	
𩖍	頁	26	
𩖎	頁	26	
𩖏	頁	27	
𩖐	頁	27	
𩖑	頁	27	
𩖒	頁	29	
𩖓	頁	29	
𩖔	鳥	31	
𩖕		14	
𩖖		14	
𩖗		19	
𩖘	風	11	
𩖙	風	11	
𩖚	風	12	
𩖛	風	12	
𩖜	風	12	
𩖝	風	12	
𩖞	風	12	
𩖟	風	12	
𩖠	風	12	
𩖡	風	12	
𩖢	風	13	
𩖣	風	13	
𩖤	風	13	
𩖥	風	13	
𩖦	風	13	
𩖧	風	13	
𩖨	風	13	
𩖩	風	13	
𩖪	風	13	
𩖫	風	13	
𩖬	風	13	
𩖭	風	13	
𩖮	風	13	
𩖯	風	13	
𩖰	文	13	
𩖱	風	13	
𩖲	風	13	
𩖳	風	13	
𩖴	風	14	
𩖵	風	14	
𩖶	風	14	
𩖷	風	14	
𩖸	風	14	
𩖹	風	14	
𩖺	風	14	
𩖻	風	14	
𩖼	風	14	
𩖽	風	14	
𩖾	風	14	
𩖿	風	14	
𩗀	風	14	
𩗁	風	14	
𩗂	風	14	
𩗃	風	14	
𩗄	風	15	
𩗅	風	15	
𩗆	風	15	
𩗇	風	15	
𩗈	風	15	
𩗉	風	15	
𩗊	風	15	
𩗋	風	15	
𩗌	風	15	
𩗍	風	15	
𩗎	風	15	
𩗏	風	15	
𩗐	風	15	
𩗑	風	15	
𩗒	風	15	
𩗓	風	16	
𩗔	風	16	
𩗕	風	16	
𩗖	風	16	
𩗗	風	16	
𩗘	風	16	
𩗙	風	16	
𩗚	風	16	
𩗛	風	16	
𩗜	風	16	
𩗝	風	16	
𩗞	風	16	
𩗟	風	16	
𩗠	風	16	
𩗡	風	16	
𩗢	風	16	
𩗣	風	16	
𩗤	風	16	
𩗥	風	16	
𩗦	風	16	
𩗧	風	16	
𩗨	風	17	
𩗩	風	17	
𩗪	風	17	
𩗫	風	17	
𩗬	風	17	
𩗭	風	17	
𩗮	風	17	
𩗯	風	17	
𩗰	風	17	
𩗱	風	17	
𩗲	風	17	
𩗳	風	17	
𩗴	風	17	
𩗵	風	17	
𩗶	風	17	
𩗷	風	17	
𩗸	風	17	
𩗹	風	17	
𩗺	風	17	
𩗻	風	17	
𩗼	風	17	
𩗽	風	17	
𩗾	風	17	
𩗿	風	17	
𩘀	風	17	
𩘁	風	17	
𩘂	風	17	
𩘃	風	17	
𩘄	風	17	
𩘅	風	18	
𩘆	風	18	
𩘇	風	18	
𩘈	風	18	
𩘉	風	18	
𩘊	風	18	
𩘋	風	18	
𩘌	風	18	
𩘍	風	18	
𩘎	風	19	
𩘏	風	18	
𩘐	風	18	
𩘑	風	18	
𩘒	風	18	
𩘓	風	18	
𩘔	風	18	
𩘕	風	18	
𩘖	風	18	
𩘗	風	18	
𩘘	風	18	
𩘙	風	18	
𩘚	風	18	
𩘛	風	18	
𩘜	風	19	
𩘝	風	19	
𩘞	風	19	
𩘟	風	19	
𩘠	風	19	
𩘡	風	19	
𩘢	風	19	
𩘣	風	19	
𩘤	風	19	
𩘥	風	19	
𩘦	風	19	
𩘧	風	19	
𩘨	風	19	
𩘩	風	19	
𩘪	風	19	
𩘫	風	19	
𩘬	風	19	
𩘭	風	20	
𩘮	風	20	
𩘯	風	20	
𩘰	風	20	
𩘱	風	20	
𩘲	風	20	
𩘳	風	20	
𩘴	風	20	
𩘵	風	20	
𩘶	風	20	
𩘷	風	20	
𩘸	風	21	
𩘹	風	21	
𩘺	風	21	
𩘻	風	21	
𩘼	風	21	
𩘽	風	21	
𩘾	風	21	
𩘿	風	21	
𩙀	風	21	
𩙁	風	21	
𩙂	風	21	
𩙃	風	21	
𩙄	風	21	
𩙅	風	21	
𩙆	風	21	
𩙇	風	21	
𩙈	風	22	
𩙉	風	22	
𩙊	風	22	
𩙋	風	22	
𩙌		22	
𩙍	風	22	
𩙎	風	23	
𩙏	風	23	
𩙐	風	23	
𩙑	風	24	
𩙒	風	24	
𩙓	風	24	
𩙔	風	24	
𩙕	風	24	
𩙖	風	25	
𩙗	風	25	
𩙘	風	25	
𩙙	風	25	
𩙚	風	25	
𩙛	風	26	
𩙜	風	26	
𩙝	風	27	
𩙞	風	27	
𩙟	風	28	
𩙠	風	35	
𩙡	風	36	
𩙢	風	37	
𩙣	風	46	
𩙤	風	48	
𩙥		9	
𩙦		9	
𩙧		11	
𩙨		12	
𩙩		12	
𩙪		12	
𩙫		13	
𩙬		13	
𩙭		14	
𩙮		14	
𩙯		16	
𩙰		17	
𩙱	飛	9	
𩙲	飛	13	
𩙳	飛	14	
𩙴	飛	15	
𩙵	飛	18	
𩙶	飛	19	
𩙷	飛	19	
𩙸	飛	19	
𩙹	飛	20	
𩙺	飛	21	
𩙻	飛	21	
𩙼	飛	22	
𩙽	飛	22	
𩙾	飛	31	
𩙿	食	8	
𩚀	食	8	
𩚁	食	8	
𩚂	食	9	
𩚃	食	8	
𩚄	食	10	
𩚅	食	10	
𩚆	食	10	
𩚇	食	11	
𩚈	食	11	
𩚉	食	11	
𩚊	食	11	
𩚋	食	11	
𩚌	食	11	
𩚍	食	11	
𩚎	食	11	
𩚏	食	11	
𩚐	食	11	
𩚑	食	11	
𩚒	食	11	
𩚓	食	11	
𩚔	食	11	
𩚕	食	12	
𩚖	食	12	
𩚗	食	12	
𩚘	食	12	
𩚙	食	12	
𩚚	食	12	
𩚛	食	12	
𩚜	食	12	
𩚝	食	12	
𩚞	食	12	
𩚟	食	12	
𩚠	食	12	
𩚡	食	12	
𩚢	食	12	
𩚣	食	12	
𩚤	食	12	
𩚥	食	12	
𩚦	食	12	
𩚧	食	12	
𩚨	食	13	
𩚩	食	13	
𩚪	食	13	
𩚫	食	13	
𩚬	食	13	
𩚭	食	13	
𩚮	食	13	
𩚯	食	13	
𩚰	食	13	
𩚱	食	13	
𩚲	食	13	
𩚳	食	13	
𩚴	食	13	
𩚵	食	13	
𩚶	食	13	
𩚷	食	13	
𩚸	食	13	
𩚹	食	13	
𩚺	食	13	
𩚻	食	13	
𩚼	食	13	
𩚽	食	13	
𩚾	食	13	
𩚿	食	13	
𩛀	食	13	
𩛁	食	13	
𩛂	食	13	
𩛃	食	13	
𩛄	食	13	
𩛅	食	13	
𩛆	食	13	
𩛇	食	13	
𩛈	食	13	
𩛉	食	14	
𩛊	食	14	
𩛋	食	14	
𩛌	食	14	
𩛍	食	14	
𩛎	食	14	
𩛏	食	14	
𩛐	食	14	
𩛑	食	14	
𩛒	食	14	
𩛓	食	14	
𩛔	食	14	
𩛕	食	14	
𩛖	食	14	
𩛗	食	14	
𩛘	食	14	
𩛙	食	14	
𩛚	食	14	
𩛛	食	14	
𩛜	食	14	
𩛝	食	15	
𩛞	食	15	
𩛟	食	15	
𩛠	食	15	
𩛡	食	15	
𩛢	食	15	
𩛣	食	15	
𩛤	食	15	
𩛥	食	15	
𩛦	食	15	
𩛧	食	15	
𩛨	食	15	
𩛩	食	15	
𩛪	食	15	
𩛫	食	15	
𩛬	食	15	
𩛭	食	15	
𩛮	食	15	
𩛯	食	15	
𩛰	食	15	
𩛱	食	15	
𩛲	食	15	
𩛳	食	15	
𩛴	食	15	
𩛵	食	15	
𩛶	食	15	
𩛷	食	15	
𩛸	食	15	
𩛹	食	15	
𩛺	食	16	
𩛻	食	16	
𩛼	食	16	
𩛽	食	16	
𩛾	食	16	
𩛿	食	16	
𩜀	食	16	
𩜁	食	16	
𩜂	食	16	
𩜃	食	16	
𩜄	食	16	
𩜅	食	16	
𩜆	食	16	
𩜇	食	16	
𩜈	食	16	
𩜉	食	16	
𩜊	食	16	
𩜋	食	16	
𩜌	食	16	
𩜍	食	16	
𩜎	食	16	
𩜏	食	16	
𩜐	食	16	
𩜑	食	16	
𩜒	食	16	
𩜓	食	16	
𩜔	食	16	
𩜕	食	16	
𩜖	食	16	
𩜗	食	16	
𩜘	食	16	
𩜙	食	16	
𩜚	食	16	
𩜛	食	16	
𩜜	食	16	
𩜝	食	16	
𩜞	食	16	
𩜟	食	16	
𩜠	食	16	
𩜡	食	16	
𩜢	食	16	
𩜣	食	17	
𩜤	食	16	
𩜥	食	16	
𩜦	食	16	
𩜧	食	16	
𩜨	食	16	
𩜩	食	16	
𩜪	食	16	
𩜫	食	16	
𩜬	食	16	
𩜭	食	17	
𩜮	食	17	
𩜯	食	17	
𩜰	食	17	
𩜱	食	17	
𩜲	食	17	
𩜳	食	17	
𩜴	食	17	
𩜵	食	17	
𩜶	食	17	
𩜷	食	17	
𩜸	食	17	
𩜹	食	17	
𩜺	食	17	
𩜻	食	17	
𩜼	食	17	
𩜽	食	17	
𩜾	食	17	
𩜿	食	17	
𩝀	食	17	
𩝁	食	17	
𩝂	食	17	
𩝃	食	17	
𩝄	食	17	
𩝅	食	17	
𩝆	食	17	
𩝇	食	17	
𩝈	食	17	
𩝉	食	17	
𩝊	食	17	
𩝋	食	17	
𩝌	食	17	
𩝍	食	17	
𩝎	食	17	
𩝏	食	17	
𩝐	食	17	
𩝑	食	17	
𩝒	食	17	
𩝓	食	17	
𩝔	食	17	
𩝕	食	17	
𩝖	食	17	
𩝗	食	17	
𩝘	食	17	
𩝙	食	18	
𩝚	食	18	
𩝛	食	18	
𩝜	食	18	
𩝝	食	18	
𩝞	食	18	
𩝟	食	18	
𩝠	食	18	
𩝡	食	18	
𩝢	食	18	
𩝣	食	18	
𩝤	食	18	
𩝥	食	18	
𩝦	食	18	
𩝧	食	18	
𩝨	食	18	
𩝩	食	18	
𩝪	食	18	
𩝫	食	18	
𩝬	食	18	
𩝭	食	18	
𩝮	食	18	
𩝯	食	18	
𩝰	食	18	
𩝱	食	18	
𩝲	食	18	
𩝳	食	18	
𩝴	食	19	
𩝵	食	18	
𩝶	食	18	
𩝷	食	18	
𩝸	食	18	
𩝹	食	18	
𩝺	食	18	
𩝻	食	18	
𩝼	食	18	
𩝽	食	19	
𩝾	食	19	
𩝿	食	19	
𩞀	食	19	
𩞁	食	19	
𩞂	食	19	
𩞃	食	19	
𩞄	食	19	
𩞅	食	19	
𩞆	食	19	
𩞇	食	19	
𩞈	食	19	
𩞉	食	19	
𩞊	食	19	
𩞋	食	19	
𩞌	食	19	
𩞍	食	19	
𩞎	食	19	
𩞏	食	19	
𩞐	食	19	
𩞑	食	19	
𩞒	食	19	
𩞓	食	19	
𩞔	食	19	
𩞕	食	19	
𩞖	食	19	
𩞗	食	19	
𩞘	食	19	
𩞙	食	19	
𩞚	食	19	
𩞛	食	19	
𩞜	食	19	
𩞝	食	19	
𩞞	食	19	
𩞟	食	19	
𩞠	食	19	
𩞡	食	20	
𩞢	食	20	
𩞣	食	20	
𩞤	食	20	
𩞥	食	20	
𩞦	食	20	
𩞧	食	20	
𩞨	食	20	
𩞩	食	20	
𩞪	食	20	
𩞫	食	20	
𩞬	食	20	
𩞭	食	20	
𩞮	食	20	
𩞯	食	20	
𩞰	食	20	
𩞱	食	20	
𩞲	食	20	
𩞳	食	20	
𩞴	食	20	
𩞵	食	20	
𩞶	食	21	
𩞷	食	20	
𩞸	食	20	
𩞹	食	20	
𩞺	食	20	
𩞻	食	20	
𩞼	食	20	
𩞽	食	20	
𩞾	食	21	
𩞿	食	21	
𩟀	食	21	
𩟁	食	21	
𩟂	食	21	
𩟃	食	21	
𩟄	食	21	
𩟅	食	21	
𩟆	食	21	
𩟇	食	21	
𩟈	食	21	
𩟉	食	21	
𩟊	食	21	
𩟋	食	21	
𩟌	食	21	
𩟍	食	21	
𩟎	食	21	
𩟏	食	21	
𩟐	食	21	
𩟑	食	21	
𩟒	食	21	
𩟓	食	22	
𩟔	食	22	
𩟕	食	22	
𩟖	食	22	
𩟗	食	22	
𩟘	食	22	
𩟙	食	22	
𩟚	食	22	
𩟛	食	22	
𩟜	食	22	
𩟝	食	22	
𩟞	食	22	
𩟟	食	22	
𩟠	食	22	
𩟡	食	22	
𩟢	食	22	
𩟣	食	22	
𩟤	食	23	
𩟥	食	23	
𩟦	食	23	
𩟧	食	23	
𩟨	食	23	
𩟩	食	23	
𩟪	食	23	
𩟫	食	23	
𩟬	食	23	
𩟭	食	24	
𩟮	食	24	
𩟯	食	24	
𩟰	食	24	
𩟱	食	24	
𩟲	食	24	
𩟳	食	24	
𩟴	食	24	
𩟵	食	24	
𩟶	食	25	
𩟷	食	26	
𩟸	食	26	
𩟹	食	26	
𩟺	食	26	
𩟻	食	29	
𩟼	食	30	
𩟽	食	32	
𩟾		7	
𩟿		7	
𩠀		7	
𩠁		8	
𩠂		8	
𩠃		9	
𩠄		10	
𩠅		10	
𩠆		11	
𩠇		10	
𩠈		11	
𩠉		11	
𩠊		12	
𩠋		12	
𩠌		13	
𩠍		14	
𩠎		14	
𩠏		15	
𩠐	首	9	
𩠑	首	11	
𩠒	首	11	
𩠓	首	12	
𩠔	首	13	
𩠕	首	14	
𩠖	首	14	
𩠗	首	14	
𩠘	首	14	
𩠙	首	14	
𩠚	首	15	
𩠛	首	15	
𩠜	首	15	
𩠝	首	15	
𩠞	首	15	
𩠟	首	15	
𩠠	首	15	
𩠡	首	16	
𩠢	首	16	
𩠣	首	16	
𩠤	首	16	
𩠥	首	16	
𩠦	首	16	
𩠧	首	16	
𩠨	首	17	
𩠩	首	17	
𩠪	首	18	
𩠫	首	18	
𩠬	首	18	
𩠭	首	18	
𩠮	攴	19	
𩠯	首	19	
𩠰	攴	20	
𩠱	首	19	
𩠲	首	20	
𩠳	首	21	
𩠴	首	22	
𩠵	首	23	
𩠶	首	23	
𩠷	首	24	
𩠸	首	25	
𩠹	首	27	
𩠺	香	10	
𩠻	香	13	
𩠼	香	13	
𩠽	香	13	
𩠾	香	14	
𩠿	香	14	
𩡀	香	14	
𩡁	香	14	
𩡂	香	15	
𩡃	香	14	
𩡄	香	14	
𩡅	香	15	
𩡆	香	15	
𩡇	香	16	
𩡈	香	16	
𩡉	香	17	
𩡊	香	17	
𩡋	香	17	
𩡌	香	18	
𩡍	香	18	
𩡎	香	18	
𩡏	香	17	
𩡐	香	18	
𩡑	香	18	
𩡒	香	18	
𩡓	香	19	
𩡔	香	19	
𩡕	香	19	
𩡖	香	19	
𩡗	香	19	
𩡘	香	19	
𩡙	香	20	
𩡚	香	20	
𩡛	香	20	
𩡜	香	20	
𩡝	香	21	
𩡞	香	21	
𩡟	香	21	
𩡠	香	21	
𩡡	香	21	
𩡢	香	22	
𩡣	香	22	
𩡤	香	23	
𩡥	香	26	
𩡦	香	28	
𩡧	馬	11	
𩡨	馬	11	
𩡩	馬	12	
𩡪	馬	12	
𩡫	馬	12	
𩡬	馬	12	
𩡭	馬	12	
𩡮	馬	12	
𩡯	馬	12	
𩡰	馬	13	
𩡱	馬	13	
𩡲	馬	13	
𩡳	馬	13	
𩡴	馬	13	
𩡵	馬	13	
𩡶	馬	13	
𩡷	馬	14	
𩡸	馬	14	
𩡹	馬	14	
𩡺	馬	14	
𩡻	馬	14	
𩡼	馬	14	
𩡽	馬	14	
𩡾	馬	14	
𩡿	馬	15	
𩢀	馬	14	
𩢁	馬	14	
𩢂	馬	14	
𩢃	馬	14	
𩢄	馬	14	
𩢅	馬	14	
𩢆	馬	15	
𩢇	馬	14	
𩢈	馬	14	
𩢉	馬	14	
𩢊	馬	14	
𩢋	馬	14	
𩢌	馬	14	
𩢍	馬	15	
𩢎	馬	15	
𩢏	馬	15	
𩢐	馬	15	
𩢑	馬	15	
𩢒	馬	15	
𩢓	馬	15	
𩢔	馬	15	
𩢕	馬	15	
𩢖	馬	15	
𩢗	馬	15	
𩢘	馬	15	
𩢙	馬	15	
𩢚	馬	15	
𩢛	馬	15	
𩢜	馬	15	
𩢝	馬	15	
𩢞	馬	15	
𩢟	馬	15	
𩢠	馬	15	
𩢡	馬	15	
𩢢	馬	15	
𩢣	馬	15	
𩢤	馬	15	
𩢥	馬	15	
𩢦	馬	15	
𩢧	馬	15	
𩢨	馬	15	
𩢩	馬	15	
𩢪	馬	15	
𩢫	馬	15	
𩢬	馬	15	
𩢭	馬	15	
𩢮	馬	16	
𩢯	馬	16	
𩢰	馬	16	
𩢱	馬	16	
𩢲	馬	16	
𩢳	馬	16	
𩢴	馬	16	
𩢵	馬	16	
𩢶	馬	16	
𩢷	馬	16	
𩢸	馬	16	
𩢹	馬	16	
𩢺	馬	16	
𩢻	馬	16	
𩢼	馬	16	
𩢽	馬	16	
𩢾	馬	16	
𩢿	馬	16	
𩣀	馬	16	
𩣁	馬	16	
𩣂	馬	16	
𩣃	馬	16	
𩣄	馬	16	
𩣅	馬	16	
𩣆	馬	16	
𩣇	馬	16	
𩣈	馬	16	
𩣉	馬	16	
𩣊	馬	16	
𩣋	馬	16	
𩣌	馬	16	
𩣍	馬	16	
𩣎	馬	16	
𩣏	馬	16	
𩣐	馬	16	
𩣑	馬	16	
𩣒	馬	16	
𩣓	馬	16	
𩣔	馬	16	
𩣕	馬	16	
𩣖	馬	17	
𩣗	馬	17	
𩣘	馬	17	
𩣙	馬	17	
𩣚	馬	17	
𩣛	馬	17	
𩣜	馬	17	
𩣝	馬	17	
𩣞	馬	17	
𩣟	馬	17	
𩣠	馬	17	
𩣡	馬	17	
𩣢	馬	17	
𩣣	馬	17	
𩣤	馬	17	
𩣥	馬	17	
𩣦	馬	17	
𩣧	馬	17	
𩣨	馬	17	
𩣩	馬	17	
𩣪	馬	17	
𩣫	馬	17	
𩣬	馬	17	
𩣭	馬	18	
𩣮	馬	18	
𩣯	馬	18	
𩣰	馬	18	
𩣱	馬	18	
𩣲	馬	18	
𩣳	馬	18	
𩣴	馬	18	
𩣵	馬	18	
𩣶	馬	18	
𩣷	馬	18	
𩣸	馬	18	
𩣹	馬	18	
𩣺	馬	18	
𩣻	馬	18	
𩣼	馬	18	
𩣽	馬	18	
𩣾	馬	18	
𩣿	馬	18	
𩤀	馬	18	
𩤁	馬	18	
𩤂	馬	18	
𩤃	馬	18	
𩤄	馬	18	
𩤅	馬	18	
𩤆	馬	18	
𩤇	馬	18	
𩤈	馬	18	
𩤉	馬	18	
𩤊	馬	18	
𩤋	馬	18	
𩤌	馬	18	
𩤍	馬	18	
𩤎	馬	18	
𩤏	馬	18	
𩤐	馬	18	
𩤑	馬	18	
𩤒	馬	18	
𩤓	馬	18	
𩤔	馬	18	
𩤕	馬	18	
𩤖	馬	18	
𩤗	馬	19	
𩤘	馬	19	
𩤙	馬	19	
𩤚	馬	19	
𩤛	馬	19	
𩤜	馬	19	
𩤝	馬	19	
𩤞	馬	18	
𩤟	馬	19	
𩤠	馬	19	
𩤡	馬	19	
𩤢	馬	19	
𩤣	馬	19	
𩤤	馬	19	
𩤥	馬	19	
𩤦	馬	19	
𩤧	馬	19	
𩤨	馬	19	
𩤩	馬	19	
𩤪	馬	19	
𩤫	馬	19	
𩤬	馬	19	
𩤭	馬	19	
𩤮	馬	19	
𩤯	馬	19	
𩤰	馬	19	
𩤱	馬	19	
𩤲	馬	19	
𩤳	馬	19	
𩤴	馬	19	
𩤵	馬	19	
𩤶	馬	19	
𩤷	馬	17	
𩤸	馬	19	
𩤹	馬	19	
𩤺	馬	19	
𩤻	馬	19	
𩤼	馬	19	
𩤽	馬	20	
𩤾	馬	20	
𩤿	馬	20	
𩥀	馬	20	
𩥁	馬	20	
𩥂	馬	20	
𩥃	馬	20	
𩥄	馬	20	
𩥅	馬	20	
𩥆	馬	20	
𩥇	馬	20	
𩥈	馬	20	
𩥉	馬	20	
𩥊	馬	20	
𩥋	馬	20	
𩥌	馬	20	
𩥍	馬	20	
𩥎	馬	20	
𩥏	馬	20	
𩥐	馬	20	
𩥑	馬	20	
𩥒	馬	20	
𩥓	馬	20	
𩥔	馬	20	
𩥕	馬	20	
𩥖	馬	20	
𩥗	馬	20	
𩥘	馬	20	
𩥙	馬	20	
𩥚	馬	20	
𩥛	馬	20	
𩥜	馬	20	
𩥝	馬	20	
𩥞	馬	20	
𩥟	馬	20	
𩥠	馬	20	
𩥡	馬	20	
𩥢	馬	20	
𩥣	馬	20	
𩥤	馬	20	
𩥥	馬	20	
𩥦	馬	20	
𩥧	馬	20	
𩥨	馬	20	
𩥩	馬	20	
𩥪	馬	20	
𩥫	馬	21	
𩥬	馬	21	
𩥭	馬	21	
𩥮	馬	21	
𩥯	馬	21	
𩥰	馬	21	
𩥱	馬	21	
𩥲	馬	21	
𩥳	馬	21	
𩥴	馬	21	
𩥵	馬	21	
𩥶	馬	21	
𩥷	馬	21	
𩥸	馬	21	
𩥹	馬	21	
𩥺	馬	21	
𩥻	馬	21	
𩥼	馬	21	
𩥽	馬	21	
𩥾	馬	21	
𩥿	馬	21	
𩦀	馬	21	
𩦁	馬	21	
𩦂	馬	22	
𩦃	馬	22	
𩦄	馬	22	
𩦅	馬	22	
𩦆	馬	22	
𩦇	馬	22	
𩦈	馬	22	
𩦉	馬	22	
𩦊	馬	22	
𩦋	馬	22	
𩦌	馬	22	
𩦍	馬	22	
𩦎	馬	22	
𩦏	馬	22	
𩦐	馬	22	
𩦑	馬	22	
𩦒	馬	22	
𩦓	馬	22	
𩦔	馬	22	
𩦕	馬	22	
𩦖	馬	22	
𩦗	馬	22	
𩦘	馬	22	
𩦙	馬	22	
𩦚	馬	22	
𩦛	馬	22	
𩦜	馬	22	
𩦝	馬	22	
𩦞	馬	23	
𩦟	馬	23	
𩦠	馬	23	
𩦡	馬	23	
𩦢	馬	23	
𩦣	馬	23	
𩦤	馬	23	
𩦥	馬	23	
𩦦	馬	23	
𩦧	馬	23	
𩦨	馬	23	
𩦩	馬	23	
𩦪	馬	23	
𩦫	馬	23	
𩦬	馬	23	
𩦭	馬	23	
𩦮	馬	23	
𩦯	馬	23	
𩦰	馬	23	
𩦱	馬	23	
𩦲	馬	23	
𩦳	馬	23	
𩦴	馬	23	
𩦵	馬	23	
𩦶	馬	24	
𩦷	馬	24	
𩦸	馬	24	
𩦹	馬	24	
𩦺	馬	24	
𩦻	馬	24	
𩦼	馬	24	
𩦽	馬	24	
𩦾	馬	24	
𩦿	馬	24	
𩧀	馬	24	
𩧁	馬	24	
𩧂	馬	25	
𩧃	馬	25	
𩧄	馬	25	
𩧅	馬	25	
𩧆	馬	25	
𩧇	馬	25	
𩧈	馬	25	
𩧉	馬	25	
𩧊	馬	25	
𩧋	馬	25	
𩧌	馬	25	
𩧍	馬	25	
𩧎	馬	25	
𩧏	馬	26	
𩧐	馬	26	
𩧑	馬	26	
𩧒	馬	26	
𩧓	馬	26	
𩧔	馬	27	
𩧕	馬	27	
𩧖	馬	27	
𩧗	馬	27	
𩧘	馬	28	
𩧙	馬	28	
𩧚	馬	28	
𩧛	馬	28	
𩧜	馬	28	
𩧝	馬	28	
𩧞	馬	28	
𩧟	馬	29	
𩧠	馬	29	
𩧡	馬	30	
𩧢	馬	30	
𩧣	馬	31	
𩧤	馬	31	
𩧥	馬	36	
𩧦		7	
𩧧		8	
𩧨		8	
𩧩		8	
𩧪		8	
𩧫		8	
𩧬		8	
𩧭		8	
𩧮		9	
𩧯		8	
𩧰		9	
𩧱		9	
𩧲		9	
𩧳		9	
𩧴		9	
𩧵		9	
𩧶		9	
𩧷		10	
𩧸		10	
𩧹		10	
𩧺		10	
𩧻		11	
𩧼		11	
𩧽		11	
𩧾		12	
𩧿		12	
𩨀		12	
𩨁		12	
𩨂		12	
𩨃		12	
𩨄		13	
𩨅		12	
𩨆		12	
𩨇		12	
𩨈		12	
𩨉		12	
𩨊		12	
𩨋		13	
𩨌		13	
𩨍		13	
𩨎		15	
𩨏		15	
𩨐		18	
𩨑	骨	11	
𩨒	骨	11	
𩨓	骨	11	
𩨔	骨	12	
𩨕	骨	12	
𩨖	骨	12	
𩨗	骨	12	
𩨘	骨	12	
𩨙	骨	12	
𩨚	骨	12	
𩨛	骨	12	
𩨜	骨	13	
𩨝	骨	13	
𩨞	骨	13	
𩨟	骨	13	
𩨠	骨	13	
𩨡	骨	13	
𩨢	骨	13	
𩨣	骨	13	
𩨤	骨	13	
𩨥	骨	13	
𩨦	骨	13	
𩨧	骨	13	
𩨨	骨	13	
𩨩	骨	13	
𩨪	骨	13	
𩨫	骨	13	
𩨬	骨	14	
𩨭	骨	14	
𩨮	骨	14	
𩨯	骨	14	
𩨰	骨	14	
𩨱	骨	14	
𩨲	骨	14	
𩨳	骨	14	
𩨴	骨	14	
𩨵	骨	14	
𩨶	骨	14	
𩨷	骨	14	
𩨸	骨	14	
𩨹	骨	14	
𩨺	骨	14	
𩨻	骨	14	
𩨼	骨	14	
𩨽	骨	15	
𩨾	骨	15	
𩨿	骨	15	
𩩀	骨	15	
𩩁	骨	15	
𩩂	骨	15	
𩩃	骨	15	
𩩄	骨	15	
𩩅	骨	15	
𩩆	骨	15	
𩩇	骨	15	
𩩈	骨	15	
𩩉	骨	16	
𩩊	骨	16	
𩩋	骨	16	
𩩌	骨	16	
𩩍	骨	16	
𩩎	骨	16	
𩩏	骨	16	
𩩐	骨	16	
𩩑	骨	16	
𩩒	骨	16	
𩩓	骨	16	
𩩔	骨	16	
𩩕	骨	16	
𩩖	骨	16	
𩩗	骨	17	
𩩘	骨	17	
𩩙	骨	17	
𩩚	骨	17	
𩩛	骨	17	
𩩜	骨	17	
𩩝	骨	17	
𩩞	骨	17	
𩩟	骨	17	
𩩠	骨	17	
𩩡	骨	17	
𩩢	骨	17	
𩩣	骨	17	
𩩤	骨	17	
𩩥	骨	17	
𩩦	骨	17	
𩩧	骨	17	
𩩨	骨	17	
𩩩	骨	17	
𩩪	骨	17	
𩩫	骨	17	
𩩬	骨	17	
𩩭	骨	18	
𩩮	骨	18	
𩩯	骨	18	
𩩰	骨	18	
𩩱	骨	18	
𩩲	骨	18	
𩩳	骨	18	
𩩴	骨	18	
𩩵	骨	18	
𩩶	骨	18	
𩩷	骨	18	
𩩸	骨	18	
𩩹	骨	18	
𩩺	骨	18	
𩩻	骨	18	
𩩼	骨	18	
𩩽	骨	18	
𩩾	骨	18	
𩩿	骨	18	
𩪀	骨	19	
𩪁	骨	19	
𩪂	骨	19	
𩪃	骨	19	
𩪄	骨	19	
𩪅	骨	19	
𩪆	骨	19	
𩪇	骨	19	
𩪈	骨	19	
𩪉	骨	20	
𩪊	骨	20	
𩪋	骨	20	
𩪌	骨	20	
𩪍	骨	20	
𩪎	骨	20	
𩪏	骨	20	
𩪐	骨	20	
𩪑	骨	20	
𩪒	骨	20	
𩪓	骨	20	
𩪔	骨	20	
𩪕	骨	20	
𩪖	骨	20	
𩪗	骨	21	
𩪘	骨	21	
𩪙	骨	21	
𩪚	骨	21	
𩪛	骨	21	
𩪜	骨	21	
𩪝	骨	21	
𩪞	骨	21	
𩪟	骨	21	
𩪠	骨	22	
𩪡	骨	22	
𩪢	骨	22	
𩪣	骨	22	
𩪤	骨	22	
𩪥	骨	22	
𩪦	骨	22	
𩪧	骨	22	
𩪨	骨	22	
𩪩	骨	22	
𩪪	骨	22	
𩪫	骨	22	
𩪬	骨	23	
𩪭	骨	23	
𩪮	骨	23	
𩪯	骨	23	
𩪰	骨	23	
𩪱	骨	23	
𩪲	骨	24	
𩪳	骨	24	
𩪴	骨	24	
𩪵	骨	24	
𩪶	骨	24	
𩪷	骨	25	
𩪸	骨	25	
𩪹	骨	25	
𩪺	骨	25	
𩪻	骨	26	
𩪼	骨	27	
𩪽	骨	27	
𩪾	骨	28	
𩪿	高	13	
𩫀	高	13	
𩫁	高	14	
𩫂	高	14	
𩫃	高	14	
𩫄	高	14	
𩫅	高	14	
𩫆	高	14	
𩫇	高	14	
𩫈	高	14	
𩫉	高	14	
𩫊	高	15	
𩫋	高	15	
𩫌	高	15	
𩫍	高	15	
𩫎	高	16	
𩫏	高	16	
𩫐	高	16	
𩫑	高	16	
𩫒	高	16	
𩫓	高	16	
𩫔	高	16	
𩫕	高	17	
𩫖	高	17	
𩫗	高	17	
𩫘	高	17	
𩫙	高	17	
𩫚	高	18	
𩫛	高	18	
𩫜	高	18	
𩫝	高	18	
𩫞	高	19	
𩫟	高	19	
𩫠	高	20	
𩫡	高	20	
𩫢	高	20	
𩫣	高	20	
𩫤	高	20	
𩫥	高	21	
𩫦	高	21	
𩫧	高	22	
𩫨	高	23	
𩫩	高	23	
𩫪	高	23	
𩫫	高	24	
𩫬	高	24	
𩫭	高	25	
𩫮	高	26	
𩫯	高	26	
𩫰	高	27	
𩫱	高	27	
𩫲	高	28	
𩫳	高	31	
𩫴	髟	12	
𩫵	髟	12	
𩫶	髟	12	
𩫷	髟	12	
𩫸	髟	12	
𩫹	髟	13	
𩫺	髟	13	
𩫻	髟	13	
𩫼	髟	13	
𩫽	髟	13	
𩫾	髟	13	
𩫿	髟	14	
𩬀	髟	14	
𩬁	髟	14	
𩬂	髟	14	
𩬃	髟	14	
𩬄	髟	14	
𩬅	髟	14	
𩬆	髟	14	
𩬇	髟	14	
𩬈	髟	14	
𩬉	髟	14	
𩬊	髟	14	
𩬋	髟	14	
𩬌	髟	14	
𩬍	髟	14	
𩬎	髟	14	
𩬏	髟	14	
𩬐	髟	14	
𩬑	髟	15	
𩬒	髟	15	
𩬓	髟	15	
𩬔	髟	15	
𩬕	髟	15	
𩬖	髟	15	
𩬗	髟	15	
𩬘	髟	15	
𩬙	髟	15	
𩬚	髟	15	
𩬛	髟	15	
𩬜	髟	15	
𩬝	髟	15	
𩬞	髟	15	
𩬟	髟	15	
𩬠	髟	15	
𩬡	髟	15	
𩬢	髟	15	
𩬣	髟	15	
𩬤	髟	15	
𩬥	髟	15	
𩬦	髟	15	
𩬧	髟	15	
𩬨	髟	15	
𩬩	髟	15	
𩬪	髟	15	
𩬫	髟	15	
𩬬	髟	15	
𩬭	髟	15	
𩬮	髟	15	
𩬯	髟	15	
𩬰	髟	16	
𩬱	髟	16	
𩬲	髟	16	
𩬳	髟	16	
𩬴	髟	16	
𩬵	髟	16	
𩬶	髟	16	
𩬷	髟	16	
𩬸	髟	16	
𩬹	髟	16	
𩬺	髟	16	
𩬻	髟	16	
𩬼	髟	16	
𩬽	髟	16	
𩬾	髟	16	
𩬿	髟	16	
𩭀	髟	16	
𩭁	髟	16	
𩭂	髟	16	
𩭃	髟	16	
𩭄	髟	16	
𩭅	髟	16	
𩭆	髟	16	
𩭇	髟	17	
𩭈	髟	17	
𩭉	髟	17	
𩭊	髟	17	
𩭋	髟	17	
𩭌	髟	17	
𩭍	髟	17	
𩭎	髟	17	
𩭏	髟	17	
𩭐	髟	17	
𩭑	髟	17	
𩭒	髟	17	
𩭓	髟	17	
𩭔	髟	17	
𩭕	髟	17	
𩭖	髟	17	
𩭗	髟	17	
𩭘	髟	17	
𩭙	髟	17	
𩭚	髟	17	
𩭛	髟	17	
𩭜	髟	17	
𩭝	髟	17	
𩭞	髟	18	
𩭟	髟	18	
𩭠	髟	18	
𩭡	髟	18	
𩭢	髟	18	
𩭣	髟	18	
𩭤	髟	18	
𩭥	髟	18	
𩭦	髟	18	
𩭧	髟	18	
𩭨	髟	18	
𩭩	髟	18	
𩭪	髟	18	
𩭫	髟	18	
𩭬	髟	18	
𩭭	髟	18	
𩭮	髟	18	
𩭯	髟	18	
𩭰	髟	18	
𩭱	髟	18	
𩭲	髟	18	
𩭳	髟	18	
𩭴	髟	18	
𩭵	髟	18	
𩭶	髟	18	
𩭷	髟	18	
𩭸	髟	18	
𩭹	髟	18	
𩭺	髟	19	
𩭻	髟	19	
𩭼	髟	19	
𩭽	髟	19	
𩭾	髟	19	
𩭿	髟	19	
𩮀	髟	19	
𩮁	髟	19	
𩮂	髟	19	
𩮃	髟	19	
𩮄	髟	19	
𩮅	髟	19	
𩮆	髟	19	
𩮇	髟	19	
𩮈	髟	19	
𩮉	髟	19	
𩮊	髟	19	
𩮋	髟	19	
𩮌	髟	19	
𩮍	髟	19	
𩮎	髟	19	
𩮏	髟	19	
𩮐	髟	19	
𩮑	髟	19	
𩮒	髟	19	
𩮓	髟	19	
𩮔	髟	19	
𩮕	髟	19	
𩮖	髟	20	
𩮗	髟	20	
𩮘	髟	20	
𩮙	髟	20	
𩮚	髟	20	
𩮛	髟	20	
𩮜	髟	20	
𩮝	髟	20	
𩮞	髟	20	
𩮟	髟	20	
𩮠	髟	20	
𩮡	髟	20	
𩮢	髟	20	
𩮣	髟	20	
𩮤	髟	20	
𩮥	髟	20	
𩮦	髟	20	
𩮧	髟	20	
𩮨	髟	20	
𩮩	髟	20	
𩮪	髟	20	
𩮫	髟	20	
𩮬	髟	20	
𩮭	髟	20	
𩮮	髟	20	
𩮯	髟	21	
𩮰	髟	21	
𩮱	髟	21	
𩮲	髟	21	
𩮳	髟	21	
𩮴	髟	21	
𩮵	髟	21	
𩮶	髟	21	
𩮷	髟	21	
𩮸	髟	21	
𩮹	髟	21	
𩮺	髟	21	
𩮻	髟	21	
𩮼	髟	21	
𩮽	髟	21	
𩮾	髟	21	
𩮿	髟	21	
𩯀	髟	21	
𩯁	髟	21	
𩯂	髟	21	
𩯃	髟	22	
𩯄	髟	22	
𩯅	髟	22	
𩯆	髟	22	
𩯇	髟	22	
𩯈	髟	22	
𩯉	髟	22	
𩯊	髟	22	
𩯋	髟	22	
𩯌	髟	22	
𩯍	髟	22	
𩯎	髟	22	
𩯏	髟	22	
𩯐	髟	22	
𩯑	髟	22	
𩯒	髟	22	
𩯓	髟	22	
𩯔	髟	22	
𩯕	髟	22	
𩯖	髟	22	
𩯗	髟	22	
𩯘	髟	22	
𩯙	髟	22	
𩯚	髟	22	
𩯛	髟	23	
𩯜	髟	23	
𩯝	髟	23	
𩯞	髟	23	
𩯟	髟	23	
𩯠	髟	23	
𩯡	髟	23	
𩯢	髟	23	
𩯣	髟	23	
𩯤	髟	23	
𩯥	髟	23	
𩯦	髟	24	
𩯧	髟	24	
𩯨	髟	24	
𩯩	髟	24	
𩯪	髟	24	
𩯫	髟	24	
𩯬	髟	24	
𩯭	髟	24	
𩯮	髟	24	
𩯯	髟	24	
𩯰	髟	25	
𩯱	髟	25	
𩯲	髟	25	
𩯳	髟	25	
𩯴	髟	25	
𩯵	髟	25	
𩯶	髟	25	
𩯷	髟	25	
𩯸	髟	25	
𩯹	髟	25	
𩯺	髟	26	
𩯻	髟	26	
𩯼	髟	26	
𩯽	髟	26	
𩯾	髟	26	
𩯿	髟	26	
𩰀	髟	26	
𩰁	髟	27	
𩰂	髟	27	
𩰃	髟	27	
𩰄	髟	27	
𩰅	髟	28	
𩰆	髟	28	
𩰇	髟	28	
𩰈	髟	31	
𩰉	髟	32	
𩰊	鬥	5	
𩰋	鬥	5	
𩰌	鬥	13	
𩰍	鬥	14	
𩰎	鬥	14	
𩰏	鬥	14	
𩰐	鬥	15	
𩰑	鬥	16	
𩰒	鬥	17	
𩰓	鬥	18	
𩰔	鬥	18	
𩰕	鬥	20	
𩰖	鬥	21	
𩰗	鬥	21	
𩰘	鬥	21	
𩰙	鬥	22	
𩰚	鬥	22	
𩰛	鬥	23	
𩰜	鬥	24	
𩰝	鬥	24	
𩰞	鬥	24	
𩰟	鬥	28	
𩰠	鬯	15	
𩰡	鬯	15	
𩰢	鬯	16	
𩰣	鬯	18	
𩰤	鬯	20	
𩰥	鬯	21	
𩰦	鬯	21	
𩰧	鬯	22	
𩰨	鬯	23	
𩰩	鬯	27	
𩰪	鬯	28	
𩰫	鬲	13	
𩰬	鬲	13	
𩰭	鬲	14	
𩰮	鬲	14	
𩰯	鬲	15	
𩰰	鬲	15	
𩰱	鬲	16	
𩰲	鬲	16	
𩰳	鬲	16	
𩰴	鬲	16	
𩰵	鬲	16	
𩰶	鬲	16	
𩰷	鬲	16	
𩰸	鬲	16	
𩰹	鬲	17	
𩰺	鬲	17	
𩰻	鬲	17	
𩰼	鬲	17	
𩰽	鬲	17	
𩰾	鬲	18	
𩰿	鬲	18	
𩱀	鬲	18	
𩱁	鬲	18	
𩱂	鬲	18	
𩱃	鬲	19	
𩱄	鬲	19	
𩱅	鬲	19	
𩱆	鬲	19	
𩱇	鬲	20	
𩱈	鬲	20	
𩱉	鬲	20	
𩱊	鬲	20	
𩱋	鬲	20	
𩱌	鬲	21	
𩱍	鬲	21	
𩱎	鬲	21	
𩱏	鬲	21	
𩱐	鬲	21	
𩱑	鬲	21	
𩱒	鬲	22	
𩱓	鬲	22	
𩱔	鬲	22	
𩱕	鬲	22	
𩱖	鬲	23	
𩱗	鬲	23	
𩱘	鬲	23	
𩱙	鬲	23	
𩱚	鬲	23	
𩱛	鬲	23	
𩱜	鬲	23	
𩱝	鬲	23	
𩱞	鬲	23	
𩱟	鬲	23	
𩱠	鬲	24	
𩱡	鬲	24	
𩱢	鬲	24	
𩱣	鬲	24	
𩱤	鬲	25	
𩱥	鬲	25	
𩱦	鬲	26	
𩱧	鬲	26	
𩱨	鬲	26	
𩱩	鬲	26	
𩱪	鬲	26	
𩱫	鬲	27	
𩱬	鬲	27	
𩱭	鬲	28	
𩱮	鬲	28	
𩱯	鬲	29	
𩱰	鬲	29	
𩱱	鬲	30	
𩱲	鬲	30	
𩱳	鬲	30	
𩱴	鬲	31	
𩱵	鬲	31	
𩱶	鬲	32	
𩱷	鬲	37	
𩱸	鬲	37	
𩱹	鬼	11	
𩱺	鬼	11	
𩱻	鬼	11	
𩱼	鬼	11	
𩱽	鬼	12	
𩱾	鬼	12	
𩱿	鬼	12	
𩲀	鬼	12	
𩲁	鬼	12	
𩲂	鬼	12	
𩲃	鬼	12	
𩲄	鬼	12	
𩲅	鬼	12	
𩲆	鬼	12	
𩲇	鬼	12	
𩲈	鬼	12	
𩲉	鬼	12	
𩲊	鬼	13	
𩲋	鬼	13	
𩲌	鬼	13	
𩲍	鬼	13	
𩲎	鬼	13	
𩲏	鬼	13	
𩲐	鬼	13	
𩲑	鬼	13	
𩲒	鬼	13	
𩲓	鬼	13	
𩲔	鬼	13	
𩲕	鬼	13	
𩲖	鬼	13	
𩲗	鬼	13	
𩲘	鬼	13	
𩲙	鬼	13	
𩲚	鬼	13	
𩲛	鬼	13	
𩲜	鬼	13	
𩲝	鬼	13	
𩲞	鬼	13	
𩲟	鬼	13	
𩲠	鬼	13	
𩲡	鬼	14	
𩲢	鬼	14	
𩲣	鬼	14	
𩲤	鬼	14	
𩲥	鬼	14	
𩲦	鬼	14	
𩲧	鬼	14	
𩲨	鬼	14	
𩲩	鬼	14	
𩲪	鬼	14	
𩲫	鬼	14	
𩲬	鬼	14	
𩲭	鬼	14	
𩲮	鬼	14	
𩲯	鬼	14	
𩲰	鬼	14	
𩲱	鬼	14	
𩲲	鬼	14	
𩲳	鬼	14	
𩲴	鬼	14	
𩲵	鬼	14	
𩲶	鬼	14	
𩲷	鬼	14	
𩲸	鬼	14	
𩲹	鬼	14	
𩲺	鬼	15	
𩲻	鬼	15	
𩲼	鬼	15	
𩲽	鬼	15	
𩲾	鬼	15	
𩲿	鬼	15	
𩳀	鬼	15	
𩳁	鬼	15	
𩳂	鬼	15	
𩳃	鬼	15	
𩳄	鬼	15	
𩳅	鬼	15	
𩳆	鬼	15	
𩳇	鬼	15	
𩳈	鬼	15	
𩳉	鬼	15	
𩳊	鬼	15	
𩳋	鬼	15	
𩳌	鬼	16	
𩳍	鬼	16	
𩳎	鬼	16	
𩳏	鬼	16	
𩳐	鬼	16	
𩳑	鬼	16	
𩳒	鬼	16	
𩳓	鬼	16	
𩳔	鬼	16	
𩳕	鬼	16	
𩳖	鬼	16	
𩳗	鬼	16	
𩳘	鬼	16	
𩳙	鬼	16	
𩳚	鬼	16	
𩳛	鬼	16	
𩳜	鬼	16	
𩳝	鬼	16	
𩳞	鬼	16	
𩳟	鬼	16	
𩳠	鬼	16	
𩳡	鬼	16	
𩳢	鬼	17	
𩳣	鬼	17	
𩳤	鬼	17	
𩳥	鬼	17	
𩳦	鬼	17	
𩳧	鬼	17	
𩳨	鬼	17	
𩳩	鬼	17	
𩳪	鬼	17	
𩳫	鬼	17	
𩳬	鬼	17	
𩳭	鬼	17	
𩳮	鬼	17	
𩳯	鬼	17	
𩳰	鬼	17	
𩳱	鬼	17	
𩳲	鬼	17	
𩳳	鬼	17	
𩳴	鬼	17	
𩳵	鬼	18	
𩳶	鬼	18	
𩳷	鬼	18	
𩳸	鬼	18	
𩳹	鬼	18	
𩳺	鬼	18	
𩳻	鬼	18	
𩳼	鬼	18	
𩳽	鬼	18	
𩳾	鬼	18	
𩳿	鬼	18	
𩴀	鬼	18	
𩴁	鬼	18	
𩴂	鬼	18	
𩴃	鬼	18	
𩴄	鬼	18	
𩴅	鬼	18	
𩴆	鬼	19	
𩴇	鬼	19	
𩴈	鬼	19	
𩴉	鬼	19	
𩴊	鬼	19	
𩴋	鬼	19	
𩴌	鬼	19	
𩴍	鬼	19	
𩴎	鬼	19	
𩴏	鬼	19	
𩴐	鬼	20	
𩴑	鬼	20	
𩴒	鬼	20	
𩴓	鬼	20	
𩴔	鬼	20	
𩴕	鬼	20	
𩴖	鬼	20	
𩴗	鬼	20	
𩴘	鬼	20	
𩴙	鬼	20	
𩴚	鬼	20	
𩴛	鬼	20	
𩴜	鬼	21	
𩴝	鬼	21	
𩴞	鬼	21	
𩴟	鬼	21	
𩴠	鬼	21	
𩴡	鬼	21	
𩴢	鬼	21	
𩴣	鬼	21	
𩴤	鬼	21	
𩴥	鬼	21	
𩴦	鬼	21	
𩴧	鬼	21	
𩴨	鬼	21	
𩴩	鬼	21	
𩴪	鬼	21	
𩴫	鬼	21	
𩴬	鬼	21	
𩴭	鬼	21	
𩴮	鬼	22	
𩴯	鬼	22	
𩴰	鬼	22	
𩴱	鬼	23	
𩴲	鬼	23	
𩴳	鬼	23	
𩴴	鬼	23	
𩴵	鬼	23	
𩴶	鬼	23	
𩴷	鬼	23	
𩴸	鬼	23	
𩴹	鬼	23	
𩴺	鬼	24	
𩴻	鬼	24	
𩴼	鬼	24	
𩴽	鬼	24	
𩴾	鬼	24	
𩴿	鬼	25	
𩵀	鬼	26	
𩵁	鬼	26	
𩵂	鬼	26	
𩵃	鬼	26	
𩵄	鬼	27	
𩵅	鬼	27	
𩵆	鬼	28	
𩵇	鬼	28	
𩵈	鬼	29	
𩵉	鬼	31	
𩵊	鬼	32	
𩵋	魚	11	
𩵌	魚	13	
𩵍	魚	13	
𩵎	魚	13	
𩵏	魚	13	
𩵐	魚	13	
𩵑	魚	13	
𩵒	魚	13	
𩵓	魚	13	
𩵔	魚	14	
𩵕	魚	14	
𩵖	魚	14	
𩵗	魚	14	
𩵘	魚	14	
𩵙	魚	14	
𩵚	魚	14	
𩵛	魚	14	
𩵜	魚	14	
𩵝	魚	14	
𩵞	魚	14	
𩵟	魚	14	
𩵠	魚	15	
𩵡	魚	15	
𩵢	魚	15	
𩵣	魚	15	
𩵤	魚	15	
𩵥	魚	15	
𩵦	魚	15	
𩵧	魚	15	
𩵨	魚	15	
𩵩	魚	15	
𩵪	魚	15	
𩵫	魚	15	
𩵬	魚	15	
𩵭	魚	15	
𩵮	魚	15	
𩵯	魚	15	
𩵰	魚	15	
𩵱	魚	15	
𩵲	魚	15	
𩵳	魚	15	
𩵴	魚	15	
𩵵	魚	15	
𩵶	魚	15	
𩵷	魚	15	
𩵸	魚	15	
𩵹	魚	15	
𩵺	魚	15	
𩵻	魚	15	
𩵼	魚	15	
𩵽	魚	15	
𩵾	魚	15	
𩵿	魚	15	
𩶀	魚	15	
𩶁	魚	16	
𩶂	魚	16	
𩶃	魚	16	
𩶄	魚	16	
𩶅	魚	16	
𩶆	魚	16	
𩶇	魚	16	
𩶈	魚	16	
𩶉	魚	16	
𩶊	魚	16	
𩶋	魚	16	
𩶌	魚	16	
𩶍	魚	16	
𩶎	魚	16	
𩶏	魚	16	
𩶐	魚	16	
𩶑	魚	16	
𩶒	魚	16	
𩶓	魚	16	
𩶔	魚	16	
𩶕	魚	16	
𩶖	魚	16	
𩶗	魚	16	
𩶘	魚	16	
𩶙	魚	16	
𩶚	魚	16	
𩶛	魚	16	
𩶜	魚	16	
𩶝	魚	16	
𩶞	魚	16	
𩶟	魚	16	
𩶠	魚	16	
𩶡	魚	17	
𩶢	魚	17	
𩶣	魚	17	
𩶤	魚	17	
𩶥	魚	17	
𩶦	魚	17	
𩶧	魚	17	
𩶨	魚	17	
𩶩	魚	17	
𩶪	魚	17	
𩶫	魚	17	
𩶬	魚	17	
𩶭	魚	17	
𩶮	魚	17	
𩶯	魚	17	
𩶰	魚	17	
𩶱	魚	17	
𩶲	魚	17	
𩶳	魚	17	
𩶴	魚	17	
𩶵	魚	17	
𩶶	魚	17	
𩶷	魚	14	
𩶸	魚	17	
𩶹	魚	17	
𩶺	魚	17	
𩶻	魚	17	
𩶼	魚	17	
𩶽	魚	17	
𩶾	魚	17	
𩶿	魚	17	
𩷀	魚	17	
𩷁	魚	17	
𩷂	魚	17	
𩷃	魚	17	
𩷄	魚	17	
𩷅	魚	17	
𩷆	魚	17	
𩷇	魚	17	
𩷈	魚	17	
𩷉	魚	17	
𩷊	魚	17	
𩷋	魚	17	
𩷌	魚	17	
𩷍	魚	18	
𩷎	魚	18	
𩷏	魚	18	
𩷐	魚	18	
𩷑	魚	18	
𩷒	魚	18	
𩷓	魚	18	
𩷔	魚	18	
𩷕	魚	18	
𩷖	魚	18	
𩷗	魚	18	
𩷘	魚	18	
𩷙	魚	18	
𩷚	魚	18	
𩷛	魚	18	
𩷜	魚	18	
𩷝	魚	18	
𩷞	魚	18	
𩷟	魚	18	
𩷠	魚	18	
𩷡	魚	18	
𩷢	魚	18	
𩷣	魚	18	
𩷤	魚	18	
𩷥	魚	18	
𩷦	魚	18	
𩷧	魚	18	
𩷨	魚	18	
𩷩	魚	18	
𩷪	魚	18	
𩷫	魚	18	
𩷬	魚	18	
𩷭	魚	18	
𩷮	魚	18	
𩷯	魚	18	
𩷰	魚	18	
𩷱	魚	18	
𩷲	魚	18	
𩷳	魚	18	
𩷴	魚	18	
𩷵	魚	18	
𩷶	魚	18	
𩷷	魚	19	
𩷸	魚	19	
𩷹	魚	19	
𩷺	魚	19	
𩷻	魚	19	
𩷼	魚	19	
𩷽	魚	19	
𩷾	魚	19	
𩷿	魚	19	
𩸀	魚	19	
𩸁	魚	19	
𩸂	魚	19	
𩸃	魚	19	
𩸄	魚	19	
𩸅	魚	19	
𩸆	魚	19	
𩸇	魚	19	
𩸈	魚	19	
𩸉	魚	19	
𩸊	魚	19	
𩸋	魚	19	
𩸌	魚	19	
𩸍	魚	19	
𩸎	魚	19	
𩸏	魚	19	
𩸐	魚	19	
𩸑	魚	19	
𩸒	魚	19	
𩸓	魚	19	
𩸔	魚	19	
𩸕	魚	19	
𩸖	魚	19	
𩸗	魚	19	
𩸘	魚	19	
𩸙	魚	19	
𩸚	魚	19	
𩸛	魚	19	
𩸜	魚	19	
𩸝	魚	19	
𩸞	魚	19	
𩸟	魚	19	
𩸠	魚	19	
𩸡	魚	19	
𩸢	魚	19	
𩸣	魚	19	
𩸤	魚	19	
𩸥	魚	19	
𩸦	魚	19	
𩸧	魚	19	
𩸨	魚	19	
𩸩	魚	19	
𩸪	魚	19	
𩸫	魚	19	
𩸬	魚	19	
𩸭	魚	19	
𩸮	魚	19	
𩸯	魚	19	
𩸰	魚	19	
𩸱	魚	19	
𩸲	魚	19	
𩸳	魚	19	
𩸴	魚	19	
𩸵	魚	19	
𩸶	魚	19	
𩸷	魚	19	
𩸸	魚	19	
𩸹	魚	19	
𩸺	魚	19	
𩸻	魚	19	
𩸼	魚	19	
𩸽	魚	19	
𩸾	魚	20	
𩸿	魚	20	
𩹀	魚	20	
𩹁	魚	20	
𩹂	魚	20	
𩹃	魚	20	
𩹄	魚	20	
𩹅	魚	20	
𩹆	魚	20	
𩹇	魚	20	
𩹈	魚	20	
𩹉	魚	20	
𩹊	魚	20	
𩹋	魚	20	
𩹌	魚	20	
𩹍	魚	20	
𩹎	魚	20	
𩹏	魚	20	
𩹐	魚	20	
𩹑	魚	20	
𩹒	魚	20	
𩹓	魚	20	
𩹔	魚	20	
𩹕	魚	20	
𩹖	魚	20	
𩹗	魚	20	
𩹘	魚	20	
𩹙	魚	20	
𩹚	魚	20	
𩹛	魚	20	
𩹜	魚	20	
𩹝	魚	20	
𩹞	魚	20	
𩹟	魚	20	
𩹠	魚	20	
𩹡	魚	20	
𩹢	魚	20	
𩹣	魚	20	
𩹤	魚	20	
𩹥	魚	20	
𩹦	魚	20	
𩹧	魚	20	
𩹨	魚	20	
𩹩	魚	20	
𩹪	魚	20	
𩹫	魚	20	
𩹬	魚	20	
𩹭	魚	20	
𩹮	魚	20	
𩹯	魚	20	
𩹰	魚	20	
𩹱	魚	21	
𩹲	魚	21	
𩹳	魚	21	
𩹴	魚	21	
𩹵	魚	21	
𩹶	魚	21	
𩹷	魚	21	
𩹸	魚	21	
𩹹	魚	21	
𩹺	魚	21	
𩹻	魚	21	
𩹼	魚	21	
𩹽	魚	21	
𩹾	魚	21	
𩹿	魚	21	
𩺀	魚	21	
𩺁	魚	21	
𩺂	魚	21	
𩺃	魚	21	
𩺄	魚	21	
𩺅	魚	21	
𩺆	魚	21	
𩺇	魚	21	
𩺈	魚	21	
𩺉	魚	21	
𩺊	魚	21	
𩺋	魚	21	
𩺌	魚	21	
𩺍	魚	21	
𩺎	魚	21	
𩺏	魚	21	
𩺐	魚	21	
𩺑	魚	21	
𩺒	魚	21	
𩺓	魚	21	
𩺔	魚	21	
𩺕	魚	21	
𩺖	魚	21	
𩺗	魚	21	
𩺘	魚	21	
𩺙	魚	21	
𩺚	魚	21	
𩺛	魚	21	
𩺜	魚	21	
𩺝	魚	21	
𩺞	魚	21	
𩺟	魚	21	
𩺠	魚	21	
𩺡	魚	21	
𩺢	魚	21	
𩺣	魚	21	
𩺤	魚	21	
𩺥	魚	21	
𩺦	魚	21	
𩺧	魚	21	
𩺨	魚	21	
𩺩	魚	21	
𩺪	魚	21	
𩺫	魚	21	
𩺬	魚	21	
𩺭	魚	22	
𩺮	魚	22	
𩺯	魚	22	
𩺰	魚	22	
𩺱	魚	22	
𩺲	魚	22	
𩺳	魚	22	
𩺴	魚	22	
𩺵	魚	22	
𩺶	魚	22	
𩺷	魚	22	
𩺸	魚	22	
𩺹	魚	22	
𩺺	魚	22	
𩺻	魚	22	
𩺼	魚	22	
𩺽	魚	22	
𩺾	魚	22	
𩺿	魚	22	
𩻀	魚	22	
𩻁	魚	22	
𩻂	魚	22	
𩻃	魚	22	
𩻄	魚	22	
𩻅	魚	22	
𩻆	魚	22	
𩻇	魚	22	
𩻈	魚	22	
𩻉	魚	22	
𩻊	魚	22	
𩻋	魚	22	
𩻌	魚	22	
𩻍	魚	22	
𩻎	魚	22	
𩻏	魚	22	
𩻐	魚	22	
𩻑	魚	22	
𩻒	魚	22	
𩻓	魚	22	
𩻔	魚	22	
𩻕	魚	22	
𩻖	魚	22	
𩻗	魚	22	
𩻘	魚	23	
𩻙	魚	23	
𩻚	魚	23	
𩻛	魚	23	
𩻜	魚	23	
𩻝	魚	23	
𩻞	魚	23	
𩻟	魚	23	
𩻠	魚	23	
𩻡	魚	23	
𩻢	魚	23	
𩻣	魚	23	
𩻤	魚	23	
𩻥	魚	23	
𩻦	魚	23	
𩻧	魚	23	
𩻨	魚	23	
𩻩	魚	23	
𩻪	魚	23	
𩻫	魚	23	
𩻬	魚	23	
𩻭	魚	23	
𩻮	魚	23	
𩻯	魚	23	
𩻰	魚	23	
𩻱	魚	23	
𩻲	魚	23	
𩻳	魚	23	
𩻴	魚	23	
𩻵	魚	23	
𩻶	魚	23	
𩻷	魚	23	
𩻸	魚	23	
𩻹	魚	23	
𩻺	魚	23	
𩻻	魚	23	
𩻼	魚	23	
𩻽	魚	23	
𩻾	魚	23	
𩻿	魚	23	
𩼀	魚	23	
𩼁	魚	23	
𩼂	魚	24	
𩼃	魚	24	
𩼄	魚	24	
𩼅	魚	24	
𩼆	魚	24	
𩼇	魚	24	
𩼈	魚	24	
𩼉	魚	24	
𩼊	魚	24	
𩼋	魚	24	
𩼌	魚	24	
𩼍	魚	24	
𩼎	魚	24	
𩼏	魚	24	
𩼐	魚	24	
𩼑	魚	24	
𩼒	魚	24	
𩼓	魚	24	
𩼔	魚	24	
𩼕	魚	24	
𩼖	魚	24	
𩼗	魚	24	
𩼘	魚	24	
𩼙	魚	24	
𩼚	魚	24	
𩼛	魚	24	
𩼜	魚	24	
𩼝	魚	24	
𩼞	魚	24	
𩼟	魚	24	
𩼠	魚	24	
𩼡	魚	24	
𩼢	魚	24	
𩼣	魚	24	
𩼤	魚	24	
𩼥	魚	25	
𩼦	魚	25	
𩼧	魚	25	
𩼨	魚	25	
𩼩	魚	25	
𩼪	魚	25	
𩼫	魚	25	
𩼬	魚	25	
𩼭	魚	25	
𩼮	魚	25	
𩼯	魚	25	
𩼰	魚	25	
𩼱	魚	25	
𩼲	魚	25	
𩼳	魚	25	
𩼴	魚	25	
𩼵	魚	25	
𩼶	魚	25	
𩼷	魚	25	
𩼸	魚	25	
𩼹	魚	25	
𩼺	魚	25	
𩼻	魚	26	
𩼼	魚	26	
𩼽	魚	26	
𩼾	魚	26	
𩼿	魚	26	
𩽀	魚	26	
𩽁	魚	26	
𩽂	魚	26	
𩽃	魚	26	
𩽄	魚	26	
𩽅	魚	26	
𩽆	魚	26	
𩽇	魚	26	
𩽈	魚	26	
𩽉	魚	26	
𩽊	魚	26	
𩽋	魚	26	
𩽌	魚	26	
𩽍	魚	27	
𩽎	魚	27	
𩽏	魚	27	
𩽐	魚	27	
𩽑	魚	27	
𩽒	魚	27	
𩽓	魚	27	
𩽔	魚	27	
𩽕	魚	27	
𩽖	魚	27	
𩽗	魚	27	
𩽘	魚	27	
𩽙	魚	27	
𩽚	魚	28	
𩽛	魚	28	
𩽜	魚	28	
𩽝	魚	28	
𩽞	魚	28	
𩽟	魚	28	
𩽠	魚	28	
𩽡	魚	28	
𩽢	魚	28	
𩽣	魚	28	
𩽤	魚	28	
𩽥	魚	28	
𩽦	魚	28	
𩽧	魚	29	
𩽨	魚	29	
𩽩	魚	29	
𩽪	魚	29	
𩽫	魚	29	
𩽬	魚	29	
𩽭	魚	29	
𩽮	魚	29	
𩽯	魚	29	
𩽰	魚	30	
𩽱	魚	30	
𩽲	魚	30	
𩽳	魚	31	
𩽴	魚	31	
𩽵	魚	32	
𩽶	魚	32	
𩽷	魚	32	
𩽸	魚	32	
𩽹		12	
𩽺		12	
𩽻		12	
𩽼		14	
𩽽		14	
𩽾		14	
𩽿		14	
𩾀	魚	13	
𩾁		15	
𩾂		15	
𩾃		15	
𩾄		15	
𩾅		16	
𩾆		16	
𩾇		16	
𩾈		16	
𩾉	魚	15	
𩾊		17	
𩾋		17	
𩾌		19	
𩾍	魚	21	
𩾎		23	
𩾏	鳥	12	
𩾐	鳥	12	
𩾑	鳥	12	
𩾒	鳥	13	
𩾓	鳥	13	
𩾔	鳥	13	
𩾕	鳥	13	
𩾖	鳥	13	
𩾗	鳥	13	
𩾘	鳥	13	
𩾙	鳥	13	
𩾚	鳥	13	
𩾛	鳥	13	
𩾜	鳥	13	
𩾝	鳥	14	
𩾞	鳥	14	
𩾟	鳥	14	
𩾠	鳥	14	
𩾡	鳥	14	
𩾢	鳥	14	
𩾣	鳥	14	
𩾤	鳥	14	
𩾥	鳥	14	
𩾦	鳥	14	
𩾧	鳥	14	
𩾨	鳥	14	
𩾩	鳥	14	
𩾪	鳥	14	
𩾫	鳥	14	
𩾬	鳥	14	
𩾭	鳥	14	
𩾮	鳥	14	
𩾯	鳥	14	
𩾰	鳥	15	
𩾱	鳥	15	
𩾲	鳥	15	
𩾳	鳥	15	
𩾴	鳥	15	
𩾵	鳥	15	
𩾶	鳥	15	
𩾷	鳥	15	
𩾸	鳥	15	
𩾹	鳥	15	
𩾺	鳥	15	
𩾻	鳥	15	
𩾼	鳥	15	
𩾽	鳥	15	
𩾾	鳥	15	
𩾿	鳥	15	
𩿀	鳥	15	
𩿁	鳥	15	
𩿂	鳥	15	
𩿃	鳥	15	
𩿄	鳥	15	
𩿅	鳥	15	
𩿆	鳥	15	
𩿇	鳥	15	
𩿈	鳥	15	
𩿉	鳥	15	
𩿊	鳥	15	
𩿋	鳥	15	
𩿌	鳥	15	
𩿍	鳥	15	
𩿎	鳥	15	
𩿏	鳥	15	
𩿐	鳥	15	
𩿑	鳥	15	
𩿒	鳥	15	
𩿓	鳥	15	
𩿔	鳥	15	
𩿕	鳥	15	
𩿖	鳥	15	
𩿗	鳥	15	
𩿘	鳥	15	
𩿙	鳥	15	
𩿚	鳥	15	
𩿛	鳥	15	
𩿜	鳥	16	
𩿝	鳥	16	
𩿞	鳥	16	
𩿟	鳥	16	
𩿠	鳥	16	
𩿡	鳥	16	
𩿢	鳥	16	
𩿣	鳥	16	
𩿤	鳥	16	
𩿥	鳥	16	
𩿦	鳥	16	
𩿧	鳥	16	
𩿨	鳥	16	
𩿩	鳥	16	
𩿪	鳥	16	
𩿫	鳥	16	
𩿬	鳥	16	
𩿭	鳥	16	
𩿮	鳥	16	
𩿯	鳥	16	
𩿰	鳥	16	
𩿱	鳥	16	
𩿲	鳥	16	
𩿳	鳥	16	
𩿴	鳥	16	
𩿵	鳥	16	
𩿶	鳥	16	
𩿷	鳥	16	
𩿸	鳥	16	
𩿹	鳥	16	
𩿺	鳥	16	
𩿻	鳥	16	
𩿼	鳥	16	
𩿽	鳥	16	
𩿾	鳥	16	
𩿿	鳥	16	
𪀀	鳥	16	
𪀁	鳥	16	
𪀂	鳥	16	
𪀃	鳥	16	
𪀄	鳥	16	
𪀅	鳥	16	
𪀆	鳥	16	
𪀇	鳥	16	
𪀈	鳥	16	
𪀉	鳥	16	
𪀊	鳥	16	
𪀋	鳥	16	
𪀌	鳥	16	
𪀍	鳥	16	
𪀎	鳥	16	
𪀏	鳥	16	
𪀐	鳥	16	
𪀑	鳥	16	
𪀒	鳥	17	
𪀓	鳥	17	
𪀔	鳥	17	
𪀕	鳥	17	
𪀖	鳥	17	
𪀗	鳥	17	
𪀘	鳥	17	
𪀙	鳥	17	
𪀚	鳥	17	
𪀛	鳥	17	
𪀜	鳥	17	
𪀝	鳥	17	
𪀞	鳥	17	
𪀟	鳥	17	
𪀠	鳥	17	
𪀡	鳥	17	
𪀢	鳥	17	
𪀣	鳥	17	
𪀤	鳥	17	
𪀥	鳥	17	
𪀦	鳥	17	
𪀧	鳥	17	
𪀨	鳥	17	
𪀩	鳥	17	
𪀪	鳥	17	
𪀫	鳥	17	
𪀬	鳥	17	
𪀭	鳥	17	
𪀮	鳥	17	
𪀯	鳥	17	
𪀰	鳥	17	
𪀱	鳥	17	
𪀲	鳥	17	
𪀳	鳥	17	
𪀴	鳥	17	
𪀵	鳥	17	
𪀶	鳥	17	
𪀷	鳥	17	
𪀸	鳥	17	
𪀹	鳥	17	
𪀺	鳥	17	
𪀻	鳥	17	
𪀼	鳥	17	
𪀽	鳥	17	
𪀾	鳥	17	
𪀿	鳥	17	
𪁀	鳥	17	
𪁁	鳥	17	
𪁂	鳥	17	
𪁃	鳥	17	
𪁄	鳥	17	
𪁅	鳥	17	
𪁆	鳥	17	
𪁇	鳥	17	
𪁈	鳥	17	
𪁉	鳥	17	
𪁊	鳥	18	
𪁋	鳥	18	
𪁌	鳥	18	
𪁍	鳥	18	
𪁎	鳥	18	
𪁏	鳥	18	
𪁐	鳥	18	
𪁑	鳥	18	
𪁒	鳥	18	
𪁓	鳥	18	
𪁔	鳥	18	
𪁕	鳥	18	
𪁖	鳥	18	
𪁗	鳥	18	
𪁘	鳥	18	
𪁙	鳥	18	
𪁚	鳥	18	
𪁛	鳥	18	
𪁜	鳥	18	
𪁝	鳥	18	
𪁞	鳥	18	
𪁟	鳥	18	
𪁠	鳥	18	
𪁡	鳥	18	
𪁢	鳥	18	
𪁣	鳥	18	
𪁤	鳥	18	
𪁥	鳥	18	
𪁦	鳥	18	
𪁧	鳥	18	
𪁨	鳥	18	
𪁩	鳥	18	
𪁪	鳥	18	
𪁫	鳥	18	
𪁬	鳥	18	
𪁭	鳥	18	
𪁮	鳥	18	
𪁯	鳥	18	
𪁰	鳥	18	
𪁱	鳥	18	
𪁲	鳥	18	
𪁳	鳥	18	
𪁴	鳥	18	
𪁵	鳥	18	
𪁶	鳥	18	
𪁷	鳥	19	
𪁸	鳥	19	
𪁹	鳥	19	
𪁺	鳥	19	
𪁻	鳥	19	
𪁼	鳥	19	
𪁽	鳥	19	
𪁾	鳥	19	
𪁿	鳥	19	
𪂀	鳥	19	
𪂁	鳥	19	
𪂂	鳥	19	
𪂃	鳥	19	
𪂄	鳥	19	
𪂅	鳥	19	
𪂆	鳥	19	
𪂇	鳥	19	
𪂈	鳥	19	
𪂉	鳥	19	
𪂊	鳥	19	
𪂋	鳥	19	
𪂌	鳥	19	
𪂍	鳥	19	
𪂎	鳥	19	
𪂏	鳥	19	
𪂐	鳥	19	
𪂑	鳥	19	
𪂒	鳥	19	
𪂓	鳥	19	
𪂔	鳥	19	
𪂕	鳥	19	
𪂖	鳥	19	
𪂗	鳥	19	
𪂘	鳥	19	
𪂙	鳥	19	
𪂚	鳥	19	
𪂛	鳥	19	
𪂜	鳥	19	
𪂝	鳥	19	
𪂞	鳥	19	
𪂟	鳥	19	
𪂠	鳥	19	
𪂡	鳥	19	
𪂢	鳥	19	
𪂣	鳥	19	
𪂤	鳥	19	
𪂥	鳥	19	
𪂦	鳥	19	
𪂧	鳥	19	
𪂨	鳥	19	
𪂩	鳥	19	
𪂪	鳥	19	
𪂫	鳥	19	
𪂬	鳥	19	
𪂭	鳥	19	
𪂮	鳥	19	
𪂯	鳥	19	
𪂰	鳥	19	
𪂱	鳥	19	
𪂲	鳥	19	
𪂳	鳥	19	
𪂴	鳥	19	
𪂵	鳥	19	
𪂶	鳥	20	
𪂷	鳥	20	
𪂸	鳥	20	
𪂹	鳥	20	
𪂺	鳥	20	
𪂻	鳥	20	
𪂼	鳥	20	
𪂽	鳥	20	
𪂾	鳥	20	
𪂿	鳥	20	
𪃀	鳥	20	
𪃁	鳥	20	
𪃂	鳥	20	
𪃃	鳥	20	
𪃄	鳥	20	
𪃅	鳥	20	
𪃆	鳥	20	
𪃇	鳥	20	
𪃈	鳥	20	
𪃉	鳥	20	
𪃊	鳥	20	
𪃋	鳥	20	
𪃌	鳥	20	
𪃍	鳥	20	
𪃎	鳥	20	
𪃏	鳥	20	
𪃐	鳥	20	
𪃑	鳥	20	
𪃒	鳥	20	
𪃓	鳥	20	
𪃔	鳥	20	
𪃕	鳥	20	
𪃖	鳥	20	
𪃗	鳥	20	
𪃘	鳥	20	
𪃙	鳥	20	
𪃚	鳥	20	
𪃛	鳥	20	
𪃜	鳥	20	
𪃝	鳥	20	
𪃞	鳥	20	
𪃟	鳥	20	
𪃠	鳥	20	
𪃡	鳥	20	
𪃢	鳥	20	
𪃣	鳥	20	
𪃤	鳥	20	
𪃥	鳥	20	
𪃦	鳥	20	
𪃧	鳥	20	
𪃨	鳥	20	
𪃩	鳥	20	
𪃪	鳥	20	
𪃫	鳥	20	
𪃬	鳥	20	
𪃭	鳥	20	
𪃮	鳥	20	
𪃯	鳥	20	
𪃰	鳥	20	
𪃱	鳥	20	
𪃲	鳥	20	
𪃳	鳥	20	
𪃴	鳥	20	
𪃵	鳥	20	
𪃶	鳥	20	
𪃷	鳥	20	
𪃸	鳥	20	
𪃹	鳥	20	
𪃺	鳥	21	
𪃻	鳥	21	
𪃼	鳥	21	
𪃽	鳥	21	
𪃾	鳥	21	
𪃿	鳥	21	
𪄀	鳥	21	
𪄁	鳥	21	
𪄂	鳥	21	
𪄃	鳥	21	
𪄄	鳥	21	
𪄅	鳥	21	
𪄆	鳥	21	
𪄇	鳥	21	
𪄈	鳥	21	
𪄉	鳥	21	
𪄊	鳥	21	
𪄋	鳥	21	
𪄌	鳥	21	
𪄍	鳥	21	
𪄎	鳥	21	
𪄏	鳥	21	
𪄐	鳥	21	
𪄑	鳥	21	
𪄒	鳥	21	
𪄓	鳥	21	
𪄔	鳥	21	
𪄕	鳥	21	
𪄖	鳥	21	
𪄗	鳥	21	
𪄘	鳥	21	
𪄙	鳥	21	
𪄚	鳥	21	
𪄛	鳥	21	
𪄜	鳥	21	
𪄝	鳥	21	
𪄞	鳥	21	
𪄟	鳥	21	
𪄠	鳥	21	
𪄡	鳥	21	
𪄢	鳥	21	
𪄣	鳥	21	
𪄤	鳥	21	
𪄥	鳥	21	
𪄦	鳥	21	
𪄧	鳥	21	
𪄨	鳥	21	
𪄩	鳥	21	
𪄪	鳥	21	
𪄫	鳥	21	
𪄬	鳥	21	
𪄭	鳥	22	
𪄮	鳥	22	
𪄯	鳥	22	
𪄰	鳥	22	
𪄱	鳥	22	
𪄲	鳥	22	
𪄳	鳥	22	
𪄴	鳥	22	
𪄵	鳥	22	
𪄶	鳥	22	
𪄷	鳥	22	
𪄸	鳥	22	
𪄹	鳥	22	
𪄺	鳥	22	
𪄻	鳥	22	
𪄼	鳥	22	
𪄽	鳥	22	
𪄾	鳥	22	
𪄿	鳥	22	
𪅀	鳥	22	
𪅁	鳥	22	
𪅂	鳥	22	
𪅃	鳥	22	
𪅄	鳥	22	
𪅅	鳥	22	
𪅆	鳥	22	
𪅇	鳥	22	
𪅈	鳥	22	
𪅉	鳥	22	
𪅊	鳥	22	
𪅋	鳥	22	
𪅌	鳥	22	
𪅍	鳥	22	
𪅎	鳥	22	
𪅏	鳥	22	
𪅐	鳥	22	
𪅑	鳥	22	
𪅒	鳥	22	
𪅓	鳥	22	
𪅔	鳥	22	
𪅕	鳥	22	
𪅖	鳥	22	
𪅗	鳥	22	
𪅘	鳥	22	
𪅙	鳥	22	
𪅚	鳥	22	
𪅛	鳥	22	
𪅜	鳥	22	
𪅝	鳥	22	
𪅞	鳥	22	
𪅟	鳥	22	
𪅠	鳥	22	
𪅡	鳥	22	
𪅢	鳥	22	
𪅣	鳥	22	
𪅤	鳥	22	
𪅥	鳥	22	
𪅦	鳥	22	
𪅧	鳥	22	
𪅨	鳥	22	
𪅩	鳥	22	
𪅪	鳥	22	
𪅫	鳥	22	
𪅬	鳥	22	
𪅭	鳥	22	
𪅮	鳥	22	
𪅯	鳥	23	
𪅰	鳥	23	
𪅱	鳥	23	
𪅲	鳥	23	
𪅳	鳥	23	
𪅴	鳥	23	
𪅵	鳥	23	
𪅶	鳥	23	
𪅷	鳥	23	
𪅸	鳥	23	
𪅹	鳥	23	
𪅺	鳥	23	
𪅻	鳥	23	
𪅼	鳥	23	
𪅽	鳥	23	
𪅾	鳥	23	
𪅿	鳥	23	
𪆀	鳥	23	
𪆁	鳥	23	
𪆂	鳥	23	
𪆃	鳥	23	
𪆄	鳥	23	
𪆅	鳥	23	
𪆆	鳥	23	
𪆇	鳥	23	
𪆈	鳥	23	
𪆉	鳥	23	
𪆊	鳥	23	
𪆋	鳥	23	
𪆌	鳥	23	
𪆍	鳥	23	
𪆎	鳥	23	
𪆏	鳥	23	
𪆐	鳥	23	
𪆑	鳥	23	
𪆒	鳥	23	
𪆓	鳥	23	
𪆔	鳥	23	
𪆕	鳥	23	
𪆖	鳥	23	
𪆗	鳥	23	
𪆘	鳥	23	
𪆙	鳥	23	
𪆚	鳥	23	
𪆛	鳥	23	
𪆜	鳥	23	
𪆝	鳥	23	
𪆞	鳥	23	
𪆟	鳥	23	
𪆠	鳥	23	
𪆡	鳥	23	
𪆢	鳥	23	
𪆣	鳥	23	
𪆤	鳥	23	
𪆥	鳥	23	
𪆦	鳥	23	
𪆧	鳥	23	
𪆨	鳥	23	
𪆩	鳥	23	
𪆪	鳥	23	
𪆫	鳥	23	
𪆬	鳥	24	
𪆭	鳥	23	
𪆮	鳥	24	
𪆯	鳥	24	
𪆰	鳥	24	
𪆱	鳥	24	
𪆲	鳥	24	
𪆳	鳥	24	
𪆴	鳥	24	
𪆵	鳥	24	
𪆶	鳥	24	
𪆷	鳥	24	
𪆸	鳥	24	
𪆹	鳥	24	
𪆺	鳥	24	
𪆻	鳥	24	
𪆼	鳥	24	
𪆽	鳥	24	
𪆾	鳥	24	
𪆿	鳥	24	
𪇀	鳥	24	
𪇁	鳥	24	
𪇂	鳥	24	
𪇃	鳥	24	
𪇄	鳥	24	
𪇅	鳥	24	
𪇆	鳥	24	
𪇇	鳥	24	
𪇈	鳥	24	
𪇉	鳥	24	
𪇊	鳥	24	
𪇋	鳥	24	
𪇌	鳥	24	
𪇍	鳥	24	
𪇎	鳥	24	
𪇏	鳥	24	
𪇐	鳥	24	
𪇑	鳥	25	
𪇒	鳥	25	
𪇓	鳥	25	
𪇔	鳥	25	
𪇕	鳥	25	
𪇖	鳥	25	
𪇗	鳥	25	
𪇘	鳥	25	
𪇙	鳥	25	
𪇚	鳥	25	
𪇛	鳥	25	
𪇜	鳥	25	
𪇝	鳥	25	
𪇞	鼓	25	
𪇟	鳥	25	
𪇠	鳥	25	
𪇡	鳥	25	
𪇢	鳥	25	
𪇣	鳥	25	
𪇤	鳥	25	
𪇥	鳥	25	
𪇦	鳥	25	
𪇧	鳥	25	
𪇨	鳥	25	
𪇩	鳥	25	
𪇪	鳥	25	
𪇫	鳥	25	
𪇬	鳥	25	
𪇭	鳥	26	
𪇮	鳥	26	
𪇯	鳥	26	
𪇰	鳥	26	
𪇱	鳥	26	
𪇲	鳥	26	
𪇳	鳥	26	
𪇴	鳥	26	
𪇵	鳥	26	
𪇶	鳥	26	
𪇷	鳥	26	
𪇸	鳥	26	
𪇹	鳥	26	
𪇺	鳥	26	
𪇻	鳥	26	
𪇼	鳥	26	
𪇽	鳥	26	
𪇾	鳥	26	
𪇿	鳥	26	
𪈀	鳥	26	
𪈁	鳥	26	
𪈂	鳥	26	
𪈃	鳥	27	
𪈄	鳥	27	
𪈅	鳥	27	
𪈆	鳥	27	
𪈇	鳥	27	
𪈈	鳥	27	
𪈉	鳥	27	
𪈊	鳥	27	
𪈋	鳥	27	
𪈌	鳥	27	
𪈍	鳥	27	
𪈎	鳥	27	
𪈏	鳥	27	
𪈐	鳥	27	
𪈑	鳥	27	
𪈒	鳥	27	
𪈓	鳥	27	
𪈔	鳥	27	
𪈕	鳥	27	
𪈖	鳥	27	
𪈗	鳥	27	
𪈘	鳥	28	
𪈙	鳥	28	
𪈚	鳥	28	
𪈛	鳥	28	
𪈜	鳥	28	
𪈝	鳥	28	
𪈞	鳥	28	
𪈟	鳥	28	
𪈠	鳥	28	
𪈡	鳥	28	
𪈢	鳥	28	
𪈣	鳥	28	
𪈤	鳥	28	
𪈥	鳥	29	
𪈦	鳥	29	
𪈧	鳥	29	
𪈨	鳥	29	
𪈩	鳥	29	
𪈪	鳥	29	
𪈫	鳥	29	
𪈬	鳥	29	
𪈭	鳥	29	
𪈮	鳥	30	
𪈯	鳥	30	
𪈰	鳥	30	
𪈱	鳥	30	
𪈲	鳥	30	
𪈳	鳥	30	
𪈴	鳥	31	
𪈵	鳥	31	
𪈶	鳥	31	
𪈷	鳥	31	
𪈸	鳥	32	
𪈹	鳥	32	
𪈺	鳥	32	
𪈻	鳥	33	
𪈼	鳥	33	
𪈽	鳥	33	
𪈾	鳥	35	
𪈿	鳥	36	
𪉀	鳥	36	
𪉁		9	
𪉂		9	
𪉃		9	
𪉄		10	
𪉅		11	
𪉆		11	
𪉇		11	
𪉈		11	
𪉉		11	
𪉊		11	
𪉋		11	
𪉌		12	
𪉍		12	
𪉎		13	
𪉏		14	
𪉐		14	
𪉑		15	
𪉒		15	
𪉓		15	
𪉔		15	
𪉕		20	
𪉖	鹵	14	
𪉗	鹵	14	
𪉘	鹵	15	
𪉙	鹵	15	
𪉚	鹵	15	
𪉛	鹵	15	
𪉜	鹵	16	
𪉝	鹵	16	
𪉞	鹵	16	
𪉟	鹵	16	
𪉠	鹵	16	
𪉡	鹵	16	
𪉢	鹵	17	
𪉣	鹵	18	
𪉤	鹵	18	
𪉥	鹵	18	
𪉦	鹵	19	
𪉧	鹵	19	
𪉨	鹵	19	
𪉩	鹵	19	
𪉪	鹵	19	
𪉫	鹵	19	
𪉬	鹵	19	
𪉭	鹵	20	
𪉮	鹵	20	
𪉯	鹵	20	
𪉰	鹵	20	
𪉱	鹵	20	
𪉲	鹵	20	
𪉳	鹵	20	
𪉴	鹵	20	
𪉵	鹵	21	
𪉶	鹵	21	
𪉷	鹵	21	
𪉸	鹵	21	
𪉹	鹵	21	
𪉺	鹵	22	
𪉻	鹵	22	
𪉼	鹵	22	
𪉽	鹵	22	
𪉾	鹵	22	
𪉿	鹵	23	
𪊀	鹵	23	
𪊁	鹵	23	
𪊂	鹵	23	
𪊃	鹵	24	
𪊄	鹵	24	
𪊅	鹵	24	
𪊆	鹵	25	
𪊇	鹵	25	
𪊈	鹵	26	
𪊉	鹵	27	
𪊊	鹵	28	
𪊋	鹿	13	
𪊌	鹿	13	
𪊍	鹿	14	
𪊎	鹿	14	
𪊏	鹿	15	
𪊐	鹿	15	
𪊑	鹿	15	
𪊒	鹿	15	
𪊓	鹿	15	
𪊔	鹿	15	
𪊕	鹿	15	
𪊖	鹿	15	
𪊗	鹿	15	
𪊘	鹿	15	
𪊙	鹿	15	
𪊚	鹿	15	
𪊛	鹿	16	
𪊜	鹿	16	
𪊝	鹿	16	
𪊞	鹿	16	
𪊟	鹿	16	
𪊠	鹿	16	
𪊡	鹿	16	
𪊢	鹿	16	
𪊣	鹿	16	
𪊤	鹿	16	
𪊥	鹿	17	
𪊦	鹿	17	
𪊧	鹿	17	
𪊨	鹿	17	
𪊩	鹿	17	
𪊪	鹿	17	
𪊫	鹿	17	
𪊬	鹿	17	
𪊭	鹿	17	
𪊮	鹿	17	
𪊯	鹿	17	
𪊰	鹿	17	
𪊱	鹿	17	
𪊲	鹿	17	
𪊳	鹿	17	
𪊴	鹿	18	
𪊵	鹿	18	
𪊶	鹿	18	
𪊷	鹿	18	
𪊸	鹿	18	
𪊹	鹿	18	
𪊺	鹿	18	
𪊻	鹿	18	
𪊼	鹿	18	
𪊽	鹿	18	
𪊾	鹿	18	
𪊿	鹿	18	
𪋀	鹿	18	
𪋁	鹿	18	
𪋂	鹿	18	
𪋃	鹿	18	
𪋄	鹿	19	
𪋅	鹿	19	
𪋆	鹿	19	
𪋇	鹿	19	
𪋈	鹿	19	
𪋉	鹿	19	
𪋊	鹿	19	
𪋋	鹿	19	
𪋌	鹿	19	
𪋍	鹿	19	
𪋎	鹿	20	
𪋏	鹿	20	
𪋐	鹿	20	
𪋑	鹿	20	
𪋒	鹿	20	
𪋓	鹿	20	
𪋔	鹿	20	
𪋕	鹿	20	
𪋖	鹿	20	
𪋗	鹿	21	
𪋘	鹿	21	
𪋙	鹿	21	
𪋚	鹿	21	
𪋛	鹿	21	
𪋜	鹿	22	
𪋝	鹿	22	
𪋞	鹿	22	
𪋟	鹿	22	
𪋠	鹿	22	
𪋡	鹿	23	
𪋢	鹿	23	
𪋣	鹿	23	
𪋤	鹿	23	
𪋥	鹿	23	
𪋦	鹿	23	
𪋧	鹿	23	
𪋨	鹿	23	
𪋩	鹿	23	
𪋪	鹿	24	
𪋫	鹿	24	
𪋬	鹿	24	
𪋭	鹿	24	
𪋮	鹿	25	
𪋯	鹿	25	
𪋰	鹿	25	
𪋱	鹿	25	
𪋲	鹿	25	
𪋳	鹿	25	
𪋴	鹿	25	
𪋵	鹿	27	
𪋶	鹿	28	
𪋷	鹿	28	
𪋸	鹿	29	
𪋹	鹿	31	
𪋺	鹿	35	
𪋻	鹿	36	
𪋼	麥	13	
𪋽	麥	13	
𪋾	麥	13	
𪋿	麥	13	
𪌀	麥	13	
𪌁	麥	14	
𪌂	麥	14	
𪌃	麥	14	
𪌄	麥	14	
𪌅	麥	15	
𪌆	麥	15	
𪌇	麥	15	
𪌈	麥	15	
𪌉	麥	15	
𪌊	麥	15	
𪌋	麥	15	
𪌌	麥	15	
𪌍	麥	15	
𪌎	麥	15	
𪌏	麥	15	
𪌐	麥	15	
𪌑	麥	15	
𪌒	麥	15	
𪌓	麥	15	
𪌔	麥	16	
𪌕	麥	16	
𪌖	麥	16	
𪌗	麥	16	
𪌘	麥	16	
𪌙	麥	16	
𪌚	麥	16	
𪌛	夂	12	
𪌜	麥	16	
𪌝	麥	16	
𪌞	麥	16	
𪌟	麥	16	
𪌠	麥	16	
𪌡	麥	16	
𪌢	麥	17	
𪌣	麥	17	
𪌤	麥	17	
𪌥	麥	17	
𪌦	麥	17	
𪌧	麥	17	
𪌨	麥	17	
𪌩	麥	17	
𪌪	麥	17	
𪌫	麥	17	
𪌬	麥	17	
𪌭	麥	18	
𪌮	麥	18	
𪌯	麥	18	
𪌰	麥	18	
𪌱	麥	18	
𪌲	麥	18	
𪌳	麥	18	
𪌴	麥	18	
𪌵	麥	18	
𪌶	麥	18	
𪌷	麥	18	
𪌸	麥	18	
𪌹	麥	18	
𪌺	麥	18	
𪌻	麥	18	
𪌼	麥	19	
𪌽	麥	19	
𪌾	麥	19	
𪌿	麥	19	
𪍀	麥	19	
𪍁	麥	19	
𪍂	麥	19	
𪍃	麥	19	
𪍄	麥	19	
𪍅	麥	19	
𪍆	麥	19	
𪍇	麥	19	
𪍈	麥	19	
𪍉	麥	19	
𪍊	麥	19	
𪍋	麥	19	
𪍌	麥	20	
𪍍	麥	20	
𪍎	麥	20	
𪍏	麥	20	
𪍐	麥	20	
𪍑	麥	20	
𪍒	麥	20	
𪍓	麥	20	
𪍔	麥	20	
𪍕	麥	20	
𪍖	麥	20	
𪍗	麥	20	
𪍘	麥	20	
𪍙	麥	20	
𪍚	麥	20	
𪍛	麥	21	
𪍜	麥	21	
𪍝	麥	21	
𪍞	麥	21	
𪍟	麥	21	
𪍠	麥	21	
𪍡	麥	21	
𪍢	麥	21	
𪍣	麥	22	
𪍤	麥	22	
𪍥	麥	22	
𪍦	麥	22	
𪍧	麥	22	
𪍨	麥	22	
𪍩	麥	22	
𪍪	麥	22	
𪍫	麥	22	
𪍬	麥	22	
𪍭	麥	22	
𪍮	麥	22	
𪍯	麥	22	
𪍰	麥	22	
𪍱	麥	22	
𪍲	麥	23	
𪍳	麥	23	
𪍴	麥	23	
𪍵	麥	23	
𪍶	麥	23	
𪍷	麥	23	
𪍸	麥	24	
𪍹	麥	24	
𪍺	麥	24	
𪍻	麥	24	
𪍼	麥	24	
𪍽	麥	24	
𪍾	麥	24	
𪍿	麥	26	
𪎀	麥	26	
𪎁	麥	27	
𪎂	麥	27	
𪎃	麥	28	
𪎄	麥	28	
𪎅	麥	28	
𪎆	麥	30	
𪎇	麥	31	
𪎈		10	
𪎉		11	
𪎊		11	
𪎋		12	
𪎌		14	
𪎍		9	
𪎎		15	
𪎏		15	
𪎐		18	
𪎑	麻	13	
𪎒	麻	14	
𪎓	麻	14	
𪎔	麻	14	
𪎕	麻	15	
𪎖	麻	15	
𪎗	麻	15	
𪎘	麻	15	
𪎙	麻	15	
𪎚	麻	15	
𪎛	麻	16	
𪎜	麻	16	
𪎝	麻	16	
𪎞	麻	16	
𪎟	麻	16	
𪎠	麻	17	
𪎡	麻	17	
𪎢	麻	17	
𪎣	麻	18	
𪎤	麻	18	
𪎥	麻	19	
𪎦	麻	19	
𪎧	麻	19	
𪎨	麻	20	
𪎩	麻	20	
𪎪	麻	21	
𪎫	麻	21	
𪎬	麻	22	
𪎭	麻	23	
𪎮	麻	23	
𪎯	麻	23	
𪎰	麻	24	
𪎱	麻	25	
𪎲	麻	31	
𪎳	黃	13	
𪎴	黃	14	
𪎵	黃	15	
𪎶	黃	15	
𪎷	黃	15	
𪎸	黃	15	
𪎹	黃	15	
𪎺	黃	16	
𪎻	黃	17	
𪎼	黃	17	
𪎽	黃	17	
𪎾	黃	17	
𪎿	黃	17	
𪏀	黃	17	
𪏁	黃	17	
𪏂	黃	18	
𪏃	黃	18	
𪏄	黃	18	
𪏅	黃	18	
𪏆	黃	19	
𪏇	黃	19	
𪏈	黃	19	
𪏉	黃	19	
𪏊	黃	19	
𪏋	黃	19	
𪏌	黃	19	
𪏍	黃	19	
𪏎	黃	19	
𪏏	黃	19	
𪏐	黃	19	
𪏑	黃	19	
𪏒	黃	19	
𪏓	黃	20	
𪏔	黃	20	
𪏕	黃	20	
𪏖	黃	20	
𪏗	黃	20	
𪏘	黃	20	
𪏙	黃	21	
𪏚	黃	21	
𪏛	黃	21	
𪏜	黃	21	
𪏝	黃	21	
𪏞	黃	21	
𪏟	黃	22	
𪏠	黃	22	
𪏡	黃	22	
𪏢	黃	22	
𪏣	黃	22	
𪏤	黃	23	
𪏥	黃	23	
𪏦	黃	23	
𪏧	黃	24	
𪏨	黃	24	
𪏩	黃	24	
𪏪	黃	26	
𪏫	黃	27	
𪏬	黃	31	
𪏭	黍	14	
𪏮	黍	15	
𪏯	黍	15	
𪏰	黍	16	
𪏱	黍	16	
𪏲	黍	16	
𪏳	黍	16	
𪏴	黍	16	
𪏵	黍	16	
𪏶	黍	17	
𪏷	黍	17	
𪏸	黍	17	
𪏹	黍	17	
𪏺	黍	17	
𪏻	黍	17	
𪏼	黍	17	
𪏽	黍	17	
𪏾	黍	17	
𪏿	黍	18	
𪐀	黍	18	
𪐁	黍	19	
𪐂	黍	20	
𪐃	黍	20	
𪐄	黍	20	
𪐅	黍	20	
𪐆	黍	20	
𪐇	黍	21	
𪐈	黍	21	
𪐉	黍	21	
𪐊	黍	21	
𪐋	黍	22	
𪐌	黍	23	
𪐍	黍	23	
𪐎	黍	23	
𪐏	黍	23	
𪐐	黍	24	
𪐑	黍	26	
𪐒	黍	25	
𪐓	黍	26	
𪐔	黍	28	
𪐕	黍	28	
𪐖	黍	28	
𪐗	黑	12	
𪐘	黑	13	
𪐙	黑	14	
𪐚	黑	14	
𪐛	黑	14	
𪐜	黑	15	
𪐝	黑	15	
𪐞	黑	15	
𪐟	黑	15	
𪐠	黑	15	
𪐡	黑	15	
𪐢	黑	15	
𪐣	黑	15	
𪐤	黑	16	
𪐥	黑	16	
𪐦	黑	16	
𪐧	黑	16	
𪐨	黑	16	
𪐩	黑	16	
𪐪	黑	16	
𪐫	黑	16	
𪐬	黑	16	
𪐭	黑	16	
𪐮	黑	16	
𪐯	黑	16	
𪐰	黑	16	
𪐱	黑	16	
𪐲	黑	17	
𪐳	黑	17	
𪐴	黑	17	
𪐵	黑	17	
𪐶	黑	17	
𪐷	黑	17	
𪐸	黑	17	
𪐹	黑	17	
𪐺	黑	17	
𪐻	黑	17	
𪐼	黑	17	
𪐽	黑	17	
𪐾	黑	17	
𪐿	黑	18	
𪑀	黑	18	
𪑁	黑	18	
𪑂	黑	18	
𪑃	黑	18	
𪑄	黑	18	
𪑅	黑	18	
𪑆	黑	18	
𪑇	黑	18	
𪑈	黑	19	
𪑉	黑	19	
𪑊	黑	19	
𪑋	黑	19	
𪑌	黑	19	
𪑍	黑	19	
𪑎	黑	19	
𪑏	黑	19	
𪑐	黑	19	
𪑑	黑	19	
𪑒	黑	20	
𪑓	黑	20	
𪑔	黑	20	
𪑕	黑	20	
𪑖	黑	20	
𪑗	黑	20	
𪑘	黑	20	
𪑙	黑	20	
𪑚	黑	20	
𪑛	黑	20	
𪑜	黑	20	
𪑝	黑	20	
𪑞	黑	20	
𪑟	黑	20	
𪑠	黑	20	
𪑡	黑	20	
𪑢	黑	20	
𪑣	黑	21	
𪑤	黑	20	
𪑥	黑	21	
𪑦	黑	21	
𪑧	黑	21	
𪑨	黑	21	
𪑩	黑	21	
𪑪	黑	21	
𪑫	黑	21	
𪑬	黑	21	
𪑭	黑	21	
𪑮	黑	21	
𪑯	黑	21	
𪑰	黑	21	
𪑱	黑	21	
𪑲	黑	21	
𪑳	黑	21	
𪑴	黑	21	
𪑵	黑	21	
𪑶	黑	21	
𪑷	黑	21	
𪑸	黑	21	
𪑹	黑	21	
𪑺	黑	21	
𪑻	黑	21	
𪑼	黑	21	
𪑽	黑	21	
𪑾	黑	22	
𪑿	黑	22	
𪒀	黑	22	
𪒁	黑	22	
𪒂	黑	22	
𪒃	黑	22	
𪒄	黑	22	
𪒅	黑	22	
𪒆	黑	22	
𪒇	黑	22	
𪒈	黑	22	
𪒉	黑	22	
𪒊	黑	22	
𪒋	黑	22	
𪒌	黑	22	
𪒍	黑	22	
𪒎	黑	22	
𪒏	黑	23	
𪒐	黑	23	
𪒑	黑	23	
𪒒	黑	23	
𪒓	黑	23	
𪒔	黑	23	
𪒕	黑	23	
𪒖	黑	23	
𪒗	黑	23	
𪒘	黑	24	
𪒙	黑	24	
𪒚	黑	24	
𪒛	黑	24	
𪒜	黑	24	
𪒝	黑	24	
𪒞	黑	24	
𪒟	黑	24	
𪒠	黑	24	
𪒡	黑	24	
𪒢	黑	24	
𪒣	黑	24	
𪒤	黑	24	
𪒥	黑	24	
𪒦	黑	24	
𪒧	黑	24	
𪒨	黑	24	
𪒩	黑	25	
𪒪	黑	25	
𪒫	黑	25	
𪒬	黑	25	
𪒭	黑	25	
𪒮	黑	25	
𪒯	黑	25	
𪒰	黑	25	
𪒱	黑	25	
𪒲	黑	25	
𪒳	黑	25	
𪒴	黑	26	
𪒵	黑	26	
𪒶	黑	26	
𪒷	黑	26	
𪒸	黑	26	
𪒹	黑	27	
𪒺	黑	27	
𪒻	黑	27	
𪒼	黑	27	
𪒽	黑	27	
𪒾	黑	27	
𪒿	黑	28	
𪓀	黑	28	
𪓁	黑	28	
𪓂	黑	28	
𪓃	黑	29	
𪓄	黑	29	
𪓅	黑	30	
𪓆	黑	30	
𪓇	黑	32	
𪓈	黑	32	
𪓉	黑	38	
𪓊	黑	41	
𪓋	黹	18	
𪓌	黹	20	
𪓍	黹	21	
𪓎	黹	21	
𪓏	黹	21	
𪓐	黹	23	
𪓑	黽	14	
𪓒	黽	15	
𪓓	黽	15	
𪓔	黽	17	
𪓕	黽	17	
𪓖	黽	17	
𪓗	黽	17	
𪓘	黽	17	
𪓙	黽	17	
𪓚	黽	18	
𪓛	黽	18	
𪓜	黽	18	
𪓝	黽	18	
𪓞	黽	18	
𪓟	黽	18	
𪓠	黽	18	
𪓡	黽	19	
𪓢	黽	19	
𪓣	黽	19	
𪓤	黽	19	
𪓥	黽	19	
𪓦	黽	19	
𪓧	黽	20	
𪓨	黽	20	
𪓩	黽	20	
𪓪	黽	20	
𪓫	黽	20	
𪓬	黽	21	
𪓭	黽	21	
𪓮	黽	22	
𪓯	黽	22	
𪓰	黽	22	
𪓱	黽	22	
𪓲	黽	22	
𪓳	黽	22	
𪓴	黽	22	
𪓵	黽	22	
𪓶	黽	22	
𪓷	黽	23	
𪓸	黽	23	
𪓹	黽	24	
𪓺	黽	25	
𪓻	龜	25	
𪓼	黽	26	
𪓽	黽	25	
𪓾	黽	26	
𪓿	黽	27	
𪔀	黽	27	
𪔁	黽	28	
𪔂	鼎	12	
𪔃	鼎	14	
𪔄	鼎	15	
𪔅	鼎	15	
𪔆	鼎	15	
𪔇	鼎	16	
𪔈	鼎	18	
𪔉	鼎	22	
𪔊	鼎	27	
𪔋	鼓	16	
𪔌	鼓	16	
𪔍	鼓	17	
𪔎	鼓	17	
𪔏	鼓	17	
𪔐	鼓	18	
𪔑	鼓	18	
𪔒	鼓	18	
𪔓	鼓	18	
𪔔	鼓	19	
𪔕	鼓	19	
𪔖	鼓	19	
𪔗	鼓	19	
𪔘	鼓	19	
𪔙	鼓	19	
𪔚	鼓	19	
𪔛	鼓	19	
𪔜	鼓	20	
𪔝	鼓	20	
𪔞	鼓	20	
𪔟	鼓	20	
𪔠	鼓	20	
𪔡	鼓	20	
𪔢	鼓	21	
𪔣	鼓	21	
𪔤	鼓	21	
𪔥	鼓	21	
𪔦	鼓	22	
𪔧	鼓	22	
𪔨	鼓	22	
𪔩	鼓	22	
𪔪	鼓	22	
𪔫	鼓	22	
𪔬	鼓	22	
𪔭	鼓	22	
𪔮	鼓	23	
𪔯	鼓	24	
𪔰	鼓	24	
𪔱	鼓	24	
𪔲	鼓	24	
𪔳	鼓	25	
𪔴	鼓	25	
𪔵	鼓	26	
𪔶	鼓	27	
𪔷	鼓	29	
𪔸	鼠	15	
𪔹	鼠	15	
𪔺	鼠	16	
𪔻	鼠	16	
𪔼	鼠	16	
𪔽	鼠	17	
𪔾	鼠	17	
𪔿	鼠	17	
𪕀	鼠	17	
𪕁	鼠	17	
𪕂	鼠	17	
𪕃	鼠	17	
𪕄	鼠	17	
𪕅	鼠	17	
𪕆	鼠	17	
𪕇	鼠	17	
𪕈	鼠	17	
𪕉	鼠	18	
𪕊	鼠	18	
𪕋	鼠	18	
𪕌	鼠	18	
𪕍	鼠	18	
𪕎	鼠	18	
𪕏	鼠	18	
𪕐	鼠	18	
𪕑	鼠	18	
𪕒	鼠	19	
𪕓	鼠	19	
𪕔	鼠	19	
𪕕	鼠	19	
𪕖	鼠	19	
𪕗	鼠	19	
𪕘	鼠	19	
𪕙	鼠	19	
𪕚	鼠	20	
𪕛	鼠	20	
𪕜	鼠	20	
𪕝	鼠	20	
𪕞	鼠	20	
𪕟	鼠	19	
𪕠	鼠	20	
𪕡	鼠	20	
𪕢	鼠	20	
𪕣	鼠	20	
𪕤	鼠	20	
𪕥	鼠	20	
𪕦	鼠	20	
𪕧	鼠	20	
𪕨	鼠	21	
𪕩	鼠	21	
𪕪	鼠	21	
𪕫	鼠	22	
𪕬	鼠	22	
𪕭	鼠	22	
𪕮	鼠	22	
𪕯	鼠	22	
𪕰	鼠	22	
𪕱	鼠	22	
𪕲	鼠	22	
𪕳	鼠	22	
𪕴	鼠	22	
𪕵	鼠	23	
𪕶	鼠	23	
𪕷	鼠	23	
𪕸	鼠	23	
𪕹	鼠	23	
𪕺	鼠	23	
𪕻	鼠	23	
𪕼	鼠	23	
𪕽	鼠	23	
𪕾	鼠	23	
𪕿	鼻	24	
𪖀	鼠	24	
𪖁	鼠	24	
𪖂	鼠	24	
𪖃	鼠	24	
𪖄	鼠	24	
𪖅	鼠	25	
𪖆	鼠	25	
𪖇	鼠	25	
𪖈	鼠	25	
𪖉	鼠	25	
𪖊	鼠	26	
𪖋	鼠	27	
𪖌	鼠	29	
𪖍	鼠	29	
𪖎	鼠	30	
𪖏	鼠	31	
𪖐	鼻	15	
𪖑	鼻	16	
𪖒	鼻	16	
𪖓	鼻	17	
𪖔	鼻	17	
𪖕	鼻	18	
𪖖	鼻	18	
𪖗	鼻	18	
𪖘	鼻	18	
𪖙	鼻	18	
𪖚	鼻	19	
𪖛	鼻	19	
𪖜	鼻	19	
𪖝	鼻	19	
𪖞	鼻	19	
𪖟	鼻	19	
𪖠	鼻	19	
𪖡	鼻	20	
𪖢	鼻	20	
𪖣	鼻	20	
𪖤	鼻	20	
𪖥	鼻	21	
𪖦	鼻	21	
𪖧	鼻	21	
𪖨	鼻	21	
𪖩	鼻	21	
𪖪	鼻	21	
𪖫	鼻	21	
𪖬	鼻	21	
𪖭	鼻	22	
𪖮	鼻	22	
𪖯	鼻	23	
𪖰	鼻	23	
𪖱	鼻	23	
𪖲	鼻	23	
𪖳	鼻	24	
𪖴	鼻	24	
𪖵	鼻	24	
𪖶	鼻	25	
𪖷	鼻	25	
𪖸	鼻	25	
𪖹	鼻	25	
𪖺	鼻	25	
𪖻	鼻	26	
𪖼	鼻	26	
𪖽	鼻	26	
𪖾	鼻	27	
𪖿	鼻	27	
𪗀	鼻	27	
𪗁	鼻	30	
𪗂	鼻	31	
𪗃	鼻	32	
𪗄	齊	14	
𪗅	齊	16	
𪗆	齊	17	
𪗇	齊	18	
𪗈	齊	18	
𪗉	齊	19	
𪗊	齊	19	
𪗋	齊	20	
𪗌	齊	20	
𪗍	齊	22	
𪗎	齊	21	
𪗏	齊	25	
𪗐	齊	25	
𪗑	齊	25	
𪗒	齊	28	
𪗓	齊	30	
𪗔	齒	17	
𪗕	齒	17	
𪗖	齒	17	
𪗗	齒	17	
𪗘	齒	18	
𪗙	齒	18	
𪗚	齒	18	
𪗛	齒	19	
𪗜	齒	19	
𪗝	齒	19	
𪗞	齒	19	
𪗟	齒	19	
𪗠	齒	19	
𪗡	齒	19	
𪗢	齒	19	
𪗣	齒	19	
𪗤	齒	19	
𪗥	齒	20	
𪗦	齒	20	
𪗧	齒	20	
𪗨	齒	20	
𪗩	齒	20	
𪗪	齒	20	
𪗫	齒	20	
𪗬	齒	20	
𪗭	齒	20	
𪗮	齒	20	
𪗯	齒	20	
𪗰	齒	20	
𪗱		17	
𪗲	齒	20	
𪗳	齒	20	
𪗴	齒	20	
𪗵	齒	20	
𪗶	齒	20	
𪗷	齒	21	
𪗸	齒	21	
𪗹	齒	21	
𪗺	齒	21	
𪗻	齒	21	
𪗼	齒	21	
𪗽	齒	21	
𪗾	齒	21	
𪗿	齒	21	
𪘀	齒	21	
𪘁	齒	21	
𪘂		18	
𪘃	齒	21	
𪘄	齒	21	
𪘅	齒	21	
𪘆	齒	21	
𪘇	齒	21	
𪘈	齒	21	
𪘉	齒	21	
𪘊	齒	21	
𪘋	齒	21	
𪘌	齒	21	
𪘍	齒	21	
𪘎	齒	22	
𪘏	齒	22	
𪘐	齒	22	
𪘑	齒	22	
𪘒	齒	22	
𪘓	齒	22	
𪘔	齒	22	
𪘕	齒	22	
𪘖	齒	22	
𪘗	齒	22	
𪘘	齒	22	
𪘙	齒	22	
𪘚		19	
𪘛	齒	22	
𪘜	齒	22	
𪘝	齒	22	
𪘞	齒	22	
𪘟	齒	22	
𪘠	齒	22	
𪘡	齒	22	
𪘢	齒	22	
𪘣	齒	22	
𪘤	齒	22	
𪘥	齒	23	
𪘦	齒	23	
𪘧	齒	23	
𪘨	齒	23	
𪘩	齒	23	
𪘪	齒	23	
𪘫	齒	23	
𪘬	齒	23	
𪘭	齒	23	
𪘮	齒	23	
𪘯	齒	23	
𪘰	齒	23	
𪘱	齒	23	
𪘲	齒	23	
𪘳	齒	23	
𪘴	齒	23	
𪘵	齒	23	
𪘶	齒	23	
𪘷	齒	23	
𪘸	齒	23	
𪘹	齒	24	
𪘺	齒	24	
𪘻	齒	24	
𪘼	齒	24	
𪘽	齒	24	
𪘾	齒	24	
𪘿	齒	24	
𪙀	齒	24	
𪙁	齒	24	
𪙂	齒	24	
𪙃	齒	24	
𪙄	齒	24	
𪙅	齒	24	
𪙆	齒	24	
𪙇	齒	24	
𪙈	齒	24	
𪙉	齒	25	
𪙊	齒	25	
𪙋	齒	25	
𪙌	齒	25	
𪙍	齒	25	
𪙎	齒	25	
𪙏	齒	25	
𪙐	齒	25	
𪙑	齒	25	
𪙒	齒	25	
𪙓	齒	25	
𪙔	齒	25	
𪙕	齒	25	
𪙖	齒	25	
𪙗	齒	25	
𪙘	齒	25	
𪙙	齒	25	
𪙚	齒	26	
𪙛	齒	26	
𪙜	齒	26	
𪙝	齒	26	
𪙞	齒	26	
𪙟	齒	26	
𪙠	齒	26	
𪙡	齒	26	
𪙢	齒	26	
𪙣	齒	27	
𪙤	齒	27	
𪙥	齒	27	
𪙦	齒	27	
𪙧	齒	27	
𪙨	齒	27	
𪙩	齒	27	
𪙪	齒	27	
𪙫	齒	27	
𪙬	齒	27	
𪙭	齒	27	
𪙮	齒	27	
𪙯	齒	27	
𪙰	齒	28	
𪙱	齒	28	
𪙲	齒	28	
𪙳	齒	28	
𪙴	齒	28	
𪙵	齒	28	
𪙶	齒	29	
𪙷	齒	30	
𪙸	齒	30	
𪙹	齒	30	
𪙺	齒	30	
𪙻	齒	30	
𪙼	齒	30	
𪙽	齒	31	
𪙾	齒	31	
𪙿	齒	31	
𪚀	齒	31	
𪚁	齒	32	
𪚂	齒	32	
𪚃	齒	32	
𪚄	齒	32	
𪚅	齒	33	
𪚆	齒	34	
𪚇	齒	34	
𪚈	齒	34	
𪚉	齒	34	
𪚊	齒	35	
𪚋	齒	35	
𪚌	齒	36	
𪚍	齒	40	
𪚎	齒	40	
𪚏		14	
𪚐		16	
𪚑	龍	19	
𪚒	龍	19	
𪚓	龍	19	
𪚔	龍	19	
𪚕	龍	20	
𪚖	龍	20	
𪚗	龍	20	
𪚘	龍	20	
𪚙	龍	21	
𪚚	龍	20	
𪚛	龍	20	
𪚜	龍	22	
𪚝	龍	22	
𪚞	龍	22	
𪚟	龍	22	
𪚠	龍	23	
𪚡	龍	23	
𪚢	龍	25	
𪚣	龍	27	
𪚤	龍	27	
𪚥	龍	64	
𪚦	龜	16	
𪚧	龜	21	
𪚨	龜	18	
𪚩	龜	19	
𪚪	龜	19	
𪚫	龜	20	
𪚬	龜	20	
𪚭	龜	20	
𪚮	龜	20	
𪚯	龜	20	
𪚰	龜	20	
𪚱	龜	20	
𪚲		15	
𪚳	龜	20	
𪚴	龜	20	
𪚵	龜	20	
𪚶	龜	21	
𪚷	龜	21	
𪚸	龜	21	
𪚹	龜	21	
𪚺	龜	21	
𪚻	龜	21	
𪚼	龜	21	
𪚽	龜	21	
𪚾	龜	23	
𪚿	龜	23	
𪛀	龜	24	
𪛁	龜	25	
𪛂	龜	27	
𪛃	龜	27	
𪛄	龜	27	
𪛅	龜	28	
𪛆	龜	28	
𪛇	龜	30	
𪛈	龜	33	
𪛉	龜	16	
𪛊	龠	21	
𪛋	龠	25	
𪛌	龠	25	
𪛍	龠	25	
𪛎	龠	26	
𪛏	龠	26	
𪛐	龠	26	
𪛑	龠	26	
𪛒	龠	27	
𪛓	龠	28	
𪛔	龠	31	
𪛕	龠	33	
𪛖	龠	37	
𪛗	口	6	
𪛘	囗	5	
𪛙	一	1	
𪛚	一	3	
𪛛	尸	4	
𪛜	工	3	
𪛝	几	3	
𪛞	玉	14	
𪛟	目	9	
𪜀	一	3	
𪜁	一	3	
𪜂	一	4	
𪜃	一	8	
𪜄	一	9	
𪜅	一	10	
𪜆	一	11	
𪜇	一	16	
𪜈	丨	4	
𪜉	丨	9	
𪜊	丶	2	
𪜋	丶	8	
𪜌	丿	6	
𪜍	丿	9	
𪜎	丿	10	
𪜏	丿	10	
𪜐	乙	5	
𪜑	乙	6	
𪜒	乙	7	
𪜓	乙	7	
𪜔	乙	8	
𪜕	乙	9	
𪜖	乙	10	
𪜗	乙	10	
𪜘	乙	11	
𪜙	乙	12	
𪜚	乙	12	
𪜛	乙	13	
𪜜	亅	7	
𪜝	亅	12	
𪜞	二	14	
𪜟	二	15	
𪜠	亠	5	
𪜡	亠	5	
𪜢	亠	7	
𪜣	亠	11	
𪜤	亠	12	
𪜥	亠	15	
𪜦	亠	19	
𪜧	人	4	
𪜨	人	6	
𪜩	人	6	
𪜪	人	6	
𪜫	人	6	
𪜬	人	7	
𪜭	人	7	
𪜮	人	7	
𪜯	人	7	
𪜰	人	7	
𪜱	人	7	
𪜲	人	7	
𪜳	人	7	
𪜴	人	7	
𪜵	人	8	
𪜶	人	8	
𪜷	人	8	
𪜸	人	8	
𪜹	人	8	
𪜺	人	8	
𪜻	人	9	
𪜼	人	9	
𪜽	人	9	
𪜾	人	9	
𪜿	人	9	
𪝀	人	9	
𪝁	人	9	
𪝂	人	9	
𪝃	人	10	
𪝄	人	10	
𪝅	人	10	
𪝆	人	10	
𪝇	人	10	
𪝈	人	10	
𪝉	人	10	
𪝊	人	10	
𪝋	人	11	
𪝌	人	11	
𪝍	人	11	
𪝎	人	11	
𪝏	人	11	
𪝐	人	11	
𪝑	人	11	
𪝒	人	11	
𪝓	人	11	
𪝔	人	11	
𪝕	人	11	
𪝖	人	12	
𪝗	人	12	
𪝘	人	12	
𪝙	人	12	
𪝚	人	12	
𪝛	人	12	
𪝜	人	12	
𪝝	人	12	
𪝞	人	12	
𪝟	人	12	
𪝠	人	13	
𪝡	人	13	
𪝢	人	13	
𪝣	人	13	
𪝤	人	13	
𪝥	人	14	
𪝦	人	14	
𪝧	人	14	
𪝨	人	14	
𪝩	人	14	
𪝪	人	14	
𪝫	人	15	
𪝬	人	15	
𪝭	人	15	
𪝮	人	15	
𪝯	人	15	
𪝰	人	16	
𪝱	人	16	
𪝲	人	16	
𪝳	人	16	
𪝴	人	17	
𪝵	人	17	
𪝶	人	17	
𪝷	人	18	
𪝸	人	18	
𪝹	人	18	
𪝺	人	19	
𪝻	人	19	
𪝼	人	19	
𪝽	人	20	
𪝾	人	21	
𪝿	儿	8	
𪞀	儿	9	
𪞁	儿	10	
𪞂	儿	13	
𪞃	儿	15	
𪞄	儿	15	
𪞅	儿	15	
𪞆	儿	19	
𪞇	入	10	
𪞈	八	6	
𪞉	八	12	
𪞊	八	13	
𪞋	八	14	
𪞌	八	15	
𪞍	八	16	
𪞎	冂	7	
𪞏	冖	7	
𪞐	冖	7	
𪞑	冖	8	
𪞒	冖	10	
𪞓	冖	11	
𪞔	冖	12	
𪞕	冖	14	
𪞖	冫	5	
𪞗	冫	6	
𪞘	冫	6	
𪞙	冫	6	
𪞚	冫	6	
𪞛	冫	7	
𪞜	冫	7	
𪞝	冫	7	
𪞞	冫	8	
𪞟	冫	9	
𪞠	冫	9	
𪞡	冫	9	
𪞢	冫	10	
𪞣	冫	10	
𪞤	冫	10	
𪞥	冫	10	
𪞦	冫	11	
𪞧	冫	11	
𪞨	冫	11	
𪞩	冫	12	
𪞪	冫	12	
𪞫	冫	13	
𪞬	冫	13	
𪞭	冫	14	
𪞮	冫	15	
𪞯	冫	16	
𪞰	冫	20	
𪞱	几	6	
𪞲	几	7	
𪞳	几	10	
𪞴	几	11	
𪞵	几	13	
𪞶	凵	5	
𪞷	凵	8	
𪞸	凵	10	
𪞹	凵	12	
𪞺	凵	13	
𪞻	凵	13	
𪞼	凵	18	
𪞽	凵	19	
𪞾	刀	6	
𪞿	刀	6	
𪟀	刀	6	
𪟁	刀	7	
𪟂	刀	7	
𪟃	刀	8	
𪟄	刀	8	
𪟅	刀	8	
𪟆	刀	9	
𪟇	刀	9	
𪟈	刀	10	
𪟉	刀	10	
𪟊	刀	11	
𪟋	刀	11	
𪟌	刀	11	
𪟍	刀	11	
𪟎	刀	12	
𪟏	刀	12	
𪟐	刀	12	
𪟑	刀	13	
𪟒	刀	13	
𪟓	刀	13	
𪟔	刀	15	
𪟕	刀	16	
𪟖	刀	16	
𪟗	力	7	
𪟘	力	7	
𪟙	力	7	
𪟚	力	8	
𪟛	力	8	
𪟜	力	9	
𪟝	力	10	
𪟞	力	10	
𪟟	力	10	
𪟠	力	11	
𪟡	力	12	
𪟢	力	12	
𪟣	力	13	
𪟤	力	14	
𪟥	力	14	
𪟦	力	15	
𪟧	力	21	
𪟨	匕	3	
𪟩	匕	6	
𪟪	匕	9	
𪟫	匕	13	
𪟬	匚	6	
𪟭	匚	7	
𪟮	匚	7	
𪟯	匚	9	
𪟰	匚	10	
𪟱	匚	14	
𪟲	匚	20	
𪟳	十	7	
𪟴	十	10	
𪟵	十	11	
𪟶	十	13	
𪟷	十	14	
𪟸	十	15	
𪟹	十	15	
𪟺	十	17	
𪟻	十	18	
𪟼	十	20	
𪟽	卜	4	
𪟾	卜	7	
𪟿	卜	10	
𪠀	卜	14	
𪠁	卩	8	
𪠂	卩	9	
𪠃	厂	5	
𪠄	厂	7	
𪠅	厂	8	
𪠆	厂	8	
𪠇	厂	9	
𪠈	厂	9	
𪠉	厂	9	
𪠊	厂	9	
𪠋	厂	10	
𪠌	厂	10	
𪠍	厂	10	
𪠎	厂	10	
𪠏	厂	11	
𪠐	厂	11	
𪠑	厂	12	
𪠒	厂	12	
𪠓	厂	13	
𪠔	厂	13	
𪠕	厂	13	
𪠖	厂	14	
𪠗	厂	14	
𪠘	厂	15	
𪠙	厂	15	
𪠚	厂	17	
𪠛	厂	20	
𪠜	厶	9	
𪠝	厶	10	
𪠞	厶	11	
𪠟	厶	12	
𪠠	厶	13	
𪠡	厶	15	
𪠢	厶	20	
𪠣	又	4	
𪠤	又	4	
𪠥	又	6	
𪠦	又	7	
𪠧	又	8	
𪠨	又	8	
𪠩	又	9	
𪠪	又	9	
𪠫	又	10	
𪠬	又	10	
𪠭	又	12	
𪠮	又	12	
𪠯	又	13	
𪠰	又	14	
𪠱	又	16	
𪠲	口	5	
𪠳	口	7	
𪠴	口	7	
𪠵	口	7	
𪠶	口	8	
𪠷	口	8	
𪠸	口	8	
𪠹	口	8	
𪠺	口	9	
𪠻	口	9	
𪠼	口	9	
𪠽	口	9	
𪠾	口	9	
𪠿	口	9	
𪡀	口	9	
𪡁	口	9	
𪡂	口	9	
𪡃	口	9	
𪡄	口	10	
𪡅	口	10	
𪡆	口	10	
𪡇	口	10	
𪡈	口	10	
𪡉	口	10	
𪡊	口	10	
𪡋	口	10	
𪡌	口	10	
𪡍	口	10	
𪡎	口	10	
𪡏	口	16	
𪡐	口	11	
𪡑	口	11	
𪡒	口	11	
𪡓	口	11	
𪡔	口	11	
𪡕	口	11	
𪡖	口	11	
𪡗	口	11	
𪡘	口	11	
𪡙	口	11	
𪡚	口	11	
𪡛	口	11	
𪡜	口	12	
𪡝	口	12	
𪡞	口	12	
𪡟	口	12	
𪡠	口	12	
𪡡	口	12	
𪡢	口	12	
𪡣	口	12	
𪡤	口	12	
𪡥	口	12	
𪡦	口	12	
𪡧	口	12	
𪡨	口	12	
𪡩	口	12	
𪡪	口	13	
𪡫	口	13	
𪡬	口	13	
𪡭	口	13	
𪡮	口	13	
𪡯	口	13	
𪡰	口	13	
𪡱	口	13	
𪡲	口	13	
𪡳	口	13	
𪡴	口	13	
𪡵	口	13	
𪡶	口	13	
𪡷	口	13	
𪡸	口	14	
𪡹	口	14	
𪡺	口	14	
𪡻	口	14	
𪡼	口	14	
𪡽	口	14	
𪡾	口	14	
𪡿	口	14	
𪢀	口	14	
𪢁	口	14	
𪢂	口	14	
𪢃	口	14	
𪢄	口	14	
𪢅	口	15	
𪢆	口	15	
𪢇	口	15	
𪢈	口	15	
𪢉	口	15	
𪢊	口	15	
𪢋	口	15	
𪢌	口	15	
𪢍	口	15	
𪢎	口	16	
𪢏	口	16	
𪢐	口	16	
𪢑	口	16	
𪢒	口	16	
𪢓	口	16	
𪢔	口	16	
𪢕	口	17	
𪢖	口	17	
𪢗	口	17	
𪢘	口	17	
𪢙	口	18	
𪢚	口	18	
𪢛	口	18	
𪢜	口	18	
𪢝	口	18	
𪢞	口	18	
𪢟	口	19	
𪢠	口	19	
𪢡	口	19	
𪢢	口	20	
𪢣	口	20	
𪢤	口	20	
𪢥	口	22	
𪢦	口	24	
𪢧	口	24	
𪢨	囗	7	
𪢩	囗	8	
𪢪	囗	9	
𪢫	囗	10	
𪢬	囗	11	
𪢭	囗	11	
𪢮	囗	13	
𪢯	囗	14	
𪢰	囗	16	
𪢱	土	5	
𪢲	土	5	
𪢳	土	6	
𪢴	土	6	
𪢵	土	6	
𪢶	土	6	
𪢷	土	6	
𪢸	土	7	
𪢹	土	7	
𪢺	土	7	
𪢻	土	7	
𪢼	土	7	
𪢽	土	7	
𪢾	土	7	
𪢿	土	7	
𪣀	土	7	
𪣁	土	7	
𪣂	土	7	
𪣃	土	8	
𪣄	土	8	
𪣅	土	8	
𪣆	土	8	
𪣇	土	8	
𪣈	土	8	
𪣉	土	8	
𪣊	土	8	
𪣋	土	9	
𪣌	土	9	
𪣍	土	9	
𪣎	土	9	
𪣏	土	9	
𪣐	土	9	
𪣑	土	9	
𪣒	土	9	
𪣓	土	9	
𪣔	土	10	
𪣕	土	10	
𪣖	土	10	
𪣗	土	10	
𪣘	土	10	
𪣙	土	10	
𪣚	土	10	
𪣛	土	10	
𪣜	土	10	
𪣝	土	10	
𪣞	土	10	
𪣟	土	10	
𪣠	土	10	
𪣡	土	10	
𪣢	土	10	
𪣣	土	10	
𪣤	土	11	
𪣥	土	11	
𪣦	土	11	
𪣧	土	11	
𪣨	土	11	
𪣩	土	11	
𪣪	土	11	
𪣫	土	11	
𪣬	土	11	
𪣭	土	11	
𪣮	土	11	
𪣯	土	11	
𪣰	土	11	
𪣱	土	11	
𪣲	土	12	
𪣳	土	12	
𪣴	土	12	
𪣵	土	12	
𪣶	土	12	
𪣷	土	12	
𪣸	土	12	
𪣹	土	12	
𪣺	土	12	
𪣻	土	12	
𪣼	土	12	
𪣽	土	12	
𪣾	土	13	
𪣿	土	13	
𪤀	土	13	
𪤁	土	13	
𪤂	土	13	
𪤃	土	13	
𪤄	土	13	
𪤅	土	13	
𪤆	土	13	
𪤇	土	13	
𪤈	土	13	
𪤉	土	13	
𪤊	土	13	
𪤋	土	13	
𪤌	土	13	
𪤍	土	13	
𪤎	土	14	
𪤏	土	14	
𪤐	土	14	
𪤑	土	14	
𪤒	土	14	
𪤓	土	14	
𪤔	土	14	
𪤕	土	14	
𪤖	土	14	
𪤗	土	14	
𪤘	土	14	
𪤙	土	15	
𪤚	土	15	
𪤛	土	15	
𪤜	土	15	
𪤝	土	15	
𪤞	土	15	
𪤟	土	16	
𪤠	土	16	
𪤡	土	16	
𪤢	土	16	
𪤣	土	16	
𪤤	土	16	
𪤥	土	16	
𪤦	土	17	
𪤧	土	17	
𪤨	土	17	
𪤩	土	17	
𪤪	土	17	
𪤫	土	17	
𪤬	土	18	
𪤭	土	18	
𪤮	土	18	
𪤯	土	18	
𪤰	土	19	
𪤱	土	20	
𪤲	士	10	
𪤳	士	13	
𪤴	士	22	
𪤵	夂	20	
𪤶	夊	13	
𪤷	夕	6	
𪤸	夕	8	
𪤹	夕	9	
𪤺	夕	10	
𪤻	夕	11	
𪤼	夕	12	
𪤽	夕	14	
𪤾	夕	15	
𪤿	夕	16	
𪥀	夕	22	
𪥁	大	4	
𪥂	大	5	
𪥃	大	6	
𪥄	大	7	
𪥅	大	7	
𪥆	大	7	
𪥇	大	8	
𪥈	大	8	
𪥉	大	8	
𪥊	大	8	
𪥋	大	8	
𪥌	大	8	
𪥍	大	9	
𪥎	大	9	
𪥏	大	9	
𪥐	大	10	
𪥑	大	10	
𪥒	大	10	
𪥓	大	11	
𪥔	大	11	
𪥕	大	11	
𪥖	大	12	
𪥗	大	12	
𪥘	大	12	
𪥙	大	13	
𪥚	大	13	
𪥛	大	13	
𪥜	大	14	
𪥝	大	14	
𪥞	大	14	
𪥟	大	15	
𪥠	大	15	
𪥡	大	15	
𪥢	大	18	
𪥣	大	20	
𪥤	女	6	
𪥥	女	6	
𪥦	女	7	
𪥧	女	7	
𪥨	女	7	
𪥩	女	7	
𪥪	女	7	
𪥫	女	7	
𪥬	女	7	
𪥭	女	8	
𪥮	女	8	
𪥯	女	8	
𪥰	女	8	
𪥱	女	9	
𪥲	女	9	
𪥳	女	9	
𪥴	女	9	
𪥵	女	9	
𪥶	女	10	
𪥷	女	10	
𪥸	女	10	
𪥹	女	10	
𪥺	女	10	
𪥻	女	11	
𪥼	女	11	
𪥽	女	11	
𪥾	女	11	
𪥿	女	11	
𪦀	女	11	
𪦁	女	11	
𪦂	女	11	
𪦃	女	11	
𪦄	女	11	
𪦅	女	11	
𪦆	女	12	
𪦇	女	12	
𪦈	女	12	
𪦉	女	12	
𪦊	女	12	
𪦋	女	12	
𪦌	女	12	
𪦍	女	12	
𪦎	女	12	
𪦏	女	12	
𪦐	女	12	
𪦑	女	13	
𪦒	女	13	
𪦓	女	13	
𪦔	女	13	
𪦕	女	13	
𪦖	女	13	
𪦗	女	14	
𪦘	女	14	
𪦙	女	14	
𪦚	女	14	
𪦛	女	14	
𪦜	女	14	
𪦝	女	14	
𪦞	女	14	
𪦟	女	14	
𪦠	女	15	
𪦡	女	15	
𪦢	女	15	
𪦣	女	15	
𪦤	女	15	
𪦥	女	15	
𪦦	女	16	
𪦧	女	16	
𪦨	女	16	
𪦩	女	16	
𪦪	女	16	
𪦫	女	17	
𪦬	女	18	
𪦭	女	18	
𪦮	女	18	
𪦯	女	18	
𪦰	女	19	
𪦱	女	19	
𪦲	女	20	
𪦳	女	21	
𪦴	女	21	
𪦵	女	23	
𪦶	子	7	
𪦷	子	7	
𪦸	子	7	
𪦹	子	7	
𪦺	子	8	
𪦻	子	9	
𪦼	子	11	
𪦽	子	11	
𪦾	子	11	
𪦿	子	12	
𪧀	子	14	
𪧁	子	16	
𪧂	子	17	
𪧃	子	17	
𪧄	子	21	
𪧅	宀	7	
𪧆	宀	7	
𪧇	宀	7	
𪧈	宀	8	
𪧉	宀	8	
𪧊	宀	9	
𪧋	宀	9	
𪧌	宀	9	
𪧍	宀	10	
𪧎	宀	10	
𪧏	宀	10	
𪧐	宀	10	
𪧑	宀	11	
𪧒	宀	11	
𪧓	宀	11	
𪧔	宀	12	
𪧕	宀	12	
𪧖	宀	12	
𪧗	宀	12	
𪧘	宀	12	
𪧙	宀	12	
𪧚	宀	12	
𪧛	宀	13	
𪧜	宀	13	
𪧝	宀	13	
𪧞	宀	13	
𪧟	宀	13	
𪧠	宀	13	
𪧡	宀	14	
𪧢	宀	14	
𪧣	宀	14	
𪧤	宀	14	
𪧥	宀	14	
𪧦	宀	15	
𪧧	宀	15	
𪧨	宀	15	
𪧩	宀	15	
𪧪	宀	15	
𪧫	宀	16	
𪧬	宀	16	
𪧭	宀	16	
𪧮	宀	16	
𪧯	宀	17	
𪧰	宀	18	
𪧱	宀	18	
𪧲	宀	18	
𪧳	宀	20	
𪧴	宀	20	
𪧵	宀	21	
𪧶	宀	24	
𪧷	寸	6	
𪧸	寸	11	
𪧹	寸	11	
𪧺	寸	12	
𪧻	寸	15	
𪧼	寸	15	
𪧽	寸	16	
𪧾	寸	17	
𪧿	小	7	
𪨀	小	8	
𪨁	小	10	
𪨂	小	10	
𪨃	小	14	
𪨄	小	15	
𪨅	小	16	
𪨆	小	17	
𪨇	尢	12	
𪨈	尢	13	
𪨉	尸	7	
𪨊	尸	7	
𪨋	尸	7	
𪨌	尸	8	
𪨍	尸	9	
𪨎	尸	9	
𪨏	尸	10	
𪨐	尸	10	
𪨑	尸	11	
𪨒	尸	13	
𪨓	尸	13	
𪨔	尸	13	
𪨕	尸	12	
𪨖	尸	12	
𪨗	尸	12	
𪨘	尸	12	
𪨙	尸	14	
𪨚	尸	14	
𪨛	尸	15	
𪨜	尸	15	
𪨝	尸	16	
𪨞	尸	17	
𪨟	尸	19	
𪨠	尸	19	
𪨡	尸	22	
𪨢	山	6	
𪨣	山	6	
𪨤	山	6	
𪨥	山	6	
𪨦	山	7	
𪨧	山	7	
𪨨	山	7	
𪨩	山	8	
𪨪	山	8	
𪨫	山	8	
𪨬	山	8	
𪨭	山	8	
𪨮	山	8	
𪨯	山	9	
𪨰	山	9	
𪨱	山	9	
𪨲	山	9	
𪨳	山	9	
𪨴	山	9	
𪨵	山	10	
𪨶	山	10	
𪨷	山	10	
𪨸	山	10	
𪨹	山	10	
𪨺	山	10	
𪨻	山	11	
𪨼	山	11	
𪨽	山	11	
𪨾	山	11	
𪨿	山	11	
𪩀	山	11	
𪩁	山	11	
𪩂	山	12	
𪩃	山	12	
𪩄	山	12	
𪩅	山	12	
𪩆	山	12	
𪩇	山	12	
𪩈	山	13	
𪩉	山	13	
𪩊	山	13	
𪩋	山	13	
𪩌	山	14	
𪩍	山	14	
𪩎	山	14	
𪩏	山	14	
𪩐	山	14	
𪩑	山	14	
𪩒	山	14	
𪩓	山	15	
𪩔	山	15	
𪩕	山	15	
𪩖	山	15	
𪩗	山	16	
𪩘	山	16	
𪩙	山	16	
𪩚	山	16	
𪩛	山	17	
𪩜	山	17	
𪩝	山	17	
𪩞	山	19	
𪩟	山	21	
𪩠	山	22	
𪩡	巛	7	
𪩢	巛	9	
𪩣	工	6	
𪩤	工	11	
𪩥	工	12	
𪩦	工	13	
𪩧	工	14	
𪩨	工	17	
𪩩	工	18	
𪩪	工	22	
𪩫	己	8	
𪩬	己	7	
𪩭	己	12	
𪩮	己	12	
𪩯	己	14	
𪩰	己	16	
𪩱	己	16	
𪩲	巾	5	
𪩳	巾	10	
𪩴	巾	11	
𪩵	巾	11	
𪩶	巾	11	
𪩷	巾	11	
𪩸	巾	12	
𪩹	巾	12	
𪩺	巾	12	
𪩻	巾	14	
𪩼	巾	15	
𪩽	巾	16	
𪩾	巾	17	
𪩿	巾	19	
𪪀	巾	20	
𪪁	干	7	
𪪂	干	11	
𪪃	干	11	
𪪄	干	12	
𪪅	干	13	
𪪆	干	13	
𪪇	干	15	
𪪈	干	18	
𪪉	干	19	
𪪊	幺	6	
𪪋	幺	9	
𪪌	广	7	
𪪍	广	7	
𪪎	广	8	
𪪏	广	8	
𪪐	广	9	
𪪑	广	9	
𪪒	广	10	
𪪓	广	10	
𪪔	广	10	
𪪕	广	10	
𪪖	广	10	
𪪗	广	10	
𪪘	广	11	
𪪙	广	11	
𪪚	广	12	
𪪛	广	12	
𪪜	广	13	
𪪝	广	13	
𪪞	广	14	
𪪟	广	14	
𪪠	广	14	
𪪡	广	15	
𪪢	广	15	
𪪣	广	15	
𪪤	广	16	
𪪥	广	16	
𪪦	广	17	
𪪧	广	17	
𪪨	广	17	
𪪩	广	18	
𪪪	广	19	
𪪫	广	21	
𪪬	廴	5	
𪪭	廴	7	
𪪮	廴	7	
𪪯	廴	9	
𪪰	廴	10	
𪪱	廴	11	
𪪲	廴	14	
𪪳	廾	7	
𪪴	廾	8	
𪪵	廾	10	
𪪶	廾	12	
𪪷	廾	13	
𪪸	廾	17	
𪪹	廾	22	
𪪺	弓	6	
𪪻	弓	8	
𪪼	弓	9	
𪪽	弓	9	
𪪾	弓	10	
𪪿	弓	11	
𪫀	弓	12	
𪫁	弓	12	
𪫂	弓	14	
𪫃	弓	17	
𪫄	弓	21	
𪫅	弓	25	
𪫆	彐	6	
𪫇	彐	18	
𪫈	彡	10	
𪫉	彡	15	
𪫊	彡	17	
𪫋	彳	7	
𪫌	彳	8	
𪫍	彳	10	
𪫎	彳	10	
𪫏	彳	11	
𪫐	彳	11	
𪫑	彳	12	
𪫒	彳	12	
𪫓	彳	12	
𪫔	彳	13	
𪫕	彳	13	
𪫖	彳	14	
𪫗	彳	14	
𪫘	彳	14	
𪫙	彳	16	
𪫚	彳	17	
𪫛	彳	18	
𪫜	彳	18	
𪫝	心	5	
𪫞	心	6	
𪫟	心	7	
𪫠	心	7	
𪫡	心	7	
𪫢	心	7	
𪫣	心	7	
𪫤	心	7	
𪫥	心	7	
𪫦	心	8	
𪫧	心	8	
𪫨	心	8	
𪫩	心	8	
𪫪	心	8	
𪫫	心	8	
𪫬	心	8	
𪫭	心	9	
𪫮	心	9	
𪫯	心	9	
𪫰	心	9	
𪫱	心	9	
𪫲	心	9	
𪫳	心	9	
𪫴	心	9	
𪫵	心	10	
𪫶	心	10	
𪫷	心	10	
𪫸	心	10	
𪫹	心	10	
𪫺	心	10	
𪫻	心	10	
𪫼	心	10	
𪫽	心	10	
𪫾	心	10	
𪫿	心	11	
𪬀	心	11	
𪬁	心	11	
𪬂	心	11	
𪬃	心	11	
𪬄	心	11	
𪬅	心	11	
𪬆	心	11	
𪬇	心	12	
𪬈	心	12	
𪬉	心	12	
𪬊	心	12	
𪬋	心	12	
𪬌	心	12	
𪬍	心	12	
𪬎	心	12	
𪬏	心	12	
𪬐	心	12	
𪬑	心	12	
𪬒	心	12	
𪬓	心	13	
𪬔	心	13	
𪬕	心	13	
𪬖	心	13	
𪬗	心	13	
𪬘	心	13	
𪬙	心	13	
𪬚	心	13	
𪬛	心	13	
𪬜	心	13	
𪬝	心	13	
𪬞	心	13	
𪬟	心	14	
𪬠	心	14	
𪬡	心	14	
𪬢	心	14	
𪬣	心	14	
𪬤	心	14	
𪬥	心	14	
𪬦	心	14	
𪬧	心	14	
𪬨	心	15	
𪬩	心	15	
𪬪	心	15	
𪬫	心	15	
𪬬	心	15	
𪬭	心	15	
𪬮	心	16	
𪬯	心	16	
𪬰	心	16	
𪬱	心	16	
𪬲	心	16	
𪬳	心	16	
𪬴	心	16	
𪬵	心	16	
𪬶	心	16	
𪬷	心	17	
𪬸	心	17	
𪬹	心	17	
𪬺	心	18	
𪬻	心	18	
𪬼	心	18	
𪬽	心	18	
𪬾	心	18	
𪬿	心	19	
𪭀	心	19	
𪭁	心	20	
𪭂	心	20	
𪭃	心	21	
𪭄	心	21	
𪭅	心	22	
𪭆	心	22	
𪭇	心	23	
𪭈	心	25	
𪭉	戈	5	
𪭊	戈	6	
𪭋	戈	9	
𪭌	戈	9	
𪭍	戈	10	
𪭎	戈	10	
𪭏	戈	11	
𪭐	戈	11	
𪭑	戈	12	
𪭒	戈	13	
𪭓	戈	14	
𪭔	戈	16	
𪭕	戈	16	
𪭖	戈	16	
𪭗	戈	26	
𪭘	戶	9	
𪭙	戶	11	
𪭚	戶	15	
𪭛	戶	22	
𪭜	手	6	
𪭝	手	7	
𪭞	手	7	
𪭟	手	7	
𪭠	手	7	
𪭡	手	7	
𪭢	手	7	
𪭣	手	8	
𪭤	手	8	
𪭥	手	8	
𪭦	手	8	
𪭧	手	8	
𪭨	手	8	
𪭩	手	8	
𪭪	手	8	
𪭫	手	9	
𪭬	手	9	
𪭭	手	9	
𪭮	手	9	
𪭯	手	9	
𪭰	手	9	
𪭱	手	9	
𪭲	手	9	
𪭳	手	9	
𪭴	手	10	
𪭵	手	10	
𪭶	手	10	
𪭷	手	10	
𪭸	手	10	
𪭹	手	10	
𪭺	手	10	
𪭻	手	10	
𪭼	手	10	
𪭽	手	10	
𪭾	手	10	
𪭿	手	10	
𪮀	手	10	
𪮁	手	11	
𪮂	手	11	
𪮃	手	11	
𪮄	手	11	
𪮅	手	11	
𪮆	手	11	
𪮇	手	11	
𪮈	手	11	
𪮉	手	11	
𪮊	手	11	
𪮋	手	11	
𪮌	手	12	
𪮍	手	12	
𪮎	手	12	
𪮏	手	13	
𪮐	手	12	
𪮑	手	12	
𪮒	手	12	
𪮓	手	12	
𪮔	手	12	
𪮕	手	12	
𪮖	手	12	
𪮗	手	13	
𪮘	手	13	
𪮙	手	13	
𪮚	手	13	
𪮛	手	13	
𪮜	手	13	
𪮝	手	13	
𪮞	手	13	
𪮟	手	13	
𪮠	手	13	
𪮡	手	13	
𪮢	手	13	
𪮣	手	14	
𪮤	手	14	
𪮥	手	14	
𪮦	手	14	
𪮧	手	14	
𪮨	手	14	
𪮩	手	14	
𪮪	手	14	
𪮫	手	15	
𪮬	手	15	
𪮭	手	15	
𪮮	手	15	
𪮯	手	15	
𪮰	手	15	
𪮱	手	15	
𪮲	手	15	
𪮳	手	15	
𪮴	手	15	
𪮵	手	16	
𪮶	手	16	
𪮷	手	16	
𪮸	手	17	
𪮹	手	17	
𪮺	手	17	
𪮻	手	18	
𪮼	手	18	
𪮽	手	18	
𪮾	手	18	
𪮿	手	18	
𪯀	手	18	
𪯁	手	19	
𪯂	手	20	
𪯃	手	22	
𪯄	手	23	
𪯅	支	11	
𪯆	支	8	
𪯇	支	15	
𪯈	攴	8	
𪯉	攴	9	
𪯊	攴	9	
𪯋	攴	10	
𪯌	攴	10	
𪯍	攴	11	
𪯎	攴	12	
𪯏	攴	12	
𪯐	攴	13	
𪯑	攴	14	
𪯒	攴	14	
𪯓	攴	15	
𪯔	攴	15	
𪯕	攴	15	
𪯖	攴	15	
𪯗	攴	16	
𪯘	攴	16	
𪯙	攴	16	
𪯚	攴	17	
𪯛	攴	18	
𪯜	攴	18	
𪯝	攴	21	
𪯞	攴	21	
𪯟	攴	24	
𪯠	文	7	
𪯡	文	8	
𪯢	文	8	
𪯣	文	9	
𪯤	文	10	
𪯥	文	12	
𪯦	文	12	
𪯧	文	12	
𪯨	文	14	
𪯩	文	14	
𪯪	文	14	
𪯫	斗	9	
𪯬	斗	10	
𪯭	斗	14	
𪯮	斗	15	
𪯯	斗	17	
𪯰	斗	21	
𪯱	斤	8	
𪯲	方	8	
𪯳	方	8	
𪯴	方	9	
𪯵	方	10	
𪯶	方	10	
𪯷	方	10	
𪯸	方	11	
𪯹	方	12	
𪯺	方	12	
𪯻	方	12	
𪯼	方	12	
𪯽	方	13	
𪯾	方	14	
𪯿	方	15	
𪰀	方	15	
𪰁	方	16	
𪰂	方	16	
𪰃	方	19	
𪰄	方	19	
𪰅	方	20	
𪰆	日	7	
𪰇	日	7	
𪰈	日	8	
𪰉	日	8	
𪰊	日	8	
𪰋	日	8	
𪰌	日	8	
𪰍	日	8	
𪰎	日	8	
𪰏	日	9	
𪰐	日	9	
𪰑	日	9	
𪰒	日	9	
𪰓	日	9	
𪰔	日	9	
𪰕	日	9	
𪰖	日	9	
𪰗	日	9	
𪰘	日	9	
𪰙	日	10	
𪰚	日	10	
𪰛	日	10	
𪰜	日	10	
𪰝	日	10	
𪰞	日	10	
𪰟	日	10	
𪰠	日	10	
𪰡	日	10	
𪰢	日	10	
𪰣	日	10	
𪰤	日	10	
𪰥	日	11	
𪰦	日	11	
𪰧	日	11	
𪰨	日	11	
𪰩	日	12	
𪰪	日	12	
𪰫	日	12	
𪰬	日	12	
𪰭	日	12	
𪰮	日	12	
𪰯	日	13	
𪰰	日	13	
𪰱	日	13	
𪰲	日	13	
𪰳	日	13	
𪰴	日	13	
𪰵	日	13	
𪰶	日	13	
𪰷	日	13	
𪰸	日	14	
𪰹	日	14	
𪰺	日	14	
𪰻	日	14	
𪰼	日	14	
𪰽	日	14	
𪰾	日	15	
𪰿	日	15	
𪱀	日	15	
𪱁	日	15	
𪱂	日	15	
𪱃	日	15	
𪱄	日	15	
𪱅	日	15	
𪱆	日	17	
𪱇	日	16	
𪱈	日	16	
𪱉	日	16	
𪱊	日	16	
𪱋	日	16	
𪱌	日	16	
𪱍	日	17	
𪱎	日	18	
𪱏	日	18	
𪱐	日	18	
𪱑	日	21	
𪱒	日	21	
𪱓	日	21	
𪱔	日	24	
𪱕	曰	15	
𪱖	曰	16	
𪱗	曰	16	
𪱘	曰	19	
𪱙	月	6	
𪱚	月	7	
𪱛	月	8	
𪱜	月	9	
𪱝	月	9	
𪱞	月	10	
𪱟	月	14	
𪱠	月	11	
𪱡	月	11	
𪱢	月	11	
𪱣	月	12	
𪱤	月	13	
𪱥	月	13	
𪱦	月	13	
𪱧	月	13	
𪱨	月	14	
𪱩	月	14	
𪱪	月	14	
𪱫	月	15	
𪱬	月	15	
𪱭	月	16	
𪱮	月	21	
𪱯	月	21	
𪱰	月	24	
𪱱	木	7	
𪱲	木	7	
𪱳	木	7	
𪱴	木	7	
𪱵	木	7	
𪱶	木	8	
𪱷	木	8	
𪱸	木	8	
𪱹	木	8	
𪱺	木	9	
𪱻	木	9	
𪱼	木	9	
𪱽	木	9	
𪱾	木	9	
𪱿	木	9	
𪲀	木	9	
𪲁	木	9	
𪲂	木	9	
𪲃	木	10	
𪲄	木	10	
𪲅	木	10	
𪲆	木	10	
𪲇	木	10	
𪲈	木	10	
𪲉	木	10	
𪲊	木	10	
𪲋	木	10	
𪲌	木	10	
𪲍	木	10	
𪲎	木	10	
𪲏	木	10	
𪲐	木	11	
𪲑	木	11	
𪲒	木	11	
𪲓	木	11	
𪲔	木	11	
𪲕	木	11	
𪲖	木	11	
𪲗	木	11	
𪲘	木	11	
𪲙	木	11	
𪲚	木	11	
𪲛	木	11	
𪲜	木	11	
𪲝	木	11	
𪲞	木	11	
𪲟	木	12	
𪲠	木	12	
𪲡	木	12	
𪲢	木	12	
𪲣	木	12	
𪲤	木	12	
𪲥	木	12	
𪲦	木	12	
𪲧	木	12	
𪲨	木	12	
𪲩	木	12	
𪲪	木	12	
𪲫	木	12	
𪲬	木	12	
𪲭	木	12	
𪲮	木	12	
𪲯	木	12	
𪲰	木	13	
𪲱	木	13	
𪲲	木	13	
𪲳	木	13	
𪲴	木	13	
𪲵	木	13	
𪲶	木	13	
𪲷	木	13	
𪲸	木	13	
𪲹	木	13	
𪲺	木	13	
𪲻	木	13	
𪲼	木	13	
𪲽	木	13	
𪲾	木	13	
𪲿	木	13	
𪳀	木	13	
𪳁	木	13	
𪳂	木	13	
𪳃	木	13	
𪳄	木	13	
𪳅	木	13	
𪳆	木	13	
𪳇	木	13	
𪳈	木	14	
𪳉	木	14	
𪳊	木	14	
𪳋	木	14	
𪳌	木	14	
𪳍	木	14	
𪳎	木	14	
𪳏	木	14	
𪳐	木	14	
𪳑	木	14	
𪳒	木	14	
𪳓	木	14	
𪳔	木	14	
𪳕	木	14	
𪳖	木	14	
𪳗	木	14	
𪳘	木	14	
𪳙	木	14	
𪳚	木	14	
𪳛	木	14	
𪳜	木	14	
𪳝	木	15	
𪳞	木	15	
𪳟	木	15	
𪳠	木	15	
𪳡	木	15	
𪳢	木	15	
𪳣	木	15	
𪳤	木	15	
𪳥	木	15	
𪳦	木	15	
𪳧	木	15	
𪳨	木	15	
𪳩	木	15	
𪳪	木	15	
𪳫	木	15	
𪳬	木	15	
𪳭	木	16	
𪳮	木	16	
𪳯	木	16	
𪳰	木	16	
𪳱	木	16	
𪳲	木	16	
𪳳	木	16	
𪳴	木	16	
𪳵	木	16	
𪳶	木	16	
𪳷	木	16	
𪳸	木	16	
𪳹	木	16	
𪳺	木	16	
𪳻	木	16	
𪳼	木	16	
𪳽	木	17	
𪳾	木	17	
𪳿	木	17	
𪴀	木	17	
𪴁	木	17	
𪴂	木	17	
𪴃	木	17	
𪴄	木	17	
𪴅	木	17	
𪴆	木	17	
𪴇	木	17	
𪴈	木	17	
𪴉	木	18	
𪴊	木	18	
𪴋	木	18	
𪴌	木	18	
𪴍	木	18	
𪴎	木	18	
𪴏	木	18	
𪴐	木	19	
𪴑	木	19	
𪴒	木	19	
𪴓	木	19	
𪴔	木	19	
𪴕	木	19	
𪴖	木	20	
𪴗	木	20	
𪴘	木	20	
𪴙	木	20	
𪴚	木	20	
𪴛	木	21	
𪴜	木	21	
𪴝	木	21	
𪴞	木	21	
𪴟	木	22	
𪴠	木	22	
𪴡	木	22	
𪴢	木	23	
𪴣	木	23	
𪴤	木	24	
𪴥	木	24	
𪴦	木	25	
𪴧	木	27	
𪴨	木	26	
𪴩	欠	8	
𪴪	欠	9	
𪴫	欠	9	
𪴬	欠	11	
𪴭	欠	11	
𪴮	欠	12	
𪴯	欠	13	
𪴰	欠	13	
𪴱	欠	14	
𪴲	欠	15	
𪴳	欠	20	
𪴴	欠	24	
𪴵	止	8	
𪴶	止	10	
𪴷	止	11	
𪴸	止	12	
𪴹	止	13	
𪴺	止	13	
𪴻	止	14	
𪴼	止	15	
𪴽	止	16	
𪴾	止	16	
𪴿	止	17	
𪵀	歹	9	
𪵁	歹	9	
𪵂	歹	10	
𪵃	歹	10	
𪵄	歹	11	
𪵅	歹	12	
𪵆	歹	14	
𪵇	歹	17	
𪵈	殳	10	
𪵉	殳	10	
𪵊	攴	11	
𪵋	殳	11	
𪵌	殳	12	
𪵍	殳	12	
𪵎	殳	12	
𪵏	殳	13	
𪵐	殳	15	
𪵑	殳	17	
𪵒	殳	17	
𪵓	殳	25	
𪵔	毋	14	
𪵕	比	14	
𪵖	毛	5	
𪵗	毛	8	
𪵘	毛	8	
𪵙	毛	9	
𪵚	毛	9	
𪵛	毛	10	
𪵜	毛	10	
𪵝	毛	12	
𪵞	毛	12	
𪵟	毛	13	
𪵠	毛	14	
𪵡	毛	15	
𪵢	毛	18	
𪵣	气	8	
𪵤	气	9	
𪵥	气	11	
𪵦	气	13	
𪵧	气	14	
𪵨	水	5	
𪵩	水	6	
𪵪	水	6	
𪵫	水	6	
𪵬	水	6	
𪵭	水	7	
𪵮	水	7	
𪵯	水	7	
𪵰	水	7	
𪵱	水	8	
𪵲	水	8	
𪵳	水	8	
𪵴	水	8	
𪵵	水	8	
𪵶	水	8	
𪵷	水	9	
𪵸	水	9	
𪵹	水	9	
𪵺	水	9	
𪵻	水	9	
𪵼	水	9	
𪵽	水	9	
𪵾	水	10	
𪵿	水	10	
𪶀	水	10	
𪶁	水	10	
𪶂	水	10	
𪶃	水	10	
𪶄	水	10	
𪶅	水	10	
𪶆	水	10	
𪶇	水	10	
𪶈	水	10	
𪶉	水	10	
𪶊	水	10	
𪶋	水	10	
𪶌	水	11	
𪶍	水	11	
𪶎	水	11	
𪶏	水	11	
𪶐	水	11	
𪶑	水	11	
𪶒	水	11	
𪶓	水	11	
𪶔	水	11	
𪶕	水	11	
𪶖	水	11	
𪶗	水	12	
𪶘	水	12	
𪶙	水	12	
𪶚	水	12	
𪶛	水	12	
𪶜	水	12	
𪶝	水	12	
𪶞	水	12	
𪶟	水	12	
𪶠	水	12	
𪶡	水	12	
𪶢	水	12	
𪶣	水	12	
𪶤	水	12	
𪶥	水	12	
𪶦	水	12	
𪶧	水	12	
𪶨	水	12	
𪶩	水	12	
𪶪	水	13	
𪶫	水	13	
𪶬	水	13	
𪶭	水	13	
𪶮	水	13	
𪶯	水	13	
𪶰	水	13	
𪶱	水	13	
𪶲	水	13	
𪶳	水	13	
𪶴	水	13	
𪶵	水	13	
𪶶	水	13	
𪶷	水	13	
𪶸	水	13	
𪶹	水	13	
𪶺	水	13	
𪶻	水	13	
𪶼	水	13	
𪶽	水	13	
𪶾	水	13	
𪶿	水	14	
𪷀	水	14	
𪷁	水	14	
𪷂	水	14	
𪷃	水	14	
𪷄	水	14	
𪷅	水	14	
𪷆	水	14	
𪷇	水	14	
𪷈	水	14	
𪷉	水	14	
𪷊	水	14	
𪷋	水	15	
𪷌	水	15	
𪷍	水	15	
𪷎	水	15	
𪷏	水	15	
𪷐	水	15	
𪷑	水	15	
𪷒	水	15	
𪷓	水	15	
𪷔	水	15	
𪷕	水	15	
𪷖	水	15	
𪷗	水	15	
𪷘	水	15	
𪷙	水	15	
𪷚	水	15	
𪷛	水	15	
𪷜	水	15	
𪷝	水	16	
𪷞	水	16	
𪷟	水	16	
𪷠	水	16	
𪷡	水	16	
𪷢	水	16	
𪷣	水	16	
𪷤	水	16	
𪷥	水	16	
𪷦	水	16	
𪷧	水	16	
𪷨	水	17	
𪷩	水	17	
𪷪	水	17	
𪷫	水	17	
𪷬	水	17	
𪷭	水	17	
𪷮	水	17	
𪷯	水	17	
𪷰	水	17	
𪷱	水	17	
𪷲	水	17	
𪷳	水	18	
𪷴	水	18	
𪷵	水	18	
𪷶	水	18	
𪷷	水	18	
𪷸	水	18	
𪷹	水	18	
𪷺	水	19	
𪷻	水	19	
𪷼	水	19	
𪷽	水	19	
𪷾	水	19	
𪷿	水	19	
𪸀	水	20	
𪸁	水	20	
𪸂	水	20	
𪸃	水	21	
𪸄	水	21	
𪸅	水	21	
𪸆	水	21	
𪸇	水	21	
𪸈	水	22	
𪸉	水	22	
𪸊	水	23	
𪸋	水	23	
𪸌	水	24	
𪸍	火	5	
𪸎	火	7	
𪸏	火	7	
𪸐	火	7	
𪸑	火	8	
𪸒	火	8	
𪸓	火	8	
𪸔	火	8	
𪸕	火	8	
𪸖	火	8	
𪸗	火	8	
𪸘	火	9	
𪸙	火	9	
𪸚	火	9	
𪸛	火	9	
𪸜	火	9	
𪸝	火	9	
𪸞	火	9	
𪸟	火	9	
𪸠	火	9	
𪸡	火	9	
𪸢	火	9	
𪸣	火	10	
𪸤	火	10	
𪸥	火	10	
𪸦	火	10	
𪸧	火	10	
𪸨	火	10	
𪸩	火	10	
𪸪	火	10	
𪸫	火	11	
𪸬	火	11	
𪸭	火	11	
𪸮	火	11	
𪸯	火	11	
𪸰	火	11	
𪸱	火	11	
𪸲	火	11	
𪸳	火	12	
𪸴	火	12	
𪸵	火	12	
𪸶	火	12	
𪸷	火	12	
𪸸	火	12	
𪸹	火	12	
𪸺	火	12	
𪸻	火	12	
𪸼	火	12	
𪸽	火	12	
𪸾	火	12	
𪸿	火	12	
𪹀	火	12	
𪹁	火	12	
𪹂	火	12	
𪹃	火	12	
𪹄	火	13	
𪹅	火	13	
𪹆	火	13	
𪹇	火	13	
𪹈	火	13	
𪹉	火	13	
𪹊	火	13	
𪹋	火	13	
𪹌	火	13	
𪹍	火	13	
𪹎	火	13	
𪹏	火	13	
𪹐	火	13	
𪹑	火	13	
𪹒	火	14	
𪹓	火	14	
𪹔	火	14	
𪹕	火	14	
𪹖	火	14	
𪹗	火	14	
𪹘	火	14	
𪹙	火	14	
𪹚	火	14	
𪹛	火	14	
𪹜	火	14	
𪹝	火	14	
𪹞	火	14	
𪹟	火	14	
𪹠	火	14	
𪹡	火	15	
𪹢	火	15	
𪹣	火	15	
𪹤	火	15	
𪹥	火	15	
𪹦	火	15	
𪹧	火	15	
𪹨	火	15	
𪹩	火	15	
𪹪	火	16	
𪹫	火	16	
𪹬	火	16	
𪹭	火	16	
𪹮	火	16	
𪹯	火	16	
𪹰	火	16	
𪹱	火	16	
𪹲	火	16	
𪹳	火	16	
𪹴	火	17	
𪹵	火	17	
𪹶	火	17	
𪹷	火	17	
𪹸	火	17	
𪹹	火	17	
𪹺	火	17	
𪹻	火	17	
𪹼	火	18	
𪹽	火	18	
𪹾	火	18	
𪹿	火	18	
𪺀	火	18	
𪺁	火	19	
𪺂	火	19	
𪺃	火	20	
𪺄	火	20	
𪺅	火	20	
𪺆	火	22	
𪺇	火	22	
𪺈	火	23	
𪺉	火	24	
𪺊	火	25	
𪺋	火	25	
𪺌	火	27	
𪺍	爪	7	
𪺎	爪	9	
𪺏	爪	11	
𪺐	爪	12	
𪺑	爪	12	
𪺒	爪	12	
𪺓	爪	12	
𪺔	爪	13	
𪺕	爪	13	
𪺖	爪	15	
𪺗	爪	15	
𪺘	爪	17	
𪺙	爪	17	
𪺚	爪	37	
𪺛	父	10	
𪺜	父	11	
𪺝	爻	8	
𪺞	爿	11	
𪺟	爿	12	
𪺠	爿	15	
𪺡	爿	18	
𪺢	片	10	
𪺣	片	11	
𪺤	片	11	
𪺥	片	12	
𪺦	片	16	
𪺧	牙	8	
𪺨	牙	12	
𪺩	牛	7	
𪺪	牛	9	
𪺫	牛	9	
𪺬	牛	10	
𪺭	牛	10	
𪺮	牛	10	
𪺯	牛	12	
𪺰	牛	13	
𪺱	牛	14	
𪺲	牛	14	
𪺳	牛	14	
𪺴	牛	15	
𪺵	牛	16	
𪺶	牛	21	
𪺷	犬	7	
𪺸	犬	8	
𪺹	犬	12	
𪺺	犬	9	
𪺻	犬	9	
𪺼	犬	10	
𪺽	犬	10	
𪺾	犬	11	
𪺿	犬	11	
𪻀	犬	11	
𪻁	犬	11	
𪻂	犬	12	
𪻃	犬	12	
𪻄	犬	12	
𪻅	犬	12	
𪻆	犬	13	
𪻇	犬	13	
𪻈	犬	14	
𪻉	犬	15	
𪻊	犬	17	
𪻋	犬	18	
𪻌	犬	19	
𪻍	玉	6	
𪻎	玉	8	
𪻏	玉	8	
𪻐	玉	8	
𪻑	玉	8	
𪻒	玉	8	
𪻓	玉	8	
𪻔	玉	8	
𪻕	玉	9	
𪻖	玉	9	
𪻗	玉	10	
𪻘	玉	10	
𪻙	玉	10	
𪻚	玉	10	
𪻛	玉	10	
𪻜	玉	10	
𪻝	玉	10	
𪻞	玉	10	
𪻟	玉	10	
𪻠	玉	11	
𪻡	玉	11	
𪻢	玉	11	
𪻣	玉	11	
𪻤	玉	11	
𪻥	玉	11	
𪻦	玉	12	
𪻧	玉	12	
𪻨	玉	12	
𪻩	玉	12	
𪻪	玉	12	
𪻫	玉	12	
𪻬	玉	12	
𪻭	玉	12	
𪻮	玉	12	
𪻯	玉	12	
𪻰	玉	12	
𪻱	玉	12	
𪻲	玉	12	
𪻳	玉	13	
𪻴	玉	13	
𪻵	玉	13	
𪻶	玉	13	
𪻷	玉	13	
𪻸	玉	13	
𪻹	玉	13	
𪻺	玉	13	
𪻻	玉	13	
𪻼	玉	13	
𪻽	玉	13	
𪻾	玉	13	
𪻿	玉	13	
𪼀	玉	13	
𪼁	玉	13	
𪼂	玉	13	
𪼃	玉	14	
𪼄	玉	14	
𪼅	玉	14	
𪼆	玉	14	
𪼇	玉	14	
𪼈	玉	14	
𪼉	玉	14	
𪼊	玉	14	
𪼋	玉	14	
𪼌	玉	14	
𪼍	玉	14	
𪼎	玉	14	
𪼏	玉	14	
𪼐	玉	15	
𪼑	玉	15	
𪼒	玉	15	
𪼓	玉	15	
𪼔	玉	15	
𪼕	玉	15	
𪼖	玉	15	
𪼗	玉	16	
𪼘	玉	16	
𪼙	玉	16	
𪼚	玉	16	
𪼛	玉	16	
𪼜	玉	16	
𪼝	玉	16	
𪼞	玉	16	
𪼟	玉	16	
𪼠	玉	16	
𪼡	玉	17	
𪼢	玉	17	
𪼣	玉	17	
𪼤	玉	17	
𪼥	玉	17	
𪼦	玉	17	
𪼧	玉	18	
𪼨	玉	18	
𪼩	玉	19	
𪼪	玉	19	
𪼫	玉	19	
𪼬	玉	20	
𪼭	玉	20	
𪼮	玉	20	
𪼯	玉	20	
𪼰	玉	21	
𪼱	玉	23	
𪼲	玉	24	
𪼳	瓜	8	
𪼴	瓜	9	
𪼵	瓜	13	
𪼶	瓦	8	
𪼷	瓦	9	
𪼸	瓦	9	
𪼹	瓦	10	
𪼺	瓦	13	
𪼻	瓦	13	
𪼼	瓦	14	
𪼽	瓦	15	
𪼾	瓦	15	
𪼿	瓦	22	
𪽀	甘	12	
𪽁	生	7	
𪽂	生	11	
𪽃	生	13	
𪽄	生	13	
𪽅	生	13	
𪽆	用	6	
𪽇	田	7	
𪽈	田	8	
𪽉	田	9	
𪽊	田	9	
𪽋	田	9	
𪽌	田	9	
𪽍	田	10	
𪽎	田	10	
𪽏	田	10	
𪽐	田	10	
𪽑	田	11	
𪽒	田	11	
𪽓	田	12	
𪽔	田	12	
𪽕	田	12	
𪽖	田	12	
𪽗	田	12	
𪽘	田	13	
𪽙	田	13	
𪽚	田	13	
𪽛	田	14	
𪽜	田	14	
𪽝	田	15	
𪽞	田	15	
𪽟	田	16	
𪽠	田	16	
𪽡	田	16	
𪽢	田	17	
𪽣	田	18	
𪽤	田	20	
𪽥	田	21	
𪽦	田	21	
𪽧	疋	17	
𪽨	疒	9	
𪽩	疒	9	
𪽪	疒	9	
𪽫	疒	9	
𪽬	疒	10	
𪽭	疒	10	
𪽮	疒	10	
𪽯	疒	11	
𪽰	疒	12	
𪽱	疒	12	
𪽲	疒	13	
𪽳	疒	14	
𪽴	疒	14	
𪽵	疒	14	
𪽶	疒	15	
𪽷	疒	15	
𪽸	疒	17	
𪽹	疒	17	
𪽺	疒	19	
𪽻	白	9	
𪽼	白	9	
𪽽	白	10	
𪽾	白	12	
𪽿	白	12	
𪾀	白	13	
𪾁	白	13	
𪾂	白	14	
𪾃	白	14	
𪾄	白	15	
𪾅	白	21	
𪾆	皮	8	
𪾇	皮	9	
𪾈	皮	14	
𪾉	皮	14	
𪾊	皿	9	
𪾋	皿	9	
𪾌	皿	10	
𪾍	皿	10	
𪾎	皿	11	
𪾏	皿	12	
𪾐	皿	12	
𪾑	皿	13	
𪾒	皿	13	
𪾓	皿	14	
𪾔	皿	14	
𪾕	皿	15	
𪾖	皿	16	
𪾗	皿	17	
𪾘	皿	17	
𪾙	皿	18	
𪾚	皿	19	
𪾛	皿	21	
𪾜	皿	22	
𪾝	皿	24	
𪾞	皿	29	
𪾟	目	8	
𪾠	目	8	
𪾡	目	9	
𪾢	目	9	
𪾣	目	9	
𪾤	目	10	
𪾥	目	10	
𪾦	目	10	
𪾧	目	10	
𪾨	目	11	
𪾩	目	11	
𪾪	目	11	
𪾫	目	12	
𪾬	目	12	
𪾭	目	13	
𪾮	目	13	
𪾯	目	13	
𪾰	目	13	
𪾱	目	14	
𪾲	目	14	
𪾳	目	14	
𪾴	目	14	
𪾵	目	15	
𪾶	目	15	
𪾷	目	15	
𪾸	目	15	
𪾹	目	16	
𪾺	目	16	
𪾻	目	16	
𪾼	目	17	
𪾽	目	17	
𪾾	目	17	
𪾿	目	17	
𪿀	目	17	
𪿁	目	19	
𪿂	目	20	
𪿃	目	21	
𪿄	目	21	
𪿅	目	29	
𪿆	矛	9	
𪿇	矛	12	
𪿈	矢	9	
𪿉	矢	9	
𪿊	矢	11	
𪿋	矢	13	
𪿌	矢	14	
𪿍	矢	15	
𪿎	矢	15	
𪿏	矢	20	
𪿐	矢	21	
𪿑	石	9	
𪿒	石	9	
𪿓	石	9	
𪿔	石	10	
𪿕	石	10	
𪿖	石	10	
𪿗	石	10	
𪿘	石	10	
𪿙	石	11	
𪿚	石	11	
𪿛	石	11	
𪿜	石	11	
𪿝	石	11	
𪿞	石	12	
𪿟	石	12	
𪿠	石	12	
𪿡	石	12	
𪿢	石	12	
𪿣	石	12	
𪿤	石	13	
𪿥	石	13	
𪿦	石	13	
𪿧	石	13	
𪿨	石	13	
𪿩	石	13	
𪿪	石	14	
𪿫	石	14	
𪿬	石	15	
𪿭	石	15	
𪿮	石	15	
𪿯	石	16	
𪿰	石	16	
𪿱	石	16	
𪿲	石	16	
𪿳	石	16	
𪿴	石	16	
𪿵	石	17	
𪿶	石	17	
𪿷	石	17	
𪿸	石	18	
𪿹	石	18	
𪿺	石	18	
𪿻	石	19	
𪿼	石	19	
𪿽	石	19	
𪿾	石	21	
𪿿	石	23	
𫀀	示	7	
𫀁	示	7	
𫀂	示	8	
𫀃	示	8	
𫀄	示	9	
𫀅	示	9	
𫀆	示	9	
𫀇	示	10	
𫀈	示	10	
𫀉	示	10	
𫀊	示	10	
𫀋	示	11	
𫀌	示	11	
𫀍	示	11	
𫀎	示	11	
𫀏	示	11	
𫀐	示	12	
𫀑	示	12	
𫀒	示	12	
𫀓	示	12	
𫀔	示	12	
𫀕	示	12	
𫀖	示	12	
𫀗	示	12	
𫀘	示	12	
𫀙	示	12	
𫀚	示	13	
𫀛	示	13	
𫀜	示	14	
𫀝	示	14	
𫀞	示	14	
𫀟	示	14	
𫀠	示	15	
𫀡	示	15	
𫀢	示	17	
𫀣	示	18	
𫀤	示	24	
𫀥	禸	18	
𫀦	禾	6	
𫀧	禾	8	
𫀨	禾	9	
𫀩	禾	9	
𫀪	禾	10	
𫀫	禾	10	
𫀬	禾	10	
𫀭	禾	10	
𫀮	禾	11	
𫀯	禾	11	
𫀰	禾	11	
𫀱	禾	11	
𫀲	禾	12	
𫀳	禾	12	
𫀴	禾	12	
𫀵	禾	12	
𫀶	禾	12	
𫀷	禾	12	
𫀸	禾	12	
𫀹	禾	13	
𫀺	禾	13	
𫀻	禾	13	
𫀼	禾	14	
𫀽	禾	14	
𫀾	禾	14	
𫀿	禾	14	
𫁀	禾	14	
𫁁	禾	15	
𫁂	禾	15	
𫁃	禾	15	
𫁄	禾	15	
𫁅	禾	16	
𫁆	禾	17	
𫁇	禾	18	
𫁈	禾	18	
𫁉	禾	20	
𫁊	穴	9	
𫁋	穴	10	
𫁌	穴	11	
𫁍	穴	11	
𫁎	穴	12	
𫁏	穴	12	
𫁐	穴	12	
𫁑	穴	13	
𫁒	穴	13	
𫁓	穴	13	
𫁔	穴	14	
𫁕	穴	14	
𫁖	穴	15	
𫁗	穴	16	
𫁘	穴	16	
𫁙	穴	16	
𫁚	穴	16	
𫁛	穴	17	
𫁜	穴	18	
𫁝	穴	23	
𫁞	立	8	
𫁟	立	9	
𫁠	立	10	
𫁡	立	10	
𫁢	立	11	
𫁣	立	12	
𫁤	立	12	
𫁥	立	13	
𫁦	立	13	
𫁧	立	14	
𫁨	立	14	
𫁩	立	15	
𫁪	立	15	
𫁫	立	15	
𫁬	立	16	
𫁭	立	17	
𫁮	立	19	
𫁯	立	22	
𫁰	竹	8	
𫁱	竹	9	
𫁲	竹	10	
𫁳	竹	10	
𫁴	竹	10	
𫁵	竹	10	
𫁶	竹	10	
𫁷	竹	10	
𫁸	竹	11	
𫁹	竹	11	
𫁺	竹	11	
𫁻	竹	11	
𫁼	竹	12	
𫁽	竹	12	
𫁾	竹	13	
𫁿	竹	13	
𫂀	竹	13	
𫂁	竹	13	
𫂂	竹	13	
𫂃	竹	13	
𫂄	竹	14	
𫂅	竹	14	
𫂆	竹	14	
𫂇	竹	14	
𫂈	竹	14	
𫂉	竹	14	
𫂊	竹	15	
𫂋	竹	15	
𫂌	竹	15	
𫂍	竹	15	
𫂎	竹	15	
𫂏	竹	15	
𫂐	竹	16	
𫂑	竹	16	
𫂒	竹	16	
𫂓	竹	16	
𫂔	竹	16	
𫂕	竹	16	
𫂖	竹	16	
𫂗	竹	16	
𫂘	竹	17	
𫂙	竹	17	
𫂚	竹	17	
𫂛	竹	17	
𫂜	竹	17	
𫂝	竹	17	
𫂞	竹	17	
𫂟	竹	17	
𫂠	竹	18	
𫂡	竹	18	
𫂢	竹	18	
𫂣	竹	18	
𫂤	竹	18	
𫂥	竹	19	
𫂦	竹	19	
𫂧	竹	20	
𫂨	竹	21	
𫂩	竹	21	
𫂪	竹	21	
𫂫	竹	21	
𫂬	竹	22	
𫂭	竹	23	
𫂮	竹	24	
𫂯	竹	25	
𫂰	竹	28	
𫂱	米	8	
𫂲	米	8	
𫂳	米	9	
𫂴	米	9	
𫂵	米	10	
𫂶	米	10	
𫂷	米	10	
𫂸	米	11	
𫂹	米	11	
𫂺	米	11	
𫂻	米	11	
𫂼	米	11	
𫂽	米	12	
𫂾	米	12	
𫂿	米	12	
𫃀	米	12	
𫃁	米	13	
𫃂	米	14	
𫃃	米	14	
𫃄	米	14	
𫃅	米	14	
𫃆	米	15	
𫃇	米	15	
𫃈	米	15	
𫃉	米	16	
𫃊	米	16	
𫃋	米	16	
𫃌	米	16	
𫃍	米	17	
𫃎	米	17	
𫃏	米	18	
𫃐	米	18	
𫃑	米	18	
𫃒	米	19	
𫃓	米	19	
𫃔	米	19	
𫃕	米	19	
𫃖	米	20	
𫃗	米	22	
𫃘	米	22	
𫃙	米	22	
𫃚	糸	8	
𫃛	糸	8	
𫃜	糸	9	
𫃝	糸	9	
𫃞	糸	10	
𫃟	糸	11	
𫃠	糸	11	
𫃡	糸	11	
𫃢	糸	12	
𫃣	糸	12	
𫃤	糸	12	
𫃥	糸	13	
𫃦	糸	13	
𫃧	糸	13	
𫃨	糸	13	
𫃩	糸	13	
𫃪	糸	14	
𫃫	糸	14	
𫃬	糸	14	
𫃭	糸	14	
𫃮	糸	14	
𫃯	糸	14	
𫃰	糸	14	
𫃱	糸	14	
𫃲	糸	14	
𫃳	糸	15	
𫃴	糸	15	
𫃵	糸	15	
𫃶	糸	15	
𫃷	糸	15	
𫃸	糸	16	
𫃹	糸	16	
𫃺	糸	16	
𫃻	糸	16	
𫃼	糸	16	
𫃽	糸	17	
𫃾	糸	17	
𫃿	糸	17	
𫄀	糸	17	
𫄁	糸	18	
𫄂	糸	18	
𫄃	糸	18	
𫄄	糸	18	
𫄅	糸	19	
𫄆	糸	19	
𫄇	糸	19	
𫄈	糸	19	
𫄉	糸	19	
𫄊	糸	19	
𫄋	糸	19	
𫄌	糸	20	
𫄍	糸	20	
𫄎	糸	20	
𫄏	糸	21	
𫄐	糸	21	
𫄑	糸	21	
𫄒	糸	22	
𫄓	糸	22	
𫄔	糸	22	
𫄕	糸	23	
𫄖	糸	25	
𫄗	糸	26	
𫄘	糸	27	
𫄙		4	
𫄚		7	
𫄛		7	
𫄜		7	
𫄝		7	
𫄞		8	
𫄟		8	
𫄠		9	
𫄡		9	
𫄢		9	
𫄣		9	
𫄤		10	
𫄥		10	
𫄦		10	
𫄧		10	
𫄨		10	
𫄩		10	
𫄪		11	
𫄫		11	
𫄬		12	
𫄭		12	
𫄮		12	
𫄯		13	
𫄰		13	
𫄱		14	
𫄲		14	
𫄳		14	
𫄴		14	
𫄵		15	
𫄶		15	
𫄷		16	
𫄸		17	
𫄹		21	
𫄺	缶	13	
𫄻	缶	14	
𫄼	缶	15	
𫄽	缶	15	
𫄾	缶	16	
𫄿	缶	19	
𫅀	网	8	
𫅁	网	9	
𫅂	网	10	
𫅃	网	11	
𫅄	网	11	
𫅅	网	11	
𫅆	网	13	
𫅇	网	13	
𫅈	网	14	
𫅉	网	15	
𫅊	网	16	
𫅋	网	18	
𫅌	网	19	
𫅍	网	21	
𫅎	羊	8	
𫅏	羊	11	
𫅐	羊	11	
𫅑	羊	11	
𫅒	羊	11	
𫅓	羊	12	
𫅔	羊	12	
𫅕	羊	13	
𫅖	羊	15	
𫅗	羊	15	
𫅘	羊	15	
𫅙	羊	16	
𫅚	羊	17	
𫅛	羊	17	
𫅜	羊	17	
𫅝	羊	18	
𫅞	羊	18	
𫅟	羊	20	
𫅠	羊	22	
𫅡	羊	22	
𫅢	羽	9	
𫅣	羽	10	
𫅤	羽	11	
𫅥	羽	12	
𫅦	羽	12	
𫅧	羽	12	
𫅨	羽	13	
𫅩	羽	13	
𫅪	羽	14	
𫅫	羽	15	
𫅬	羽	15	
𫅭	羽	16	
𫅮	羽	16	
𫅯	羽	17	
𫅰	羽	18	
𫅱	羽	18	
𫅲	羽	22	
𫅳	老	10	
𫅴	老	10	
𫅵	老	13	
𫅶	老	14	
𫅷	老	15	
𫅸	老	18	
𫅹	耒	11	
𫅺	耒	12	
𫅻	耒	12	
𫅼	耒	13	
𫅽	耒	15	
𫅾	耒	16	
𫅿	耒	18	
𫆀	耳	8	
𫆁	耳	10	
𫆂	耳	12	
𫆃	耳	12	
𫆄	耳	13	
𫆅	耳	13	
𫆆	耳	13	
𫆇	耳	14	
𫆈	耳	14	
𫆉	耳	15	
𫆊	耳	16	
𫆋	耳	16	
𫆌	耳	16	
𫆍	耳	16	
𫆎	耳	17	
𫆏	耳	17	
𫆐	耳	18	
𫆑	耳	18	
𫆒	耳	19	
𫆓	耳	28	
𫆔	聿	13	
𫆕	聿	14	
𫆖	肉	8	
𫆗	肉	8	
𫆘	肉	8	
𫆙	肉	9	
𫆚	肉	9	
𫆛	肉	9	
𫆜	肉	9	
𫆝	肉	10	
𫆞	肉	10	
𫆟	肉	11	
𫆠	肉	11	
𫆡	肉	11	
𫆢	肉	12	
𫆣	肉	12	
𫆤	肉	12	
𫆥	肉	12	
𫆦	肉	13	
𫆧	肉	13	
𫆨	肉	13	
𫆩	肉	14	
𫆪	肉	14	
𫆫	肉	14	
𫆬	肉	14	
𫆭	肉	14	
𫆮	肉	14	
𫆯	肉	15	
𫆰	肉	15	
𫆱	肉	15	
𫆲	肉	15	
𫆳	肉	15	
𫆴	肉	15	
𫆵	肉	16	
𫆶	肉	16	
𫆷	肉	16	
𫆸	肉	16	
𫆹	肉	17	
𫆺	肉	17	
𫆻	肉	17	
𫆼	肉	18	
𫆽	肉	18	
𫆾	肉	19	
𫆿	肉	19	
𫇀	肉	20	
𫇁	肉	21	
𫇂	肉	22	
𫇃	月	23	
𫇄	肉	30	
𫇅	臣	10	
𫇆	臣	12	
𫇇	臣	13	
𫇈	臣	14	
𫇉	臣	18	
𫇊	自	12	
𫇋	自	15	
𫇌	自	18	
𫇍	自	25	
𫇎	至	13	
𫇏	至	14	
𫇐	至	14	
𫇑	至	20	
𫇒	臼	18	
𫇓	臼	26	
𫇔	舌	8	
𫇕	舌	13	
𫇖	舌	13	
𫇗	舌	16	
𫇘	舌	19	
𫇙	舌	22	
𫇚	舟	9	
𫇛	舟	14	
𫇜	舟	15	
𫇝	舟	15	
𫇞	舟	17	
𫇟	舟	18	
𫇠	舟	20	
𫇡	舟	22	
𫇢	舟	22	
𫇣	舟	22	
𫇤	色	16	
𫇥	艸	6	
𫇦	艸	6	
𫇧	艸	7	
𫇨	艸	7	
𫇩	艸	8	
𫇪	艸	8	
𫇫	艸	8	
𫇬	艸	8	
𫇭	艸	8	
𫇮	艸	9	
𫇯	艸	9	
𫇰	艸	9	
𫇱	艸	9	
𫇲	艸	9	
𫇳	艸	9	
𫇴	艸	9	
𫇵	艸	9	
𫇶	艸	10	
𫇷	艸	10	
𫇸	艸	10	
𫇹	艸	10	
𫇺	艸	10	
𫇻	艸	10	
𫇼	艸	10	
𫇽	艸	10	
𫇾	艸	10	
𫇿	艸	11	
𫈀	艸	11	
𫈁	艸	11	
𫈂	艸	11	
𫈃	艸	11	
𫈄	艸	11	
𫈅	艸	11	
𫈆	艸	11	
𫈇	艸	11	
𫈈	艸	11	
𫈉	艸	11	
𫈊	艸	11	
𫈋	艸	11	
𫈌	艸	11	
𫈍	艸	11	
𫈎	艸	11	
𫈏	艸	11	
𫈐	艸	12	
𫈑	艸	12	
𫈒	艸	12	
𫈓	艸	12	
𫈔	艸	12	
𫈕	艸	12	
𫈖	艸	12	
𫈗	艸	12	
𫈘	艸	12	
𫈙	艸	12	
𫈚	艸	12	
𫈛	艸	12	
𫈜	艸	12	
𫈝	艸	12	
𫈞	艸	12	
𫈟	艸	12	
𫈠	艸	12	
𫈡	艸	13	
𫈢	艸	13	
𫈣	艸	13	
𫈤	艸	13	
𫈥	艸	13	
𫈦	艸	13	
𫈧	艸	13	
𫈨	艸	13	
𫈩	艸	13	
𫈪	艸	13	
𫈫	艸	13	
𫈬	艸	13	
𫈭	艸	13	
𫈮	艸	13	
𫈯	艸	13	
𫈰	艸	12	
𫈱	艸	13	
𫈲	艸	13	
𫈳	艸	13	
𫈴	艸	13	
𫈵	艸	13	
𫈶	艸	14	
𫈷	艸	14	
𫈸	艸	14	
𫈹	艸	14	
𫈺	艸	14	
𫈻	艸	14	
𫈼	艸	14	
𫈽	艸	14	
𫈾	艸	14	
𫈿	艸	14	
𫉀	艸	14	
𫉁	艸	14	
𫉂	艸	14	
𫉃	艸	14	
𫉄	艸	14	
𫉅	艸	14	
𫉆	艸	14	
𫉇	艸	14	
𫉈	艸	15	
𫉉	艸	15	
𫉊	艸	15	
𫉋	艸	15	
𫉌	艸	15	
𫉍	艸	15	
𫉎	艸	15	
𫉏	艸	15	
𫉐	艸	15	
𫉑	艸	15	
𫉒	艸	15	
𫉓	艸	15	
𫉔	艸	15	
𫉕	艸	15	
𫉖	艸	15	
𫉗	艸	15	
𫉘	艸	15	
𫉙	艸	15	
𫉚	艸	15	
𫉛	艸	15	
𫉜	艸	15	
𫉝	艸	16	
𫉞	艸	16	
𫉟	艸	16	
𫉠	艸	16	
𫉡	艸	16	
𫉢	艸	16	
𫉣	艸	16	
𫉤	艸	16	
𫉥	艸	17	
𫉦	艸	17	
𫉧	艸	17	
𫉨	艸	17	
𫉩	艸	17	
𫉪	艸	17	
𫉫	艸	17	
𫉬	艸	17	
𫉭	艸	17	
𫉮	艸	17	
𫉯	艸	17	
𫉰	艸	17	
𫉱	艸	17	
𫉲	艸	17	
𫉳	艸	17	
𫉴	艸	17	
𫉵	艸	18	
𫉶	艸	18	
𫉷	艸	18	
𫉸	艸	18	
𫉹	艸	18	
𫉺	艸	18	
𫉻	艸	18	
𫉼	艸	18	
𫉽	艸	18	
𫉾	艸	18	
𫉿	艸	18	
𫊀	艸	18	
𫊁	艸	18	
𫊂	艸	18	
𫊃	艸	18	
𫊄	艸	18	
𫊅	艸	19	
𫊆	艸	19	
𫊇	艸	19	
𫊈	艸	19	
𫊉	艸	19	
𫊊	艸	19	
𫊋	艸	19	
𫊌	艸	20	
𫊍	艸	20	
𫊎	艸	20	
𫊏	艸	20	
𫊐	艸	21	
𫊑	艸	21	
𫊒	艸	21	
𫊓	艸	21	
𫊔	艸	22	
𫊕	艸	22	
𫊖	艸	22	
𫊗	艸	23	
𫊘	艸	24	
𫊙	艸	24	
𫊚	艸	24	
𫊛	艸	26	
𫊜	艸	26	
𫊝	虍	9	
𫊞	虍	9	
𫊟	虍	10	
𫊠	虍	12	
𫊡	虍	12	
𫊢	虍	14	
𫊣	虍	17	
𫊤	虫	8	
𫊥	虫	9	
𫊦	虫	9	
𫊧	虫	10	
𫊨	虫	10	
𫊩	虫	10	
𫊪	虫	10	
𫊫	虫	10	
𫊬	虫	11	
𫊭	虫	11	
𫊮	虫	11	
𫊯	虫	11	
𫊰	虫	11	
𫊱	虫	11	
𫊲	虫	11	
𫊳	虫	12	
𫊴	虫	12	
𫊵	虫	12	
𫊶	虫	12	
𫊷	虫	12	
𫊸	虫	12	
𫊹	虫	12	
𫊺	虫	12	
𫊻	虫	12	
𫊼	虫	12	
𫊽	虫	13	
𫊾	虫	13	
𫊿	虫	13	
𫋀	虫	13	
𫋁	虫	13	
𫋂	虫	14	
𫋃	虫	14	
𫋄	虫	14	
𫋅	虫	14	
𫋆	虫	14	
𫋇	虫	14	
𫋈	虫	14	
𫋉	虫	14	
𫋊	虫	15	
𫋋	虫	15	
𫋌	虫	15	
𫋍	虫	15	
𫋎	虫	15	
𫋏	虫	16	
𫋐	虫	16	
𫋑	虫	16	
𫋒	虫	16	
𫋓	虫	16	
𫋔	虫	16	
𫋕	虫	16	
𫋖	虫	17	
𫋗	虫	17	
𫋘	虫	17	
𫋙	虫	17	
𫋚	虫	18	
𫋛	虫	18	
𫋜	虫	18	
𫋝	虫	18	
𫋞	虫	18	
𫋟	虫	19	
𫋠	虫	19	
𫋡	虫	19	
𫋢	虫	19	
𫋣	虫	20	
𫋤	虫	20	
𫋥	虫	20	
𫋦	虫	21	
𫋧	虫	21	
𫋨	虫	22	
𫋩	虫	29	
𫋪	血	10	
𫋫	血	11	
𫋬	血	17	
𫋭	行	11	
𫋮	行	12	
𫋯	行	15	
𫋰	行	18	
𫋱	行	23	
𫋲	衣	9	
𫋳	衣	9	
𫋴	衣	9	
𫋵	衣	10	
𫋶	衣	10	
𫋷	衣	10	
𫋸	衣	11	
𫋹	衣	11	
𫋺	衣	11	
𫋻	衣	11	
𫋼	衣	11	
𫋽	衣	12	
𫋾	衣	13	
𫋿	衣	13	
𫌀	衣	13	
𫌁	衣	13	
𫌂	衣	13	
𫌃	衣	13	
𫌄	衣	13	
𫌅	衣	14	
𫌆	衣	14	
𫌇	衣	15	
𫌈	衣	15	
𫌉	衣	15	
𫌊	衣	16	
𫌋	衣	16	
𫌌	衣	16	
𫌍	衣	16	
𫌎	衣	16	
𫌏	衣	16	
𫌐	衣	17	
𫌑	衣	17	
𫌒	衣	17	
𫌓	衣	18	
𫌔	衣	18	
𫌕	衣	19	
𫌖	衣	20	
𫌗	衣	22	
𫌘	衣	23	
𫌙	衣	23	
𫌚	襾	11	
𫌛	襾	16	
𫌜	見	10	
𫌝	見	12	
𫌞	見	13	
𫌟	見	14	
𫌠	見	14	
𫌡	見	15	
𫌢	見	16	
𫌣	見	16	
𫌤	見	18	
𫌥	見	20	
𫌦	見	25	
𫌧	見	25	
𫌨		9	
𫌩		9	
𫌪		10	
𫌫		13	
𫌬		15	
𫌭		17	
𫌮	角	13	
𫌯	角	13	
𫌰	角	16	
𫌱	角	16	
𫌲	言	10	
𫌳	言	10	
𫌴	言	11	
𫌵	言	11	
𫌶	言	12	
𫌷	言	12	
𫌸	言	12	
𫌹	言	12	
𫌺	言	13	
𫌻	言	13	
𫌼	言	14	
𫌽	言	14	
𫌾	言	14	
𫌿	言	15	
𫍀	言	15	
𫍁	言	16	
𫍂	言	16	
𫍃	言	16	
𫍄	言	16	
𫍅	言	16	
𫍆	言	17	
𫍇	言	17	
𫍈	言	17	
𫍉	言	18	
𫍊	言	18	
𫍋	言	18	
𫍌	言	18	
𫍍	言	19	
𫍎	言	19	
𫍏	言	19	
𫍐	言	20	
𫍑	言	20	
𫍒	言	21	
𫍓	言	23	
𫍔	言	24	
𫍕	言	24	
𫍖	言	24	
𫍗	言	26	
𫍘	言	28	
𫍙		5	
𫍚		6	
𫍛		6	
𫍜		7	
𫍝		7	
𫍞		7	
𫍟		7	
𫍠		7	
𫍡		7	
𫍢		8	
𫍣		8	
𫍤		8	
𫍥		8	
𫍦		8	
𫍧		9	
𫍨		9	
𫍩		9	
𫍪		9	
𫍫		10	
𫍬		10	
𫍭		10	
𫍮		10	
𫍯		11	
𫍰		11	
𫍱		11	
𫍲		11	
𫍳		11	
𫍴		11	
𫍵		12	
𫍶		12	
𫍷		12	
𫍸		12	
𫍹		13	
𫍺		13	
𫍻		14	
𫍼		14	
𫍽		15	
𫍾		16	
𫍿		17	
𫎀	谷	9	
𫎁	谷	11	
𫎂	谷	15	
𫎃	豆	15	
𫎄	豆	18	
𫎅	豕	8	
𫎆	豕	11	
𫎇	豕	14	
𫎈	豕	14	
𫎉	豕	16	
𫎊	豸	10	
𫎋	豸	13	
𫎌	豸	16	
𫎍	豸	17	
𫎎	貝	9	
𫎏	貝	10	
𫎐	貝	10	
𫎑	貝	10	
𫎒	貝	11	
𫎓	貝	11	
𫎔	貝	12	
𫎕	貝	12	
𫎖	貝	13	
𫎗	貝	14	
𫎘	貝	14	
𫎙	貝	14	
𫎚	貝	15	
𫎛	貝	15	
𫎜	貝	16	
𫎝	貝	16	
𫎞	貝	16	
𫎟	貝	17	
𫎠	貝	17	
𫎡	貝	18	
𫎢	貝	19	
𫎣	貝	22	
𫎤	貝	22	
𫎥	貝	23	
𫎦		9	
𫎧		9	
𫎨		11	
𫎩		12	
𫎪		13	
𫎫		16	
𫎬		18	
𫎭	赤	12	
𫎮	赤	13	
𫎯	赤	15	
𫎰	赤	18	
𫎱	走	11	
𫎲	走	12	
𫎳	走	13	
𫎴	走	13	
𫎵	走	14	
𫎶	走	14	
𫎷	走	14	
𫎸	走	15	
𫎹	走	15	
𫎺	走	15	
𫎻	走	16	
𫎼	走	16	
𫎽	走	17	
𫎾	走	18	
𫎿	走	18	
𫏀	足	10	
𫏁	足	11	
𫏂	足	11	
𫏃	足	11	
𫏄	足	12	
𫏅	足	12	
𫏆	足	12	
𫏇	足	13	
𫏈	足	13	
𫏉	足	13	
𫏊	足	13	
𫏋	足	13	
𫏌	足	14	
𫏍	足	14	
𫏎	足	14	
𫏏	足	15	
𫏐	足	15	
𫏑	足	15	
𫏒	足	15	
𫏓	足	15	
𫏔	足	16	
𫏕	足	16	
𫏖	足	16	
𫏗	足	16	
𫏘	足	16	
𫏙	足	17	
𫏚	足	17	
𫏛	足	17	
𫏜	足	18	
𫏝	足	18	
𫏞	足	18	
𫏟	足	18	
𫏠	足	19	
𫏡	足	19	
𫏢	足	19	
𫏣	足	20	
𫏤	足	20	
𫏥	足	20	
𫏦	足	20	
𫏧	足	21	
𫏨	足	21	
𫏩	足	23	
𫏪	身	13	
𫏫	身	13	
𫏬	身	14	
𫏭	身	17	
𫏮	身	17	
𫏯	身	18	
𫏰	身	19	
𫏱	身	20	
𫏲	車	10	
𫏳	車	11	
𫏴	車	12	
𫏵	車	12	
𫏶	車	14	
𫏷	車	14	
𫏸	車	14	
𫏹	車	15	
𫏺	車	16	
𫏻	車	16	
𫏼	車	17	
𫏽	車	17	
𫏾	車	18	
𫏿	車	18	
𫐀	車	19	
𫐁	車	20	
𫐂	車	21	
𫐃	車	33	
𫐄		7	
𫐅		7	
𫐆		7	
𫐇		8	
𫐈		9	
𫐉		9	
𫐊		9	
𫐋		10	
𫐌		10	
𫐍		11	
𫐎		12	
𫐏		12	
𫐐		12	
𫐑		12	
𫐒		13	
𫐓		13	
𫐔		14	
𫐕		15	
𫐖		15	
𫐗		16	
𫐘		17	
𫐙		19	
𫐚	辛	12	
𫐛	辛	13	
𫐜	辛	13	
𫐝	辛	20	
𫐞	辵	4	
𫐟	辵	6	
𫐠	辵	7	
𫐡	辵	7	
𫐢	辵	8	
𫐣	辵	8	
𫐤	辵	8	
𫐥	辵	9	
𫐦	辵	10	
𫐧	辵	10	
𫐨	辵	10	
𫐩	辵	10	
𫐪	辵	10	
𫐫	辵	11	
𫐬	辵	11	
𫐭	辵	11	
𫐮	辵	11	
𫐯	辵	11	
𫐰	辵	11	
𫐱	辵	11	
𫐲	辵	11	
𫐳	辵	12	
𫐴	辵	12	
𫐵	辵	12	
𫐶	辵	12	
𫐷	辵	12	
𫐸	辵	12	
𫐹	辵	12	
𫐺	辵	13	
𫐻	辵	13	
𫐼	辵	13	
𫐽	辵	13	
𫐾	辵	14	
𫐿	辵	14	
𫑀	辵	14	
𫑁	辵	14	
𫑂	辵	14	
𫑃	辵	14	
𫑄	辵	15	
𫑅	辵	15	
𫑆	辵	15	
𫑇	辵	15	
𫑈	辵	15	
𫑉	辵	15	
𫑊	辵	15	
𫑋	辵	16	
𫑌	辵	17	
𫑍	辵	17	
𫑎	辵	17	
𫑏	辵	17	
𫑐	辵	18	
𫑑	辵	18	
𫑒	辵	20	
𫑓	辵	20	
𫑔	辵	20	
𫑕	辵	20	
𫑖	辵	21	
𫑗	邑	5	
𫑘	邑	6	
𫑙	邑	6	
𫑚	邑	7	
𫑛	邑	7	
𫑜	邑	8	
𫑝	邑	9	
𫑞	邑	9	
𫑟	邑	9	
𫑠	邑	10	
𫑡	邑	10	
𫑢	邑	10	
𫑣	邑	11	
𫑤	邑	11	
𫑥	邑	12	
𫑦	邑	12	
𫑧	邑	13	
𫑨	邑	13	
𫑩	邑	13	
𫑪	邑	15	
𫑫	邑	15	
𫑬	邑	16	
𫑭	邑	17	
𫑮	邑	18	
𫑯	邑	18	
𫑰	邑	18	
𫑱	邑	20	
𫑲	邑	28	
𫑳	酉	10	
𫑴	酉	13	
𫑵	酉	13	
𫑶	酉	14	
𫑷	酉	14	
𫑸	酉	14	
𫑹	酉	15	
𫑺	酉	17	
𫑻	酉	18	
𫑼	酉	19	
𫑽	酉	19	
𫑾	酉	21	
𫑿	酉	23	
𫒀	釆	12	
𫒁	里	11	
𫒂	里	12	
𫒃	里	14	
𫒄	里	17	
𫒅	里	19	
𫒆	金	11	
𫒇	金	11	
𫒈	金	11	
𫒉	金	11	
𫒊	金	12	
𫒋	金	12	
𫒌	金	12	
𫒍	金	12	
𫒎	金	12	
𫒏	金	13	
𫒐	金	13	
𫒑	金	13	
𫒒	金	13	
𫒓	金	13	
𫒔	金	13	
𫒕	金	14	
𫒖	金	14	
𫒗	金	14	
𫒘	金	14	
𫒙	金	14	
𫒚	金	14	
𫒛	金	14	
𫒜	金	14	
𫒝	金	15	
𫒞	金	15	
𫒟	金	15	
𫒠	金	15	
𫒡	金	15	
𫒢	金	15	
𫒣	金	15	
𫒤	金	15	
𫒥	金	15	
𫒦	金	16	
𫒧	金	16	
𫒨	金	16	
𫒩	金	16	
𫒪	金	16	
𫒫	金	16	
𫒬	金	16	
𫒭	金	16	
𫒮	金	16	
𫒯	金	16	
𫒰	金	17	
𫒱	金	17	
𫒲	金	17	
𫒳	金	17	
𫒴	金	17	
𫒵	金	17	
𫒶	金	17	
𫒷	金	17	
𫒸	金	18	
𫒹	金	18	
𫒺	金	18	
𫒻	金	18	
𫒼	金	18	
𫒽	金	18	
𫒾	金	18	
𫒿	金	19	
𫓀	金	19	
𫓁	金	19	
𫓂	金	19	
𫓃	金	19	
𫓄	金	20	
𫓅	金	20	
𫓆	金	20	
𫓇	金	20	
𫓈	金	20	
𫓉	金	20	
𫓊	金	20	
𫓋	金	20	
𫓌	金	20	
𫓍	金	20	
𫓎	金	20	
𫓏	金	21	
𫓐	金	21	
𫓑	金	21	
𫓒	金	21	
𫓓	金	21	
𫓔	金	21	
𫓕	金	21	
𫓖	金	22	
𫓗	金	22	
𫓘	金	22	
𫓙	金	22	
𫓚	金	22	
𫓛	金	23	
𫓜	金	23	
𫓝	金	24	
𫓞	金	24	
𫓟	金	24	
𫓠	金	25	
𫓡	金	25	
𫓢	金	25	
𫓣	金	26	
𫓤	金	27	
𫓥		7	
𫓦		8	
𫓧		9	
𫓨		9	
𫓩		9	
𫓪		9	
𫓫		9	
𫓬		10	
𫓭		10	
𫓮		10	
𫓯		11	
𫓰		11	
𫓱		11	
𫓲		11	
𫓳		11	
𫓴		11	
𫓵		12	
𫓶		12	
𫓷		12	
𫓸		13	
𫓹		13	
𫓺		13	
𫓻		13	
𫓼		13	
𫓽		13	
𫓾		13	
𫓿		13	
𫔀		14	
𫔁		14	
𫔂		14	
𫔃		14	
𫔄		14	
𫔅		15	
𫔆		15	
𫔇		15	
𫔈		15	
𫔉		16	
𫔊		16	
𫔋		17	
𫔌		17	
𫔍		17	
𫔎		17	
𫔏		17	
𫔐		18	
𫔑		18	
𫔒		19	
𫔓		21	
𫔔		23	
𫔕		24	
𫔖	長	13	
𫔗	長	15	
𫔘	門	9	
𫔙	門	11	
𫔚	門	12	
𫔛	門	12	
𫔜	門	13	
𫔝	門	13	
𫔞	門	13	
𫔟	門	13	
𫔠	門	13	
𫔡	門	15	
𫔢	門	15	
𫔣	門	15	
𫔤	門	15	
𫔥	門	16	
𫔦	門	16	
𫔧	門	16	
𫔨	門	17	
𫔩	門	19	
𫔪	門	21	
𫔫	門	25	
𫔬		6	
𫔭		7	
𫔮		7	
𫔯		7	
𫔰		8	
𫔱		9	
𫔲		10	
𫔳		10	
𫔴		11	
𫔵		13	
𫔶		13	
𫔷		14	
𫔸		14	
𫔹		17	
𫔺	阜	5	
𫔻	阜	6	
𫔼	阜	7	
𫔽	阜	7	
𫔾	阜	8	
𫔿	阜	8	
𫕀	阜	8	
𫕁	阜	9	
𫕂	阜	9	
𫕃	阜	9	
𫕄	阜	10	
𫕅	阜	10	
𫕆	阜	11	
𫕇	阜	11	
𫕈	阜	11	
𫕉	阜	11	
𫕊	阜	11	
𫕋	阜	11	
𫕌	阜	11	
𫕍	阜	11	
𫕎	阜	12	
𫕏	阜	12	
𫕐	阜	13	
𫕑	阜	13	
𫕒	阜	13	
𫕓	阜	13	
𫕔	阜	14	
𫕕	阜	14	
𫕖	阜	14	
𫕗	阜	14	
𫕘	阜	18	
𫕙	隶	15	
𫕚	隹	12	
𫕛	隹	14	
𫕜	隹	18	
𫕝	雨	10	
𫕞	雨	11	
𫕟	雨	12	
𫕠	雨	12	
𫕡	雨	13	
𫕢	雨	13	
𫕣	雨	14	
𫕤	雨	14	
𫕥	雨	15	
𫕦	雨	15	
𫕧	雨	16	
𫕨	雨	16	
𫕩	雨	17	
𫕪	雨	17	
𫕫	雨	18	
𫕬	雨	19	
𫕭	雨	19	
𫕮	雨	20	
𫕯	雨	20	
𫕰	雨	20	
𫕱	雨	20	
𫕲	雨	21	
𫕳	雨	22	
𫕴	雨	22	
𫕵	雨	24	
𫕶	雨	24	
𫕷	雨	29	
𫕸	靑	11	
𫕹	靑	13	
𫕺	靑	13	
𫕻	靑	16	
𫕼	靑	19	
𫕽	非	14	
𫕾	非	21	
𫕿	非	25	
𫖀	面	14	
𫖁	面	15	
𫖂	面	16	
𫖃	面	18	
𫖄	面	20	
𫖅	革	14	
𫖆	革	14	
𫖇	革	15	
𫖈	革	15	
𫖉	革	20	
𫖊	革	21	
𫖋	革	22	
𫖌	韋	10	
𫖍	韋	13	
𫖎	韋	17	
𫖏	韋	20	
𫖐	韋	24	
𫖑		8	
𫖒		10	
𫖓		12	
𫖔		14	
𫖕		14	
𫖖		16	
𫖗	音	13	
𫖘	音	14	
𫖙	音	18	
𫖚	音	20	
𫖛	音	21	
𫖜	音	25	
𫖝	頁	13	
𫖞	頁	14	
𫖟	頁	16	
𫖠	頁	16	
𫖡	頁	17	
𫖢	頁	18	
𫖣	頁	18	
𫖤	頁	19	
𫖥	頁	20	
𫖦	頁	20	
𫖧	頁	21	
𫖨	頁	22	
𫖩	頁	24	
𫖪		9	
𫖫		10	
𫖬		11	
𫖭		11	
𫖮		12	
𫖯		12	
𫖰		12	
𫖱		12	
𫖲		13	
𫖳		13	
𫖴		14	
𫖵		14	
𫖶		14	
𫖷		15	
𫖸		16	
𫖹		17	
𫖺		21	
𫖻	風	13	
𫖼		14	
𫖽		17	
𫖾		18	
𫖿		18	
𫗀		19	
𫗁		19	
𫗂		19	
𫗃		22	
𫗄		22	
𫗅	風	23	
𫗆	風	24	
𫗇		8	
𫗈		11	
𫗉		12	
𫗊		13	
𫗋		17	
𫗌		17	
𫗍	食	12	
𫗎	食	13	
𫗏	食	14	
𫗐	食	14	
𫗑	食	14	
𫗒	食	14	
𫗓	食	15	
𫗔	食	17	
𫗕	食	17	
𫗖	食	17	
𫗗	食	17	
𫗘	食	18	
𫗙	食	19	
𫗚	食	19	
𫗛	食	20	
𫗜	食	22	
𫗝	食	22	
𫗞		6	
𫗟		7	
𫗠		7	
𫗡		8	
𫗢		8	
𫗣		8	
𫗤		9	
𫗥		9	
𫗦		10	
𫗧		10	
𫗨		10	
𫗩		11	
𫗪		11	
𫗫		12	
𫗬		12	
𫗭		12	
𫗮		12	
𫗯		12	
𫗰		13	
𫗱		13	
𫗲		15	
𫗳		15	
𫗴		16	
𫗵		20	
𫗶	首	14	
𫗷	首	16	
𫗸	首	17	
𫗹	首	19	
𫗺	首	20	
𫗻	首	24	
𫗼	香	15	
𫗽	香	15	
𫗾	香	17	
𫗿	香	18	
𫘀	香	20	
𫘁	香	20	
𫘂	香	21	
𫘃	香	22	
𫘄	香	29	
𫘅	馬	13	
𫘆	馬	14	
𫘇	馬	14	
𫘈	馬	14	
𫘉	馬	14	
𫘊	馬	16	
𫘋	馬	18	
𫘌	馬	18	
𫘍	馬	18	
𫘎	馬	18	
𫘏	馬	19	
𫘐	馬	19	
𫘑	馬	19	
𫘒	馬	20	
𫘓	馬	20	
𫘔	馬	20	
𫘕	馬	20	
𫘖	馬	20	
𫘗	馬	22	
𫘘	馬	23	
𫘙	馬	24	
𫘚	馬	27	
𫘛		6	
𫘜		7	
𫘝		7	
𫘞		8	
𫘟		8	
𫘠		9	
𫘡		9	
𫘢		10	
𫘣		10	
𫘤		10	
𫘥		11	
𫘦		11	
𫘧		11	
𫘨		12	
𫘩		12	
𫘪		13	
𫘫		13	
𫘬		13	
𫘭		14	
𫘮		14	
𫘯		15	
𫘰		16	
𫘱		21	
𫘲	骨	15	
𫘳	骨	18	
𫘴	骨	18	
𫘵	高	12	
𫘶	高	15	
𫘷	高	16	
𫘸	髟	11	
𫘹	髟	13	
𫘺	髟	13	
𫘻	髟	14	
𫘼	髟	15	
𫘽	髟	16	
𫘾	髟	17	
𫘿	髟	17	
𫙀	髟	18	
𫙁	髟	18	
𫙂	髟	19	
𫙃	髟	21	
𫙄	鬲	14	
𫙅	鬲	15	
𫙆	鬲	21	
𫙇	鬲	28	
𫙈	鬼	11	
𫙉	鬼	13	
𫙊	鬼	15	
𫙋	鬼	16	
𫙌	鬼	17	
𫙍	鬼	17	
𫙎	鬼	21	
𫙏	魚	13	
𫙐	魚	14	
𫙑	魚	15	
𫙒	魚	15	
𫙓	魚	16	
𫙔	魚	16	
𫙕	魚	16	
𫙖	魚	16	
𫙗	魚	16	
𫙘	魚	17	
𫙙	魚	17	
𫙚	魚	17	
𫙛	魚	17	
𫙜	魚	17	
𫙝	魚	17	
𫙞	魚	17	
𫙟	魚	17	
𫙠	魚	18	
𫙡	魚	18	
𫙢	魚	18	
𫙣	魚	18	
𫙤	魚	19	
𫙥	魚	19	
𫙦	魚	19	
𫙧	魚	19	
𫙨	魚	20	
𫙩	魚	20	
𫙪	魚	20	
𫙫	魚	21	
𫙬	魚	21	
𫙭	魚	21	
𫙮	魚	21	
𫙯	魚	21	
𫙰	魚	22	
𫙱	魚	22	
𫙲	魚	22	
𫙳	魚	22	
𫙴	魚	22	
𫙵	魚	22	
𫙶	魚	22	
𫙷	魚	23	
𫙸	魚	23	
𫙹	魚	23	
𫙺	魚	23	
𫙻	魚	23	
𫙼	魚	23	
𫙽	魚	24	
𫙾	魚	24	
𫙿	魚	24	
𫚀	魚	24	
𫚁	魚	24	
𫚂	魚	25	
𫚃	魚	25	
𫚄	魚	26	
𫚅	魚	28	
𫚆	魚	30	
𫚇	魚	32	
𫚈		11	
𫚉		11	
𫚊		11	
𫚋		12	
𫚌		12	
𫚍		12	
𫚎		13	
𫚏		13	
𫚐		13	
𫚑		13	
𫚒		10	
𫚓		14	
𫚔		14	
𫚕		14	
𫚖		14	
𫚗		14	
𫚘		14	
𫚙		15	
𫚚		15	
𫚛		15	
𫚜		16	
𫚝		16	
𫚞		16	
𫚟		16	
𫚠		16	
𫚡		16	
𫚢		17	
𫚣		17	
𫚤		17	
𫚥		17	
𫚦		18	
𫚧		19	
𫚨		19	
𫚩		20	
𫚪		20	
𫚫		21	
𫚬		22	
𫚭		23	
𫚮	鳥	12	
𫚯	鳥	15	
𫚰	鳥	15	
𫚱	鳥	15	
𫚲	鳥	15	
𫚳	鳥	16	
𫚴	鳥	16	
𫚵	鳥	16	
𫚶	鳥	16	
𫚷	鳥	16	
𫚸	鳥	17	
𫚹	鳥	17	
𫚺	鳥	17	
𫚻	鳥	17	
𫚼	鳥	18	
𫚽	鳥	18	
𫚾	鳥	18	
𫚿	鳥	18	
𫛀	鳥	18	
𫛁	鳥	19	
𫛂	鳥	19	
𫛃	鳥	19	
𫛄	鳥	19	
𫛅	鳥	19	
𫛆	鳥	19	
𫛇	鳥	19	
𫛈	鳥	19	
𫛉	鳥	20	
𫛊	鳥	20	
𫛋	鳥	20	
𫛌	鳥	21	
𫛍	鳥	21	
𫛎	鳥	21	
𫛏	鳥	21	
𫛐	鳥	22	
𫛑	鳥	23	
𫛒	鳥	23	
𫛓	鳥	23	
𫛔	鳥	23	
𫛕	鳥	23	
𫛖	鳥	24	
𫛗	鳥	25	
𫛘	鳥	26	
𫛙	鳥	30	
𫛚		9	
𫛛		9	
𫛜		9	
𫛝		9	
𫛞		9	
𫛟		10	
𫛠		10	
𫛡		10	
𫛢		10	
𫛣		10	
𫛤		10	
𫛥		11	
𫛦		11	
𫛧		11	
𫛨		11	
𫛩		11	
𫛪		11	
𫛫		12	
𫛬		12	
𫛭		12	
𫛮		12	
𫛯		12	
𫛰		13	
𫛱		13	
𫛲		13	
𫛳		13	
𫛴		13	
𫛵		13	
𫛶		14	
𫛷		14	
𫛸		14	
𫛹		14	
𫛺		14	
𫛻		14	
𫛼		14	
𫛽		15	
𫛾		15	
𫛿		16	
𫜀		16	
𫜁		16	
𫜂		16	
𫜃		17	
𫜄		17	
𫜅		18	
𫜆		19	
𫜇	鹵	17	
𫜈	鹵	18	
𫜉	鹵	20	
𫜊		16	
𫜋	鹿	13	
𫜌	鹿	15	
𫜍	鹿	17	
𫜎	鹿	18	
𫜏	鹿	23	
𫜐	麥	19	
𫜑		11	
𫜒		12	
𫜓		14	
𫜔		15	
𫜕		17	
𫜖	麻	17	
𫜗	麻	19	
𫜘	黃	15	
𫜙	黑	20	
𫜚	黑	20	
𫜛	黑	21	
𫜜	黹	16	
𫜝	黽	19	
𫜞	黽	25	
𫜟		17	
𫜠	鼎	15	
𫜡	鼎	22	
𫜢	鼠	14	
𫜣	鼠	25	
𫜤	鼻	18	
𫜥	齒	21	
𫜦	齒	22	
𫜧	齒	27	
𫜨		12	
𫜩		14	
𫜪		14	
𫜫		15	
𫜬		16	
𫜭		16	
𫜮		17	
𫜯		18	
𫜰		21	
𫜱	龍	23	
𫜲		11	
𫜳		12	
𫜴	龠	29	
𫜵	丿	4	
𫜶	肉	16	
𫜷	邑	10	
𫜸	口	5	
𫜹	彐	3	
𫝀	一	3	
𫝁	一	6	
𫝂	一	7	
𫝃	一	14	
𫝄	丿	3	
𫝅	亠	6	
𫝆	人	5	
𫝇	人	8	
𫝈	人	8	
𫝉	人	10	
𫝊	人	11	
𫝋	人	13	
𫝌	儿	9	
𫝍	冂	9	
𫝎	冫	9	
𫝏	冫	11	
𫝐	刀	9	
𫝑	力	13	
𫝒	十	7	
𫝓	十	8	
𫝔	十	9	
𫝕	厂	7	
𫝖	厂	10	
𫝗	厂	10	
𫝘	口	6	
𫝙	口	9	
𫝚	口	14	
𫝛	口	15	
𫝜	口	17	
𫝝	口	18	
𫝞	口	22	
𫝟	土	12	
𫝠	土	14	
𫝡	土	16	
𫝢	夕	6	
𫝣	夕	7	
𫝤	大	10	
𫝥	大	16	
𫝦	女	7	
𫝧	女	9	
𫝨	女	9	
𫝩	女	10	
𫝪	女	10	
𫝫	女	10	
𫝬	女	12	
𫝭	女	14	
𫝮	女	15	
𫝯	子	15	
𫝰	宀	14	
𫝱	宀	15	
𫝲	尸	6	
𫝳	山	6	
𫝴	山	9	
𫝵	山	10	
𫝶	广	11	
𫝷	广	11	
𫝸	彡	9	
𫝹	心	7	
𫝺	手	8	
𫝻	手	9	
𫝼	手	12	
𫝽	手	13	
𫝾	手	14	
𫝿	手	18	
𫞀	方	11	
𫞁	方	13	
𫞂	日	9	
𫞃	日	9	
𫞄	日	10	
𫞅	月	10	
𫞆	月	12	
𫞇	月	12	
𫞈	木	8	
𫞉	木	10	
𫞊	木	10	
𫞋	木	14	
𫞌	木	14	
𫞍	木	15	
𫞎	木	15	
𫞏	木	15	
𫞐	木	16	
𫞑	木	17	
𫞒	木	18	
𫞓	止	13	
𫞔	歹	15	
𫞕	氏	5	
𫞖	氏	6	
𫞗	水	10	
𫞘	水	11	
𫞙	水	13	
𫞚	水	13	
𫞛	水	13	
𫞜	水	15	
𫞝	水	16	
𫞞	水	19	
𫞟	火	10	
𫞠	火	11	
𫞡	火	14	
𫞢	牛	9	
𫞣	犬	8	
𫞤	犬	11	
𫞥	玉	8	
𫞦	玉	10	
𫞧	玉	12	
𫞨	玉	14	
𫞩	玉	15	
𫞪	甘	9	
𫞫	田	11	
𫞬	疒	10	
𫞭	疒	15	
𫞮	白	10	
𫞯	皿	8	
𫞰	皿	9	
𫞱	皿	13	
𫞲	目	10	
𫞳	目	11	
𫞴	示	10	
𫞵	示	11	
𫞶	示	16	
𫞷	禾	11	
𫞸	禾	13	
𫞹	穴	7	
𫞺	穴	22	
𫞻	立	7	
𫞼	立	11	
𫞽	竹	15	
𫞾	竹	15	
𫞿	竹	15	
𫟀	米	17	
𫟁	糸	15	
𫟂	糸	18	
𫟃		9	
𫟄		10	
𫟅		11	
𫟆		12	
𫟇		17	
𫟈	羊	9	
𫟉	耳	8	
𫟊	肉	14	
𫟋	臼	12	
𫟌	艸	9	
𫟍	艸	9	
𫟎	艸	10	
𫟏	艸	11	
𫟐	艸	11	
𫟑	艸	11	
𫟒	艸	13	
𫟓	艸	13	
𫟔	艸	14	
𫟕	艸	15	
𫟖	艸	16	
𫟗	虫	20	
𫟘	行	15	
𫟙	行	17	
𫟚	衣	12	
𫟛	襾	12	
𫟜	見	23	
𫟝	言	22	
𫟞		6	
𫟟		7	
𫟠		10	
𫟡		10	
𫟢		12	
𫟣	足	19	
𫟤		9	
𫟥		14	
𫟦		17	
𫟧	辵	5	
𫟨	辵	12	
𫟩	辵	12	
𫟪	辵	16	
𫟫	邑	7	
𫟬	邑	10	
𫟭	邑	11	
𫟮	酉	13	
𫟯	里	9	
𫟰	金	14	
𫟱	金	18	
𫟲		7	
𫟳		8	
𫟴		9	
𫟵		9	
𫟶		10	
𫟷		10	
𫟸		11	
𫟹		11	
𫟺		11	
𫟻		11	
𫟼		12	
𫟽		13	
𫟾		14	
𫟿		14	
𫠀		15	
𫠁		19	
𫠂		8	
𫠃	阜	11	
𫠄	韋	15	
𫠅		13	
𫠆		10	
𫠇		8	
𫠈		9	
𫠉	馬	7	
𫠊		8	
𫠋		14	
𫠌		16	
𫠍	魚	21	
𫠎	魚	24	
𫠏		12	
𫠐		13	
𫠑		17	
𫠒		19	
𫠓	鳥	8	
𫠔	鳥	16	
𫠕	鳥	22	
𫠖		9	
𫠗		15	
𫠘		18	
𫠙	齒	19	
𫠚		17	
𫠛	齒	24	
𫠜		16	
𫠝		23	
𫠠	弋	2	
𫠡	一	4	
𫠢	一	5	
𫠣	一	5	
𫠤	一	6	
𫠥	一	6	
𫠦	一	7	
𫠧	一	7	
𫠨	一	7	
𫠩	一	7	
𫠪	一	7	
𫠫	一	8	
𫠬	一	8	
𫠭	一	8	
𫠮	一	9	
𫠯	一	10	
𫠰	一	10	
𫠱	一	10	
𫠲	一	10	
𫠳	一	11	
𫠴	一	11	
𫠵	一	11	
𫠶	一	12	
𫠷	一	13	
𫠸	一	13	
𫠹	一	13	
𫠺	一	13	
𫠻	一	13	
𫠼	一	13	
𫠽	一	14	
𫠾	一	15	
𫠿	一	15	
𫡀	一	16	
𫡁	一	18	
𫡂	一	18	
𫡃	丨	3	
𫡄	丨	3	
𫡅	丨	4	
𫡆	丨	7	
𫡇	丨	8	
𫡈	丨	10	
𫡉	丨	10	
𫡊	丨	14	
𫡋	丨	17	
𫡌	丨	15	
𫡍	丨	20	
𫡎	丨	22	
𫡏	丿	3	
𫡐	丿	5	
𫡑	丿	6	
𫡒	丿	6	
𫡓	丿	6	
𫡔	丿	7	
𫡕	丿	8	
𫡖	丿	8	
𫡗	丿	8	
𫡘	丿	8	
𫡙	丿	9	
𫡚	丿	9	
𫡛	丿	9	
𫡜	丿	10	
𫡝	丿	11	
𫡞	丿	12	
𫡟	丿	15	
𫡠	丿	15	
𫡡	丿	28	
𫡢	乙	4	
𫡣	乙	5	
𫡤	乙	6	
𫡥	乙	7	
𫡦	乙	7	
𫡧	乙	7	
𫡨	乙	8	
𫡩	乙	9	
𫡪	乙	10	
𫡫	乙	10	
𫡬	乙	10	
𫡭	乙	11	
𫡮	乙	10	
𫡯	乙	13	
𫡰	乙	13	
𫡱	二	6	
𫡲	二	7	
𫡳	二	8	
𫡴	二	11	
𫡵	二	13	
𫡶	二	13	
𫡷	二	14	
𫡸	二	16	
𫡹	二	16	
𫡺	亠	7	
𫡻	亠	10	
𫡼	亠	12	
𫡽	亠	13	
𫡾	亠	13	
𫡿	亠	14	
𫢀	亠	14	
𫢁	亠	17	
𫢂	亠	17	
𫢃	亠	20	
𫢄	亠	22	
𫢅	人	3	
𫢆	人	4	
𫢇	人	4	
𫢈	人	4	
𫢉	人	5	
𫢊	人	5	
𫢋	人	6	
𫢌	人	6	
𫢍	人	6	
𫢎	人	6	
𫢏	人	6	
𫢐	人	6	
𫢑	人	7	
𫢒	人	7	
𫢓	人	7	
𫢔	人	7	
𫢕	人	7	
𫢖	人	7	
𫢗	人	7	
𫢘	人	7	
𫢙	人	8	
𫢚	人	8	
𫢛	人	8	
𫢜	人	8	
𫢝	人	8	
𫢞	人	9	
𫢟	人	9	
𫢠	人	8	
𫢡	人	9	
𫢢	人	9	
𫢣	人	9	
𫢤	人	9	
𫢥	人	10	
𫢦	人	9	
𫢧	人	9	
𫢨	人	9	
𫢩	人	9	
𫢪	人	9	
𫢫	人	10	
𫢬	人	9	
𫢭	人	9	
𫢮	人	9	
𫢯	人	9	
𫢰	人	10	
𫢱	人	10	
𫢲	人	10	
𫢳	人	10	
𫢴	人	10	
𫢵	人	10	
𫢶	人	10	
𫢷	人	10	
𫢸	人	10	
𫢹	人	10	
𫢺	人	10	
𫢻	人	10	
𫢼	人	10	
𫢽	人	11	
𫢾	人	11	
𫢿	人	11	
𫣀	人	11	
𫣁	人	11	
𫣂	人	11	
𫣃	人	11	
𫣄	人	12	
𫣅	人	12	
𫣆	人	12	
𫣇	人	12	
𫣈	人	12	
𫣉	人	12	
𫣊	人	12	
𫣋	人	12	
𫣌	人	12	
𫣍	人	12	
𫣎	人	12	
𫣏	人	12	
𫣐	人	12	
𫣑	人	13	
𫣒	人	13	
𫣓	人	13	
𫣔	人	13	
𫣕	人	13	
𫣖	人	13	
𫣗	人	14	
𫣘	人	14	
𫣙	木	13	
𫣚	木	13	
𫣛	人	14	
𫣜	人	14	
𫣝	人	14	
𫣞	人	13	
𫣟	人	13	
𫣠	人	14	
𫣡	人	14	
𫣢	人	14	
𫣣	人	15	
𫣤	人	14	
𫣥	人	14	
𫣦	人	14	
𫣧	人	15	
𫣨	人	15	
𫣩	人	15	
𫣪	人	15	
𫣫	人	15	
𫣬	人	15	
𫣭	人	16	
𫣮	人	16	
𫣯	人	16	
𫣰	人	16	
𫣱	人	15	
𫣲	人	17	
𫣳	人	17	
𫣴	人	17	
𫣵	人	16	
𫣶	人	17	
𫣷	人	15	
𫣸	人	17	
𫣹	人	18	
𫣺	人	18	
𫣻	人	18	
𫣼	人	18	
𫣽	人	18	
𫣾	人	17	
𫣿	人	18	
𫤀	人	18	
𫤁	人	18	
𫤂	人	17	
𫤃	人	18	
𫤄	人	19	
𫤅	人	19	
𫤆	人	19	
𫤇	人	18	
𫤈	人	18	
𫤉	人	20	
𫤊	人	20	
𫤋	人	21	
𫤌	人	21	
𫤍	人	21	
𫤎	人	21	
𫤏	人	20	
𫤐	人	21	
𫤑	人	21	
𫤒	人	22	
𫤓	人	22	
𫤔	人	23	
𫤕	人	24	
𫤖	人	25	
𫤗	儿	7	
𫤘	儿	8	
𫤙	儿	9	
𫤚	儿	11	
𫤛	儿	11	
𫤜	儿	12	
𫤝	儿	12	
𫤞	儿	13	
𫤟	儿	14	
𫤠	儿	14	
𫤡	儿	17	
𫤢	儿	17	
𫤣	儿	18	
𫤤	儿	18	
𫤥	儿	18	
𫤦	儿	18	
𫤧	儿	19	
𫤨	儿	20	
𫤩	入	10	
𫤪	入	12	
𫤫	八	6	
𫤬	八	6	
𫤭	八	8	
𫤮	八	9	
𫤯	八	10	
𫤰	八	11	
𫤱	八	12	
𫤲	八	13	
𫤳	八	18	
𫤴	八	19	
𫤵	八	19	
𫤶	八	25	
𫤷	冂	13	
𫤸	冖	7	
𫤹	冖	9	
𫤺	冖	9	
𫤻	冖	15	
𫤼	冖	19	
𫤽	冖	20	
𫤾	冫	3	
𫤿	冫	5	
𫥀	冫	7	
𫥁	冫	6	
𫥂	冫	6	
𫥃	冫	6	
𫥄	冫	7	
𫥅	冫	7	
𫥆	冫	7	
𫥇	冫	7	
𫥈	冫	7	
𫥉	冫	8	
𫥊	冫	8	
𫥋	冫	8	
𫥌	冫	9	
𫥍	冫	9	
𫥎	冫	9	
𫥏	冫	10	
𫥐	冫	10	
𫥑	冫	11	
𫥒	冫	11	
𫥓	冫	11	
𫥔	冫	11	
𫥕	冫	12	
𫥖	冫	12	
𫥗	冫	13	
𫥘	冫	13	
𫥙	冫	14	
𫥚	冫	15	
𫥛	冫	15	
𫥜	冫	15	
𫥝	冫	18	
𫥞	几	6	
𫥟	几	6	
𫥠	几	10	
𫥡	几	11	
𫥢	几	12	
𫥣	几	13	
𫥤	凵	10	
𫥥	凵	12	
𫥦	凵	12	
𫥧	凵	13	
𫥨	凵	13	
𫥩	凵	13	
𫥪	凵	14	
𫥫	凵	14	
𫥬	凵	14	
𫥭	凵	18	
𫥮	凵	19	
𫥯	凵	19	
𫥰	刀	5	
𫥱	刀	5	
𫥲	刀	6	
𫥳	刀	6	
𫥴	刀	6	
𫥵	刀	7	
𫥶	刀	7	
𫥷	刀	7	
𫥸	刀	7	
𫥹	刀	7	
𫥺	刀	7	
𫥻	刀	7	
𫥼	刀	8	
𫥽	刀	8	
𫥾	刀	8	
𫥿	刀	8	
𫦀	刀	9	
𫦁	刀	9	
𫦂	刀	10	
𫦃	刀	10	
𫦄	刀	10	
𫦅	刀	10	
𫦆	刀	11	
𫦇	刀	11	
𫦈	刀	11	
𫦉	刀	11	
𫦊	刀	11	
𫦋	刀	12	
𫦌	刀	11	
𫦍	刀	12	
𫦎	刀	12	
𫦏	刀	12	
𫦐	刀	12	
𫦑	刀	12	
𫦒	刀	13	
𫦓	刀	13	
𫦔	刀	13	
𫦕	刀	13	
𫦖	刀	14	
𫦗	刀	14	
𫦘	刀	15	
𫦙	刀	14	
𫦚	刀	14	
𫦛	刀	17	
𫦜	刀	18	
𫦝	刀	18	
𫦞	刀	18	
𫦟	刀	19	
𫦠	刀	19	
𫦡	刀	23	
𫦢	刀	25	
𫦣	刀	26	
𫦤	力	3	
𫦥	力	6	
𫦦	力	7	
𫦧	力	6	
𫦨	力	8	
𫦩	力	9	
𫦪	力	9	
𫦫	力	9	
𫦬	力	9	
𫦭	力	9	
𫦮	力	10	
𫦯	力	10	
𫦰	力	9	
𫦱	力	10	
𫦲	力	10	
𫦳	力	11	
𫦴	力	12	
𫦵	力	12	
𫦶	力	13	
𫦷	力	13	
𫦸	力	14	
𫦹	力	15	
𫦺	力	15	
𫦻	力	16	
𫦼	力	16	
𫦽	力	17	
𫦾	力	17	
𫦿	力	33	
𫧀	勹	5	
𫧁	勹	5	
𫧂	勹	10	
𫧃	勹	10	
𫧄	勹	12	
𫧅	勹	15	
𫧆	勹	16	
𫧇	匕	4	
𫧈	匕	11	
𫧉	匕	11	
𫧊	匕	19	
𫧋	匚	4	
𫧌	匚	6	
𫧍	匚	6	
𫧎	匚	6	
𫧏	匚	6	
𫧐	匚	7	
𫧑	匚	8	
𫧒	匚	8	
𫧓	匚	9	
𫧔	匚	10	
𫧕	匚	12	
𫧖	匚	13	
𫧗	匚	13	
𫧘	匚	15	
𫧙	匚	16	
𫧚	匚	16	
𫧛	匚	17	
𫧜	匚	17	
𫧝	匚	23	
𫧞	十	7	
𫧟	十	8	
𫧠	十	8	
𫧡	十	9	
𫧢	十	9	
𫧣	十	12	
𫧤	十	13	
𫧥	十	12	
𫧦	十	14	
𫧧	十	14	
𫧨	十	14	
𫧩	十	17	
𫧪	十	17	
𫧫	十	17	
𫧬	十	19	
𫧭	十	21	
𫧮	卜	9	
𫧯	卜	9	
𫧰	卜	10	
𫧱	卜	12	
𫧲	卜	12	
𫧳	卜	13	
𫧴	卜	13	
𫧵	卜	14	
𫧶	卜	16	
𫧷	卜	21	
𫧸	卜	21	
𫧹	卩	4	
𫧺	卩	6	
𫧻	卩	11	
𫧼	卩	12	
𫧽	卩	13	
𫧾	卩	14	
𫧿	卩	15	
𫨀	卩	16	
𫨁	卩	21	
𫨂	厂	5	
𫨃	厂	7	
𫨄	厂	7	
𫨅	厂	8	
𫨆	厂	8	
𫨇	厂	8	
𫨈	厂	8	
𫨉	厂	9	
𫨊	厂	9	
𫨋	厂	10	
𫨌	厂	11	
𫨍	厂	11	
𫨎	厂	11	
𫨏	厂	11	
𫨐	厂	11	
𫨑	厂	12	
𫨒	厂	12	
𫨓	厂	12	
𫨔	厂	12	
𫨕	厂	12	
𫨖	厂	12	
𫨗	厂	12	
𫨘	厂	13	
𫨙	厂	13	
𫨚	厂	13	
𫨛	厂	13	
𫨜	厂	14	
𫨝	厂	14	
𫨞	厂	15	
𫨟	厂	15	
𫨠	厂	16	
𫨡	厂	16	
𫨢	厂	16	
𫨣	厂	17	
𫨤	厂	20	
𫨥	厂	24	
𫨦	厶	4	
𫨧	厶	7	
𫨨	厶	9	
𫨩	厶	9	
𫨪	厶	10	
𫨫	厶	11	
𫨬	厶	13	
𫨭	厶	13	
𫨮	厶	13	
𫨯	厶	17	
𫨰	厶	17	
𫨱	厶	29	
𫨲	又	4	
𫨳	又	6	
𫨴	又	7	
𫨵	又	7	
𫨶	又	7	
𫨷	又	7	
𫨸	又	7	
𫨹	又	8	
𫨺	又	9	
𫨻	又	9	
𫨼	又	10	
𫨽	又	10	
𫨾	又	10	
𫨿	又	10	
𫩀	又	11	
𫩁	又	10	
𫩂	又	11	
𫩃	又	11	
𫩄	又	12	
𫩅	又	12	
𫩆	又	13	
𫩇	又	13	
𫩈	又	14	
𫩉	又	13	
𫩊	又	15	
𫩋	又	16	
𫩌	又	16	
𫩍	又	17	
𫩎	又	17	
𫩏	口	4	
𫩐	口	5	
𫩑	口	5	
𫩒	口	6	
𫩓	口	6	
𫩔	口	6	
𫩕	口	6	
𫩖	口	6	
𫩗	口	6	
𫩘	口	7	
𫩙	口	7	
𫩚	口	7	
𫩛	口	7	
𫩜	口	7	
𫩝	口	6	
𫩞	口	7	
𫩟	口	8	
𫩠	口	8	
𫩡	口	8	
𫩢	口	8	
𫩣	口	8	
𫩤	口	8	
𫩥	口	8	
𫩦	口	8	
𫩧	口	8	
𫩨	口	8	
𫩩	口	8	
𫩪	口	8	
𫩫	口	9	
𫩬	口	9	
𫩭	口	9	
𫩮	口	9	
𫩯	口	9	
𫩰	口	9	
𫩱	口	9	
𫩲	口	9	
𫩳	口	9	
𫩴	口	9	
𫩵	口	8	
𫩶	口	8	
𫩷	口	9	
𫩸	口	8	
𫩹	口	9	
𫩺	口	9	
𫩻	口	9	
𫩼	口	9	
𫩽	口	10	
𫩾	口	10	
𫩿	口	10	
𫪀	口	9	
𫪁	口	10	
𫪂	口	10	
𫪃	口	10	
𫪄	口	10	
𫪅	口	10	
𫪆	口	10	
𫪇	口	10	
𫪈	口	10	
𫪉	口	10	
𫪊	口	10	
𫪋	口	10	
𫪌	口	10	
𫪍	口	10	
𫪎	口	10	
𫪏	口	10	
𫪐	口	10	
𫪑	口	10	
𫪒	口	11	
𫪓	口	11	
𫪔	口	11	
𫪕	口	11	
𫪖	口	11	
𫪗	口	11	
𫪘	口	11	
𫪙	口	11	
𫪚	口	11	
𫪛	口	11	
𫪜	口	10	
𫪝	口	10	
𫪞	口	11	
𫪟	口	11	
𫪠	口	11	
𫪡	口	11	
𫪢	口	11	
𫪣	口	11	
𫪤	口	11	
𫪥	口	11	
𫪦	口	11	
𫪧	口	11	
𫪨	口	11	
𫪩	口	11	
𫪪	口	11	
𫪫	口	11	
𫪬	口	11	
𫪭	口	11	
𫪮	口	11	
𫪯	口	11	
𫪰	口	11	
𫪱	口	12	
𫪲	口	12	
𫪳	口	12	
𫪴	口	12	
𫪵	口	12	
𫪶	口	12	
𫪷	口	12	
𫪸	口	12	
𫪹	口	12	
𫪺	口	12	
𫪻	口	12	
𫪼	口	11	
𫪽	口	12	
𫪾	口	12	
𫪿	口	13	
𫫀	口	12	
𫫁	口	12	
𫫂	口	12	
𫫃	口	13	
𫫄	口	13	
𫫅	口	13	
𫫆	口	13	
𫫇	口	13	
𫫈	口	13	
𫫉	口	13	
𫫊	口	13	
𫫋	口	13	
𫫌	口	13	
𫫍	口	13	
𫫎	口	13	
𫫏	口	13	
𫫐	口	13	
𫫑	口	13	
𫫒	口	13	
𫫓	口	14	
𫫔	口	14	
𫫕	口	13	
𫫖	口	14	
𫫗	口	14	
𫫘	口	14	
𫫙	口	14	
𫫚	口	13	
𫫛	口	13	
𫫜	口	14	
𫫝	口	14	
𫫞	口	14	
𫫟	口	13	
𫫠	口	14	
𫫡	口	14	
𫫢	口	13	
𫫣	口	14	
𫫤	口	14	
𫫥	口	14	
𫫦	口	14	
𫫧	口	14	
𫫨	口	15	
𫫩	口	15	
𫫪	口	15	
𫫫	口	14	
𫫬	口	15	
𫫭	口	15	
𫫮	口	15	
𫫯	口	14	
𫫰	口	15	
𫫱	口	15	
𫫲	口	15	
𫫳	口	15	
𫫴	口	14	
𫫵	口	15	
𫫶	口	16	
𫫷	口	16	
𫫸	口	16	
𫫹	口	16	
𫫺	口	16	
𫫻	口	15	
𫫼	口	16	
𫫽	口	17	
𫫾	口	16	
𫫿	口	16	
𫬀	口	16	
𫬁	口	15	
𫬂	口	16	
𫬃	口	16	
𫬄	口	16	
𫬅	口	16	
𫬆	口	16	
𫬇	口	17	
𫬈	口	17	
𫬉	口	16	
𫬊	口	17	
𫬋	口	16	
𫬌	口	17	
𫬍	口	17	
𫬎	口	16	
𫬏	口	17	
𫬐	口	17	
𫬑	口	17	
𫬒	口	18	
𫬓	口	18	
𫬔	口	18	
𫬕	口	18	
𫬖	口	18	
𫬗	口	18	
𫬘	口	18	
𫬙	口	18	
𫬚	口	18	
𫬛	口	18	
𫬜	口	18	
𫬝	口	19	
𫬞	口	19	
𫬟	口	19	
𫬠	口	19	
𫬡	口	18	
𫬢	口	18	
𫬣	口	19	
𫬤	口	19	
𫬥	口	19	
𫬦	口	19	
𫬧	口	19	
𫬨	口	19	
𫬩	口	19	
𫬪	口	19	
𫬫	口	19	
𫬬	口	20	
𫬭	口	20	
𫬮	口	20	
𫬯	口	19	
𫬰	口	20	
𫬱	口	18	
𫬲	口	20	
𫬳	口	20	
𫬴	口	19	
𫬵	口	20	
𫬶	口	21	
𫬷	口	21	
𫬸	口	21	
𫬹	口	22	
𫬺	口	23	
𫬻	口	23	
𫬼	口	23	
𫬽	口	24	
𫬾	口	24	
𫬿	口	24	
𫭀	口	25	
𫭁	口	27	
𫭂	囗	5	
𫭃	囗	7	
𫭄	囗	7	
𫭅	囗	8	
𫭆	囗	8	
𫭇	囗	9	
𫭈	囗	9	
𫭉	囗	10	
𫭊	囗	10	
𫭋	囗	11	
𫭌	囗	11	
𫭍	囗	12	
𫭎	囗	12	
𫭏	囗	12	
𫭐	囗	13	
𫭑	囗	14	
𫭒	囗	15	
𫭓	囗	16	
𫭔	囗	16	
𫭕	囗	21	
𫭖	土	4	
𫭗	土	5	
𫭘	土	5	
𫭙	土	6	
𫭚	土	6	
𫭛	土	7	
𫭜	土	7	
𫭝	土	7	
𫭞	土	7	
𫭟	土	7	
𫭠	土	7	
𫭡	土	7	
𫭢	土	7	
𫭣	土	7	
𫭤	土	7	
𫭥	土	8	
𫭦	土	8	
𫭧	土	8	
𫭨	土	8	
𫭩	土	9	
𫭪	土	9	
𫭫	土	9	
𫭬	土	9	
𫭭	土	9	
𫭮	土	9	
𫭯	土	9	
𫭰	土	10	
𫭱	土	10	
𫭲	土	10	
𫭳	土	10	
𫭴	土	10	
𫭵	土	10	
𫭶	土	10	
𫭷	土	10	
𫭸	土	10	
𫭹	土	10	
𫭺	土	10	
𫭻	土	10	
𫭼	土	10	
𫭽	土	11	
𫭾	土	11	
𫭿	土	11	
𫮀	土	11	
𫮁	土	11	
𫮂	土	11	
𫮃	土	11	
𫮄	土	11	
𫮅	土	11	
𫮆	土	12	
𫮇	土	12	
𫮈	土	12	
𫮉	土	11	
𫮊	土	12	
𫮋	土	12	
𫮌	土	12	
𫮍	土	12	
𫮎	土	12	
𫮏	土	12	
𫮐	土	12	
𫮑	土	11	
𫮒	土	13	
𫮓	土	13	
𫮔	土	13	
𫮕	土	13	
𫮖	土	13	
𫮗	土	13	
𫮘	土	13	
𫮙	土	13	
𫮚	土	13	
𫮛	土	14	
𫮜	土	14	
𫮝	土	13	
𫮞	土	14	
𫮟	土	14	
𫮠	土	14	
𫮡	土	14	
𫮢	土	13	
𫮣	土	15	
𫮤	土	14	
𫮥	土	14	
𫮦	土	15	
𫮧	土	15	
𫮨	土	15	
𫮩	土	14	
𫮪	土	15	
𫮫	土	15	
𫮬	土	15	
𫮭	土	15	
𫮮	土	15	
𫮯	土	16	
𫮰	土	17	
𫮱	土	17	
𫮲	土	16	
𫮳	土	17	
𫮴	土	17	
𫮵	土	17	
𫮶	土	18	
𫮷	土	18	
𫮸	土	18	
𫮹	土	18	
𫮺	土	19	
𫮻	土	19	
𫮼	土	18	
𫮽	土	19	
𫮾	土	19	
𫮿	土	20	
𫯀	土	21	
𫯁	士	9	
𫯂	士	9	
𫯃	士	14	
𫯄	士	14	
𫯅	士	15	
𫯆	士	20	
𫯇	士	18	
𫯈	士	22	
𫯉	士	22	
𫯊	夂	14	
𫯋	夊	10	
𫯌	夊	10	
𫯍	夕	8	
𫯎	夕	10	
𫯏	夕	11	
𫯐	夕	11	
𫯑	夕	12	
𫯒	夕	12	
𫯓	夕	14	
𫯔	夕	14	
𫯕	夕	15	
𫯖	夕	15	
𫯗	夕	16	
𫯘	夕	17	
𫯙	夕	22	
𫯚	夕	28	
𫯛	大	4	
𫯜	大	6	
𫯝	大	7	
𫯞	大	7	
𫯟	大	7	
𫯠	大	8	
𫯡	大	8	
𫯢	大	8	
𫯣	大	9	
𫯤	大	9	
𫯥	大	9	
𫯦	大	10	
𫯧	大	10	
𫯨	大	11	
𫯩	大	12	
𫯪	大	12	
𫯫	大	12	
𫯬	大	12	
𫯭	大	12	
𫯮	大	12	
𫯯	大	12	
𫯰	大	13	
𫯱	大	13	
𫯲	大	13	
𫯳	大	13	
𫯴	大	13	
𫯵	大	14	
𫯶	大	14	
𫯷	大	14	
𫯸	大	15	
𫯹	大	15	
𫯺	大	15	
𫯻	大	15	
𫯼	大	15	
𫯽	大	16	
𫯾	大	16	
𫯿	大	16	
𫰀	大	16	
𫰁	大	17	
𫰂	大	19	
𫰃	大	20	
𫰄	大	20	
𫰅	大	22	
𫰆	女	4	
𫰇	女	5	
𫰈	女	6	
𫰉	女	6	
𫰊	女	6	
𫰋	女	7	
𫰌	女	7	
𫰍	女	7	
𫰎	女	7	
𫰏	女	7	
𫰐	女	7	
𫰑	女	7	
𫰒	女	7	
𫰓	女	7	
𫰔	女	7	
𫰕	女	7	
𫰖	女	7	
𫰗	女	8	
𫰘	女	8	
𫰙	女	8	
𫰚	女	8	
𫰛	女	8	
𫰜	女	9	
𫰝	女	9	
𫰞	女	9	
𫰟	女	8	
𫰠	女	9	
𫰡	女	9	
𫰢	女	9	
𫰣	女	8	
𫰤	女	9	
𫰥	女	9	
𫰦	女	9	
𫰧	女	9	
𫰨	女	9	
𫰩	女	9	
𫰪	女	10	
𫰫	女	10	
𫰬	女	10	
𫰭	女	10	
𫰮	女	10	
𫰯	女	10	
𫰰	女	10	
𫰱	女	10	
𫰲	女	10	
𫰳	女	10	
𫰴	女	10	
𫰵	女	10	
𫰶	女	10	
𫰷	女	11	
𫰸	女	11	
𫰹	女	11	
𫰺	女	11	
𫰻	女	11	
𫰼	女	10	
𫰽	女	11	
𫰾	女	11	
𫰿	女	11	
𫱀	女	11	
𫱁	女	11	
𫱂	女	11	
𫱃	女	12	
𫱄	女	12	
𫱅	女	12	
𫱆	女	12	
𫱇	女	12	
𫱈	女	11	
𫱉	女	12	
𫱊	女	12	
𫱋	女	12	
𫱌	女	12	
𫱍	女	12	
𫱎	女	12	
𫱏	女	12	
𫱐	女	12	
𫱑	女	12	
𫱒	女	13	
𫱓	女	13	
𫱔	女	13	
𫱕	女	13	
𫱖	女	13	
𫱗	女	13	
𫱘	女	13	
𫱙	女	13	
𫱚	女	13	
𫱛	女	13	
𫱜	女	13	
𫱝	女	13	
𫱞	女	13	
𫱟	女	14	
𫱠	女	14	
𫱡	女	13	
𫱢	女	14	
𫱣	女	14	
𫱤	女	14	
𫱥	女	14	
𫱦	女	14	
𫱧	女	14	
𫱨	女	14	
𫱩	女	13	
𫱪	女	14	
𫱫	女	14	
𫱬	女	15	
𫱭	女	15	
𫱮	女	15	
𫱯	女	15	
𫱰	女	14	
𫱱	女	15	
𫱲	女	15	
𫱳	女	15	
𫱴	女	14	
𫱵	女	15	
𫱶	女	15	
𫱷	女	15	
𫱸	女	16	
𫱹	女	16	
𫱺	女	16	
𫱻	女	16	
𫱼	女	16	
𫱽	女	15	
𫱾	女	16	
𫱿	女	16	
𫲀	女	16	
𫲁	女	15	
𫲂	女	16	
𫲃	女	16	
𫲄	女	15	
𫲅	女	17	
𫲆	女	17	
𫲇	女	16	
𫲈	女	17	
𫲉	女	17	
𫲊	女	17	
𫲋	女	17	
𫲌	女	17	
𫲍	女	17	
𫲎	女	17	
𫲏	女	17	
𫲐	女	18	
𫲑	女	18	
𫲒	女	18	
𫲓	女	18	
𫲔	女	18	
𫲕	女	19	
𫲖	女	19	
𫲗	女	19	
𫲘	女	19	
𫲙	女	18	
𫲚	女	20	
𫲛	女	19	
𫲜	女	21	
𫲝	女	20	
𫲞	女	22	
𫲟	女	22	
𫲠	女	23	
𫲡	子	5	
𫲢	子	8	
𫲣	子	8	
𫲤	子	8	
𫲥	子	9	
𫲦	子	10	
𫲧	子	11	
𫲨	子	11	
𫲩	子	11	
𫲪	子	12	
𫲫	子	13	
𫲬	子	13	
𫲭	子	14	
𫲮	子	14	
𫲯	子	14	
𫲰	子	15	
𫲱	子	16	
𫲲	子	16	
𫲳	子	19	
𫲴	子	23	
𫲵	宀	6	
𫲶	宀	6	
𫲷	宀	7	
𫲸	宀	7	
𫲹	宀	7	
𫲺	宀	7	
𫲻	宀	7	
𫲼	宀	6	
𫲽	宀	7	
𫲾	宀	8	
𫲿	宀	8	
𫳀	宀	8	
𫳁	宀	9	
𫳂	宀	9	
𫳃	宀	9	
𫳄	宀	9	
𫳅	宀	9	
𫳆	宀	9	
𫳇	宀	10	
𫳈	宀	10	
𫳉	宀	10	
𫳊	宀	10	
𫳋	宀	9	
𫳌	宀	10	
𫳍	宀	10	
𫳎	宀	10	
𫳏	宀	10	
𫳐	宀	11	
𫳑	宀	11	
𫳒	宀	11	
𫳓	宀	11	
𫳔	宀	11	
𫳕	宀	11	
𫳖	宀	11	
𫳗	宀	11	
𫳘	宀	11	
𫳙	宀	11	
𫳚	宀	12	
𫳛	宀	12	
𫳜	宀	12	
𫳝	宀	11	
𫳞	宀	12	
𫳟	宀	12	
𫳠	宀	11	
𫳡	宀	12	
𫳢	宀	12	
𫳣	宀	12	
𫳤	宀	13	
𫳥	宀	13	
𫳦	宀	13	
𫳧	宀	13	
𫳨	宀	13	
𫳩	宀	13	
𫳪	宀	13	
𫳫	宀	12	
𫳬	宀	13	
𫳭	宀	13	
𫳮	宀	13	
𫳯	宀	14	
𫳰	宀	14	
𫳱	宀	13	
𫳲	宀	14	
𫳳	宀	14	
𫳴	宀	14	
𫳵	宀	14	
𫳶	宀	14	
𫳷	宀	14	
𫳸	宀	14	
𫳹	宀	14	
𫳺	宀	14	
𫳻	宀	14	
𫳼	宀	14	
𫳽	宀	15	
𫳾	宀	15	
𫳿	宀	15	
𫴀	宀	15	
𫴁	宀	15	
𫴂	宀	16	
𫴃	宀	16	
𫴄	宀	16	
𫴅	宀	16	
𫴆	宀	15	
𫴇	宀	16	
𫴈	宀	16	
𫴉	宀	16	
𫴊	宀	16	
𫴋	宀	16	
𫴌	宀	16	
𫴍	宀	16	
𫴎	宀	16	
𫴏	宀	16	
𫴐	宀	17	
𫴑	宀	17	
𫴒	宀	16	
𫴓	宀	17	
𫴔	宀	17	
𫴕	宀	17	
𫴖	宀	16	
𫴗	宀	16	
𫴘	宀	18	
𫴙	宀	18	
𫴚	宀	18	
𫴛	宀	18	
𫴜	宀	19	
𫴝	宀	19	
𫴞	宀	19	
𫴟	宀	19	
𫴠	宀	20	
𫴡	宀	21	
𫴢	宀	22	
𫴣	宀	21	
𫴤	宀	22	
𫴥	宀	22	
𫴦	宀	23	
𫴧	宀	23	
𫴨	宀	24	
𫴩	宀	23	
𫴪	宀	24	
𫴫	宀	29	
𫴬	寸	10	
𫴭	寸	10	
𫴮	寸	12	
𫴯	寸	12	
𫴰	寸	13	
𫴱	寸	13	
𫴲	寸	13	
𫴳	寸	13	
𫴴	寸	15	
𫴵	寸	15	
𫴶	寸	21	
𫴷	寸	21	
𫴸	小	7	
𫴹	小	7	
𫴺	小	8	
𫴻	小	8	
𫴼	小	9	
𫴽	小	9	
𫴾	小	11	
𫴿	小	11	
𫵀	小	11	
𫵁	小	11	
𫵂	小	11	
𫵃	小	11	
𫵄	小	11	
𫵅	小	12	
𫵆	小	14	
𫵇	小	14	
𫵈	小	15	
𫵉	小	15	
𫵊	小	16	
𫵋	小	16	
𫵌	小	16	
𫵍	小	20	
𫵎	尢	5	
𫵏	尢	7	
𫵐	尢	8	
𫵑	尢	12	
𫵒	尢	16	
𫵓	尸	7	
𫵔	尸	7	
𫵕	尸	7	
𫵖	尸	8	
𫵗	尸	8	
𫵘	尸	8	
𫵙	尸	9	
𫵚	尸	9	
𫵛	尸	9	
𫵜	尸	9	
𫵝	尸	9	
𫵞	尸	10	
𫵟	尸	10	
𫵠	尸	11	
𫵡	尸	12	
𫵢	尸	14	
𫵣	尸	14	
𫵤	尸	14	
𫵥	尸	14	
𫵦	尸	16	
𫵧	尸	16	
𫵨	尸	17	
𫵩	尸	18	
𫵪	尸	18	
𫵫	尸	19	
𫵬	尸	19	
𫵭	尸	20	
𫵮	屮	10	
𫵯	屮	14	
𫵰	屮	14	
𫵱	山	5	
𫵲	山	5	
𫵳	山	5	
𫵴	山	5	
𫵵	山	6	
𫵶	山	7	
𫵷	山	7	
𫵸	山	8	
𫵹	山	8	
𫵺	山	9	
𫵻	山	9	
𫵼	山	10	
𫵽	山	10	
𫵾	山	10	
𫵿	山	10	
𫶀	山	10	
𫶁	山	11	
𫶂	山	11	
𫶃	山	11	
𫶄	山	11	
𫶅	山	11	
𫶆	山	12	
𫶇	山	12	
𫶈	山	12	
𫶉	山	12	
𫶊	山	13	
𫶋	山	12	
𫶌	山	13	
𫶍	山	13	
𫶎	山	13	
𫶏	山	13	
𫶐	山	13	
𫶑	山	14	
𫶒	山	14	
𫶓	山	14	
𫶔	山	15	
𫶕	山	14	
𫶖	山	15	
𫶗	山	16	
𫶘	山	16	
𫶙	山	15	
𫶚	山	16	
𫶛	山	16	
𫶜	山	16	
𫶝	山	17	
𫶞	山	18	
𫶟	山	19	
𫶠	山	19	
𫶡	山	20	
𫶢	山	19	
𫶣	山	19	
𫶤	山	21	
𫶥	山	23	
𫶦	山	26	
𫶧	巛	3	
𫶨	巛	10	
𫶩	巛	10	
𫶪	巛	21	
𫶫	工	7	
𫶬	工	8	
𫶭	工	9	
𫶮	工	10	
𫶯	工	13	
𫶰	工	14	
𫶱	工	14	
𫶲	工	16	
𫶳	工	16	
𫶴	工	17	
𫶵	己	6	
𫶶	己	10	
𫶷	己	11	
𫶸	己	12	
𫶹	己	12	
𫶺	己	18	
𫶻	己	18	
𫶼	己	18	
𫶽	巾	5	
𫶾	巾	5	
𫶿	巾	7	
𫷀	巾	7	
𫷁	巾	7	
𫷂	巾	7	
𫷃	巾	8	
𫷄	巾	8	
𫷅	巾	9	
𫷆	巾	11	
𫷇	巾	11	
𫷈	巾	12	
𫷉	巾	12	
𫷊	巾	13	
𫷋	巾	13	
𫷌	巾	13	
𫷍	巾	13	
𫷎	巾	13	
𫷏	巾	13	
𫷐	巾	15	
𫷑	巾	16	
𫷒	巾	19	
𫷓	巾	19	
𫷔	干	6	
𫷕	干	7	
𫷖	干	7	
𫷗	干	11	
𫷘	干	13	
𫷙	干	13	
𫷚	干	13	
𫷛	干	14	
𫷜	干	15	
𫷝	干	15	
𫷞	干	18	
𫷟	幺	9	
𫷠	幺	12	
𫷡	幺	12	
𫷢	幺	13	
𫷣	幺	13	
𫷤	幺	14	
𫷥	广	5	
𫷦	广	6	
𫷧	广	7	
𫷨	广	9	
𫷩	广	9	
𫷪	广	10	
𫷫	广	10	
𫷬	广	10	
𫷭	广	10	
𫷮	广	10	
𫷯	广	10	
𫷰	广	11	
𫷱	广	11	
𫷲	广	11	
𫷳	广	10	
𫷴	广	11	
𫷵	广	11	
𫷶	广	12	
𫷷	广	12	
𫷸	广	12	
𫷹	广	12	
𫷺	广	13	
𫷻	广	13	
𫷼	广	14	
𫷽	广	14	
𫷾	广	14	
𫷿	广	14	
𫸀	广	15	
𫸁	广	16	
𫸂	广	16	
𫸃	广	17	
𫸄	广	16	
𫸅	广	17	
𫸆	广	17	
𫸇	广	18	
𫸈	广	18	
𫸉	广	19	
𫸊	广	19	
𫸋	广	21	
𫸌	广	21	
𫸍	广	22	
𫸎	广	22	
𫸏	广	24	
𫸐	广	24	
𫸑	廴	5	
𫸒	廴	10	
𫸓	廴	9	
𫸔	廴	15	
𫸕	廴	18	
𫸖	廾	6	
𫸗	廾	8	
𫸘	廾	8	
𫸙	廾	8	
𫸚	廾	10	
𫸛	廾	10	
𫸜	廾	11	
𫸝	廾	11	
𫸞	廾	12	
𫸟	廾	12	
𫸠	廾	16	
𫸡	廾	16	
𫸢	廾	17	
𫸣	廾	18	
𫸤	廾	20	
𫸥	弓	6	
𫸦	弓	6	
𫸧	弓	6	
𫸨	弓	7	
𫸩	弓	7	
𫸪	弓	7	
𫸫	弓	8	
𫸬	弓	9	
𫸭	弓	8	
𫸮	弓	9	
𫸯	弓	9	
𫸰	弓	9	
𫸱	弓	8	
𫸲	弓	9	
𫸳	弓	10	
𫸴	弓	10	
𫸵	弓	10	
𫸶	弓	10	
𫸷	弓	11	
𫸸	弓	11	
𫸹	弓	12	
𫸺	弓	12	
𫸻	弓	14	
𫸼	弓	15	
𫸽	弓	15	
𫸾	弓	16	
𫸿	弓	15	
𫹀	弓	17	
𫹁	弓	18	
𫹂	弓	20	
𫹃	弓	21	
𫹄	彐	8	
𫹅	彐	12	
𫹆	彐	12	
𫹇	彐	15	
𫹈	彐	15	
𫹉	彡	10	
𫹊	彡	18	
𫹋	彳	5	
𫹌	彳	6	
𫹍	彳	7	
𫹎	彳	7	
𫹏	彳	7	
𫹐	彳	7	
𫹑	彳	8	
𫹒	彳	9	
𫹓	彳	9	
𫹔	彳	10	
𫹕	彳	11	
𫹖	彳	11	
𫹗	彳	11	
𫹘	彳	11	
𫹙	彳	12	
𫹚	彳	12	
𫹛	彳	12	
𫹜	彳	13	
𫹝	彳	13	
𫹞	彳	13	
𫹟	彳	13	
𫹠	彳	13	
𫹡	彳	13	
𫹢	彳	14	
𫹣	彳	15	
𫹤	彳	15	
𫹥	彳	15	
𫹦	彳	17	
𫹧	彳	18	
𫹨	彳	18	
𫹩	彳	20	
𫹪	彳	23	
𫹫	心	5	
𫹬	心	6	
𫹭	心	6	
𫹮	心	6	
𫹯	心	7	
𫹰	心	7	
𫹱	心	7	
𫹲	心	8	
𫹳	心	8	
𫹴	心	7	
𫹵	心	8	
𫹶	心	7	
𫹷	心	7	
𫹸	心	8	
𫹹	心	8	
𫹺	心	8	
𫹻	心	9	
𫹼	心	8	
𫹽	心	8	
𫹾	心	9	
𫹿	心	9	
𫺀	心	9	
𫺁	心	10	
𫺂	心	9	
𫺃	心	9	
𫺄	心	10	
𫺅	心	10	
𫺆	心	9	
𫺇	心	10	
𫺈	心	9	
𫺉	心	10	
𫺊	心	9	
𫺋	心	10	
𫺌	心	10	
𫺍	心	11	
𫺎	心	10	
𫺏	心	10	
𫺐	心	11	
𫺑	心	11	
𫺒	心	10	
𫺓	心	10	
𫺔	心	11	
𫺕	心	11	
𫺖	心	12	
𫺗	心	12	
𫺘	心	10	
𫺙	心	11	
𫺚	心	12	
𫺛	心	12	
𫺜	心	12	
𫺝	心	11	
𫺞	心	12	
𫺟	心	11	
𫺠	心	13	
𫺡	心	13	
𫺢	心	12	
𫺣	心	12	
𫺤	心	12	
𫺥	心	12	
𫺦	心	13	
𫺧	心	12	
𫺨	心	12	
𫺩	心	13	
𫺪	心	12	
𫺫	心	12	
𫺬	心	12	
𫺭	心	12	
𫺮	心	14	
𫺯	心	14	
𫺰	心	12	
𫺱	心	14	
𫺲	心	14	
𫺳	心	13	
𫺴	心	14	
𫺵	心	14	
𫺶	心	13	
𫺷	心	14	
𫺸	心	15	
𫺹	心	14	
𫺺	心	14	
𫺻	心	14	
𫺼	心	12	
𫺽	心	15	
𫺾	心	15	
𫺿	心	14	
𫻀	心	14	
𫻁	心	14	
𫻂	心	15	
𫻃	心	15	
𫻄	心	14	
𫻅	心	14	
𫻆	心	16	
𫻇	心	16	
𫻈	心	16	
𫻉	心	16	
𫻊	心	15	
𫻋	心	16	
𫻌	心	16	
𫻍	心	17	
𫻎	心	17	
𫻏	心	16	
𫻐	心	18	
𫻑	心	17	
𫻒	心	18	
𫻓	心	19	
𫻔	心	18	
𫻕	心	19	
𫻖	心	18	
𫻗	心	18	
𫻘	心	18	
𫻙	心	19	
𫻚	心	20	
𫻛	心	20	
𫻜	心	20	
𫻝	心	21	
𫻞	心	19	
𫻟	心	19	
𫻠	心	20	
𫻡	心	20	
𫻢	心	22	
𫻣	心	21	
𫻤	心	21	
𫻥	心	28	
𫻦	戈	6	
𫻧	戈	6	
𫻨	戈	7	
𫻩	戈	8	
𫻪	戈	8	
𫻫	戈	9	
𫻬	戈	9	
𫻭	戈	10	
𫻮	戈	10	
𫻯	戈	10	
𫻰	戈	10	
𫻱	戈	10	
𫻲	戈	11	
𫻳	戈	11	
𫻴	戈	12	
𫻵	戈	11	
𫻶	戈	11	
𫻷	戈	12	
𫻸	戈	12	
𫻹	戈	12	
𫻺	戈	12	
𫻻	戈	12	
𫻼	戈	12	
𫻽	戈	12	
𫻾	戈	12	
𫻿	戈	13	
𫼀	戈	13	
𫼁	戈	14	
𫼂	戈	15	
𫼃	戈	15	
𫼄	戈	16	
𫼅	戈	16	
𫼆	戈	16	
𫼇	戈	16	
𫼈	戈	16	
𫼉	戶	8	
𫼊	戶	9	
𫼋	戶	10	
𫼌	戶	10	
𫼍	戶	11	
𫼎	戶	11	
𫼏	戶	12	
𫼐	戶	12	
𫼑	戶	13	
𫼒	戶	25	
𫼓	手	5	
𫼔	手	6	
𫼕	手	6	
𫼖	手	6	
𫼗	手	6	
𫼘	手	7	
𫼙	手	8	
𫼚	手	7	
𫼛	手	7	
𫼜	手	9	
𫼝	手	8	
𫼞	手	8	
𫼟	手	8	
𫼠	手	9	
𫼡	手	8	
𫼢	手	9	
𫼣	手	9	
𫼤	手	9	
𫼥	手	9	
𫼦	手	9	
𫼧	手	9	
𫼨	手	9	
𫼩	手	9	
𫼪	手	9	
𫼫	手	9	
𫼬	手	9	
𫼭	手	9	
𫼮	手	9	
𫼯	手	8	
𫼰	手	9	
𫼱	手	10	
𫼲	手	10	
𫼳	手	9	
𫼴	手	11	
𫼵	手	10	
𫼶	手	10	
𫼷	手	11	
𫼸	手	10	
𫼹	手	10	
𫼺	手	10	
𫼻	手	10	
𫼼	手	9	
𫼽	手	10	
𫼾	手	9	
𫼿	手	11	
𫽀	手	10	
𫽁	手	10	
𫽂	手	11	
𫽃	手	11	
𫽄	手	11	
𫽅	手	11	
𫽆	手	11	
𫽇	手	11	
𫽈	手	10	
𫽉	手	11	
𫽊	手	11	
𫽋	手	11	
𫽌	手	11	
𫽍	手	11	
𫽎	手	11	
𫽏	手	11	
𫽐	手	11	
𫽑	手	11	
𫽒	手	11	
𫽓	手	11	
𫽔	手	11	
𫽕	手	11	
𫽖	手	11	
𫽗	手	12	
𫽘	手	12	
𫽙	手	12	
𫽚	手	11	
𫽛	手	12	
𫽜	手	12	
𫽝	手	12	
𫽞	手	12	
𫽟	手	12	
𫽠	手	12	
𫽡	手	13	
𫽢	手	12	
𫽣	手	13	
𫽤	手	12	
𫽥	手	12	
𫽦	手	12	
𫽧	手	12	
𫽨	手	12	
𫽩	手	13	
𫽪	手	13	
𫽫	手	13	
𫽬	手	14	
𫽭	手	14	
𫽮	手	13	
𫽯	手	14	
𫽰	手	13	
𫽱	手	13	
𫽲	手	13	
𫽳	手	13	
𫽴	手	13	
𫽵	手	13	
𫽶	手	13	
𫽷	手	15	
𫽸	手	14	
𫽹	手	14	
𫽺	手	15	
𫽻	手	14	
𫽼	手	14	
𫽽	手	14	
𫽾	手	13	
𫽿	手	14	
𫾀	手	14	
𫾁	手	14	
𫾂	手	15	
𫾃	手	14	
𫾄	手	15	
𫾅	手	15	
𫾆	手	15	
𫾇	手	15	
𫾈	手	15	
𫾉	手	15	
𫾊	手	16	
𫾋	手	16	
𫾌	手	17	
𫾍	手	15	
𫾎	手	15	
𫾏	手	16	
𫾐	手	17	
𫾑	手	17	
𫾒	手	17	
𫾓	手	18	
𫾔	手	17	
𫾕	手	17	
𫾖	手	19	
𫾗	手	18	
𫾘	手	18	
𫾙	手	19	
𫾚	手	19	
𫾛	手	20	
𫾜	手	20	
𫾝	手	23	
𫾞	手	21	
𫾟	手	22	
𫾠	手	22	
𫾡	手	23	
𫾢	手	22	
𫾣	支	14	
𫾤	支	16	
𫾥	支	18	
𫾦	攴	6	
𫾧	攴	7	
𫾨	攴	8	
𫾩	攴	9	
𫾪	攴	10	
𫾫	攴	10	
𫾬	攴	10	
𫾭	攴	10	
𫾮	攴	10	
𫾯	攴	10	
𫾰	攴	10	
𫾱	攴	11	
𫾲	攴	11	
𫾳	攴	11	
𫾴	攴	11	
𫾵	攴	11	
𫾶	攴	11	
𫾷	攴	11	
𫾸	攴	11	
𫾹	攴	12	
𫾺	攴	12	
𫾻	攴	12	
𫾼	攴	12	
𫾽	攴	12	
𫾾	攴	12	
𫾿	攴	12	
𫿀	攴	12	
𫿁	攴	12	
𫿂	攴	13	
𫿃	攴	13	
𫿄	攴	13	
𫿅	攴	13	
𫿆	攴	13	
𫿇	攴	13	
𫿈	攴	14	
𫿉	攴	14	
𫿊	攴	14	
𫿋	攴	14	
𫿌	攴	14	
𫿍	攴	15	
𫿎	攴	15	
𫿏	攴	15	
𫿐	攴	15	
𫿑	攴	16	
𫿒	攴	16	
𫿓	攴	16	
𫿔	攴	16	
𫿕	攴	15	
𫿖	攴	16	
𫿗	攴	16	
𫿘	攴	17	
𫿙	攴	17	
𫿚	攴	17	
𫿛	攴	18	
𫿜	攴	18	
𫿝	攴	18	
𫿞	攴	19	
𫿟	攴	19	
𫿠	攴	19	
𫿡	攴	19	
𫿢	攴	19	
𫿣	攴	20	
𫿤	攴	20	
𫿥	攴	21	
𫿦	攴	20	
𫿧	攴	21	
𫿨	攴	21	
𫿩	攴	22	
𫿪	攴	23	
𫿫	攴	24	
𫿬	攴	24	
𫿭	文	6	
𫿮	文	9	
𫿯	文	9	
𫿰	文	10	
𫿱	文	12	
𫿲	文	19	
𫿳	斗	10	
𫿴	斗	11	
𫿵	斗	12	
𫿶	斗	15	
𫿷	斗	16	
𫿸	斗	17	
𫿹	斤	10	
𫿺	斤	11	
𫿻	斤	12	
𫿼	斤	12	
𫿽	斤	16	
𫿾	斤	19	
𫿿	斤	20	
𬀀	方	8	
𬀁	方	10	
𬀂	方	10	
𬀃	方	10	
𬀄	方	10	
𬀅	方	10	
𬀆	方	10	
𬀇	方	11	
𬀈	方	11	
𬀉	方	12	
𬀊	方	12	
𬀋	方	13	
𬀌	方	13	
𬀍	方	13	
𬀎	方	14	
𬀏	方	14	
𬀐	方	14	
𬀑	方	15	
𬀒	方	15	
𬀓	方	15	
𬀔	方	16	
𬀕	方	16	
𬀖	方	16	
𬀗	方	16	
𬀘	方	18	
𬀙	方	18	
𬀚	方	18	
𬀛	方	18	
𬀜	方	19	
𬀝	方	19	
𬀞	方	20	
𬀟	方	20	
𬀠	方	20	
𬀡	方	20	
𬀢	方	22	
𬀣	方	22	
𬀤	方	28	
𬀥	无	11	
𬀦	日	6	
𬀧	日	7	
𬀨	日	7	
𬀩	日	8	
𬀪	日	8	
𬀫	日	8	
𬀬	日	9	
𬀭	日	9	
𬀮	日	9	
𬀯	日	10	
𬀰	日	10	
𬀱	日	10	
𬀲	日	10	
𬀳	日	10	
𬀴	日	10	
𬀵	日	11	
𬀶	日	11	
𬀷	日	11	
𬀸	日	11	
𬀹	日	11	
𬀺	日	11	
𬀻	日	12	
𬀼	日	12	
𬀽	日	11	
𬀾	日	12	
𬀿	日	12	
𬁀	日	12	
𬁁	日	12	
𬁂	日	13	
𬁃	日	13	
𬁄	日	13	
𬁅	日	13	
𬁆	日	13	
𬁇	日	13	
𬁈	日	13	
𬁉	日	13	
𬁊	日	14	
𬁋	日	14	
𬁌	日	15	
𬁍	日	14	
𬁎	日	14	
𬁏	日	15	
𬁐	日	15	
𬁑	日	15	
𬁒	日	14	
𬁓	日	16	
𬁔	日	16	
𬁕	日	16	
𬁖	日	16	
𬁗	日	16	
𬁘	日	16	
𬁙	日	16	
𬁚	日	17	
𬁛	日	17	
𬁜	日	18	
𬁝	日	20	
𬁞	日	19	
𬁟	曰	7	
𬁠	曰	7	
𬁡	曰	8	
𬁢	曰	10	
𬁣	曰	11	
𬁤	曰	11	
𬁥	曰	12	
𬁦	曰	12	
𬁧	曰	12	
𬁨	曰	14	
𬁩	曰	14	
𬁪	曰	14	
𬁫	曰	15	
𬁬	曰	17	
𬁭	曰	20	
𬁮	曰	20	
𬁯	曰	20	
𬁰	月	6	
𬁱	月	7	
𬁲	月	7	
𬁳	月	7	
𬁴	月	8	
𬁵	月	8	
𬁶	月	8	
𬁷	月	8	
𬁸	月	8	
𬁹	月	9	
𬁺	月	10	
𬁻	月	10	
𬁼	月	10	
𬁽	月	11	
𬁾	月	11	
𬁿	月	12	
𬂀	月	11	
𬂁	月	11	
𬂂	月	12	
𬂃	月	12	
𬂄	月	13	
𬂅	月	12	
𬂆	月	13	
𬂇	月	14	
𬂈	月	14	
𬂉	月	14	
𬂊	月	14	
𬂋	月	14	
𬂌	月	14	
𬂍	月	15	
𬂎	月	15	
𬂏	月	16	
𬂐	月	16	
𬂑	月	17	
𬂒	月	17	
𬂓	月	17	
𬂔	月	17	
𬂕	月	18	
𬂖	月	18	
𬂗	月	19	
𬂘	月	20	
𬂙	月	21	
𬂚	月	30	
𬂛	木	2	
𬂜	木	5	
𬂝	木	7	
𬂞	木	7	
𬂟	木	7	
𬂠	木	8	
𬂡	木	8	
𬂢	木	8	
𬂣	木	8	
𬂤	木	8	
𬂥	木	9	
𬂦	木	9	
𬂧	木	10	
𬂨	木	10	
𬂩	木	10	
𬂪	木	10	
𬂫	木	10	
𬂬	木	10	
𬂭	木	10	
𬂮	木	10	
𬂯	木	10	
𬂰	木	10	
𬂱	木	10	
𬂲	木	11	
𬂳	木	11	
𬂴	木	11	
𬂵	木	10	
𬂶	木	11	
𬂷	木	11	
𬂸	木	12	
𬂹	木	10	
𬂺	木	11	
𬂻	木	11	
𬂼	木	11	
𬂽	木	12	
𬂾	木	12	
𬂿	木	12	
𬃀	木	12	
𬃁	木	12	
𬃂	木	12	
𬃃	木	12	
𬃄	木	12	
𬃅	木	13	
𬃆	木	12	
𬃇	木	12	
𬃈	木	12	
𬃉	木	12	
𬃊	木	12	
𬃋	木	12	
𬃌	木	13	
𬃍	木	12	
𬃎	木	12	
𬃏	木	12	
𬃐	木	12	
𬃑	木	13	
𬃒	木	12	
𬃓	木	12	
𬃔	木	13	
𬃕	木	13	
𬃖	木	13	
𬃗	木	13	
𬃘	木	13	
𬃙	木	13	
𬃚	木	13	
𬃛	木	13	
𬃜	木	13	
𬃝	木	12	
𬃞	木	13	
𬃟	木	12	
𬃠	木	13	
𬃡	木	13	
𬃢	木	13	
𬃣	木	13	
𬃤	木	13	
𬃥	木	13	
𬃦	木	13	
𬃧	木	13	
𬃨	木	13	
𬃩	木	13	
𬃪	木	13	
𬃫	木	13	
𬃬	木	13	
𬃭	木	13	
𬃮	木	13	
𬃯	木	14	
𬃰	木	14	
𬃱	木	14	
𬃲	木	14	
𬃳	木	14	
𬃴	木	14	
𬃵	木	13	
𬃶	木	13	
𬃷	木	14	
𬃸	木	13	
𬃹	木	13	
𬃺	木	13	
𬃻	木	14	
𬃼	木	14	
𬃽	木	14	
𬃾	木	13	
𬃿	木	14	
𬄀	木	14	
𬄁	木	14	
𬄂	木	14	
𬄃	木	13	
𬄄	木	14	
𬄅	木	14	
𬄆	木	14	
𬄇	木	15	
𬄈	木	15	
𬄉	木	15	
𬄊	木	15	
𬄋	木	14	
𬄌	木	14	
𬄍	木	15	
𬄎	木	15	
𬄏	木	15	
𬄐	木	15	
𬄑	木	15	
𬄒	木	15	
𬄓	木	15	
𬄔	木	15	
𬄕	木	15	
𬄖	木	15	
𬄗	木	15	
𬄘	木	15	
𬄙	木	16	
𬄚	木	16	
𬄛	木	16	
𬄜	木	16	
𬄝	木	16	
𬄞	木	16	
𬄟	木	15	
𬄠	木	15	
𬄡	木	15	
𬄢	木	16	
𬄣	木	16	
𬄤	木	15	
𬄥	木	16	
𬄦	木	16	
𬄧	木	16	
𬄨	木	15	
𬄩	木	16	
𬄪	木	16	
𬄫	木	15	
𬄬	木	17	
𬄭	木	16	
𬄮	木	17	
𬄯	木	17	
𬄰	木	17	
𬄱	木	16	
𬄲	木	16	
𬄳	木	17	
𬄴	木	17	
𬄵	木	17	
𬄶	木	17	
𬄷	木	18	
𬄸	木	18	
𬄹	木	18	
𬄺	木	18	
𬄻	木	17	
𬄼	木	17	
𬄽	木	18	
𬄾	木	18	
𬄿	木	18	
𬅀	木	18	
𬅁	木	19	
𬅂	木	20	
𬅃	木	19	
𬅄	木	19	
𬅅	木	17	
𬅆	木	20	
𬅇	木	19	
𬅈	木	19	
𬅉	木	19	
𬅊	木	19	
𬅋	木	20	
𬅌	木	20	
𬅍	木	21	
𬅎	木	20	
𬅏	木	21	
𬅐	木	22	
𬅑	木	21	
𬅒	木	22	
𬅓	木	22	
𬅔	木	23	
𬅕	木	24	
𬅖	木	24	
𬅗	木	24	
𬅘	木	24	
𬅙	木	26	
𬅚	木	26	
𬅛	木	27	
𬅜	木	30	
𬅝	欠	7	
𬅞	欠	7	
𬅟	欠	8	
𬅠	欠	9	
𬅡	欠	9	
𬅢	欠	10	
𬅣	欠	10	
𬅤	欠	11	
𬅥	欠	11	
𬅦	欠	11	
𬅧	欠	11	
𬅨	欠	11	
𬅩	欠	12	
𬅪	欠	12	
𬅫	欠	13	
𬅬	欠	13	
𬅭	欠	14	
𬅮	欠	14	
𬅯	欠	14	
𬅰	欠	16	
𬅱	欠	16	
𬅲	欠	17	
𬅳	欠	18	
𬅴	欠	21	
𬅵	欠	22	
𬅶	止	6	
𬅷	止	6	
𬅸	止	7	
𬅹	止	8	
𬅺	止	9	
𬅻	止	9	
𬅼	止	10	
𬅽	止	10	
𬅾	止	11	
𬅿	止	11	
𬆀	止	11	
𬆁	止	12	
𬆂	止	12	
𬆃	止	12	
𬆄	止	13	
𬆅	止	13	
𬆆	止	14	
𬆇	止	14	
𬆈	止	15	
𬆉	止	15	
𬆊	止	16	
𬆋	止	16	
𬆌	止	17	
𬆍	止	17	
𬆎	止	18	
𬆏	止	19	
𬆐	止	19	
𬆑	歹	9	
𬆒	歹	9	
𬆓	歹	10	
𬆔	歹	10	
𬆕	歹	10	
𬆖	歹	12	
𬆗	歹	11	
𬆘	歹	12	
𬆙	歹	13	
𬆚	歹	12	
𬆛	歹	13	
𬆜	歹	19	
𬆝	歹	20	
𬆞	殳	7	
𬆟	殳	8	
𬆠	殳	8	
𬆡	殳	9	
𬆢	殳	9	
𬆣	殳	10	
𬆤	殳	10	
𬆥	殳	11	
𬆦	殳	11	
𬆧	殳	11	
𬆨	殳	12	
𬆩	殳	13	
𬆪	殳	13	
𬆫	殳	13	
𬆬	殳	13	
𬆭	殳	14	
𬆮	殳	15	
𬆯	殳	15	
𬆰	殳	14	
𬆱	殳	16	
𬆲	殳	17	
𬆳	殳	17	
𬆴	殳	22	
𬆵	殳	29	
𬆶	毋	9	
𬆷	毋	13	
𬆸	毋	18	
𬆹	比	12	
𬆺	比	13	
𬆻	比	19	
𬆼	毛	7	
𬆽	毛	8	
𬆾	毛	8	
𬆿	毛	8	
𬇀	毛	9	
𬇁	毛	11	
𬇂	毛	13	
𬇃	毛	14	
𬇄	毛	14	
𬇅	毛	15	
𬇆	毛	16	
𬇇	毛	17	
𬇈	毛	18	
𬇉	氏	7	
𬇊	氏	8	
𬇋	氏	8	
𬇌	氏	9	
𬇍	氏	10	
𬇎	氏	14	
𬇏	气	8	
𬇐	气	9	
𬇑	气	10	
𬇒	气	14	
𬇓	气	15	
𬇔	水	7	
𬇕	水	6	
𬇖	水	6	
𬇗	水	6	
𬇘	水	7	
𬇙	水	7	
𬇚	水	7	
𬇛	水	8	
𬇜	水	9	
𬇝	水	8	
𬇞	水	8	
𬇟	水	8	
𬇠	水	9	
𬇡	水	9	
𬇢	水	9	
𬇣	水	9	
𬇤	水	9	
𬇥	水	9	
𬇦	水	10	
𬇧	水	10	
𬇨	水	10	
𬇩	水	10	
𬇪	水	10	
𬇫	水	10	
𬇬	水	10	
𬇭	水	10	
𬇮	水	10	
𬇯	水	10	
𬇰	水	10	
𬇱	水	10	
𬇲	水	10	
𬇳	水	10	
𬇴	水	10	
𬇵	水	11	
𬇶	水	13	
𬇷	水	11	
𬇸	水	11	
𬇹	水	11	
𬇺	水	11	
𬇻	水	12	
𬇼	水	11	
𬇽	水	11	
𬇾	水	12	
𬇿	水	11	
𬈀	水	11	
𬈁	水	11	
𬈂	水	11	
𬈃	水	11	
𬈄	水	12	
𬈅	水	12	
𬈆	水	12	
𬈇	水	12	
𬈈	水	12	
𬈉	水	12	
𬈊	水	12	
𬈋	水	12	
𬈌	水	12	
𬈍	水	12	
𬈎	水	12	
𬈏	水	12	
𬈐	水	12	
𬈑	水	12	
𬈒	水	12	
𬈓	水	12	
𬈔	水	12	
𬈕	水	12	
𬈖	水	13	
𬈗	水	13	
𬈘	水	13	
𬈙	水	13	
𬈚	水	13	
𬈛	水	14	
𬈜	水	13	
𬈝	水	13	
𬈞	水	13	
𬈟	水	13	
𬈠	水	13	
𬈡	水	14	
𬈢	水	13	
𬈣	水	13	
𬈤	水	13	
𬈥	水	14	
𬈦	水	14	
𬈧	水	14	
𬈨	水	14	
𬈩	水	13	
𬈪	水	14	
𬈫	水	14	
𬈬	水	14	
𬈭	水	14	
𬈮	水	14	
𬈯	水	14	
𬈰	水	13	
𬈱	水	14	
𬈲	水	15	
𬈳	水	15	
𬈴	水	15	
𬈵	水	14	
𬈶	水	15	
𬈷	水	15	
𬈸	水	14	
𬈹	水	15	
𬈺	水	15	
𬈻	水	15	
𬈼	水	15	
𬈽	水	15	
𬈾	水	15	
𬈿	水	15	
𬉀	水	15	
𬉁	水	15	
𬉂	水	15	
𬉃	水	15	
𬉄	水	15	
𬉅	水	16	
𬉆	水	15	
𬉇	水	15	
𬉈	水	16	
𬉉	水	16	
𬉊	水	16	
𬉋	水	15	
𬉌	水	16	
𬉍	水	16	
𬉎	水	16	
𬉏	水	16	
𬉐	水	16	
𬉑	水	16	
𬉒	水	16	
𬉓	水	17	
𬉔	水	16	
𬉕	水	16	
𬉖	水	18	
𬉗	水	17	
𬉘	水	17	
𬉙	水	16	
𬉚	水	17	
𬉛	水	17	
𬉜	水	18	
𬉝	水	18	
𬉞	水	17	
𬉟	水	19	
𬉠	水	18	
𬉡	水	18	
𬉢	水	19	
𬉣	水	18	
𬉤	水	19	
𬉥	水	20	
𬉦	水	20	
𬉧	水	20	
𬉨	水	21	
𬉩	水	20	
𬉪	水	20	
𬉫	水	21	
𬉬	水	21	
𬉭	水	21	
𬉮	水	21	
𬉯	水	23	
𬉰	水	24	
𬉱	水	25	
𬉲	水	30	
𬉳	水	33	
𬉴	火	7	
𬉵	火	7	
𬉶	火	7	
𬉷	火	7	
𬉸	火	7	
𬉹	火	7	
𬉺	火	7	
𬉻	火	8	
𬉼	火	8	
𬉽	火	8	
𬉾	火	8	
𬉿	火	8	
𬊀	火	8	
𬊁	火	9	
𬊂	火	9	
𬊃	火	10	
𬊄	火	10	
𬊅	火	10	
𬊆	火	10	
𬊇	火	10	
𬊈	火	10	
𬊉	火	10	
𬊊	火	11	
𬊋	火	11	
𬊌	火	11	
𬊍	火	11	
𬊎	火	11	
𬊏	火	11	
𬊐	火	11	
𬊑	火	11	
𬊒	火	11	
𬊓	火	11	
𬊔	火	11	
𬊕	火	11	
𬊖	火	11	
𬊗	火	12	
𬊘	火	12	
𬊙	火	12	
𬊚	火	12	
𬊛	火	12	
𬊜	火	12	
𬊝	火	12	
𬊞	火	12	
𬊟	火	12	
𬊠	火	12	
𬊡	火	12	
𬊢	火	12	
𬊣	火	12	
𬊤	火	12	
𬊥	火	12	
𬊦	火	12	
𬊧	火	12	
𬊨	火	12	
𬊩	火	13	
𬊪	火	13	
𬊫	火	13	
𬊬	火	13	
𬊭	火	13	
𬊮	火	13	
𬊯	火	13	
𬊰	火	13	
𬊱	火	13	
𬊲	火	14	
𬊳	火	13	
𬊴	火	14	
𬊵	火	14	
𬊶	火	14	
𬊷	火	14	
𬊸	火	14	
𬊹	火	14	
𬊺	火	14	
𬊻	火	14	
𬊼	火	14	
𬊽	火	14	
𬊾	火	14	
𬊿	火	14	
𬋀	火	14	
𬋁	火	15	
𬋂	火	15	
𬋃	火	15	
𬋄	火	15	
𬋅	火	16	
𬋆	火	16	
𬋇	火	16	
𬋈	火	16	
𬋉	火	16	
𬋊	火	16	
𬋋	火	16	
𬋌	火	16	
𬋍	火	17	
𬋎	火	16	
𬋏	火	17	
𬋐	火	17	
𬋑	火	18	
𬋒	火	17	
𬋓	火	18	
𬋔	火	19	
𬋕	火	19	
𬋖	火	18	
𬋗	火	18	
𬋘	火	19	
𬋙	火	19	
𬋚	火	20	
𬋛	火	20	
𬋜	火	20	
𬋝	火	20	
𬋞	火	23	
𬋟	火	25	
𬋠	火	25	
𬋡	火	27	
𬋢	火	28	
𬋣	火	37	
𬋤	爪	8	
𬋥	爪	8	
𬋦	爪	9	
𬋧	爪	10	
𬋨	爪	10	
𬋩	爪	11	
𬋪	爪	11	
𬋫	爪	12	
𬋬	爪	12	
𬋭	爪	13	
𬋮	爪	13	
𬋯	爪	14	
𬋰	爪	14	
𬋱	爪	15	
𬋲	爪	15	
𬋳	爪	16	
𬋴	爪	16	
𬋵	爪	17	
𬋶	爪	17	
𬋷	爪	19	
𬋸	爪	21	
𬋹	爪	22	
𬋺	爪	26	
𬋻	父	7	
𬋼	父	15	
𬋽	爻	17	
𬋾	爻	23	
𬋿	爿	9	
𬌀	爿	9	
𬌁	爿	9	
𬌂	爿	11	
𬌃	爿	12	
𬌄	爿	12	
𬌅	爿	12	
𬌆	爿	12	
𬌇	爿	12	
𬌈	爿	12	
𬌉	爿	14	
𬌊	爿	15	
𬌋	爿	16	
𬌌	爿	16	
𬌍	爿	16	
𬌎	爿	18	
𬌏	爿	19	
𬌐	爿	19	
𬌑	爿	21	
𬌒		15	
𬌓	片	8	
𬌔	片	8	
𬌕	片	11	
𬌖	片	23	
𬌗	牙	10	
𬌘	牙	14	
𬌙	牛	6	
𬌚	牛	7	
𬌛	牛	8	
𬌜	牛	8	
𬌝	牛	9	
𬌞	牛	10	
𬌟	牛	10	
𬌠	牛	11	
𬌡	牛	12	
𬌢	牛	12	
𬌣	牛	13	
𬌤	牛	13	
𬌥	牛	13	
𬌦	牛	14	
𬌧	牛	14	
𬌨	牛	15	
𬌩	犬	4	
𬌪	犬	7	
𬌫	犬	6	
𬌬	犬	8	
𬌭	犬	8	
𬌮	犬	9	
𬌯	犬	9	
𬌰	犬	10	
𬌱	犬	9	
𬌲	犬	10	
𬌳	犬	11	
𬌴	犬	10	
𬌵	犬	10	
𬌶	犬	11	
𬌷	犬	11	
𬌸	犬	12	
𬌹	犬	12	
𬌺	犬	12	
𬌻	犬	12	
𬌼	犬	12	
𬌽	犬	13	
𬌾	犬	14	
𬌿	犬	13	
𬍀	犬	13	
𬍁	犬	13	
𬍂	犬	14	
𬍃	犬	15	
𬍄	犬	14	
𬍅	犬	14	
𬍆	犬	15	
𬍇	犬	15	
𬍈	犬	17	
𬍉	犬	16	
𬍊	犬	17	
𬍋	犬	16	
𬍌	犬	18	
𬍍	犬	20	
𬍎	犬	24	
𬍏	玄	14	
𬍐	玉	7	
𬍑	玉	7	
𬍒	玉	8	
𬍓	玉	8	
𬍔	玉	8	
𬍕	玉	8	
𬍖	玉	8	
𬍗	玉	9	
𬍘	玉	9	
𬍙	玉	9	
𬍚	玉	9	
𬍛	玉	9	
𬍜	玉	9	
𬍝	玉	9	
𬍞	玉	12	
𬍟	玉	11	
𬍠	玉	12	
𬍡	玉	11	
𬍢	玉	11	
𬍣	玉	10	
𬍤	玉	10	
𬍥	玉	11	
𬍦	玉	11	
𬍧	玉	11	
𬍨	玉	11	
𬍩	玉	11	
𬍪	玉	12	
𬍫	玉	12	
𬍬	玉	12	
𬍭	玉	12	
𬍮	玉	12	
𬍯	玉	12	
𬍰	玉	12	
𬍱	玉	12	
𬍲	玉	12	
𬍳	玉	12	
𬍴	玉	13	
𬍵	玉	13	
𬍶	玉	13	
𬍷	玉	12	
𬍸	玉	13	
𬍹	玉	13	
𬍺	玉	13	
𬍻	玉	13	
𬍼	玉	15	
𬍽	玉	14	
𬍾	玉	14	
𬍿	玉	14	
𬎀	玉	14	
𬎁	玉	14	
𬎂	玉	14	
𬎃	玉	14	
𬎄	玉	14	
𬎅	玉	15	
𬎆	玉	14	
𬎇	玉	14	
𬎈	玉	15	
𬎉	玉	15	
𬎊	玉	15	
𬎋	玉	16	
𬎌	玉	16	
𬎍	玉	15	
𬎎	玉	16	
𬎏	玉	16	
𬎐	玉	16	
𬎑	玉	16	
𬎒	玉	16	
𬎓	玉	17	
𬎔	玉	17	
𬎕	玉	18	
𬎖	玉	17	
𬎗	玉	18	
𬎘	玉	18	
𬎙	玉	18	
𬎚	玉	18	
𬎛	玉	20	
𬎜	玉	20	
𬎝	玉	20	
𬎞	玉	24	
𬎟	玉	24	
𬎠	玉	25	
𬎡	玉	26	
𬎢	瓜	10	
𬎣	瓜	9	
𬎤	瓦	6	
𬎥	瓦	7	
𬎦	瓦	8	
𬎧	瓦	8	
𬎨	瓦	10	
𬎩	瓦	11	
𬎪	瓦	10	
𬎫	瓦	10	
𬎬	瓦	12	
𬎭	瓦	12	
𬎮	瓦	13	
𬎯	瓦	14	
𬎰	瓦	16	
𬎱	甘	13	
𬎲	甘	14	
𬎳	生	9	
𬎴	生	11	
𬎵	生	11	
𬎶	生	12	
𬎷	生	13	
𬎸	生	13	
𬎹	生	13	
𬎺	生	14	
𬎻	生	14	
𬎼	生	14	
𬎽	用	8	
𬎾	用	8	
𬎿	田	7	
𬏀	田	8	
𬏁	田	8	
𬏂	田	10	
𬏃	田	10	
𬏄	田	11	
𬏅	田	11	
𬏆	田	11	
𬏇	田	12	
𬏈	田	12	
𬏉	田	12	
𬏊	田	12	
𬏋	田	13	
𬏌	田	15	
𬏍	田	15	
𬏎	田	15	
𬏏	田	15	
𬏐	田	15	
𬏑	田	15	
𬏒	田	15	
𬏓	田	16	
𬏔	田	16	
𬏕	田	17	
𬏖	田	18	
𬏗	田	18	
𬏘	田	22	
𬏙	疋	13	
𬏚	疒	6	
𬏛	疒	8	
𬏜	疒	8	
𬏝	疒	9	
𬏞	疒	9	
𬏟	疒	9	
𬏠	疒	9	
𬏡	疒	10	
𬏢	疒	10	
𬏣	疒	10	
𬏤	疒	10	
𬏥	疒	10	
𬏦	疒	10	
𬏧	疒	11	
𬏨	疒	11	
𬏩	疒	11	
𬏪	疒	11	
𬏫	疒	11	
𬏬	疒	11	
𬏭	疒	12	
𬏮	疒	12	
𬏯	疒	12	
𬏰	疒	13	
𬏱	疒	12	
𬏲	疒	13	
𬏳	疒	13	
𬏴	疒	13	
𬏵	疒	13	
𬏶	疒	14	
𬏷	疒	14	
𬏸	疒	14	
𬏹	疒	14	
𬏺	疒	16	
𬏻	疒	16	
𬏼	疒	17	
𬏽	疒	17	
𬏾	疒	18	
𬏿	疒	21	
𬐀	疒	21	
𬐁	疒	22	
𬐂	癶	12	
𬐃	白	6	
𬐄	白	9	
𬐅	白	9	
𬐆	白	9	
𬐇	白	10	
𬐈	白	11	
𬐉	白	11	
𬐊	白	12	
𬐋	白	13	
𬐌	白	13	
𬐍	白	13	
𬐎	白	13	
𬐏	白	14	
𬐐	白	14	
𬐑	白	23	
𬐒	皮	9	
𬐓	皮	10	
𬐔	皮	10	
𬐕	皮	12	
𬐖	皮	14	
𬐗	皿	8	
𬐘	皿	9	
𬐙	皿	9	
𬐚	皿	10	
𬐛	皿	10	
𬐜	皿	11	
𬐝	皿	11	
𬐞	皿	11	
𬐟	皿	12	
𬐠	皿	12	
𬐡	皿	12	
𬐢	皿	13	
𬐣	皿	13	
𬐤	皿	13	
𬐥	皿	13	
𬐦	皿	13	
𬐧	皿	13	
𬐨	皿	14	
𬐩	皿	14	
𬐪	皿	14	
𬐫	皿	14	
𬐬	皿	14	
𬐭	皿	14	
𬐮	皿	14	
𬐯	皿	14	
𬐰	皿	15	
𬐱	皿	16	
𬐲	皿	17	
𬐳	皿	17	
𬐴	皿	17	
𬐵	皿	17	
𬐶	皿	18	
𬐷	皿	18	
𬐸	皿	19	
𬐹	皿	19	
𬐺	皿	19	
𬐻	皿	19	
𬐼	皿	19	
𬐽	皿	20	
𬐾	皿	20	
𬐿	皿	21	
𬑀	皿	21	
𬑁	皿	22	
𬑂	皿	22	
𬑃	皿	25	
𬑄	皿	25	
𬑅	目	8	
𬑆	目	9	
𬑇	目	9	
𬑈	目	10	
𬑉	目	10	
𬑊	目	10	
𬑋	目	10	
𬑌	目	10	
𬑍	目	10	
𬑎	目	10	
𬑏	目	10	
𬑐	目	11	
𬑑	目	11	
𬑒	目	11	
𬑓	目	11	
𬑔	目	11	
𬑕	目	11	
𬑖	目	12	
𬑗	目	12	
𬑘	目	13	
𬑙	目	13	
𬑚	目	13	
𬑛	目	13	
𬑜	目	14	
𬑝	目	14	
𬑞	目	15	
𬑟	目	15	
𬑠	目	15	
𬑡	目	15	
𬑢	目	14	
𬑣	目	15	
𬑤	目	15	
𬑥	目	16	
𬑦	目	16	
𬑧	目	16	
𬑨	目	17	
𬑩	目	17	
𬑪	目	19	
𬑫	目	21	
𬑬	目	24	
𬑭	矛	8	
𬑮	矛	13	
𬑯	矛	14	
𬑰	矢	10	
𬑱	矢	10	
𬑲	矢	12	
𬑳	矢	12	
𬑴	矢	13	
𬑵	矢	17	
𬑶	矢	18	
𬑷	矢	19	
𬑸	矢	21	
𬑹	石	7	
𬑺	石	8	
𬑻	石	8	
𬑼	石	8	
𬑽	石	9	
𬑾	石	9	
𬑿	石	9	
𬒀	石	9	
𬒁	石	9	
𬒂	石	9	
𬒃	石	10	
𬒄	石	10	
𬒅	石	10	
𬒆	石	10	
𬒇	石	10	
𬒈	石	10	
𬒉	石	11	
𬒊	石	11	
𬒋	石	11	
𬒌	石	11	
𬒍	石	12	
𬒎	石	12	
𬒏	石	12	
𬒐	石	12	
𬒑	石	12	
𬒒	石	13	
𬒓	石	13	
𬒔	石	13	
𬒕	石	13	
𬒖	石	14	
𬒗	石	14	
𬒘	石	14	
𬒙	石	14	
𬒚	石	14	
𬒛	石	15	
𬒜	石	16	
𬒝	石	15	
𬒞	石	16	
𬒟	石	17	
𬒠	石	17	
𬒡	石	17	
𬒢	石	15	
𬒣	石	17	
𬒤	石	18	
𬒥	石	18	
𬒦	石	18	
𬒧	石	19	
𬒨	石	19	
𬒩	石	22	
𬒪	石	21	
𬒫	石	24	
𬒬	示	9	
𬒭	示	8	
𬒮	示	8	
𬒯	示	8	
𬒰	示	9	
𬒱	示	9	
𬒲	示	9	
𬒳	示	9	
𬒴	示	10	
𬒵	示	11	
𬒶	示	11	
𬒷	示	11	
𬒸	示	11	
𬒹	示	11	
𬒺	示	11	
𬒻	示	11	
𬒼	示	11	
𬒽	示	11	
𬒾	示	12	
𬒿	示	12	
𬓀	示	12	
𬓁	示	13	
𬓂	示	13	
𬓃	示	12	
𬓄	示	13	
𬓅	示	12	
𬓆	示	12	
𬓇	示	12	
𬓈	示	12	
𬓉	示	13	
𬓊	示	14	
𬓋	示	13	
𬓌	示	13	
𬓍	示	13	
𬓎	示	14	
𬓏	示	14	
𬓐	示	14	
𬓑	示	14	
𬓒	示	14	
𬓓	示	15	
𬓔	示	15	
𬓕	示	15	
𬓖	示	16	
𬓗	示	15	
𬓘	示	17	
𬓙	示	16	
𬓚	示	16	
𬓛	示	17	
𬓜	示	19	
𬓝	示	21	
𬓞	禸	15	
𬓟	禸	21	
𬓠	禾	7	
𬓡	禾	9	
𬓢	禾	9	
𬓣	禾	9	
𬓤	禾	9	
𬓥	禾	10	
𬓦	禾	10	
𬓧	禾	11	
𬓨	禾	11	
𬓩	禾	11	
𬓪	禾	12	
𬓫	禾	12	
𬓬	禾	12	
𬓭	禾	13	
𬓮	禾	13	
𬓯	禾	13	
𬓰	禾	13	
𬓱	禾	14	
𬓲	禾	14	
𬓳	禾	14	
𬓴	禾	14	
𬓵	禾	15	
𬓶	禾	15	
𬓷	禾	15	
𬓸	黍	15	
𬓹	禾	15	
𬓺	禾	16	
𬓻	禾	16	
𬓼	禾	16	
𬓽	禾	16	
𬓾	禾	17	
𬓿	禾	17	
𬔀	禾	16	
𬔁	禾	17	
𬔂	禾	19	
𬔃	禾	20	
𬔄	禾	20	
𬔅	穴	7	
𬔆	穴	9	
𬔇	穴	9	
𬔈	穴	10	
𬔉	穴	11	
𬔊	穴	11	
𬔋	穴	12	
𬔌	穴	12	
𬔍	穴	13	
𬔎	穴	15	
𬔏	穴	15	
𬔐	穴	15	
𬔑	穴	16	
𬔒	穴	16	
𬔓	穴	16	
𬔔	穴	18	
𬔕	穴	20	
𬔖	立	6	
𬔗	立	8	
𬔘	立	9	
𬔙	立	9	
𬔚	立	9	
𬔛	立	10	
𬔜	立	10	
𬔝	立	11	
𬔞	立	12	
𬔟	立	12	
𬔠	立	12	
𬔡	立	13	
𬔢	立	13	
𬔣	立	13	
𬔤	立	14	
𬔥	立	14	
𬔦	立	14	
𬔧	立	15	
𬔨	立	16	
𬔩	立	16	
𬔪	立	17	
𬔫	立	21	
𬔬	竹	8	
𬔭	竹	9	
𬔮	竹	10	
𬔯	竹	10	
𬔰	竹	10	
𬔱	竹	9	
𬔲	竹	10	
𬔳	竹	11	
𬔴	竹	11	
𬔵	竹	11	
𬔶	竹	11	
𬔷	竹	11	
𬔸	竹	11	
𬔹	竹	11	
𬔺	竹	12	
𬔻	竹	12	
𬔼	竹	12	
𬔽	竹	12	
𬔾	竹	12	
𬔿	竹	12	
𬕀	竹	12	
𬕁	竹	12	
𬕂	竹	13	
𬕃	竹	13	
𬕄	竹	13	
𬕅	竹	13	
𬕆	竹	13	
𬕇	竹	13	
𬕈	竹	13	
𬕉	竹	13	
𬕊	竹	13	
𬕋	竹	13	
𬕌	竹	13	
𬕍	竹	13	
𬕎	竹	14	
𬕏	竹	14	
𬕐	竹	14	
𬕑	竹	14	
𬕒	竹	14	
𬕓	竹	14	
𬕔	竹	14	
𬕕	竹	14	
𬕖	竹	14	
𬕗	竹	14	
𬕘	竹	14	
𬕙	竹	14	
𬕚	竹	15	
𬕛	竹	15	
𬕜	竹	15	
𬕝	竹	15	
𬕞	竹	15	
𬕟	竹	14	
𬕠	竹	15	
𬕡	竹	15	
𬕢	竹	16	
𬕣	竹	16	
𬕤	竹	16	
𬕥	竹	16	
𬕦	竹	15	
𬕧	竹	16	
𬕨	竹	16	
𬕩	竹	17	
𬕪	竹	17	
𬕫	竹	17	
𬕬	竹	17	
𬕭	竹	18	
𬕮	竹	18	
𬕯	竹	18	
𬕰	竹	18	
𬕱	竹	18	
𬕲	竹	18	
𬕳	竹	19	
𬕴	竹	19	
𬕵	竹	19	
𬕶	竹	19	
𬕷	竹	19	
𬕸	竹	19	
𬕹	竹	19	
𬕺	竹	19	
𬕻	竹	21	
𬕼	竹	20	
𬕽	竹	21	
𬕾	竹	21	
𬕿	竹	21	
𬖀	竹	22	
𬖁	竹	22	
𬖂	竹	22	
𬖃	竹	22	
𬖄	竹	22	
𬖅	竹	22	
𬖆	竹	23	
𬖇	竹	24	
𬖈	竹	27	
𬖉	竹	27	
𬖊	竹	26	
𬖋	米	7	
𬖌	米	8	
𬖍	米	8	
𬖎	米	8	
𬖏	米	9	
𬖐	米	10	
𬖑	米	10	
𬖒	米	10	
𬖓	米	11	
𬖔	米	11	
𬖕	米	11	
𬖖	米	11	
𬖗	米	11	
𬖘	米	11	
𬖙	米	12	
𬖚	米	12	
𬖛	米	12	
𬖜	米	12	
𬖝	米	13	
𬖞	米	13	
𬖟	米	13	
𬖠	米	13	
𬖡	米	14	
𬖢	米	14	
𬖣	米	14	
𬖤	米	14	
𬖥	米	14	
𬖦	米	15	
𬖧	米	15	
𬖨	米	15	
𬖩	米	15	
𬖪	米	15	
𬖫	米	16	
𬖬	米	16	
𬖭	米	16	
𬖮	米	16	
𬖯	米	16	
𬖰	米	16	
𬖱	米	17	
𬖲	米	16	
𬖳	米	17	
𬖴	米	17	
𬖵	米	17	
𬖶	米	17	
𬖷	米	18	
𬖸	米	18	
𬖹	米	18	
𬖺	米	18	
𬖻	米	19	
𬖼	米	20	
𬖽	米	19	
𬖾	米	20	
𬖿	米	21	
𬗀	米	22	
𬗁	米	21	
𬗂	米	24	
𬗃	糸	9	
𬗄	糸	9	
𬗅	糸	10	
𬗆	糸	10	
𬗇	糸	11	
𬗈	糸	11	
𬗉	糸	11	
𬗊	糸	11	
𬗋	糸	12	
𬗌	糸	12	
𬗍	糸	12	
𬗎	糸	12	
𬗏	糸	12	
𬗐	糸	11	
𬗑	糸	12	
𬗒	糸	12	
𬗓	糸	12	
𬗔	糸	13	
𬗕	糸	13	
𬗖	糸	13	
𬗗	糸	13	
𬗘	糸	14	
𬗙	糸	13	
𬗚	糸	13	
𬗛	糸	13	
𬗜	糸	13	
𬗝	糸	13	
𬗞	糸	13	
𬗟	糸	14	
𬗠	糸	14	
𬗡	糸	14	
𬗢	糸	14	
𬗣	糸	14	
𬗤	糸	14	
𬗥	糸	14	
𬗦	糸	14	
𬗧	糸	14	
𬗨	糸	15	
𬗩	糸	15	
𬗪	糸	15	
𬗫	糸	15	
𬗬	糸	15	
𬗭	糸	15	
𬗮	糸	15	
𬗯	糸	16	
𬗰	糸	16	
𬗱	糸	16	
𬗲	糸	15	
𬗳	糸	17	
𬗴	糸	17	
𬗵	糸	17	
𬗶	糸	17	
𬗷	糸	17	
𬗸	糸	17	
𬗹	糸	17	
𬗺	糸	17	
𬗻	糸	18	
𬗼	糸	18	
𬗽	糸	18	
𬗾	糸	18	
𬗿	糸	18	
𬘀	糸	18	
𬘁	糸	18	
𬘂	糸	19	
𬘃	糸	20	
𬘄	糸	20	
𬘅	糸	20	
𬘆	糸	19	
𬘇	糸	20	
𬘈	糸	20	
𬘉	糸	20	
𬘊	糸	21	
𬘋	糸	21	
𬘌	糸	21	
𬘍	糸	22	
𬘎	糸	21	
𬘏	糸	22	
𬘐	糸	23	
𬘑	糸	23	
𬘒	糸	24	
𬘓		6	
𬘔		7	
𬘕		7	
𬘖		7	
𬘗		7	
𬘘		7	
𬘙		8	
𬘚		8	
𬘛		8	
𬘜		8	
𬘝		8	
𬘞		8	
𬘟		9	
𬘠		9	
𬘡		9	
𬘢		9	
𬘣		9	
𬘤		9	
𬘥		9	
𬘦		9	
𬘧		9	
𬘨		10	
𬘩		9	
𬘪		10	
𬘫		10	
𬘬		11	
𬘭		11	
𬘮		11	
𬘯		11	
𬘰		12	
𬘱		12	
𬘲		12	
𬘳		12	
𬘴		12	
𬘵		12	
𬘶		12	
𬘷		13	
𬘸		12	
𬘹		13	
𬘺		13	
𬘻		13	
𬘼		13	
𬘽		13	
𬘾		14	
𬘿		14	
𬙀		14	
𬙁		14	
𬙂		14	
𬙃		15	
𬙄		15	
𬙅		14	
𬙆		15	
𬙇		15	
𬙈		15	
𬙉		16	
𬙊		17	
𬙋		20	
𬙌	缶	10	
𬙍	缶	10	
𬙎	缶	11	
𬙏	缶	12	
𬙐	缶	14	
𬙑	缶	15	
𬙒	缶	15	
𬙓	缶	16	
𬙔	缶	19	
𬙕	网	7	
𬙖	网	8	
𬙗	网	7	
𬙘	网	8	
𬙙	网	9	
𬙚	网	10	
𬙛	网	10	
𬙜	网	10	
𬙝	网	11	
𬙞	网	12	
𬙟	网	12	
𬙠	网	13	
𬙡	网	14	
𬙢	网	13	
𬙣	网	13	
𬙤	网	15	
𬙥	网	15	
𬙦	网	15	
𬙧	网	17	
𬙨	网	17	
𬙩	网	18	
𬙪	网	21	
𬙫	网	23	
𬙬	羊	9	
𬙭	羊	10	
𬙮	羊	10	
𬙯	羊	10	
𬙰	羊	11	
𬙱	羊	12	
𬙲	羊	12	
𬙳	羊	12	
𬙴	羊	13	
𬙵	羊	14	
𬙶	羊	14	
𬙷	羊	15	
𬙸	羊	15	
𬙹	羊	16	
𬙺	羊	16	
𬙻	羊	16	
𬙼	羊	17	
𬙽	羊	17	
𬙾	羊	18	
𬙿	羊	19	
𬚀	羊	21	
𬚁	羊	22	
𬚂	羊	26	
𬚃	羽	13	
𬚄	羽	14	
𬚅	羽	16	
𬚆	羽	16	
𬚇	羽	17	
𬚈	羽	17	
𬚉	老	6	
𬚊	老	8	
𬚋	老	9	
𬚌	老	14	
𬚍	老	16	
𬚎	老	20	
𬚏	而	15	
𬚐	耒	12	
𬚑	耒	18	
𬚒	耳	9	
𬚓	耳	9	
𬚔	耳	11	
𬚕	耳	11	
𬚖	耳	11	
𬚗	耳	12	
𬚘	耳	12	
𬚙	耳	12	
𬚚	耳	13	
𬚛	耳	13	
𬚜	耳	13	
𬚝	耳	13	
𬚞	耳	14	
𬚟	耳	14	
𬚠	耳	14	
𬚡	耳	14	
𬚢	耳	15	
𬚣	耳	17	
𬚤	耳	16	
𬚥	耳	15	
𬚦	耳	16	
𬚧	耳	18	
𬚨	耳	20	
𬚩	耳	53	
𬚪	聿	8	
𬚫	聿	13	
𬚬	聿	15	
𬚭	聿	16	
𬚮	聿	16	
𬚯	肉	7	
𬚰	肉	8	
𬚱	肉	10	
𬚲	肉	10	
𬚳	肉	8	
𬚴	肉	11	
𬚵	肉	9	
𬚶	肉	11	
𬚷	肉	10	
𬚸	肉	12	
𬚹	肉	10	
𬚺	肉	12	
𬚻	肉	11	
𬚼	肉	11	
𬚽	肉	11	
𬚾	肉	11	
𬚿	肉	13	
𬛀	肉	11	
𬛁	肉	11	
𬛂	肉	12	
𬛃	肉	14	
𬛄	肉	12	
𬛅	肉	12	
𬛆	肉	12	
𬛇	肉	12	
𬛈	肉	15	
𬛉	肉	13	
𬛊	肉	13	
𬛋	肉	13	
𬛌	肉	16	
𬛍	肉	14	
𬛎	肉	16	
𬛏	肉	15	
𬛐	肉	15	
𬛑	肉	15	
𬛒	肉	15	
𬛓	肉	15	
𬛔	肉	16	
𬛕	肉	16	
𬛖	肉	16	
𬛗	肉	16	
𬛘	肉	16	
𬛙	肉	17	
𬛚	肉	16	
𬛛	肉	17	
𬛜	肉	18	
𬛝	肉	18	
𬛞	肉	19	
𬛟	肉	20	
𬛠	肉	22	
𬛡	肉	24	
𬛢	臣	11	
𬛣	臣	11	
𬛤	臣	11	
𬛥	臣	12	
𬛦	臣	13	
𬛧	臣	15	
𬛨	臣	16	
𬛩	臣	17	
𬛪	臣	22	
𬛫	臣	24	
𬛬	自	11	
𬛭	自	14	
𬛮	自	17	
𬛯	自	19	
𬛰	自	20	
𬛱	至	8	
𬛲	至	10	
𬛳	至	12	
𬛴	至	16	
𬛵	至	16	
𬛶	至	20	
𬛷	至	28	
𬛸	臼	9	
𬛹	臼	9	
𬛺	臼	13	
𬛻	臼	15	
𬛼	臼	16	
𬛽	臼	17	
𬛾	臼	18	
𬛿	臼	19	
𬜀	臼	19	
𬜁	臼	23	
𬜂	臼	24	
𬜃	臼	26	
𬜄	臼	28	
𬜅	舌	11	
𬜆	舌	10	
𬜇	舌	13	
𬜈	舌	14	
𬜉	舌	15	
𬜊	舌	15	
𬜋	舌	15	
𬜌	舌	15	
𬜍	舌	17	
𬜎	舌	17	
𬜏	舌	19	
𬜐	舌	19	
𬜑	舟	8	
𬜒	舟	9	
𬜓	舟	12	
𬜔	舟	12	
𬜕	舟	14	
𬜖	舟	14	
𬜗	舟	14	
𬜘	舟	16	
𬜙	舟	16	
𬜚	舟	16	
𬜛	舟	17	
𬜜	舟	21	
𬜝	色	12	
𬜞	色	14	
𬜟	色	25	
𬜠	艸	5	
𬜡	艸	6	
𬜢	艸	6	
𬜣	艸	7	
𬜤	艸	7	
𬜥	艸	7	
𬜦	艸	8	
𬜧	艸	8	
𬜨	艸	9	
𬜩	艸	9	
𬜪	艸	9	
𬜫	艸	9	
𬜬	艸	9	
𬜭	艸	9	
𬜮	艸	9	
𬜯	艸	10	
𬜰	艸	10	
𬜱	艸	10	
𬜲	艸	10	
𬜳	艸	10	
𬜴	艸	10	
𬜵	艸	10	
𬜶	艸	10	
𬜷	艸	10	
𬜸	艸	10	
𬜹	艸	10	
𬜺	艸	10	
𬜻	艸	11	
𬜼	艸	11	
𬜽	艸	11	
𬜾	艸	11	
𬜿	艸	11	
𬝀	艸	11	
𬝁	艸	11	
𬝂	艸	11	
𬝃	艸	11	
𬝄	艸	11	
𬝅	艸	11	
𬝆	艸	11	
𬝇	艸	11	
𬝈	艸	11	
𬝉	艸	11	
𬝊	艸	11	
𬝋	艸	11	
𬝌	艸	12	
𬝍	艸	12	
𬝎	艸	12	
𬝏	艸	12	
𬝐	艸	12	
𬝑	艸	12	
𬝒	艸	12	
𬝓	艸	12	
𬝔	艸	12	
𬝕	艸	12	
𬝖	艸	12	
𬝗	艸	12	
𬝘	艸	12	
𬝙	艸	12	
𬝚	艸	13	
𬝛	艸	13	
𬝜	艸	13	
𬝝	艸	13	
𬝞	艸	13	
𬝟	艸	13	
𬝠	艸	13	
𬝡	艸	13	
𬝢	艸	13	
𬝣	艸	13	
𬝤	艸	13	
𬝥	艸	13	
𬝦	艸	13	
𬝧	艸	13	
𬝨	艸	14	
𬝩	艸	13	
𬝪	艸	12	
𬝫	艸	13	
𬝬	艸	13	
𬝭	艸	13	
𬝮	艸	13	
𬝯	艸	13	
𬝰	艸	13	
𬝱	艸	13	
𬝲	艸	13	
𬝳	艸	13	
𬝴	艸	14	
𬝵	艸	14	
𬝶	艸	14	
𬝷	艸	14	
𬝸	艸	14	
𬝹	艸	14	
𬝺	艸	14	
𬝻	艸	14	
𬝼	艸	13	
𬝽	艸	14	
𬝾	艸	14	
𬝿	艸	13	
𬞀	艸	14	
𬞁	艸	14	
𬞂	艸	14	
𬞃	艸	14	
𬞄	艸	14	
𬞅	艸	13	
𬞆	艸	13	
𬞇	艸	14	
𬞈	艸	13	
𬞉	艸	14	
𬞊	艸	15	
𬞋	艸	14	
𬞌	艸	14	
𬞍	艸	14	
𬞎	艸	15	
𬞏	艸	15	
𬞐	艸	15	
𬞑	艸	15	
𬞒	艸	15	
𬞓	艸	15	
𬞔	艸	14	
𬞕	艸	15	
𬞖	艸	15	
𬞗	艸	15	
𬞘	艸	15	
𬞙	艸	15	
𬞚	艸	16	
𬞛	艸	16	
𬞜	艸	16	
𬞝	艸	16	
𬞞	艸	16	
𬞟	艸	16	
𬞠	艸	15	
𬞡	艸	16	
𬞢	艸	16	
𬞣	艸	16	
𬞤	艸	15	
𬞥	艸	16	
𬞦	艸	16	
𬞧	艸	16	
𬞨	艸	16	
𬞩	艸	16	
𬞪	艸	16	
𬞫	艸	16	
𬞬	艸	16	
𬞭	艸	18	
𬞮	艸	16	
𬞯	艸	17	
𬞰	艸	17	
𬞱	艸	17	
𬞲	艸	17	
𬞳	艸	18	
𬞴	艸	18	
𬞵	艸	18	
𬞶	艸	18	
𬞷	艸	17	
𬞸	艸	18	
𬞹	艸	17	
𬞺	艸	17	
𬞻	艸	18	
𬞼	艸	18	
𬞽	艸	18	
𬞾	艸	18	
𬞿	艸	18	
𬟀	艸	18	
𬟁	艸	18	
𬟂	艸	18	
𬟃	艸	18	
𬟄	艸	18	
𬟅	艸	18	
𬟆	艸	18	
𬟇	艸	18	
𬟈	艸	18	
𬟉	艸	18	
𬟊	艸	18	
𬟋	艸	17	
𬟌	艸	18	
𬟍	艸	18	
𬟎	艸	19	
𬟏	艸	19	
𬟐	艸	19	
𬟑	艸	19	
𬟒	艸	19	
𬟓	艸	18	
𬟔	艸	19	
𬟕	艸	19	
𬟖	艸	20	
𬟗	艸	20	
𬟘	艸	20	
𬟙	艸	20	
𬟚	艸	20	
𬟛	艸	20	
𬟜	艸	21	
𬟝	艸	21	
𬟞	艸	21	
𬟟	艸	21	
𬟠	艸	21	
𬟡	艸	22	
𬟢	艸	22	
𬟣	艸	22	
𬟤	艸	22	
𬟥	艸	23	
𬟦	艸	24	
𬟧	虍	9	
𬟨	虍	10	
𬟩	虍	10	
𬟪	虍	12	
𬟫	虍	13	
𬟬	虍	13	
𬟭	虍	13	
𬟮	虍	16	
𬟯	虍	16	
𬟰	虍	16	
𬟱	虍	18	
𬟲	虍	19	
𬟳	虍	23	
𬟴	虫	9	
𬟵	虫	9	
𬟶	虫	10	
𬟷	虫	10	
𬟸	虫	10	
𬟹	虫	10	
𬟺	虫	10	
𬟻	虫	10	
𬟼	虫	11	
𬟽	虫	11	
𬟾	虫	11	
𬟿	虫	11	
𬠀	虫	11	
𬠁	虫	11	
𬠂	虫	12	
𬠃	虫	12	
𬠄	虫	12	
𬠅	虫	12	
𬠆	虫	12	
𬠇	虫	12	
𬠈	虫	13	
𬠉	虫	13	
𬠊	虫	12	
𬠋	虫	13	
𬠌	虫	13	
𬠍	虫	13	
𬠎	虫	14	
𬠏	虫	14	
𬠐	虫	14	
𬠑	虫	14	
𬠒	虫	14	
𬠓	虫	14	
𬠔	虫	14	
𬠕	虫	14	
𬠖	虫	14	
𬠗	虫	14	
𬠘	虫	14	
𬠙	虫	14	
𬠚	虫	14	
𬠛	虫	15	
𬠜	虫	15	
𬠝	虫	15	
𬠞	虫	15	
𬠟	虫	15	
𬠠	虫	16	
𬠡	虫	15	
𬠢	虫	15	
𬠣	虫	16	
𬠤	虫	16	
𬠥	虫	17	
𬠦	虫	17	
𬠧	虫	17	
𬠨	虫	17	
𬠩	虫	17	
𬠪	虫	18	
𬠫	虫	17	
𬠬	虫	17	
𬠭	虫	18	
𬠮	虫	18	
𬠯	虫	19	
𬠰	虫	18	
𬠱	虫	19	
𬠲	虫	20	
𬠳	虫	20	
𬠴	虫	20	
𬠵	虫	20	
𬠶	虫	20	
𬠷	虫	20	
𬠸	虫	21	
𬠹	虫	22	
𬠺	虫	24	
𬠻	虫	25	
𬠼	血	12	
𬠽	行	7	
𬠾	行	10	
𬠿	行	10	
𬡀	行	15	
𬡁	行	21	
𬡂	衣	7	
𬡃	衣	8	
𬡄	衣	9	
𬡅	衣	8	
𬡆	衣	8	
𬡇	衣	9	
𬡈	衣	9	
𬡉	衣	9	
𬡊	衣	9	
𬡋	衣	10	
𬡌	衣	11	
𬡍	衣	10	
𬡎	衣	10	
𬡏	衣	11	
𬡐	衣	11	
𬡑	衣	12	
𬡒	衣	11	
𬡓	衣	12	
𬡔	衣	11	
𬡕	衣	11	
𬡖	衣	11	
𬡗	衣	12	
𬡘	衣	11	
𬡙	衣	11	
𬡚	衣	12	
𬡛	衣	13	
𬡜	衣	12	
𬡝	衣	13	
𬡞	衣	12	
𬡟	衣	17	
𬡠	衣	13	
𬡡	衣	14	
𬡢	衣	13	
𬡣	衣	13	
𬡤	衣	14	
𬡥	衣	14	
𬡦	衣	14	
𬡧	衣	15	
𬡨	衣	15	
𬡩	衣	15	
𬡪	衣	15	
𬡫	衣	17	
𬡬	衣	16	
𬡭	衣	17	
𬡮	衣	17	
𬡯	衣	17	
𬡰	衣	18	
𬡱	衣	18	
𬡲	衣	20	
𬡳	衣	19	
𬡴	衣	19	
𬡵	衣	19	
𬡶	衣	19	
𬡷	衣	21	
𬡸	襾	10	
𬡹	襾	13	
𬡺	襾	14	
𬡻	襾	18	
𬡼	見	11	
𬡽	見	12	
𬡾	見	15	
𬡿	見	15	
𬢀	見	15	
𬢁	見	17	
𬢂	見	18	
𬢃	見	19	
𬢄	見	18	
𬢅	見	21	
𬢆	見	23	
𬢇		6	
𬢈		9	
𬢉		9	
𬢊		9	
𬢋		10	
𬢌		11	
𬢍		11	
𬢎		12	
𬢏		13	
𬢐		13	
𬢑		12	
𬢒		14	
𬢓		15	
𬢔		16	
𬢕	角	12	
𬢖	角	13	
𬢗	角	14	
𬢘	角	15	
𬢙	角	20	
𬢚	言	9	
𬢛	言	9	
𬢜	言	10	
𬢝	言	10	
𬢞	言	10	
𬢟	言	11	
𬢠	言	11	
𬢡	言	12	
𬢢	言	12	
𬢣	言	13	
𬢤	言	13	
𬢥	言	13	
𬢦	言	13	
𬢧	言	13	
𬢨	言	13	
𬢩	言	13	
𬢪	言	14	
𬢫	言	14	
𬢬	言	14	
𬢭	言	14	
𬢮	言	15	
𬢯	言	15	
𬢰	言	15	
𬢱	言	15	
𬢲	言	15	
𬢳	言	15	
𬢴	言	16	
𬢵	言	16	
𬢶	言	16	
𬢷	言	16	
𬢸	言	16	
𬢹	言	16	
𬢺	言	17	
𬢻	言	17	
𬢼	言	17	
𬢽	言	17	
𬢾	言	17	
𬢿	言	16	
𬣀	言	17	
𬣁	言	17	
𬣂	言	17	
𬣃	言	17	
𬣄	言	17	
𬣅	言	18	
𬣆	言	18	
𬣇	言	18	
𬣈	言	19	
𬣉	言	19	
𬣊	言	19	
𬣋	言	20	
𬣌	言	21	
𬣍	言	21	
𬣎	言	21	
𬣏	言	20	
𬣐	言	20	
𬣑	言	21	
𬣒	言	21	
𬣓	言	21	
𬣔	言	22	
𬣕	言	22	
𬣖	言	24	
𬣗	言	29	
𬣘	言	30	
𬣙		5	
𬣚		5	
𬣛		6	
𬣜		6	
𬣝		6	
𬣞		6	
𬣟		6	
𬣠		7	
𬣡		7	
𬣢		7	
𬣣		7	
𬣤		7	
𬣥		7	
𬣦		7	
𬣧		7	
𬣨		8	
𬣩		8	
𬣪		8	
𬣫		8	
𬣬		8	
𬣭		8	
𬣮		8	
𬣯		8	
𬣰		8	
𬣱		8	
𬣲		8	
𬣳		8	
𬣴		8	
𬣵		8	
𬣶		9	
𬣷		9	
𬣸		9	
𬣹		9	
𬣺		8	
𬣻		8	
𬣼		9	
𬣽		9	
𬣾		10	
𬣿		9	
𬤀		10	
𬤁		10	
𬤂		10	
𬤃		10	
𬤄		10	
𬤅		10	
𬤆		10	
𬤇		11	
𬤈		11	
𬤉		11	
𬤊		11	
𬤋		11	
𬤌		11	
𬤍		11	
𬤎		11	
𬤏		10	
𬤐		12	
𬤑		12	
𬤒		12	
𬤓		12	
𬤔		12	
𬤕		12	
𬤖		11	
𬤗		12	
𬤘		13	
𬤙		13	
𬤚		13	
𬤛		13	
𬤜		13	
𬤝		14	
𬤞		14	
𬤟		14	
𬤠		14	
𬤡		14	
𬤢		14	
𬤣		14	
𬤤		14	
𬤥		14	
𬤦		14	
𬤧		15	
𬤨		15	
𬤩		16	
𬤪		15	
𬤫		16	
𬤬		16	
𬤭		17	
𬤮		18	
𬤯		19	
𬤰		19	
𬤱		20	
𬤲	谷	12	
𬤳	谷	15	
𬤴	谷	16	
𬤵	谷	17	
𬤶	豆	11	
𬤷	豆	13	
𬤸	豆	19	
𬤹	豆	20	
𬤺	豆	23	
𬤻	豕	9	
𬤼	豕	11	
𬤽	豕	11	
𬤾	豕	14	
𬤿	豕	14	
𬥀	豕	14	
𬥁	豕	15	
𬥂	豕	15	
𬥃	豕	15	
𬥄	豕	17	
𬥅	豕	17	
𬥆	豕	20	
𬥇	豕	21	
𬥈	豸	13	
𬥉	豸	15	
𬥊	豸	17	
𬥋	豸	18	
𬥌	豸	19	
𬥍	豸	22	
𬥎	貝	9	
𬥏	貝	11	
𬥐	貝	11	
𬥑	貝	11	
𬥒	貝	11	
𬥓	貝	12	
𬥔	貝	13	
𬥕	貝	13	
𬥖	貝	14	
𬥗	貝	14	
𬥘	貝	14	
𬥙	貝	14	
𬥚	貝	14	
𬥛	貝	15	
𬥜	貝	15	
𬥝	貝	15	
𬥞	貝	15	
𬥟	貝	15	
𬥠	貝	15	
𬥡	貝	16	
𬥢	貝	16	
𬥣	貝	17	
𬥤	貝	17	
𬥥	貝	17	
𬥦	貝	18	
𬥧	貝	18	
𬥨	貝	19	
𬥩	貝	20	
𬥪	貝	21	
𬥫	貝	21	
𬥬	貝	23	
𬥭	貝	21	
𬥮	貝	21	
𬥯	貝	22	
𬥰	貝	22	
𬥱	貝	22	
𬥲	貝	29	
𬥳		8	
𬥴		9	
𬥵		9	
𬥶		9	
𬥷		10	
𬥸		11	
𬥹		12	
𬥺		13	
𬥻		13	
𬥼		13	
𬥽		13	
𬥾		14	
𬥿		18	
𬦀		26	
𬦁	赤	11	
𬦂	赤	13	
𬦃	赤	16	
𬦄	赤	22	
𬦅	走	10	
𬦆	走	11	
𬦇	走	11	
𬦈	走	11	
𬦉	走	12	
𬦊	走	12	
𬦋	走	12	
𬦌	走	13	
𬦍	走	13	
𬦎	走	14	
𬦏	走	14	
𬦐	走	14	
𬦑	走	14	
𬦒	走	15	
𬦓	走	15	
𬦔	走	16	
𬦕	走	16	
𬦖	走	16	
𬦗	走	16	
𬦘	走	17	
𬦙	走	17	
𬦚	走	17	
𬦛	走	17	
𬦜	走	17	
𬦝	走	18	
𬦞	走	18	
𬦟	走	19	
𬦠	足	9	
𬦡	足	10	
𬦢	足	10	
𬦣	足	11	
𬦤	足	11	
𬦥	足	11	
𬦦	足	11	
𬦧	足	11	
𬦨	足	12	
𬦩	足	12	
𬦪	足	12	
𬦫	足	12	
𬦬	足	13	
𬦭	足	13	
𬦮	足	13	
𬦯	足	13	
𬦰	足	13	
𬦱	足	13	
𬦲	足	14	
𬦳	足	14	
𬦴	足	14	
𬦵	足	14	
𬦶	足	15	
𬦷	足	14	
𬦸	足	15	
𬦹	足	14	
𬦺	足	15	
𬦻	足	15	
𬦼	足	16	
𬦽	足	16	
𬦾	足	16	
𬦿	足	16	
𬧀	足	17	
𬧁	足	16	
𬧂	足	16	
𬧃	足	16	
𬧄	足	17	
𬧅	足	17	
𬧆	足	17	
𬧇	足	17	
𬧈	足	17	
𬧉	足	17	
𬧊	足	18	
𬧋	足	18	
𬧌	足	18	
𬧍	足	18	
𬧎	足	18	
𬧏	足	18	
𬧐	足	18	
𬧑	足	19	
𬧒	足	19	
𬧓	足	19	
𬧔	足	19	
𬧕	足	20	
𬧖	足	19	
𬧗	足	20	
𬧘	足	21	
𬧙	足	22	
𬧚	足	23	
𬧛	足	22	
𬧜	足	24	
𬧝	足	27	
𬧞	足	28	
𬧟	足	29	
𬧠	身	8	
𬧡	身	11	
𬧢	身	12	
𬧣	身	13	
𬧤	身	14	
𬧥	身	15	
𬧦	身	15	
𬧧	身	14	
𬧨	身	15	
𬧩	身	15	
𬧪	身	14	
𬧫	身	16	
𬧬	身	17	
𬧭	身	17	
𬧮	身	17	
𬧯	身	18	
𬧰	身	18	
𬧱	車	11	
𬧲	車	12	
𬧳	車	12	
𬧴	車	12	
𬧵	車	13	
𬧶	車	15	
𬧷	車	15	
𬧸	車	16	
𬧹	車	17	
𬧺	車	17	
𬧻	車	18	
𬧼	車	18	
𬧽	車	18	
𬧾	車	20	
𬧿	車	22	
𬨀	車	22	
𬨁		8	
𬨂		8	
𬨃		8	
𬨄		9	
𬨅		9	
𬨆		10	
𬨇		10	
𬨈		11	
𬨉		11	
𬨊		11	
𬨋		11	
𬨌		12	
𬨍		13	
𬨎		13	
𬨏		13	
𬨐		14	
𬨑		14	
𬨒		15	
𬨓		15	
𬨔		17	
𬨕		19	
𬨖	辛	8	
𬨗	辛	12	
𬨘	辛	12	
𬨙	辛	12	
𬨚	辛	14	
𬨛	辛	23	
𬨜	辵	5	
𬨝	辵	7	
𬨞	辵	7	
𬨟	辵	7	
𬨠	辵	7	
𬨡	辵	8	
𬨢	辵	8	
𬨣	辵	8	
𬨤	辵	9	
𬨥	辵	9	
𬨦	辵	10	
𬨧	辵	10	
𬨨	辵	10	
𬨩	辵	10	
𬨪	辵	10	
𬨫	辵	10	
𬨬	辵	10	
𬨭	辵	11	
𬨮	辵	11	
𬨯	辵	11	
𬨰	辵	11	
𬨱	辵	11	
𬨲	辵	11	
𬨳	辵	12	
𬨴	辵	11	
𬨵	辵	11	
𬨶	辵	12	
𬨷	辵	12	
𬨸	辵	12	
𬨹	辵	12	
𬨺	辵	13	
𬨻	辵	13	
𬨼	辵	13	
𬨽	辵	13	
𬨾	辵	13	
𬨿	辵	13	
𬩀	辵	14	
𬩁	辵	14	
𬩂	辵	13	
𬩃	辵	14	
𬩄	辵	14	
𬩅	辵	14	
𬩆	辵	14	
𬩇	辵	14	
𬩈	辵	14	
𬩉	辵	15	
𬩊	辵	15	
𬩋	辵	15	
𬩌	辵	15	
𬩍	辵	15	
𬩎	辵	14	
𬩏	辵	15	
𬩐	辵	15	
𬩑	辵	16	
𬩒	辵	16	
𬩓	辵	16	
𬩔	辵	15	
𬩕	辵	15	
𬩖	辵	16	
𬩗	辵	16	
𬩘	辵	16	
𬩙	辵	16	
𬩚	辵	16	
𬩛	辵	17	
𬩜	辵	17	
𬩝	辵	17	
𬩞	辵	16	
𬩟	辵	16	
𬩠	辵	17	
𬩡	辵	17	
𬩢	辵	17	
𬩣	辵	17	
𬩤	辵	17	
𬩥	辵	18	
𬩦	辵	16	
𬩧	辵	17	
𬩨	辵	18	
𬩩	辵	17	
𬩪	辵	18	
𬩫	辵	19	
𬩬	辵	19	
𬩭	辵	20	
𬩮	辵	19	
𬩯	辵	21	
𬩰	辵	21	
𬩱	辵	21	
𬩲	辵	21	
𬩳	邑	5	
𬩴	邑	9	
𬩵	邑	7	
𬩶	邑	7	
𬩷	邑	8	
𬩸	邑	8	
𬩹	邑	8	
𬩺	邑	13	
𬩻	邑	9	
𬩼	邑	9	
𬩽	邑	9	
𬩾	邑	10	
𬩿	邑	10	
𬪀	邑	10	
𬪁	邑	14	
𬪂	邑	10	
𬪃	邑	10	
𬪄	邑	10	
𬪅	邑	11	
𬪆	邑	11	
𬪇	邑	11	
𬪈	邑	11	
𬪉	邑	11	
𬪊	邑	11	
𬪋	邑	11	
𬪌	邑	12	
𬪍	邑	12	
𬪎	邑	12	
𬪏	邑	12	
𬪐	邑	12	
𬪑	邑	13	
𬪒	邑	14	
𬪓	邑	14	
𬪔	邑	14	
𬪕	邑	15	
𬪖	邑	14	
𬪗	邑	16	
𬪘	邑	16	
𬪙	邑	16	
𬪚	邑	16	
𬪛	邑	16	
𬪜	邑	17	
𬪝	邑	17	
𬪞	邑	18	
𬪟	邑	18	
𬪠	邑	19	
𬪡	邑	19	
𬪢	邑	19	
𬪣	邑	20	
𬪤	邑	20	
𬪥	邑	24	
𬪦	酉	11	
𬪧	酉	11	
𬪨	酉	12	
𬪩	酉	13	
𬪪	酉	14	
𬪫	酉	14	
𬪬	酉	14	
𬪭	酉	16	
𬪮	酉	16	
𬪯	酉	16	
𬪰	酉	16	
𬪱	酉	16	
𬪲	酉	17	
𬪳	酉	17	
𬪴	酉	17	
𬪵	酉	17	
𬪶	酉	18	
𬪷	酉	20	
𬪸	酉	20	
𬪹	酉	20	
𬪺	釆	10	
𬪻	釆	12	
𬪼	里	12	
𬪽	里	12	
𬪾	里	13	
𬪿	里	17	
𬫀	里	17	
𬫁	里	20	
𬫂	金	12	
𬫃	金	12	
𬫄	金	12	
𬫅	金	12	
𬫆	金	13	
𬫇	金	13	
𬫈	金	13	
𬫉	金	13	
𬫊	金	13	
𬫋	金	13	
𬫌	金	13	
𬫍	金	14	
𬫎	金	14	
𬫏	金	14	
𬫐	金	14	
𬫑	金	14	
𬫒	金	14	
𬫓	金	14	
𬫔	金	15	
𬫕	金	15	
𬫖	金	15	
𬫗	金	14	
𬫘	金	15	
𬫙	金	15	
𬫚	金	15	
𬫛	金	15	
𬫜	金	15	
𬫝	金	15	
𬫞	金	15	
𬫟	金	15	
𬫠	金	15	
𬫡	金	16	
𬫢	金	16	
𬫣	金	16	
𬫤	金	16	
𬫥	金	16	
𬫦	金	16	
𬫧	金	15	
𬫨	金	16	
𬫩	金	16	
𬫪	金	16	
𬫫	金	16	
𬫬	金	16	
𬫭	金	17	
𬫮	金	16	
𬫯	金	16	
𬫰	金	16	
𬫱	金	16	
𬫲	金	17	
𬫳	金	18	
𬫴	金	18	
𬫵	金	18	
𬫶	金	18	
𬫷	金	18	
𬫸	金	18	
𬫹	金	18	
𬫺	金	18	
𬫻	金	18	
𬫼	金	17	
𬫽	金	18	
𬫾	金	18	
𬫿	金	19	
𬬀	金	19	
𬬁	金	19	
𬬂	金	19	
𬬃	金	19	
𬬄	金	19	
𬬅	金	20	
𬬆	金	20	
𬬇	金	20	
𬬈	金	19	
𬬉	金	20	
𬬊	金	20	
𬬋	金	21	
𬬌	金	21	
𬬍	金	21	
𬬎	金	21	
𬬏	金	21	
𬬐	金	21	
𬬑	金	21	
𬬒	金	22	
𬬓	金	22	
𬬔	金	22	
𬬕	金	22	
𬬖	金	22	
𬬗	金	22	
𬬘	金	23	
𬬙	金	22	
𬬚	金	23	
𬬛	金	23	
𬬜	金	24	
𬬝	金	24	
𬬞	金	24	
𬬟	金	25	
𬬠	金	25	
𬬡	金	25	
𬬢	金	26	
𬬣	金	27	
𬬤	金	29	
𬬥	金	30	
𬬦	金	31	
𬬧		8	
𬬨		8	
𬬩		8	
𬬪		8	
𬬫		9	
𬬬		9	
𬬭		9	
𬬮		9	
𬬯		9	
𬬰		9	
𬬱		9	
𬬲		9	
𬬳		9	
𬬴		9	
𬬵		9	
𬬶		9	
𬬷		10	
𬬸		10	
𬬹		10	
𬬺		10	
𬬻		10	
𬬼		10	
𬬽		10	
𬬾		10	
𬬿		10	
𬭀		10	
𬭁		10	
𬭂		10	
𬭃		11	
𬭄		11	
𬭅		11	
𬭆		11	
𬭇		11	
𬭈		11	
𬭉		11	
𬭊		12	
𬭋		12	
𬭌		12	
𬭍		12	
𬭎		12	
𬭏		12	
𬭐		12	
𬭑		13	
𬭒		12	
𬭓		13	
𬭔		13	
𬭕		13	
𬭖		13	
𬭗		13	
𬭘		13	
𬭙		13	
𬭚		13	
𬭛		13	
𬭜		13	
𬭝		13	
𬭞		14	
𬭟		14	
𬭠		14	
𬭡		13	
𬭢		14	
𬭣		14	
𬭤		14	
𬭥		14	
𬭦		15	
𬭧		15	
𬭨		14	
𬭩		15	
𬭪		15	
𬭫		15	
𬭬		16	
𬭭		16	
𬭮		15	
𬭯		16	
𬭰		16	
𬭱		16	
𬭲		16	
𬭳		17	
𬭴		17	
𬭵		17	
𬭶		17	
𬭷		17	
𬭸		17	
𬭹		17	
𬭺		18	
𬭻		18	
𬭼		17	
𬭽		18	
𬭾		19	
𬭿		20	
𬮀		20	
𬮁		21	
𬮂		23	
𬮃		25	
𬮄	長	13	
𬮅	門	10	
𬮆	門	11	
𬮇	門	12	
𬮈	門	12	
𬮉	門	13	
𬮊	門	15	
𬮋	門	15	
𬮌	門	15	
𬮍	門	17	
𬮎	門	17	
𬮏	門	18	
𬮐	門	18	
𬮑	門	18	
𬮒	門	19	
𬮓	門	20	
𬮔	門	21	
𬮕	門	21	
𬮖	門	21	
𬮗	門	23	
𬮘		5	
𬮙		6	
𬮚		6	
𬮛		6	
𬮜		7	
𬮝		7	
𬮞		7	
𬮟		7	
𬮠		8	
𬮡		8	
𬮢		9	
𬮣		9	
𬮤		9	
𬮥		9	
𬮦		9	
𬮧		9	
𬮨		10	
𬮩		10	
𬮪		10	
𬮫		11	
𬮬		11	
𬮭		11	
𬮮		11	
𬮯		11	
𬮰		11	
𬮱		12	
𬮲		12	
𬮳		12	
𬮴		12	
𬮵		12	
𬮶		14	
𬮷		14	
𬮸		15	
𬮹		15	
𬮺	阜	6	
𬮻	阜	7	
𬮼	阜	7	
𬮽	阜	7	
𬮾	阜	8	
𬮿	阜	9	
𬯀	阜	9	
𬯁	阜	10	
𬯂	阜	10	
𬯃	阜	10	
𬯄	阜	11	
𬯅	阜	11	
𬯆	阜	11	
𬯇	阜	11	
𬯈	阜	16	
𬯉	阜	11	
𬯊	阜	11	
𬯋	阜	12	
𬯌	阜	12	
𬯍	阜	12	
𬯎	阜	12	
𬯏	阜	12	
𬯐	阜	12	
𬯑	阜	13	
𬯒	阜	13	
𬯓	阜	13	
𬯔	阜	14	
𬯕	阜	13	
𬯖	阜	14	
𬯗	阜	14	
𬯘	阜	14	
𬯙	阜	15	
𬯚	阜	15	
𬯛	阜	15	
𬯜	阜	15	
𬯝	阜	15	
𬯞	阜	16	
𬯟	阜	16	
𬯠	阜	17	
𬯡	阜	17	
𬯢	阜	20	
𬯣	阜	20	
𬯤	阜	20	
𬯥	阜	20	
𬯦	阜	21	
𬯧	阜	21	
𬯨	阜	22	
𬯩	阜	24	
𬯪	隹	12	
𬯫	隹	13	
𬯬	隹	14	
𬯭	隹	14	
𬯮	隹	15	
𬯯	隹	16	
𬯰	隹	15	
𬯱	隹	17	
𬯲	隹	20	
𬯳	隹	20	
𬯴	隹	20	
𬯵	隹	22	
𬯶	隹	21	
𬯷	隹	24	
𬯸	雨	11	
𬯹	雨	12	
𬯺	雨	12	
𬯻	雨	13	
𬯼	雨	15	
𬯽	雨	15	
𬯾	雨	16	
𬯿	雨	16	
𬰀	雨	16	
𬰁	雨	16	
𬰂	雨	16	
𬰃	雨	16	
𬰄	雨	17	
𬰅	雨	17	
𬰆	雨	17	
𬰇	雨	17	
𬰈	雨	18	
𬰉	雨	19	
𬰊	雨	18	
𬰋	雨	20	
𬰌	雨	20	
𬰍	雨	20	
𬰎	雨	21	
𬰏	雨	21	
𬰐	雨	21	
𬰑	雨	22	
𬰒	雨	22	
𬰓	雨	22	
𬰔	雨	22	
𬰕	雨	27	
𬰖	雨	30	
𬰗	靑	13	
𬰘	靑	13	
𬰙	非	11	
𬰚	非	13	
𬰛	非	13	
𬰜	非	15	
𬰝	非	18	
𬰞	非	18	
𬰟	非	21	
𬰠	面	14	
𬰡	面	17	
𬰢	面	20	
𬰣	面	20	
𬰤	革	15	
𬰥	革	16	
𬰦	革	17	
𬰧	革	18	
𬰨	革	21	
𬰩	革	20	
𬰪	韋	13	
𬰫	韋	15	
𬰬	韋	15	
𬰭	韋	15	
𬰮	韋	18	
𬰯	韋	23	
𬰰	韋	26	
𬰱		7	
𬰲		8	
𬰳		9	
𬰴		9	
𬰵		13	
𬰶		16	
𬰷		17	
𬰸		20	
𬰹	音	14	
𬰺	音	14	
𬰻	音	14	
𬰼	音	15	
𬰽	音	16	
𬰾	音	26	
𬰿	頁	11	
𬱀	頁	12	
𬱁	頁	14	
𬱂	頁	14	
𬱃	頁	15	
𬱄	頁	16	
𬱅	頁	16	
𬱆	頁	16	
𬱇	頁	16	
𬱈	頁	17	
𬱉	頁	17	
𬱊	頁	18	
𬱋	頁	18	
𬱌	頁	20	
𬱍	頁	20	
𬱎	頁	21	
𬱏	頁	22	
𬱐	頁	24	
𬱑	頁	26	
𬱒	頁	33	
𬱓		8	
𬱔		10	
𬱕		10	
𬱖		11	
𬱗		11	
𬱘		11	
𬱙		11	
𬱚		11	
𬱛		12	
𬱜		12	
𬱝		12	
𬱞		12	
𬱟		12	
𬱠		12	
𬱡		12	
𬱢		12	
𬱣		13	
𬱤		13	
𬱥		13	
𬱦		14	
𬱧		14	
𬱨		14	
𬱩		14	
𬱪		14	
𬱫		14	
𬱬		14	
𬱭		15	
𬱮		15	
𬱯		15	
𬱰		16	
𬱱		18	
𬱲		20	
𬱳		23	
𬱴	風	18	
𬱵		8	
𬱶		8	
𬱷		8	
𬱸		9	
𬱹		9	
𬱺		9	
𬱻		9	
𬱼		10	
𬱽		11	
𬱾		12	
𬱿		12	
𬲀		12	
𬲁		13	
𬲂		13	
𬲃		14	
𬲄		14	
𬲅		16	
𬲆		16	
𬲇		17	
𬲈		20	
𬲉	飛	8	
𬲊	飛	18	
𬲋	食	12	
𬲌	食	12	
𬲍	食	12	
𬲎	食	12	
𬲏	食	15	
𬲐	食	14	
𬲑	食	14	
𬲒	食	15	
𬲓	食	15	
𬲔	食	15	
𬲕	食	17	
𬲖	食	17	
𬲗	食	17	
𬲘	食	17	
𬲙	食	17	
𬲚	食	19	
𬲛	食	20	
𬲜	食	20	
𬲝	食	21	
𬲞	食	20	
𬲟	食	22	
𬲠	食	21	
𬲡	食	23	
𬲢	食	27	
𬲣	食	26	
𬲤	食	27	
𬲥		5	
𬲦		5	
𬲧		6	
𬲨		6	
𬲩		7	
𬲪		7	
𬲫		8	
𬲬		8	
𬲭		8	
𬲮		8	
𬲯		8	
𬲰		8	
𬲱		8	
𬲲		8	
𬲳		8	
𬲴		9	
𬲵		9	
𬲶		9	
𬲷		9	
𬲸		9	
𬲹		9	
𬲺		10	
𬲻		10	
𬲼		11	
𬲽		11	
𬲾		11	
𬲿		11	
𬳀		11	
𬳁		11	
𬳂		11	
𬳃		12	
𬳄		12	
𬳅		12	
𬳆		12	
𬳇		12	
𬳈		13	
𬳉		13	
𬳊		13	
𬳋		13	
𬳌		13	
𬳍		13	
𬳎		14	
𬳏		13	
𬳐		14	
𬳑		15	
𬳒		15	
𬳓		16	
𬳔		17	
𬳕	首	15	
𬳖	首	16	
𬳗	首	16	
𬳘	首	16	
𬳙	首	17	
𬳚	首	19	
𬳛	首	22	
𬳜	香	13	
𬳝	香	17	
𬳞	香	17	
𬳟	香	18	
𬳠	香	18	
𬳡	香	19	
𬳢	香	19	
𬳣	香	19	
𬳤	香	19	
𬳥	香	20	
𬳦	香	20	
𬳧	香	21	
𬳨	馬	13	
𬳩	馬	14	
𬳪	馬	14	
𬳫	馬	16	
𬳬	馬	17	
𬳭	馬	18	
𬳮	馬	18	
𬳯	馬	18	
𬳰	馬	21	
𬳱	馬	22	
𬳲	馬	31	
𬳳		7	
𬳴		8	
𬳵		8	
𬳶		8	
𬳷		8	
𬳸		8	
𬳹		9	
𬳺		9	
𬳻		9	
𬳼		9	
𬳽		9	
𬳾		9	
𬳿		10	
𬴀		10	
𬴁		11	
𬴂		11	
𬴃		12	
𬴄		12	
𬴅		13	
𬴆		13	
𬴇		14	
𬴈		14	
𬴉		15	
𬴊		15	
𬴋		16	
𬴌		16	
𬴍		18	
𬴎		19	
𬴏		20	
𬴐		20	
𬴑	骨	16	
𬴒	骨	16	
𬴓	骨	25	
𬴔	高	12	
𬴕	高	14	
𬴖	高	17	
𬴗	高	17	
𬴘	高	15	
𬴙	高	18	
𬴚	高	18	
𬴛	高	19	
𬴜	高	19	
𬴝	高	22	
𬴞	高	22	
𬴟	高	22	
𬴠	高	21	
𬴡	高	21	
𬴢	高	23	
𬴣	高	24	
𬴤	高	27	
𬴥	高	27	
𬴦	高	28	
𬴧	髟	14	
𬴨	髟	16	
𬴩	髟	16	
𬴪	髟	17	
𬴫	髟	18	
𬴬	髟	18	
𬴭	髟	19	
𬴮	髟	19	
𬴯	髟	23	
𬴰	鬥	18	
𬴱	鬥	24	
𬴲	鬲	12	
𬴳	鬲	13	
𬴴	鬲	15	
𬴵	鬲	16	
𬴶	鬲	17	
𬴷	鬲	19	
𬴸	鬲	22	
𬴹	鬲	24	
𬴺	鬲	25	
𬴻	鬲	30	
𬴼	鬲	30	
𬴽	鬼	12	
𬴾	鬼	11	
𬴿	鬼	16	
𬵀	鬼	15	
𬵁	魚	13	
𬵂	魚	13	
𬵃	魚	14	
𬵄	魚	14	
𬵅	魚	15	
𬵆	魚	15	
𬵇	魚	16	
𬵈	魚	16	
𬵉	魚	16	
𬵊	魚	16	
𬵋	魚	16	
𬵌	魚	16	
𬵍	魚	17	
𬵎	魚	17	
𬵏	魚	17	
𬵐	魚	17	
𬵑	魚	16	
𬵒	魚	18	
𬵓	魚	18	
𬵔	魚	18	
𬵕	魚	19	
𬵖	魚	18	
𬵗	魚	19	
𬵘	魚	18	
𬵙	魚	19	
𬵚	魚	19	
𬵛	魚	19	
𬵜	魚	20	
𬵝	魚	20	
𬵞	魚	20	
𬵟	魚	19	
𬵠	魚	21	
𬵡	魚	21	
𬵢	魚	21	
𬵣	魚	20	
𬵤	魚	22	
𬵥	魚	22	
𬵦	魚	21	
𬵧	魚	22	
𬵨	魚	22	
𬵩	魚	22	
𬵪	魚	23	
𬵫	魚	22	
𬵬	魚	23	
𬵭	魚	23	
𬵮	魚	23	
𬵯	魚	23	
𬵰	魚	24	
𬵱	魚	23	
𬵲	魚	25	
𬵳	魚	25	
𬵴	魚	24	
𬵵	魚	25	
𬵶	魚	26	
𬵷	魚	27	
𬵸	魚	26	
𬵹	魚	27	
𬵺	魚	26	
𬵻	魚	29	
𬵼	魚	29	
𬵽	魚	30	
𬵾	魚	30	
𬵿	魚	31	
𬶀		10	
𬶁		10	
𬶂		11	
𬶃		11	
𬶄		11	
𬶅		12	
𬶆		12	
𬶇		12	
𬶈		12	
𬶉		12	
𬶊		13	
𬶋		13	
𬶌		13	
𬶍		13	
𬶎		13	
𬶏		14	
𬶐		14	
𬶑		14	
𬶒		15	
𬶓		14	
𬶔		15	
𬶕		15	
𬶖		16	
𬶗		15	
𬶘		16	
𬶙		16	
𬶚		16	
𬶛		16	
𬶜		16	
𬶝		16	
𬶞		17	
𬶟		17	
𬶠		17	
𬶡		17	
𬶢		17	
𬶣		18	
𬶤		17	
𬶥		17	
𬶦		17	
𬶧		17	
𬶨		17	
𬶩		18	
𬶪		17	
𬶫		19	
𬶬		19	
𬶭		19	
𬶮		20	
𬶯		19	
𬶰		20	
𬶱		20	
𬶲		20	
𬶳		20	
𬶴		20	
𬶵		21	
𬶶		21	
𬶷		22	
𬶸		23	
𬶹		24	
𬶺		25	
𬶻		29	
𬶼	鳥	13	
𬶽	鳥	14	
𬶾	鳥	14	
𬶿	鳥	14	
𬷀	鳥	15	
𬷁	鳥	15	
𬷂	鳥	15	
𬷃	鳥	15	
𬷄	鳥	15	
𬷅	鳥	16	
𬷆	鳥	16	
𬷇	鳥	16	
𬷈	鳥	16	
𬷉	鳥	16	
𬷊	鳥	16	
𬷋	鳥	16	
𬷌	鳥	16	
𬷍	鳥	17	
𬷎	鳥	17	
𬷏	鳥	17	
𬷐	鳥	17	
𬷑	鳥	17	
𬷒	鳥	17	
𬷓	鳥	18	
𬷔	鳥	18	
𬷕		12	
𬷖	鳥	18	
𬷗	鳥	18	
𬷘	鳥	18	
𬷙	鳥	18	
𬷚	鳥	18	
𬷛	鳥	18	
𬷜	鳥	19	
𬷝	鳥	19	
𬷞	鳥	19	
𬷟	鳥	19	
𬷠	鳥	19	
𬷡	鳥	19	
𬷢	鳥	20	
𬷣	鳥	20	
𬷤	鳥	20	
𬷥	鳥	20	
𬷦	鳥	20	
𬷧	鳥	20	
𬷨	鳥	21	
𬷩	鳥	21	
𬷪	鳥	21	
𬷫	鳥	20	
𬷬	鳥	21	
𬷭	鳥	21	
𬷮	鳥	22	
𬷯	鳥	22	
𬷰	鳥	22	
𬷱	鳥	23	
𬷲	鳥	23	
𬷳	鳥	23	
𬷴	鳥	24	
𬷵	鳥	24	
𬷶	鳥	24	
𬷷	鳥	25	
𬷸	鳥	26	
𬷹	鳥	26	
𬷺	鳥	31	
𬷻		6	
𬷼		7	
𬷽		7	
𬷾		8	
𬷿		9	
𬸀		9	
𬸁		9	
𬸂		10	
𬸃		10	
𬸄		10	
𬸅		10	
𬸆		10	
𬸇		10	
𬸈		11	
𬸉		11	
𬸊		11	
𬸋		11	
𬸌		11	
𬸍		12	
𬸎		12	
𬸏		12	
𬸐		12	
𬸑		12	
𬸒		13	
𬸓		13	
𬸔		13	
𬸕		13	
𬸖		13	
𬸗		13	
𬸘		14	
𬸙		14	
𬸚		14	
𬸛		14	
𬸜		14	
𬸝		14	
𬸞		14	
𬸟		14	
𬸠		15	
𬸡		15	
𬸢		15	
𬸣		15	
𬸤		16	
𬸥		16	
𬸦		16	
𬸧		16	
𬸨		17	
𬸩		17	
𬸪		17	
𬸫		17	
𬸬		18	
𬸭		17	
𬸮		17	
𬸯		18	
𬸰		21	
𬸱		23	
𬸲	鹵	15	
𬸳	鹵	18	
𬸴	鹵	24	
𬸵		12	
𬸶		15	
𬸷		16	
𬸸		16	
𬸹		19	
𬸺	鹿	12	
𬸻	鹿	15	
𬸼	鹿	16	
𬸽	鹿	17	
𬸾	鹿	17	
𬸿	鹿	19	
𬹀	鹿	20	
𬹁	鹿	22	
𬹂	麥	17	
𬹃	麥	19	
𬹄	麥	22	
𬹅		10	
𬹆		13	
𬹇		14	
𬹈		14	
𬹉		14	
𬹊		15	
𬹋		15	
𬹌		15	
𬹍		17	
𬹎		19	
𬹏	麻	18	
𬹐	黃	14	
𬹑	黃	18	
𬹒	黃	21	
𬹓	黃	22	
𬹔	黍	16	
𬹕	黑	18	
𬹖	黑	18	
𬹗	黑	19	
𬹘	黑	21	
𬹙	黑	22	
𬹚	黑	22	
𬹛	黑	26	
𬹜	黹	23	
𬹝	黽	15	
𬹞	黽	16	
𬹟	黽	18	
𬹠	黽	20	
𬹡	黽	20	
𬹢	黽	21	
𬹣		14	
𬹤		16	
𬹥	鼎	16	
𬹦	鼎	17	
𬹧	鼎	17	
𬹨	鼎	18	
𬹩	鼎	22	
𬹪	鼎	22	
𬹫	鼎	24	
𬹬	鼎	30	
𬹭	鼠	18	
𬹮	鼠	21	
𬹯	鼻	19	
𬹰	鼻	22	
𬹱	齊	14	
𬹲	齊	19	
𬹳		10	
𬹴		17	
𬹵	齒	21	
𬹶	齒	21	
𬹷	齒	21	
𬹸	齒	27	
𬹹	齒	30	
𬹺		12	
𬹻		12	
𬹼		12	
𬹽		12	
𬹾		13	
𬹿		13	
𬺀		13	
𬺁		14	
𬺂		14	
𬺃		14	
𬺄		14	
𬺅		14	
𬺆		15	
𬺇		15	
𬺈		16	
𬺉		16	
𬺊		16	
𬺋		16	
𬺌		16	
𬺍		17	
𬺎		18	
𬺏		18	
𬺐		18	
𬺑		18	
𬺒		19	
𬺓		21	
𬺔		21	
𬺕		22	
𬺖		25	
𬺗		13	
𬺘		13	
𬺙		17	
𬺚		18	
𬺛		8	
𬺜		9	
𬺝		16	
𬺞		10	
𬺟	龠	21	
𬺠	龠	25	
𬺡	龠	29	
𬺰	一	2	
𬺱	一	3	
𬺲	一	3	
𬺳	一	3	
𬺴	一	3	
𬺵	一	4	
𬺶	一	4	
𬺷	一	4	
𬺸	一	4	
𬺹	一	4	
𬺺	一	5	
𬺻	一	5	
𬺼	一	5	
𬺽	一	5	
𬺾	一	5	
𬺿	一	6	
𬻀	一	6	
𬻁	一	6	
𬻂	一	5	
𬻃	一	6	
𬻄	一	6	
𬻅	一	6	
𬻆	一	6	
𬻇	一	6	
𬻈	一	6	
𬻉	一	6	
𬻊	一	7	
𬻋	一	7	
𬻌	一	7	
𬻍	一	7	
𬻎	一	7	
𬻏	一	7	
𬻐	一	7	
𬻑	一	7	
𬻒	一	7	
𬻓	一	8	
𬻔	一	8	
𬻕	一	8	
𬻖	一	8	
𬻗	一	8	
𬻘	一	8	
𬻙	一	9	
𬻚	一	9	
𬻛	一	9	
𬻜	一	9	
𬻝	一	9	
𬻞	一	10	
𬻟	一	10	
𬻠	一	10	
𬻡	一	11	
𬻢	一	11	
𬻣	一	11	
𬻤	一	11	
𬻥	一	11	
𬻦	一	12	
𬻧	一	12	
𬻨	一	12	
𬻩	一	13	
𬻪	一	13	
𬻫	一	13	
𬻬	一	13	
𬻭	一	12	
𬻮	一	13	
𬻯	一	14	
𬻰	一	15	
𬻱	一	22	
𬻲	丨	5	
𬻳	丨	6	
𬻴	丨	9	
𬻵	丨	10	
𬻶	丨	10	
𬻷	丨	10	
𬻸	丨	12	
𬻹	丨	13	
𬻺	丶	3	
𬻻	丶	6	
𬻼	丶	9	
𬻽	丶	11	
𬻾	丶	14	
𬻿	丿	2	
𬼀	丿	2	
𬼁	丿	2	
𬼂	丿	1	
𬼃	丿	3	
𬼄	丿	3	
𬼅	丿	4	
𬼆	丿	4	
𬼇	丿	5	
𬼈	丿	5	
𬼉	丿	6	
𬼊	丿	7	
𬼋	丿	8	
𬼌	丿	10	
𬼍	丿	10	
𬼎	丿	10	
𬼏	丿	10	
𬼐	丿	11	
𬼑	丿	14	
𬼒	丿	15	
𬼓	丿	16	
𬼔	丿	16	
𬼕	丿	22	
𬼖	乙	3	
𬼗	乙	3	
𬼘	乙	4	
𬼙	乙	4	
𬼚	乙	5	
𬼛	乙	4	
𬼜	乙	5	
𬼝	乙	6	
𬼞	乙	6	
𬼟	乙	6	
𬼠	乙	6	
𬼡	乙	6	
𬼢	乙	6	
𬼣	乙	7	
𬼤	乙	7	
𬼥	乙	8	
𬼦	乙	8	
𬼧	乙	8	
𬼨	乙	9	
𬼩	乙	9	
𬼪	乙	9	
𬼫	乙	9	
𬼬	乙	10	
𬼭	乙	10	
𬼮	乙	11	
𬼯	乙	11	
𬼰	乙	11	
𬼱	乙	11	
𬼲	乙	12	
𬼳	乙	12	
𬼴	乙	12	
𬼵	乙	13	
𬼶	亅	3	
𬼷	亅	3	
𬼸	亅	3	
𬼹	亅	6	
𬼺	亅	8	
𬼻	亅	13	
𬼼	亅	19	
𬼽	二	3	
𬼾	二	8	
𬼿	二	9	
𬽀	二	9	
𬽁	二	10	
𬽂	二	12	
𬽃	亠	5	
𬽄	亠	6	
𬽅	亠	7	
𬽆	亠	7	
𬽇	亠	7	
𬽈	亠	8	
𬽉	亠	8	
𬽊	亠	9	
𬽋	亠	9	
𬽌	亠	9	
𬽍	亠	9	
𬽎	亠	11	
𬽏	亠	11	
𬽐	亠	11	
𬽑	亠	10	
𬽒	亠	12	
𬽓	亠	12	
𬽔	亠	12	
𬽕	亠	13	
𬽖	亠	13	
𬽗	亠	13	
𬽘	亠	13	
𬽙	亠	15	
𬽚	亠	15	
𬽛	亠	16	
𬽜	亠	16	
𬽝	亠	17	
𬽞	亠	16	
𬽟	亠	21	
𬽠	亠	23	
𬽡	人	4	
𬽢	人	4	
𬽣	人	5	
𬽤	人	5	
𬽥	人	5	
𬽦	人	5	
𬽧	人	5	
𬽨	人	5	
𬽩	人	6	
𬽪	人	6	
𬽫	人	6	
𬽬	人	6	
𬽭	人	6	
𬽮	人	7	
𬽯	人	7	
𬽰	人	7	
𬽱	人	7	
𬽲	人	7	
𬽳	人	7	
𬽴	人	7	
𬽵	人	7	
𬽶	人	7	
𬽷	人	7	
𬽸	人	7	
𬽹	人	7	
𬽺	人	7	
𬽻	人	8	
𬽼	人	8	
𬽽	人	8	
𬽾	人	8	
𬽿	人	8	
𬾀	人	8	
𬾁	人	7	
𬾂	人	8	
𬾃	人	8	
𬾄	人	8	
𬾅	人	9	
𬾆	人	9	
𬾇	人	9	
𬾈	人	9	
𬾉	人	9	
𬾊	人	9	
𬾋	人	9	
𬾌	人	9	
𬾍	人	9	
𬾎	人	9	
𬾏	人	9	
𬾐	人	9	
𬾑	人	9	
𬾒	人	9	
𬾓	人	9	
𬾔	人	9	
𬾕	人	9	
𬾖	人	9	
𬾗	人	9	
𬾘	人	9	
𬾙	人	9	
𬾚	人	10	
𬾛	人	10	
𬾜	人	9	
𬾝	人	10	
𬾞	人	9	
𬾟	人	10	
𬾠	人	10	
𬾡	人	10	
𬾢	人	10	
𬾣	人	10	
𬾤	人	10	
𬾥	人	10	
𬾦	人	10	
𬾧	人	10	
𬾨	人	10	
𬾩	人	10	
𬾪	人	11	
𬾫	人	11	
𬾬	人	10	
𬾭	人	11	
𬾮	人	11	
𬾯	人	10	
𬾰	人	11	
𬾱	人	11	
𬾲	人	11	
𬾳	人	11	
𬾴	人	11	
𬾵	人	11	
𬾶	人	11	
𬾷	人	11	
𬾸	人	11	
𬾹	人	11	
𬾺	人	11	
𬾻	人	11	
𬾼	人	11	
𬾽	人	12	
𬾾	人	12	
𬾿	人	12	
𬿀	人	11	
𬿁	人	11	
𬿂	人	12	
𬿃	人	12	
𬿄	人	12	
𬿅	人	12	
𬿆	人	12	
𬿇	人	12	
𬿈	人	12	
𬿉	人	11	
𬿊	人	12	
𬿋	人	12	
𬿌	人	12	
𬿍	人	12	
𬿎	人	12	
𬿏	人	12	
𬿐	人	13	
𬿑	人	13	
𬿒	人	13	
𬿓	人	13	
𬿔	人	13	
𬿕	人	13	
𬿖	人	13	
𬿗	人	13	
𬿘	人	13	
𬿙	人	13	
𬿚	人	13	
𬿛	人	13	
𬿜	人	13	
𬿝	人	13	
𬿞	人	13	
𬿟	人	13	
𬿠	人	12	
𬿡	人	14	
𬿢	人	14	
𬿣	人	14	
𬿤	人	14	
𬿥	人	14	
𬿦	人	14	
𬿧	人	14	
𬿨	人	14	
𬿩	人	14	
𬿪	人	14	
𬿫	人	13	
𬿬	人	14	
𬿭	人	14	
𬿮	人	13	
𬿯	人	15	
𬿰	人	15	
𬿱	人	15	
𬿲	人	15	
𬿳	人	15	
𬿴	人	15	
𬿵	人	15	
𬿶	人	15	
𬿷	人	15	
𬿸	人	15	
𬿹	人	15	
𬿺	人	16	
𬿻	人	16	
𬿼	人	16	
𬿽	人	16	
𬿾	人	15	
𬿿	人	16	
𭀀	人	16	
𭀁	人	17	
𭀂	人	17	
𭀃	人	16	
𭀄	人	17	
𭀅	人	17	
𭀆	人	18	
𭀇	人	18	
𭀈	人	18	
𭀉	人	18	
𭀊	人	18	
𭀋	人	18	
𭀌	人	17	
𭀍	人	19	
𭀎	人	19	
𭀏	人	19	
𭀐	人	19	
𭀑	人	19	
𭀒	人	22	
𭀓	人	23	
𭀔	人	23	
𭀕	人	24	
𭀖	儿	4	
𭀗	儿	4	
𭀘	儿	4	
𭀙	儿	5	
𭀚	儿	5	
𭀛	儿	5	
𭀜	儿	5	
𭀝	儿	5	
𭀞	儿	7	
𭀟	儿	7	
𭀠	儿	7	
𭀡	儿	8	
𭀢	儿	8	
𭀣	儿	8	
𭀤	儿	10	
𭀥	儿	9	
𭀦	儿	10	
𭀧	儿	10	
𭀨	儿	11	
𭀩	儿	12	
𭀪	儿	12	
𭀫	儿	12	
𭀬	儿	12	
𭀭	儿	12	
𭀮	儿	13	
𭀯	儿	13	
𭀰	儿	14	
𭀱	儿	14	
𭀲	儿	14	
𭀳	儿	14	
𭀴	儿	15	
𭀵	儿	16	
𭀶	儿	16	
𭀷	儿	17	
𭀸	儿	17	
𭀹	儿	18	
𭀺	儿	18	
𭀻	入	5	
𭀼	入	7	
𭀽	入	7	
𭀾	入	7	
𭀿	入	8	
𭁀	入	9	
𭁁	入	16	
𭁂	入	17	
𭁃	入	28	
𭁄	八	5	
𭁅	八	6	
𭁆	八	6	
𭁇	八	7	
𭁈	八	8	
𭁉	八	8	
𭁊	八	8	
𭁋	八	8	
𭁌	八	9	
𭁍	八	9	
𭁎	八	9	
𭁏	八	9	
𭁐	八	10	
𭁑	八	11	
𭁒	八	11	
𭁓	八	11	
𭁔	八	12	
𭁕	八	12	
𭁖	八	12	
𭁗	八	13	
𭁘	八	13	
𭁙	八	14	
𭁚	八	15	
𭁛	八	14	
𭁜	八	15	
𭁝	八	19	
𭁞	八	20	
𭁟	冂	4	
𭁠	冂	5	
𭁡	冂	6	
𭁢	冂	7	
𭁣	冂	8	
𭁤	冂	8	
𭁥	冂	8	
𭁦	冂	8	
𭁧	冂	8	
𭁨	冂	8	
𭁩	冂	7	
𭁪	冂	9	
𭁫	冂	9	
𭁬	冂	10	
𭁭	冂	10	
𭁮	冂	10	
𭁯	冂	10	
𭁰	冂	12	
𭁱	冂	12	
𭁲	冂	19	
𭁳	冖	5	
𭁴	冖	8	
𭁵	冖	10	
𭁶	冖	10	
𭁷	冖	10	
𭁸	冖	10	
𭁹	冖	10	
𭁺	冖	9	
𭁻	冖	10	
𭁼	冖	11	
𭁽	冖	11	
𭁾	冖	11	
𭁿	冖	10	
𭂀	冖	12	
𭂁	冖	13	
𭂂	冖	14	
𭂃	冖	15	
𭂄	冖	14	
𭂅	冖	15	
𭂆	冫	4	
𭂇	冫	4	
𭂈	冫	5	
𭂉	冫	7	
𭂊	冫	7	
𭂋	冫	8	
𭂌	冫	8	
𭂍	冫	8	
𭂎	冫	8	
𭂏	冫	9	
𭂐	冫	9	
𭂑	冫	10	
𭂒	冫	10	
𭂓	冫	10	
𭂔	冫	10	
𭂕	冫	10	
𭂖	冫	11	
𭂗	冫	11	
𭂘	冫	11	
𭂙	冫	12	
𭂚	冫	12	
𭂛	冫	12	
𭂜	冫	13	
𭂝	冫	13	
𭂞	冫	13	
𭂟	冫	14	
𭂠	冫	14	
𭂡	冫	14	
𭂢	冫	15	
𭂣	冫	15	
𭂤	冫	15	
𭂥	冫	15	
𭂦	冫	17	
𭂧	冫	18	
𭂨	冫	18	
𭂩	几	4	
𭂪	几	4	
𭂫	几	4	
𭂬	几	4	
𭂭	几	6	
𭂮	几	6	
𭂯	几	6	
𭂰	几	7	
𭂱	几	8	
𭂲	几	8	
𭂳	几	9	
𭂴	几	9	
𭂵	几	11	
𭂶	几	11	
𭂷	几	12	
𭂸	几	13	
𭂹	几	13	
𭂺	几	16	
𭂻	凵	7	
𭂼	凵	10	
𭂽	凵	11	
𭂾	凵	12	
𭂿	凵	14	
𭃀	凵	15	
𭃁	凵	17	
𭃂	刀	4	
𭃃	刀	4	
𭃄	刀	4	
𭃅	刀	5	
𭃆	刀	5	
𭃇	刀	5	
𭃈	刀	6	
𭃉	刀	6	
𭃊	刀	6	
𭃋	刀	6	
𭃌	刀	6	
𭃍	刀	7	
𭃎	刀	7	
𭃏	刀	7	
𭃐	刀	7	
𭃑	刀	7	
𭃒	刀	7	
𭃓	刀	7	
𭃔	刀	7	
𭃕	刀	8	
𭃖	刀	8	
𭃗	刀	8	
𭃘	刀	8	
𭃙	刀	8	
𭃚	刀	8	
𭃛	刀	8	
𭃜	刀	8	
𭃝	刀	8	
𭃞	刀	8	
𭃟	刀	8	
𭃠	刀	8	
𭃡	刀	7	
𭃢	刀	8	
𭃣	刀	9	
𭃤	刀	9	
𭃥	刀	10	
𭃦	刀	9	
𭃧	刀	9	
𭃨	刀	8	
𭃩	刀	10	
𭃪	刀	9	
𭃫	刀	10	
𭃬	刀	10	
𭃭	刀	10	
𭃮	刀	10	
𭃯	刀	10	
𭃰	刀	11	
𭃱	刀	10	
𭃲	刀	10	
𭃳	刀	10	
𭃴	刀	11	
𭃵	刀	10	
𭃶	刀	11	
𭃷	刀	11	
𭃸	刀	11	
𭃹	刀	11	
𭃺	刀	11	
𭃻	刀	11	
𭃼	刀	11	
𭃽	刀	11	
𭃾	刀	10	
𭃿	刀	12	
𭄀	刀	12	
𭄁	刀	12	
𭄂	刀	12	
𭄃	刀	12	
𭄄	刀	12	
𭄅	刀	12	
𭄆	刀	13	
𭄇	刀	13	
𭄈	刀	13	
𭄉	刀	13	
𭄊	刀	13	
𭄋	刀	13	
𭄌	刀	13	
𭄍	刀	13	
𭄎	刀	13	
𭄏	刀	13	
𭄐	刀	13	
𭄑	刀	14	
𭄒	刀	15	
𭄓	刀	16	
𭄔	刀	16	
𭄕	刀	16	
𭄖	刀	16	
𭄗	刀	16	
𭄘	刀	17	
𭄙	刀	17	
𭄚	刀	17	
𭄛	刀	18	
𭄜	刀	19	
𭄝	刀	23	
𭄞	力	4	
𭄟	力	5	
𭄠	力	5	
𭄡	力	8	
𭄢	力	8	
𭄣	力	8	
𭄤	力	8	
𭄥	力	8	
𭄦	力	8	
𭄧	力	9	
𭄨	力	9	
𭄩	力	9	
𭄪	力	9	
𭄫	力	9	
𭄬	力	10	
𭄭	力	10	
𭄮	力	10	
𭄯	力	10	
𭄰	力	10	
𭄱	力	10	
𭄲	力	10	
𭄳	力	10	
𭄴	力	11	
𭄵	力	11	
𭄶	力	11	
𭄷	力	12	
𭄸	力	12	
𭄹	力	12	
𭄺	力	13	
𭄻	力	13	
𭄼	力	13	
𭄽	力	13	
𭄾	力	13	
𭄿	力	14	
𭅀	力	14	
𭅁	力	14	
𭅂	力	13	
𭅃	力	14	
𭅄	勹	4	
𭅅	勹	5	
𭅆	勹	6	
𭅇	勹	7	
𭅈	勹	7	
𭅉	勹	8	
𭅊	勹	8	
𭅋	勹	9	
𭅌	勹	11	
𭅍	勹	12	
𭅎	勹	13	
𭅏	勹	13	
𭅐	匕	6	
𭅑	匕	8	
𭅒	匕	8	
𭅓	匕	10	
𭅔	匚	4	
𭅕	匚	5	
𭅖	匚	6	
𭅗	匚	7	
𭅘	匚	7	
𭅙	匚	8	
𭅚	匚	8	
𭅛	匚	10	
𭅜	匚	11	
𭅝	匚	11	
𭅞	匚	13	
𭅟	匸	9	
𭅠	十	4	
𭅡	十	9	
𭅢	十	9	
𭅣	十	10	
𭅤	十	11	
𭅥	十	12	
𭅦	十	12	
𭅧	十	13	
𭅨	十	15	
𭅩	十	15	
𭅪	十	16	
𭅫	十	16	
𭅬	十	18	
𭅭	十	20	
𭅮	十	25	
𭅯	卜	6	
𭅰	卜	6	
𭅱	卜	11	
𭅲	卩	3	
𭅳	卩	4	
𭅴	卩	4	
𭅵	卩	6	
𭅶	卩	8	
𭅷	卩	8	
𭅸	卩	8	
𭅹	卩	8	
𭅺	卩	8	
𭅻	卩	10	
𭅼	卩	10	
𭅽	卩	13	
𭅾	卩	13	
𭅿	卩	15	
𭆀	厂	5	
𭆁	厂	6	
𭆂	厂	7	
𭆃	厂	7	
𭆄	厂	8	
𭆅	厂	9	
𭆆	厂	10	
𭆇	厂	10	
𭆈	厂	10	
𭆉	厂	11	
𭆊	厂	11	
𭆋	厂	10	
𭆌	厂	11	
𭆍	厂	11	
𭆎	厂	12	
𭆏	厂	12	
𭆐	厂	12	
𭆑	厂	13	
𭆒	厂	13	
𭆓	厂	14	
𭆔	厂	14	
𭆕	厂	14	
𭆖	厂	15	
𭆗	厂	16	
𭆘	厂	25	
𭆙	厶	6	
𭆚	厶	6	
𭆛	厶	9	
𭆜	厶	9	
𭆝	厶	9	
𭆞	厶	10	
𭆟	厶	10	
𭆠	厶	10	
𭆡	厶	10	
𭆢	厶	10	
𭆣	厶	11	
𭆤	厶	13	
𭆥	又	3	
𭆦	又	5	
𭆧	又	6	
𭆨	又	6	
𭆩	又	8	
𭆪	又	8	
𭆫	又	8	
𭆬	又	9	
𭆭	又	9	
𭆮	又	9	
𭆯	又	10	
𭆰	又	10	
𭆱	又	10	
𭆲	又	11	
𭆳	又	12	
𭆴	又	12	
𭆵	又	14	
𭆶	又	14	
𭆷	又	15	
𭆸	口	5	
𭆹	口	5	
𭆺	口	6	
𭆻	口	6	
𭆼	口	6	
𭆽	口	6	
𭆾	口	6	
𭆿	口	6	
𭇀	口	6	
𭇁	口	6	
𭇂	口	6	
𭇃	口	7	
𭇄	口	7	
𭇅	口	7	
𭇆	口	7	
𭇇	口	7	
𭇈	口	7	
𭇉	口	7	
𭇊	口	7	
𭇋	口	7	
𭇌	口	7	
𭇍	口	7	
𭇎	口	8	
𭇏	口	8	
𭇐	口	8	
𭇑	口	8	
𭇒	口	8	
𭇓	口	8	
𭇔	口	8	
𭇕	口	8	
𭇖	口	8	
𭇗	口	8	
𭇘	口	8	
𭇙	口	8	
𭇚	口	8	
𭇛	口	8	
𭇜	口	8	
𭇝	口	8	
𭇞	口	9	
𭇟	口	9	
𭇠	口	9	
𭇡	口	9	
𭇢	口	9	
𭇣	口	9	
𭇤	口	9	
𭇥	口	9	
𭇦	口	9	
𭇧	口	9	
𭇨	口	9	
𭇩	口	9	
𭇪	口	9	
𭇫	口	9	
𭇬	口	9	
𭇭	口	9	
𭇮	口	9	
𭇯	口	9	
𭇰	口	9	
𭇱	口	9	
𭇲	口	9	
𭇳	口	9	
𭇴	口	9	
𭇵	口	10	
𭇶	口	10	
𭇷	口	10	
𭇸	口	10	
𭇹	口	10	
𭇺	口	10	
𭇻	口	9	
𭇼	口	9	
𭇽	口	10	
𭇾	口	10	
𭇿	口	10	
𭈀	口	10	
𭈁	口	10	
𭈂	口	10	
𭈃	口	10	
𭈄	口	10	
𭈅	口	10	
𭈆	口	10	
𭈇	口	10	
𭈈	口	10	
𭈉	口	10	
𭈊	口	10	
𭈋	口	10	
𭈌	口	11	
𭈍	口	11	
𭈎	口	10	
𭈏	口	10	
𭈐	口	11	
𭈑	口	11	
𭈒	口	11	
𭈓	口	11	
𭈔	口	11	
𭈕	口	11	
𭈖	口	11	
𭈗	口	11	
𭈘	口	11	
𭈙	口	11	
𭈚	口	11	
𭈛	口	11	
𭈜	口	11	
𭈝	口	11	
𭈞	口	11	
𭈟	口	11	
𭈠	口	10	
𭈡	口	11	
𭈢	口	10	
𭈣	口	11	
𭈤	口	11	
𭈥	口	11	
𭈦	口	11	
𭈧	口	11	
𭈨	口	11	
𭈩	口	11	
𭈪	口	11	
𭈫	口	11	
𭈬	口	11	
𭈭	口	11	
𭈮	口	10	
𭈯	口	12	
𭈰	口	14	
𭈱	口	12	
𭈲	口	12	
𭈳	口	12	
𭈴	口	12	
𭈵	口	12	
𭈶	口	12	
𭈷	口	12	
𭈸	口	12	
𭈹	口	12	
𭈺	口	11	
𭈻	口	12	
𭈼	口	12	
𭈽	口	12	
𭈾	口	12	
𭈿	口	12	
𭉀	口	12	
𭉁	口	12	
𭉂	口	12	
𭉃	口	12	
𭉄	口	12	
𭉅	口	12	
𭉆	口	12	
𭉇	口	12	
𭉈	口	12	
𭉉	口	12	
𭉊	口	12	
𭉋	口	13	
𭉌	口	11	
𭉍	口	12	
𭉎	口	12	
𭉏	口	12	
𭉐	口	12	
𭉑	口	12	
𭉒	口	12	
𭉓	口	12	
𭉔	口	12	
𭉕	口	12	
𭉖	口	12	
𭉗	口	12	
𭉘	口	12	
𭉙	口	12	
𭉚	口	13	
𭉛	口	13	
𭉜	口	13	
𭉝	口	13	
𭉞	口	13	
𭉟	口	13	
𭉠	口	13	
𭉡	口	12	
𭉢	口	13	
𭉣	口	13	
𭉤	口	13	
𭉥	口	12	
𭉦	口	13	
𭉧	口	13	
𭉨	口	13	
𭉩	口	13	
𭉪	口	13	
𭉫	口	12	
𭉬	口	13	
𭉭	口	13	
𭉮	口	13	
𭉯	口	13	
𭉰	口	13	
𭉱	口	13	
𭉲	口	13	
𭉳	口	13	
𭉴	口	13	
𭉵	口	13	
𭉶	口	13	
𭉷	口	12	
𭉸	口	12	
𭉹	口	13	
𭉺	口	13	
𭉻	口	13	
𭉼	口	13	
𭉽	口	13	
𭉾	口	14	
𭉿	口	14	
𭊀	口	14	
𭊁	口	14	
𭊂	口	14	
𭊃	口	14	
𭊄	口	14	
𭊅	口	13	
𭊆	口	14	
𭊇	口	14	
𭊈	口	14	
𭊉	口	14	
𭊊	口	13	
𭊋	口	13	
𭊌	口	14	
𭊍	口	14	
𭊎	口	14	
𭊏	口	14	
𭊐	口	14	
𭊑	口	14	
𭊒	口	14	
𭊓	口	14	
𭊔	口	14	
𭊕	口	14	
𭊖	口	14	
𭊗	口	14	
𭊘	口	14	
𭊙	口	14	
𭊚	口	14	
𭊛	口	14	
𭊜	口	14	
𭊝	口	14	
𭊞	口	14	
𭊟	口	14	
𭊠	口	14	
𭊡	口	14	
𭊢	口	15	
𭊣	口	15	
𭊤	口	15	
𭊥	口	15	
𭊦	口	15	
𭊧	口	15	
𭊨	口	15	
𭊩	口	15	
𭊪	口	15	
𭊫	口	15	
𭊬	口	14	
𭊭	口	14	
𭊮	口	14	
𭊯	口	15	
𭊰	口	15	
𭊱	口	15	
𭊲	口	15	
𭊳	口	15	
𭊴	口	15	
𭊵	口	15	
𭊶	口	15	
𭊷	口	14	
𭊸	口	15	
𭊹	口	14	
𭊺	口	14	
𭊻	口	15	
𭊼	口	16	
𭊽	口	15	
𭊾	口	15	
𭊿	口	15	
𭋀	口	15	
𭋁	口	15	
𭋂	口	16	
𭋃	口	16	
𭋄	口	16	
𭋅	口	16	
𭋆	口	15	
𭋇	口	15	
𭋈	口	16	
𭋉	口	16	
𭋊	口	16	
𭋋	口	16	
𭋌	口	16	
𭋍	口	16	
𭋎	口	16	
𭋏	口	16	
𭋐	口	15	
𭋑	口	15	
𭋒	口	16	
𭋓	口	16	
𭋔	口	16	
𭋕	口	16	
𭋖	口	16	
𭋗	口	15	
𭋘	口	16	
𭋙	口	15	
𭋚	口	16	
𭋛	口	16	
𭋜	口	16	
𭋝	口	18	
𭋞	口	17	
𭋟	口	17	
𭋠	口	17	
𭋡	口	16	
𭋢	口	17	
𭋣	口	17	
𭋤	口	17	
𭋥	口	16	
𭋦	口	16	
𭋧	口	17	
𭋨	口	17	
𭋩	口	17	
𭋪	口	17	
𭋫	口	16	
𭋬	口	17	
𭋭	口	17	
𭋮	口	17	
𭋯	口	17	
𭋰	口	17	
𭋱	口	18	
𭋲	口	18	
𭋳	口	18	
𭋴	口	18	
𭋵	口	18	
𭋶	口	18	
𭋷	口	18	
𭋸	口	18	
𭋹	口	18	
𭋺	口	18	
𭋻	口	18	
𭋼	口	17	
𭋽	口	17	
𭋾	口	18	
𭋿	口	18	
𭌀	口	18	
𭌁	口	18	
𭌂	口	18	
𭌃	口	18	
𭌄	口	18	
𭌅	口	18	
𭌆	口	18	
𭌇	口	18	
𭌈	口	18	
𭌉	口	18	
𭌊	口	19	
𭌋	口	19	
𭌌	口	19	
𭌍	口	19	
𭌎	口	18	
𭌏	口	19	
𭌐	口	18	
𭌑	口	19	
𭌒	口	19	
𭌓	口	19	
𭌔	口	19	
𭌕	口	18	
𭌖	口	18	
𭌗	口	19	
𭌘	口	19	
𭌙	口	18	
𭌚	口	19	
𭌛	口	19	
𭌜	口	19	
𭌝	口	19	
𭌞	口	19	
𭌟	口	19	
𭌠	口	19	
𭌡	口	19	
𭌢	口	20	
𭌣	口	20	
𭌤	口	20	
𭌥	口	20	
𭌦	口	20	
𭌧	口	19	
𭌨	口	20	
𭌩	口	20	
𭌪	口	20	
𭌫	口	19	
𭌬	口	20	
𭌭	口	20	
𭌮	口	20	
𭌯	口	20	
𭌰	口	21	
𭌱	口	21	
𭌲	口	21	
𭌳	口	21	
𭌴	口	21	
𭌵	口	21	
𭌶	口	21	
𭌷	口	22	
𭌸	口	21	
𭌹	口	21	
𭌺	口	23	
𭌻	口	22	
𭌼	口	22	
𭌽	口	22	
𭌾	口	22	
𭌿	口	23	
𭍀	口	23	
𭍁	口	23	
𭍂	口	23	
𭍃	口	23	
𭍄	口	23	
𭍅	口	23	
𭍆	口	24	
𭍇	口	24	
𭍈	口	24	
𭍉	口	24	
𭍊	口	24	
𭍋	口	24	
𭍌	口	25	
𭍍	口	24	
𭍎	口	25	
𭍏	口	25	
𭍐	口	26	
𭍑	口	25	
𭍒	口	26	
𭍓	口	27	
𭍔	口	27	
𭍕	口	28	
𭍖	口	28	
𭍗	口	27	
𭍘	口	30	
𭍙	口	35	
𭍚	囗	5	
𭍛	囗	7	
𭍜	囗	7	
𭍝	囗	8	
𭍞	囗	9	
𭍟	囗	9	
𭍠	囗	10	
𭍡	囗	10	
𭍢	囗	10	
𭍣	囗	10	
𭍤	囗	10	
𭍥	囗	11	
𭍦	囗	10	
𭍧	囗	11	
𭍨	囗	11	
𭍩	囗	12	
𭍪	囗	12	
𭍫	囗	13	
𭍬	囗	14	
𭍭	囗	14	
𭍮	囗	14	
𭍯	囗	14	
𭍰	囗	14	
𭍱	囗	15	
𭍲	囗	15	
𭍳	囗	15	
𭍴	囗	16	
𭍵	囗	17	
𭍶	囗	18	
𭍷	囗	19	
𭍸	囗	20	
𭍹	囗	27	
𭍺	土	5	
𭍻	土	6	
𭍼	土	6	
𭍽	土	6	
𭍾	土	7	
𭍿	土	7	
𭎀	土	7	
𭎁	土	7	
𭎂	土	7	
𭎃	土	7	
𭎄	土	7	
𭎅	土	8	
𭎆	土	8	
𭎇	土	8	
𭎈	土	8	
𭎉	土	8	
𭎊	土	8	
𭎋	土	8	
𭎌	土	8	
𭎍	土	8	
𭎎	土	8	
𭎏	土	9	
𭎐	土	9	
𭎑	土	9	
𭎒	土	9	
𭎓	土	9	
𭎔	土	9	
𭎕	土	9	
𭎖	土	9	
𭎗	土	9	
𭎘	土	9	
𭎙	土	9	
𭎚	土	9	
𭎛	土	9	
𭎜	土	10	
𭎝	土	10	
𭎞	土	10	
𭎟	土	10	
𭎠	土	10	
𭎡	土	10	
𭎢	土	10	
𭎣	土	10	
𭎤	土	10	
𭎥	土	10	
𭎦	土	10	
𭎧	土	10	
𭎨	土	10	
𭎩	土	11	
𭎪	土	11	
𭎫	土	11	
𭎬	土	11	
𭎭	土	11	
𭎮	土	11	
𭎯	土	11	
𭎰	土	11	
𭎱	土	10	
𭎲	土	11	
𭎳	土	11	
𭎴	土	11	
𭎵	土	11	
𭎶	土	12	
𭎷	土	12	
𭎸	土	12	
𭎹	土	12	
𭎺	土	12	
𭎻	土	12	
𭎼	土	12	
𭎽	土	12	
𭎾	土	12	
𭎿	土	12	
𭏀	土	12	
𭏁	土	12	
𭏂	土	12	
𭏃	土	12	
𭏄	土	12	
𭏅	土	12	
𭏆	土	12	
𭏇	土	12	
𭏈	土	12	
𭏉	土	12	
𭏊	土	12	
𭏋	土	12	
𭏌	土	13	
𭏍	土	13	
𭏎	土	13	
𭏏	土	13	
𭏐	土	13	
𭏑	土	13	
𭏒	土	13	
𭏓	土	13	
𭏔	土	13	
𭏕	土	13	
𭏖	土	12	
𭏗	土	13	
𭏘	土	12	
𭏙	土	13	
𭏚	土	13	
𭏛	土	13	
𭏜	土	13	
𭏝	土	14	
𭏞	土	14	
𭏟	土	14	
𭏠	土	14	
𭏡	土	14	
𭏢	土	14	
𭏣	土	14	
𭏤	土	13	
𭏥	土	14	
𭏦	土	14	
𭏧	土	14	
𭏨	土	14	
𭏩	土	14	
𭏪	土	15	
𭏫	土	14	
𭏬	土	15	
𭏭	土	15	
𭏮	土	15	
𭏯	土	15	
𭏰	土	15	
𭏱	土	15	
𭏲	土	15	
𭏳	土	15	
𭏴	土	14	
𭏵	土	15	
𭏶	土	15	
𭏷	土	16	
𭏸	土	15	
𭏹	土	16	
𭏺	土	16	
𭏻	土	16	
𭏼	土	16	
𭏽	土	17	
𭏾	土	17	
𭏿	土	17	
𭐀	土	17	
𭐁	土	18	
𭐂	土	18	
𭐃	土	18	
𭐄	土	18	
𭐅	土	17	
𭐆	土	19	
𭐇	土	19	
𭐈	土	20	
𭐉	土	19	
𭐊	土	19	
𭐋	土	20	
𭐌	土	20	
𭐍	土	21	
𭐎	土	23	
𭐏	土	22	
𭐐	土	24	
𭐑	土	26	
𭐒	士	8	
𭐓	士	10	
𭐔	士	12	
𭐕	士	12	
𭐖	士	13	
𭐗	士	14	
𭐘	士	15	
𭐙	士	17	
𭐚	士	19	
𭐛	士	21	
𭐜	士	24	
𭐝	夂	5	
𭐞	夂	10	
𭐟	夊	5	
𭐠	夊	8	
𭐡	夊	8	
𭐢	夊	9	
𭐣	夊	9	
𭐤	夊	9	
𭐥	夊	10	
𭐦	夊	10	
𭐧	夊	11	
𭐨	夊	13	
𭐩	夊	13	
𭐪	夊	14	
𭐫	夊	14	
𭐬	夊	15	
𭐭	夊	16	
𭐮	夊	16	
𭐯	夊	17	
𭐰	夊	18	
𭐱	夊	19	
𭐲	夊	22	
𭐳	夕	6	
𭐴	夕	6	
𭐵	夕	7	
𭐶	夕	8	
𭐷	夕	11	
𭐸	夕	11	
𭐹	夕	12	
𭐺	夕	12	
𭐻	夕	12	
𭐼	夕	14	
𭐽	夕	14	
𭐾	夕	15	
𭐿	夕	15	
𭑀	夕	17	
𭑁	夕	18	
𭑂	大	5	
𭑃	大	6	
𭑄	大	7	
𭑅	大	7	
𭑆	大	8	
𭑇	大	8	
𭑈	大	8	
𭑉	大	8	
𭑊	大	8	
𭑋	大	8	
𭑌	大	8	
𭑍	大	9	
𭑎	大	9	
𭑏	大	10	
𭑐	大	10	
𭑑	大	10	
𭑒	大	10	
𭑓	大	11	
𭑔	大	11	
𭑕	大	11	
𭑖	大	11	
𭑗	大	12	
𭑘	大	12	
𭑙	大	12	
𭑚	大	12	
𭑛	大	12	
𭑜	大	13	
𭑝	大	13	
𭑞	大	13	
𭑟	大	13	
𭑠	大	14	
𭑡	大	16	
𭑢	大	15	
𭑣	大	16	
𭑤	大	16	
𭑥	大	17	
𭑦	大	19	
𭑧	女	5	
𭑨	女	5	
𭑩	女	5	
𭑪	女	5	
𭑫	女	5	
𭑬	女	6	
𭑭	女	6	
𭑮	女	6	
𭑯	女	7	
𭑰	女	8	
𭑱	女	8	
𭑲	女	8	
𭑳	女	8	
𭑴	女	8	
𭑵	女	8	
𭑶	女	9	
𭑷	女	9	
𭑸	女	9	
𭑹	女	9	
𭑺	女	10	
𭑻	女	10	
𭑼	女	10	
𭑽	女	10	
𭑾	女	10	
𭑿	女	10	
𭒀	女	11	
𭒁	女	11	
𭒂	女	11	
𭒃	女	11	
𭒄	女	11	
𭒅	女	12	
𭒆	女	12	
𭒇	女	12	
𭒈	女	12	
𭒉	女	12	
𭒊	女	12	
𭒋	女	12	
𭒌	女	12	
𭒍	女	13	
𭒎	女	13	
𭒏	女	13	
𭒐	女	12	
𭒑	女	13	
𭒒	女	14	
𭒓	女	14	
𭒔	女	13	
𭒕	女	14	
𭒖	女	14	
𭒗	女	14	
𭒘	女	14	
𭒙	女	14	
𭒚	女	14	
𭒛	女	14	
𭒜	女	14	
𭒝	女	14	
𭒞	女	15	
𭒟	女	15	
𭒠	女	15	
𭒡	女	15	
𭒢	女	16	
𭒣	女	15	
𭒤	女	16	
𭒥	女	16	
𭒦	女	17	
𭒧	女	18	
𭒨	女	16	
𭒩	女	18	
𭒪	女	18	
𭒫	女	18	
𭒬	女	18	
𭒭	女	18	
𭒮	女	18	
𭒯	女	19	
𭒰	女	20	
𭒱	女	20	
𭒲	女	20	
𭒳	女	20	
𭒴	女	24	
𭒵	女	25	
𭒶	子	5	
𭒷	子	5	
𭒸	子	5	
𭒹	子	5	
𭒺	子	6	
𭒻	子	6	
𭒼	子	6	
𭒽	子	8	
𭒾	子	8	
𭒿	子	8	
𭓀	子	8	
𭓁	子	9	
𭓂	子	9	
𭓃	子	10	
𭓄	子	10	
𭓅	子	10	
𭓆	子	9	
𭓇	子	10	
𭓈	子	11	
𭓉	子	11	
𭓊	子	11	
𭓋	子	11	
𭓌	子	11	
𭓍	子	11	
𭓎	子	11	
𭓏	子	12	
𭓐	子	11	
𭓑	子	12	
𭓒	子	12	
𭓓	子	12	
𭓔	子	12	
𭓕	子	13	
𭓖	子	13	
𭓗	子	14	
𭓘	子	14	
𭓙	子	16	
𭓚	子	16	
𭓛	子	17	
𭓜	子	19	
𭓝	子	28	
𭓞	宀	6	
𭓟	宀	7	
𭓠	宀	7	
𭓡	宀	7	
𭓢	宀	9	
𭓣	宀	8	
𭓤	宀	8	
𭓥	宀	8	
𭓦	宀	8	
𭓧	宀	8	
𭓨	宀	8	
𭓩	宀	9	
𭓪	宀	9	
𭓫	宀	9	
𭓬	宀	9	
𭓭	宀	9	
𭓮	宀	9	
𭓯	宀	9	
𭓰	宀	10	
𭓱	宀	10	
𭓲	宀	10	
𭓳	宀	10	
𭓴	宀	11	
𭓵	宀	10	
𭓶	宀	11	
𭓷	宀	11	
𭓸	宀	11	
𭓹	宀	11	
𭓺	宀	11	
𭓻	宀	11	
𭓼	宀	11	
𭓽	宀	11	
𭓾	宀	11	
𭓿	宀	11	
𭔀	宀	12	
𭔁	宀	12	
𭔂	宀	12	
𭔃	宀	12	
𭔄	宀	12	
𭔅	宀	12	
𭔆	宀	13	
𭔇	宀	13	
𭔈	宀	12	
𭔉	宀	13	
𭔊	宀	13	
𭔋	宀	13	
𭔌	宀	12	
𭔍	宀	14	
𭔎	宀	14	
𭔏	宀	14	
𭔐	宀	14	
𭔑	宀	16	
𭔒	宀	15	
𭔓	宀	15	
𭔔	宀	14	
𭔕	宀	15	
𭔖	宀	15	
𭔗	宀	15	
𭔘	宀	16	
𭔙	宀	16	
𭔚	宀	16	
𭔛	宀	17	
𭔜	宀	17	
𭔝	宀	17	
𭔞	宀	17	
𭔟	宀	18	
𭔠	宀	18	
𭔡	宀	18	
𭔢	宀	19	
𭔣	宀	18	
𭔤	宀	19	
𭔥	宀	20	
𭔦	宀	20	
𭔧	宀	22	
𭔨	宀	22	
𭔩	寸	6	
𭔪	寸	7	
𭔫	寸	8	
𭔬	寸	8	
𭔭	寸	9	
𭔮	寸	9	
𭔯	寸	9	
𭔰	寸	10	
𭔱	寸	10	
𭔲	寸	10	
𭔳	寸	11	
𭔴	寸	11	
𭔵	寸	11	
𭔶	寸	12	
𭔷	寸	12	
𭔸	寸	12	
𭔹	寸	12	
𭔺	寸	13	
𭔻	寸	13	
𭔼	寸	13	
𭔽	寸	14	
𭔾	寸	14	
𭔿	寸	14	
𭕀	寸	15	
𭕁	寸	15	
𭕂	寸	16	
𭕃	寸	19	
𭕄	小	3	
𭕅	小	6	
𭕆	小	7	
𭕇	小	7	
𭕈	小	8	
𭕉	小	8	
𭕊	小	9	
𭕋	小	12	
𭕌	小	16	
𭕍	尢	7	
𭕎	尢	8	
𭕏	尢	11	
𭕐	尢	11	
𭕑	尢	13	
𭕒	尢	13	
𭕓	尢	14	
𭕔	尸	5	
𭕕	尸	8	
𭕖	尸	8	
𭕗	尸	8	
𭕘	尸	8	
𭕙	尸	9	
𭕚	尸	9	
𭕛	尸	9	
𭕜	尸	9	
𭕝	尸	9	
𭕞	尸	10	
𭕟	尸	10	
𭕠	尸	11	
𭕡	尸	10	
𭕢	尸	11	
𭕣	尸	11	
𭕤	尸	12	
𭕥	尸	13	
𭕦	尸	13	
𭕧	尸	13	
𭕨	尸	13	
𭕩	尸	13	
𭕪	尸	13	
𭕫	尸	13	
𭕬	尸	13	
𭕭	尸	12	
𭕮	尸	14	
𭕯	尸	14	
𭕰	尸	15	
𭕱	尸	15	
𭕲	尸	15	
𭕳	尸	15	
𭕴	尸	15	
𭕵	尸	15	
𭕶	尸	17	
𭕷	尸	18	
𭕸	尸	18	
𭕹	尸	19	
𭕺	尸	19	
𭕻	尸	21	
𭕼	尸	23	
𭕽	尸	24	
𭕾	屮	5	
𭕿	屮	6	
𭖀	山	5	
𭖁	山	6	
𭖂	山	6	
𭖃	山	6	
𭖄	山	6	
𭖅	山	7	
𭖆	山	7	
𭖇	山	7	
𭖈	山	7	
𭖉	山	7	
𭖊	山	7	
𭖋	山	7	
𭖌	山	8	
𭖍	山	8	
𭖎	山	7	
𭖏	山	8	
𭖐	山	8	
𭖑	山	8	
𭖒	山	8	
𭖓	山	8	
𭖔	山	8	
𭖕	山	9	
𭖖	山	9	
𭖗	山	9	
𭖘	山	9	
𭖙	山	9	
𭖚	山	9	
𭖛	山	9	
𭖜	山	9	
𭖝	山	9	
𭖞	山	9	
𭖟	山	9	
𭖠	山	10	
𭖡	山	10	
𭖢	山	10	
𭖣	山	10	
𭖤	山	10	
𭖥	山	10	
𭖦	山	10	
𭖧	山	10	
𭖨	山	10	
𭖩	山	11	
𭖪	山	12	
𭖫	山	11	
𭖬	山	11	
𭖭	山	11	
𭖮	山	9	
𭖯	山	11	
𭖰	山	11	
𭖱	山	11	
𭖲	山	12	
𭖳	山	12	
𭖴	山	12	
𭖵	山	12	
𭖶	山	12	
𭖷	山	12	
𭖸	山	12	
𭖹	山	12	
𭖺	山	12	
𭖻	山	12	
𭖼	山	12	
𭖽	山	12	
𭖾	山	11	
𭖿	山	12	
𭗀	山	13	
𭗁	山	13	
𭗂	山	13	
𭗃	山	13	
𭗄	山	13	
𭗅	山	13	
𭗆	山	13	
𭗇	山	14	
𭗈	山	14	
𭗉	山	14	
𭗊	山	14	
𭗋	山	14	
𭗌	山	14	
𭗍	山	14	
𭗎	山	14	
𭗏	山	14	
𭗐	山	14	
𭗑	山	14	
𭗒	山	14	
𭗓	山	14	
𭗔	山	15	
𭗕	山	15	
𭗖	山	15	
𭗗	山	14	
𭗘	山	15	
𭗙	山	15	
𭗚	山	15	
𭗛	山	15	
𭗜	山	15	
𭗝	山	14	
𭗞	山	15	
𭗟	山	16	
𭗠	山	16	
𭗡	山	16	
𭗢	山	17	
𭗣	山	17	
𭗤	山	16	
𭗥	山	18	
𭗦	山	16	
𭗧	山	18	
𭗨	山	18	
𭗩	山	18	
𭗪	山	18	
𭗫	山	18	
𭗬	山	18	
𭗭	山	19	
𭗮	山	19	
𭗯	山	19	
𭗰	山	19	
𭗱	山	18	
𭗲	山	20	
𭗳	山	19	
𭗴	山	20	
𭗵	山	21	
𭗶	山	20	
𭗷	山	20	
𭗸	山	23	
𭗹	山	24	
𭗺	巛	5	
𭗻	巛	6	
𭗼	巛	6	
𭗽	巛	7	
𭗾	巛	7	
𭗿	巛	8	
𭘀	巛	9	
𭘁	巛	10	
𭘂	工	4	
𭘃	工	6	
𭘄	工	6	
𭘅	工	6	
𭘆	工	8	
𭘇	工	9	
𭘈	工	8	
𭘉	工	13	
𭘊	己	7	
𭘋	己	8	
𭘌	己	8	
𭘍	己	9	
𭘎	己	12	
𭘏	己	12	
𭘐	己	18	
𭘑	巾	6	
𭘒	巾	6	
𭘓	巾	7	
𭘔	巾	7	
𭘕	巾	8	
𭘖	巾	8	
𭘗	巾	8	
𭘘	巾	8	
𭘙	巾	8	
𭘚	巾	8	
𭘛	巾	9	
𭘜	巾	9	
𭘝	巾	9	
𭘞	巾	9	
𭘟	巾	10	
𭘠	巾	10	
𭘡	巾	10	
𭘢	巾	10	
𭘣	巾	10	
𭘤	巾	11	
𭘥	巾	12	
𭘦	巾	11	
𭘧	巾	10	
𭘨	巾	12	
𭘩	巾	12	
𭘪	巾	12	
𭘫	巾	12	
𭘬	巾	12	
𭘭	巾	12	
𭘮	巾	12	
𭘯	巾	13	
𭘰	巾	13	
𭘱	巾	12	
𭘲	巾	13	
𭘳	巾	14	
𭘴	巾	13	
𭘵	巾	15	
𭘶	巾	16	
𭘷	巾	15	
𭘸	巾	16	
𭘹	巾	17	
𭘺	巾	18	
𭘻	巾	18	
𭘼	巾	19	
𭘽	巾	23	
𭘾	干	6	
𭘿	干	8	
𭙀	干	8	
𭙁	干	9	
𭙂	干	10	
𭙃	干	10	
𭙄	干	14	
𭙅	干	14	
𭙆	干	14	
𭙇	干	18	
𭙈	幺	4	
𭙉	幺	4	
𭙊	幺	5	
𭙋	幺	7	
𭙌	幺	11	
𭙍	广	5	
𭙎	广	5	
𭙏	广	5	
𭙐	广	6	
𭙑	广	6	
𭙒	广	6	
𭙓	广	7	
𭙔	广	7	
𭙕	广	7	
𭙖	广	7	
𭙗	广	7	
𭙘	广	8	
𭙙	广	8	
𭙚	广	9	
𭙛	广	9	
𭙜	广	10	
𭙝	广	10	
𭙞	广	10	
𭙟	广	10	
𭙠	广	10	
𭙡	广	10	
𭙢	广	11	
𭙣	广	11	
𭙤	广	12	
𭙥	广	12	
𭙦	广	12	
𭙧	广	12	
𭙨	广	12	
𭙩	广	13	
𭙪	广	12	
𭙫	广	13	
𭙬	广	12	
𭙭	广	12	
𭙮	广	14	
𭙯	广	14	
𭙰	广	12	
𭙱	广	14	
𭙲	广	14	
𭙳	广	14	
𭙴	广	15	
𭙵	广	15	
𭙶	广	15	
𭙷	广	15	
𭙸	广	15	
𭙹	广	15	
𭙺	广	13	
𭙻	广	15	
𭙼	广	17	
𭙽	广	16	
𭙾	广	16	
𭙿	广	15	
𭚀	广	15	
𭚁	广	16	
𭚂	广	16	
𭚃	广	16	
𭚄	广	17	
𭚅	广	18	
𭚆	广	18	
𭚇	广	18	
𭚈	广	18	
𭚉	广	19	
𭚊	广	19	
𭚋	广	19	
𭚌	广	20	
𭚍	广	20	
𭚎	广	21	
𭚏	广	22	
𭚐	广	22	
𭚑	广	24	
𭚒	廴	6	
𭚓	廴	6	
𭚔	廴	6	
𭚕	廴	7	
𭚖	廾	9	
𭚗	廾	10	
𭚘	廾	10	
𭚙	廾	13	
𭚚	廾	14	
𭚛	廾	16	
𭚜	廾	16	
𭚝	廾	16	
𭚞	廾	22	
𭚟	弋	5	
𭚠	弋	5	
𭚡	弋	5	
𭚢	弋	11	
𭚣	弋	13	
𭚤	弋	12	
𭚥	弓	2	
𭚦	弓	6	
𭚧	弓	7	
𭚨	弓	7	
𭚩	弓	8	
𭚪	弓	8	
𭚫	弓	8	
𭚬	弓	9	
𭚭	弓	9	
𭚮	弓	9	
𭚯	弓	9	
𭚰	弓	9	
𭚱	弓	10	
𭚲	弓	10	
𭚳	弓	10	
𭚴	弓	10	
𭚵	弓	10	
𭚶	弓	11	
𭚷	弓	11	
𭚸	弓	11	
𭚹	弓	11	
𭚺	弓	12	
𭚻	弓	12	
𭚼	弓	12	
𭚽	弓	11	
𭚾	弓	12	
𭚿	弓	12	
𭛀	弓	12	
𭛁	弓	12	
𭛂	弓	13	
𭛃	弓	13	
𭛄	弓	14	
𭛅	弓	15	
𭛆	弓	15	
𭛇	弓	15	
𭛈	弓	16	
𭛉	弓	15	
𭛊	弓	17	
𭛋	弓	17	
𭛌	弓	18	
𭛍	彐	8	
𭛎	彐	8	
𭛏	彐	9	
𭛐	彐	11	
𭛑	彐	12	
𭛒	彐	12	
𭛓	彡	8	
𭛔	彡	13	
𭛕	彡	13	
𭛖	彡	14	
𭛗	彡	14	
𭛘	彡	14	
𭛙	彡	14	
𭛚	彡	14	
𭛛	彡	15	
𭛜	彳	6	
𭛝	彳	6	
𭛞	彳	7	
𭛟	彳	8	
𭛠	彳	8	
𭛡	彳	8	
𭛢	彳	8	
𭛣	彳	8	
𭛤	彳	8	
𭛥	彳	8	
𭛦	彳	7	
𭛧	彳	9	
𭛨	彳	9	
𭛩	彳	9	
𭛪	彳	10	
𭛫	彳	10	
𭛬	彳	10	
𭛭	彳	10	
𭛮	彳	9	
𭛯	彳	11	
𭛰	彳	11	
𭛱	彳	11	
𭛲	彳	11	
𭛳	彳	11	
𭛴	彳	11	
𭛵	彳	11	
𭛶	彳	11	
𭛷	彳	12	
𭛸	彳	12	
𭛹	彳	12	
𭛺	彳	12	
𭛻	彳	12	
𭛼	彳	12	
𭛽	彳	13	
𭛾	彳	14	
𭛿	彳	14	
𭜀	彳	14	
𭜁	彳	15	
𭜂	彳	15	
𭜃	彳	15	
𭜄	彳	15	
𭜅	彳	15	
𭜆	彳	15	
𭜇	彳	15	
𭜈	彳	16	
𭜉	彳	17	
𭜊	彳	19	
𭜋	心	7	
𭜌	心	6	
𭜍	心	7	
𭜎	心	7	
𭜏	心	7	
𭜐	心	7	
𭜑	心	8	
𭜒	心	7	
𭜓	心	8	
𭜔	心	7	
𭜕	心	7	
𭜖	心	7	
𭜗	心	7	
𭜘	心	7	
𭜙	心	9	
𭜚	心	8	
𭜛	心	8	
𭜜	心	8	
𭜝	心	9	
𭜞	心	8	
𭜟	心	8	
𭜠	心	8	
𭜡	心	8	
𭜢	心	8	
𭜣	心	9	
𭜤	心	9	
𭜥	心	9	
𭜦	心	9	
𭜧	心	9	
𭜨	心	10	
𭜩	心	10	
𭜪	心	10	
𭜫	心	10	
𭜬	心	9	
𭜭	心	9	
𭜮	心	10	
𭜯	心	10	
𭜰	心	10	
𭜱	心	9	
𭜲	心	9	
𭜳	心	11	
𭜴	心	9	
𭜵	心	10	
𭜶	心	11	
𭜷	心	11	
𭜸	心	10	
𭜹	心	11	
𭜺	心	11	
𭜻	心	10	
𭜼	心	10	
𭜽	心	10	
𭜾	心	10	
𭜿	心	10	
𭝀	心	10	
𭝁	心	11	
𭝂	心	10	
𭝃	心	10	
𭝄	心	10	
𭝅	心	10	
𭝆	心	11	
𭝇	心	11	
𭝈	心	10	
𭝉	心	11	
𭝊	心	11	
𭝋	心	10	
𭝌	心	12	
𭝍	心	12	
𭝎	心	11	
𭝏	心	11	
𭝐	心	11	
𭝑	心	11	
𭝒	心	12	
𭝓	心	12	
𭝔	心	11	
𭝕	心	11	
𭝖	心	12	
𭝗	心	11	
𭝘	心	11	
𭝙	心	12	
𭝚	心	11	
𭝛	心	12	
𭝜	心	12	
𭝝	心	12	
𭝞	心	11	
𭝟	心	11	
𭝠	心	12	
𭝡	心	13	
𭝢	心	13	
𭝣	心	12	
𭝤	心	13	
𭝥	心	13	
𭝦	心	13	
𭝧	心	12	
𭝨	心	13	
𭝩	心	11	
𭝪	心	11	
𭝫	心	13	
𭝬	心	12	
𭝭	心	12	
𭝮	心	13	
𭝯	心	13	
𭝰	心	12	
𭝱	心	13	
𭝲	心	13	
𭝳	心	12	
𭝴	心	13	
𭝵	心	13	
𭝶	心	14	
𭝷	心	13	
𭝸	心	14	
𭝹	心	13	
𭝺	心	13	
𭝻	心	13	
𭝼	心	13	
𭝽	心	12	
𭝾	心	14	
𭝿	心	13	
𭞀	心	14	
𭞁	心	14	
𭞂	心	14	
𭞃	心	14	
𭞄	心	13	
𭞅	心	12	
𭞆	心	13	
𭞇	心	14	
𭞈	心	13	
𭞉	心	14	
𭞊	心	14	
𭞋	心	13	
𭞌	心	14	
𭞍	心	15	
𭞎	心	14	
𭞏	心	15	
𭞐	心	15	
𭞑	心	15	
𭞒	心	14	
𭞓	心	15	
𭞔	心	15	
𭞕	心	15	
𭞖	心	13	
𭞗	心	15	
𭞘	心	15	
𭞙	心	14	
𭞚	心	14	
𭞛	心	14	
𭞜	心	14	
𭞝	心	14	
𭞞	心	14	
𭞟	心	14	
𭞠	心	14	
𭞡	心	14	
𭞢	心	15	
𭞣	心	14	
𭞤	心	14	
𭞥	心	14	
𭞦	心	16	
𭞧	心	16	
𭞨	心	16	
𭞩	心	15	
𭞪	心	15	
𭞫	心	16	
𭞬	心	16	
𭞭	心	15	
𭞮	心	16	
𭞯	心	14	
𭞰	心	14	
𭞱	心	15	
𭞲	心	16	
𭞳	心	16	
𭞴	心	15	
𭞵	心	15	
𭞶	心	15	
𭞷	心	14	
𭞸	心	16	
𭞹	心	15	
𭞺	心	16	
𭞻	心	15	
𭞼	心	16	
𭞽	心	16	
𭞾	心	16	
𭞿	心	17	
𭟀	心	17	
𭟁	心	16	
𭟂	心	17	
𭟃	心	16	
𭟄	心	17	
𭟅	心	17	
𭟆	心	17	
𭟇	心	16	
𭟈	心	16	
𭟉	心	17	
𭟊	心	17	
𭟋	心	18	
𭟌	心	18	
𭟍	心	18	
𭟎	心	18	
𭟏	心	19	
𭟐	心	18	
𭟑	心	18	
𭟒	心	17	
𭟓	心	18	
𭟔	心	19	
𭟕	心	19	
𭟖	心	17	
𭟗	心	18	
𭟘	心	19	
𭟙	心	19	
𭟚	心	20	
𭟛	心	20	
𭟜	心	20	
𭟝	心	20	
𭟞	心	19	
𭟟	心	21	
𭟠	心	21	
𭟡	心	21	
𭟢	心	21	
𭟣	心	21	
𭟤	心	20	
𭟥	心	21	
𭟦	心	22	
𭟧	心	22	
𭟨	心	24	
𭟩	心	24	
𭟪	心	25	
𭟫	心	25	
𭟬	心	25	
𭟭	心	26	
𭟮	戈	5	
𭟯	戈	7	
𭟰	戈	8	
𭟱	戈	8	
𭟲	戈	8	
𭟳	戈	9	
𭟴	戈	11	
𭟵	戈	11	
𭟶	戈	11	
𭟷	戈	13	
𭟸	戈	13	
𭟹	戈	14	
𭟺	戈	15	
𭟻	戈	15	
𭟼	戈	16	
𭟽	戈	16	
𭟾	戈	17	
𭟿	戶	5	
𭠀	戶	7	
𭠁	戶	8	
𭠂	戶	8	
𭠃	戶	9	
𭠄	戶	9	
𭠅	戶	10	
𭠆	戶	9	
𭠇	戶	12	
𭠈	戶	12	
𭠉	戶	12	
𭠊	戶	15	
𭠋	戶	16	
𭠌	戶	24	
𭠍	手	3	
𭠎	手	5	
𭠏	手	7	
𭠐	手	6	
𭠑	手	7	
𭠒	手	7	
𭠓	手	8	
𭠔	手	8	
𭠕	手	8	
𭠖	手	8	
𭠗	手	8	
𭠘	手	8	
𭠙	手	8	
𭠚	手	8	
𭠛	手	8	
𭠜	手	8	
𭠝	手	8	
𭠞	手	9	
𭠟	手	8	
𭠠	手	9	
𭠡	手	8	
𭠢	手	9	
𭠣	手	9	
𭠤	手	9	
𭠥	手	9	
𭠦	手	9	
𭠧	手	10	
𭠨	手	9	
𭠩	手	9	
𭠪	手	9	
𭠫	手	10	
𭠬	手	9	
𭠭	手	9	
𭠮	手	9	
𭠯	手	9	
𭠰	手	10	
𭠱	手	9	
𭠲	手	10	
𭠳	手	11	
𭠴	手	11	
𭠵	手	10	
𭠶	手	10	
𭠷	手	10	
𭠸	手	11	
𭠹	手	9	
𭠺	手	11	
𭠻	手	11	
𭠼	手	10	
𭠽	手	10	
𭠾	手	10	
𭠿	手	10	
𭡀	手	10	
𭡁	手	10	
𭡂	手	10	
𭡃	手	10	
𭡄	手	10	
𭡅	手	10	
𭡆	手	10	
𭡇	手	11	
𭡈	手	10	
𭡉	手	11	
𭡊	手	11	
𭡋	手	12	
𭡌	手	11	
𭡍	手	12	
𭡎	手	12	
𭡏	手	13	
𭡐	手	11	
𭡑	手	11	
𭡒	手	11	
𭡓	手	11	
𭡔	手	11	
𭡕	手	10	
𭡖	手	11	
𭡗	手	11	
𭡘	手	11	
𭡙	手	12	
𭡚	手	11	
𭡛	手	11	
𭡜	手	11	
𭡝	手	11	
𭡞	手	12	
𭡟	手	12	
𭡠	手	12	
𭡡	手	12	
𭡢	手	12	
𭡣	手	13	
𭡤	手	13	
𭡥	手	12	
𭡦	手	12	
𭡧	手	12	
𭡨	手	12	
𭡩	手	12	
𭡪	手	12	
𭡫	手	12	
𭡬	手	12	
𭡭	手	12	
𭡮	手	12	
𭡯	手	12	
𭡰	手	13	
𭡱	手	12	
𭡲	手	13	
𭡳	手	13	
𭡴	手	13	
𭡵	手	13	
𭡶	手	12	
𭡷	手	12	
𭡸	手	13	
𭡹	手	13	
𭡺	手	13	
𭡻	手	14	
𭡼	手	14	
𭡽	手	13	
𭡾	手	13	
𭡿	手	13	
𭢀	手	13	
𭢁	手	12	
𭢂	手	13	
𭢃	手	13	
𭢄	手	13	
𭢅	手	15	
𭢆	手	13	
𭢇	手	15	
𭢈	手	14	
𭢉	手	14	
𭢊	手	14	
𭢋	手	14	
𭢌	手	13	
𭢍	手	14	
𭢎	手	13	
𭢏	手	14	
𭢐	手	14	
𭢑	手	15	
𭢒	手	14	
𭢓	手	14	
𭢔	手	14	
𭢕	手	14	
𭢖	手	14	
𭢗	手	15	
𭢘	手	15	
𭢙	手	15	
𭢚	手	15	
𭢛	手	15	
𭢜	手	14	
𭢝	手	15	
𭢞	手	15	
𭢟	手	15	
𭢠	手	15	
𭢡	手	14	
𭢢	手	15	
𭢣	手	16	
𭢤	手	16	
𭢥	手	15	
𭢦	手	15	
𭢧	手	15	
𭢨	手	15	
𭢩	手	17	
𭢪	手	16	
𭢫	手	16	
𭢬	手	15	
𭢭	手	16	
𭢮	手	16	
𭢯	手	16	
𭢰	手	16	
𭢱	手	17	
𭢲	手	16	
𭢳	手	17	
𭢴	手	16	
𭢵	手	16	
𭢶	手	17	
𭢷	手	18	
𭢸	手	17	
𭢹	手	17	
𭢺	手	17	
𭢻	手	17	
𭢼	手	17	
𭢽	手	18	
𭢾	手	17	
𭢿	手	18	
𭣀	手	19	
𭣁	手	18	
𭣂	手	19	
𭣃	手	18	
𭣄	手	19	
𭣅	手	18	
𭣆	手	20	
𭣇	手	19	
𭣈	手	20	
𭣉	手	19	
𭣊	手	19	
𭣋	手	19	
𭣌	手	19	
𭣍	手	19	
𭣎	手	19	
𭣏	手	20	
𭣐	手	20	
𭣑	手	21	
𭣒	手	22	
𭣓	手	29	
𭣔	支	4	
𭣕	支	6	
𭣖	支	7	
𭣗	支	9	
𭣘	支	9	
𭣙	支	13	
𭣚	支	12	
𭣛	支	15	
𭣜	支	16	
𭣝	支	16	
𭣞	支	17	
𭣟	支	18	
𭣠	支	23	
𭣡	攴	6	
𭣢	攴	7	
𭣣	攴	7	
𭣤	攴	8	
𭣥	攴	9	
𭣦	攴	9	
𭣧	攴	9	
𭣨	攴	9	
𭣩	攴	9	
𭣪	攴	10	
𭣫	攴	10	
𭣬	攴	10	
𭣭	攴	10	
𭣮	攴	10	
𭣯	攴	10	
𭣰	攴	10	
𭣱	攴	10	
𭣲	攴	11	
𭣳	攴	11	
𭣴	攴	11	
𭣵	攴	11	
𭣶	攴	12	
𭣷	攴	12	
𭣸	攴	12	
𭣹	攴	12	
𭣺	攴	12	
𭣻	攴	12	
𭣼	攴	13	
𭣽	攴	13	
𭣾	攴	13	
𭣿	攴	13	
𭤀	攴	13	
𭤁	攴	13	
𭤂	攴	13	
𭤃	攴	14	
𭤄	攴	14	
𭤅	攴	13	
𭤆	攴	14	
𭤇	攴	14	
𭤈	攴	15	
𭤉	攴	15	
𭤊	攴	15	
𭤋	攴	14	
𭤌	攴	17	
𭤍	攴	17	
𭤎	攴	18	
𭤏	攴	18	
𭤐	攴	21	
𭤑	攴	21	
𭤒	攴	22	
𭤓	攴	25	
𭤔	文	7	
𭤕	文	9	
𭤖	文	9	
𭤗	文	9	
𭤘	文	9	
𭤙	文	9	
𭤚	文	17	
𭤛	文	17	
𭤜	斗	15	
𭤝	斗	16	
𭤞	斗	25	
𭤟	斤	5	
𭤠	斤	8	
𭤡	斤	9	
𭤢	斤	9	
𭤣	斤	13	
𭤤	斤	13	
𭤥	斤	14	
𭤦	斤	17	
𭤧	方	3	
𭤨	方	6	
𭤩	方	6	
𭤪	方	6	
𭤫	方	8	
𭤬	方	8	
𭤭	方	9	
𭤮	方	9	
𭤯	方	9	
𭤰	方	9	
𭤱	方	8	
𭤲	方	9	
𭤳	方	9	
𭤴	方	9	
𭤵	方	10	
𭤶	方	10	
𭤷	方	10	
𭤸	方	10	
𭤹	方	10	
𭤺	方	11	
𭤻	方	12	
𭤼	方	12	
𭤽	方	12	
𭤾	方	12	
𭤿	方	13	
𭥀	方	13	
𭥁	方	14	
𭥂	方	15	
𭥃	方	15	
𭥄	方	15	
𭥅	方	16	
𭥆	方	17	
𭥇	方	18	
𭥈	方	18	
𭥉	方	19	
𭥊	无	19	
𭥋	日	5	
𭥌	日	6	
𭥍	日	6	
𭥎	日	6	
𭥏	日	7	
𭥐	日	7	
𭥑	日	7	
𭥒	日	8	
𭥓	日	8	
𭥔	日	8	
𭥕	日	8	
𭥖	日	8	
𭥗	日	8	
𭥘	日	8	
𭥙	日	8	
𭥚	日	8	
𭥛	日	8	
𭥜	日	8	
𭥝	日	7	
𭥞	日	8	
𭥟	日	8	
𭥠	日	8	
𭥡	日	9	
𭥢	日	10	
𭥣	日	9	
𭥤	日	9	
𭥥	日	9	
𭥦	日	9	
𭥧	日	9	
𭥨	日	9	
𭥩	日	9	
𭥪	日	9	
𭥫	日	9	
𭥬	日	9	
𭥭	日	9	
𭥮	日	10	
𭥯	日	10	
𭥰	日	10	
𭥱	日	10	
𭥲	日	10	
𭥳	日	10	
𭥴	日	10	
𭥵	日	10	
𭥶	日	10	
𭥷	日	10	
𭥸	日	10	
𭥹	日	10	
𭥺	日	10	
𭥻	日	10	
𭥼	日	10	
𭥽	日	10	
𭥾	日	10	
𭥿	日	9	
𭦀	日	10	
𭦁	日	10	
𭦂	日	10	
𭦃	日	10	
𭦄	日	11	
𭦅	日	11	
𭦆	日	10	
𭦇	日	10	
𭦈	日	11	
𭦉	日	11	
𭦊	日	11	
𭦋	日	10	
𭦌	日	11	
𭦍	日	11	
𭦎	日	11	
𭦏	日	11	
𭦐	日	11	
𭦑	日	11	
𭦒	日	11	
𭦓	日	10	
𭦔	日	11	
𭦕	日	11	
𭦖	日	11	
𭦗	日	11	
𭦘	日	11	
𭦙	日	12	
𭦚	日	12	
𭦛	日	12	
𭦜	日	12	
𭦝	日	12	
𭦞	日	12	
𭦟	日	12	
𭦠	日	12	
𭦡	日	12	
𭦢	日	12	
𭦣	日	12	
𭦤	日	12	
𭦥	日	12	
𭦦	日	12	
𭦧	日	12	
𭦨	日	13	
𭦩	日	13	
𭦪	日	13	
𭦫	日	13	
𭦬	日	14	
𭦭	日	13	
𭦮	日	13	
𭦯	日	13	
𭦰	日	13	
𭦱	日	13	
𭦲	日	12	
𭦳	日	13	
𭦴	日	13	
𭦵	日	13	
𭦶	日	13	
𭦷	日	13	
𭦸	日	13	
𭦹	日	13	
𭦺	日	12	
𭦻	日	13	
𭦼	日	13	
𭦽	日	13	
𭦾	日	13	
𭦿	日	13	
𭧀	日	13	
𭧁	日	13	
𭧂	日	14	
𭧃	日	14	
𭧄	日	14	
𭧅	日	14	
𭧆	日	14	
𭧇	日	14	
𭧈	日	14	
𭧉	日	14	
𭧊	日	14	
𭧋	日	14	
𭧌	日	14	
𭧍	日	14	
𭧎	日	14	
𭧏	日	14	
𭧐	日	14	
𭧑	日	14	
𭧒	日	14	
𭧓	日	15	
𭧔	日	15	
𭧕	日	14	
𭧖	日	15	
𭧗	日	15	
𭧘	日	15	
𭧙	日	14	
𭧚	日	15	
𭧛	日	15	
𭧜	日	15	
𭧝	日	15	
𭧞	日	15	
𭧟	日	15	
𭧠	日	15	
𭧡	日	15	
𭧢	日	16	
𭧣	日	16	
𭧤	日	15	
𭧥	日	16	
𭧦	日	16	
𭧧	日	16	
𭧨	日	16	
𭧩	日	15	
𭧪	日	16	
𭧫	日	16	
𭧬	日	16	
𭧭	日	16	
𭧮	日	16	
𭧯	日	16	
𭧰	日	16	
𭧱	日	16	
𭧲	日	16	
𭧳	日	16	
𭧴	日	16	
𭧵	日	17	
𭧶	日	16	
𭧷	日	17	
𭧸	日	17	
𭧹	日	17	
𭧺	日	17	
𭧻	日	16	
𭧼	日	17	
𭧽	日	17	
𭧾	日	17	
𭧿	日	18	
𭨀	日	18	
𭨁	日	18	
𭨂	日	18	
𭨃	日	18	
𭨄	日	18	
𭨅	日	18	
𭨆	日	18	
𭨇	日	18	
𭨈	日	18	
𭨉	日	18	
𭨊	日	18	
𭨋	日	18	
𭨌	日	19	
𭨍	日	20	
𭨎	日	20	
𭨏	日	20	
𭨐	日	20	
𭨑	日	21	
𭨒	日	23	
𭨓	日	24	
𭨔	日	24	
𭨕	日	25	
𭨖	日	25	
𭨗	日	26	
𭨘	曰	6	
𭨙	曰	9	
𭨚	曰	9	
𭨛	曰	10	
𭨜	曰	10	
𭨝	曰	12	
𭨞	曰	14	
𭨟	曰	15	
𭨠	曰	15	
𭨡	曰	15	
𭨢	曰	15	
𭨣	曰	21	
𭨤	月	6	
𭨥	月	6	
𭨦	月	7	
𭨧	月	7	
𭨨	月	8	
𭨩	月	8	
𭨪	月	8	
𭨫	月	8	
𭨬	月	8	
𭨭	月	8	
𭨮	月	9	
𭨯	月	9	
𭨰	月	8	
𭨱	月	9	
𭨲	月	10	
𭨳	月	10	
𭨴	月	11	
𭨵	月	11	
𭨶	月	11	
𭨷	月	11	
𭨸	月	11	
𭨹	月	12	
𭨺	月	12	
𭨻	月	12	
𭨼	月	12	
𭨽	月	12	
𭨾	月	13	
𭨿	月	13	
𭩀	月	13	
𭩁	月	14	
𭩂	月	14	
𭩃	月	13	
𭩄	月	15	
𭩅	月	15	
𭩆	月	16	
𭩇	月	16	
𭩈	月	16	
𭩉	月	16	
𭩊	月	17	
𭩋	月	16	
𭩌	月	17	
𭩍	月	17	
𭩎	月	17	
𭩏	月	18	
𭩐	月	18	
𭩑	月	18	
𭩒	月	19	
𭩓	月	19	
𭩔	月	19	
𭩕	月	19	
𭩖	月	23	
𭩗	月	24	
𭩘	木	5	
𭩙	木	7	
𭩚	木	7	
𭩛	木	7	
𭩜	木	8	
𭩝	木	8	
𭩞	木	8	
𭩟	木	8	
𭩠	木	8	
𭩡	木	8	
𭩢	木	8	
𭩣	木	9	
𭩤	木	9	
𭩥	木	9	
𭩦	木	9	
𭩧	木	9	
𭩨	木	9	
𭩩	木	9	
𭩪	木	9	
𭩫	木	9	
𭩬	木	9	
𭩭	木	9	
𭩮	木	9	
𭩯	木	9	
𭩰	木	9	
𭩱	木	8	
𭩲	木	9	
𭩳	木	10	
𭩴	木	10	
𭩵	木	10	
𭩶	木	10	
𭩷	木	10	
𭩸	木	10	
𭩹	木	10	
𭩺	木	10	
𭩻	木	10	
𭩼	木	10	
𭩽	木	10	
𭩾	木	10	
𭩿	木	10	
𭪀	木	10	
𭪁	木	10	
𭪂	木	10	
𭪃	木	11	
𭪄	木	11	
𭪅	木	11	
𭪆	木	10	
𭪇	木	11	
𭪈	木	11	
𭪉	木	11	
𭪊	木	11	
𭪋	木	11	
𭪌	木	11	
𭪍	木	11	
𭪎	木	11	
𭪏	木	11	
𭪐	木	11	
𭪑	木	11	
𭪒	木	11	
𭪓	木	11	
𭪔	木	11	
𭪕	木	11	
𭪖	木	11	
𭪗	木	11	
𭪘	木	12	
𭪙	木	12	
𭪚	木	12	
𭪛	木	12	
𭪜	木	12	
𭪝	木	12	
𭪞	木	12	
𭪟	木	12	
𭪠	木	11	
𭪡	木	11	
𭪢	木	12	
𭪣	木	12	
𭪤	木	12	
𭪥	木	12	
𭪦	木	12	
𭪧	木	11	
𭪨	木	12	
𭪩	木	12	
𭪪	木	12	
𭪫	木	12	
𭪬	木	12	
𭪭	木	12	
𭪮	木	13	
𭪯	木	12	
𭪰	木	12	
𭪱	木	11	
𭪲	木	12	
𭪳	木	12	
𭪴	木	12	
𭪵	木	12	
𭪶	木	13	
𭪷	木	13	
𭪸	木	13	
𭪹	木	13	
𭪺	木	12	
𭪻	木	13	
𭪼	木	13	
𭪽	木	13	
𭪾	木	13	
𭪿	木	13	
𭫀	木	13	
𭫁	木	13	
𭫂	木	13	
𭫃	木	13	
𭫄	木	13	
𭫅	木	13	
𭫆	木	13	
𭫇	木	13	
𭫈	木	13	
𭫉	木	13	
𭫊	木	13	
𭫋	木	13	
𭫌	木	13	
𭫍	木	13	
𭫎	木	12	
𭫏	木	13	
𭫐	木	13	
𭫑	木	13	
𭫒	木	14	
𭫓	木	14	
𭫔	木	14	
𭫕	木	14	
𭫖	木	14	
𭫗	木	14	
𭫘	木	14	
𭫙	木	13	
𭫚	木	14	
𭫛	木	14	
𭫜	木	14	
𭫝	木	14	
𭫞	木	14	
𭫟	木	14	
𭫠	木	15	
𭫡	木	15	
𭫢	木	15	
𭫣	木	15	
𭫤	木	15	
𭫥	木	15	
𭫦	木	15	
𭫧	木	15	
𭫨	木	14	
𭫩	木	14	
𭫪	木	15	
𭫫	木	15	
𭫬	木	15	
𭫭	木	15	
𭫮	木	15	
𭫯	木	15	
𭫰	木	15	
𭫱	木	15	
𭫲	木	15	
𭫳	木	15	
𭫴	木	15	
𭫵	木	15	
𭫶	木	15	
𭫷	木	15	
𭫸	木	15	
𭫹	木	15	
𭫺	木	15	
𭫻	木	16	
𭫼	木	16	
𭫽	木	16	
𭫾	木	16	
𭫿	木	15	
𭬀	木	16	
𭬁	木	16	
𭬂	木	16	
𭬃	木	16	
𭬄	木	16	
𭬅	木	15	
𭬆	木	16	
𭬇	木	16	
𭬈	木	15	
𭬉	木	16	
𭬊	木	17	
𭬋	木	17	
𭬌	木	17	
𭬍	木	17	
𭬎	木	17	
𭬏	木	17	
𭬐	木	17	
𭬑	木	17	
𭬒	木	18	
𭬓	木	18	
𭬔	木	18	
𭬕	木	18	
𭬖	木	18	
𭬗	木	17	
𭬘	木	18	
𭬙	木	18	
𭬚	木	18	
𭬛	木	18	
𭬜	木	17	
𭬝	木	17	
𭬞	木	18	
𭬟	木	18	
𭬠	木	19	
𭬡	木	19	
𭬢	木	19	
𭬣	木	19	
𭬤	木	19	
𭬥	木	19	
𭬦	木	19	
𭬧	木	19	
𭬨	木	19	
𭬩	木	19	
𭬪	木	20	
𭬫	木	20	
𭬬	木	20	
𭬭	木	20	
𭬮	木	21	
𭬯	木	20	
𭬰	木	20	
𭬱	木	19	
𭬲	木	20	
𭬳	木	20	
𭬴	木	21	
𭬵	木	21	
𭬶	木	21	
𭬷	木	20	
𭬸	木	22	
𭬹	木	23	
𭬺	木	21	
𭬻	木	23	
𭬼	木	22	
𭬽	木	23	
𭬾	木	23	
𭬿	木	23	
𭭀	木	23	
𭭁	木	26	
𭭂	木	29	
𭭃	木	31	
𭭄	欠	6	
𭭅	欠	8	
𭭆	欠	8	
𭭇	欠	10	
𭭈	欠	10	
𭭉	欠	10	
𭭊	欠	10	
𭭋	欠	10	
𭭌	欠	11	
𭭍	欠	12	
𭭎	欠	12	
𭭏	欠	12	
𭭐	欠	13	
𭭑	欠	13	
𭭒	欠	14	
𭭓	欠	15	
𭭔	欠	15	
𭭕	欠	16	
𭭖	欠	16	
𭭗	欠	19	
𭭘	止	6	
𭭙	止	6	
𭭚	止	6	
𭭛	止	8	
𭭜	止	8	
𭭝	止	8	
𭭞	止	9	
𭭟	止	9	
𭭠	止	9	
𭭡	止	10	
𭭢	止	11	
𭭣	止	11	
𭭤	止	11	
𭭥	止	13	
𭭦	止	12	
𭭧	止	12	
𭭨	止	12	
𭭩	止	12	
𭭪	止	13	
𭭫	止	13	
𭭬	止	14	
𭭭	止	14	
𭭮	止	15	
𭭯	止	15	
𭭰	止	15	
𭭱	止	15	
𭭲	止	16	
𭭳	止	16	
𭭴	止	16	
𭭵	止	17	
𭭶	止	17	
𭭷	止	18	
𭭸	止	20	
𭭹	止	21	
𭭺	止	21	
𭭻	止	21	
𭭼	止	28	
𭭽	歹	6	
𭭾	歹	7	
𭭿	歹	7	
𭮀	歹	7	
𭮁	歹	7	
𭮂	歹	8	
𭮃	歹	8	
𭮄	歹	8	
𭮅	歹	8	
𭮆	歹	9	
𭮇	歹	9	
𭮈	歹	9	
𭮉	歹	10	
𭮊	歹	10	
𭮋	歹	10	
𭮌	歹	10	
𭮍	歹	10	
𭮎	歹	10	
𭮏	歹	10	
𭮐	歹	10	
𭮑	歹	10	
𭮒	歹	11	
𭮓	歹	11	
𭮔	歹	11	
𭮕	歹	11	
𭮖	歹	11	
𭮗	歹	12	
𭮘	歹	12	
𭮙	歹	13	
𭮚	歹	13	
𭮛	歹	13	
𭮜	歹	14	
𭮝	歹	15	
𭮞	歹	15	
𭮟	歹	16	
𭮠	歹	16	
𭮡	歹	16	
𭮢	歹	16	
𭮣	歹	16	
𭮤	歹	18	
𭮥	歹	18	
𭮦	歹	17	
𭮧	歹	18	
𭮨	殳	8	
𭮩	殳	10	
𭮪	殳	10	
𭮫	殳	10	
𭮬	殳	10	
𭮭	殳	10	
𭮮	殳	11	
𭮯	殳	11	
𭮰	殳	11	
𭮱	殳	11	
𭮲	殳	12	
𭮳	殳	12	
𭮴	殳	12	
𭮵	殳	12	
𭮶	殳	12	
𭮷	殳	13	
𭮸	殳	13	
𭮹	殳	14	
𭮺	殳	15	
𭮻	殳	14	
𭮼	殳	15	
𭮽	殳	15	
𭮾	殳	16	
𭮿	殳	16	
𭯀	殳	15	
𭯁	殳	16	
𭯂	殳	18	
𭯃	殳	19	
𭯄	殳	19	
𭯅	殳	24	
𭯆	殳	25	
𭯇	毋	7	
𭯈	毋	9	
𭯉	毋	15	
𭯊	比	9	
𭯋	比	10	
𭯌	比	10	
𭯍	比	10	
𭯎	比	10	
𭯏	比	11	
𭯐	比	12	
𭯑	比	12	
𭯒	毛	8	
𭯓	毛	9	
𭯔	毛	9	
𭯕	毛	9	
𭯖	毛	9	
𭯗	毛	9	
𭯘	毛	10	
𭯙	毛	11	
𭯚	毛	11	
𭯛	毛	12	
𭯜	毛	12	
𭯝	毛	12	
𭯞	毛	13	
𭯟	毛	13	
𭯠	毛	14	
𭯡	毛	14	
𭯢	毛	14	
𭯣	毛	16	
𭯤	毛	16	
𭯥	毛	16	
𭯦	毛	17	
𭯧	毛	17	
𭯨	毛	17	
𭯩	毛	17	
𭯪	毛	18	
𭯫	毛	19	
𭯬	毛	20	
𭯭	毛	22	
𭯮	毛	23	
𭯯	毛	25	
𭯰	氏	8	
𭯱	氏	11	
𭯲	气	8	
𭯳	气	15	
𭯴	气	16	
𭯵	气	18	
𭯶	水	7	
𭯷	水	6	
𭯸	水	7	
𭯹	水	7	
𭯺	水	7	
𭯻	水	7	
𭯼	水	8	
𭯽	水	7	
𭯾	水	8	
𭯿	水	8	
𭰀	水	8	
𭰁	水	8	
𭰂	水	8	
𭰃	水	8	
𭰄	水	8	
𭰅	水	8	
𭰆	水	8	
𭰇	水	9	
𭰈	水	8	
𭰉	水	8	
𭰊	水	8	
𭰋	水	9	
𭰌	水	9	
𭰍	水	9	
𭰎	水	9	
𭰏	水	9	
𭰐	水	9	
𭰑	水	9	
𭰒	水	9	
𭰓	水	9	
𭰔	水	9	
𭰕	水	9	
𭰖	水	9	
𭰗	水	10	
𭰘	水	10	
𭰙	水	10	
𭰚	水	10	
𭰛	水	10	
𭰜	水	9	
𭰝	水	10	
𭰞	水	10	
𭰟	水	10	
𭰠	水	10	
𭰡	水	10	
𭰢	水	10	
𭰣	水	12	
𭰤	水	10	
𭰥	水	10	
𭰦	水	10	
𭰧	水	10	
𭰨	水	10	
𭰩	水	11	
𭰪	水	11	
𭰫	水	11	
𭰬	水	11	
𭰭	水	13	
𭰮	水	11	
𭰯	水	10	
𭰰	水	11	
𭰱	水	11	
𭰲	水	11	
𭰳	水	10	
𭰴	水	11	
𭰵	水	11	
𭰶	水	11	
𭰷	水	11	
𭰸	水	11	
𭰹	水	11	
𭰺	水	11	
𭰻	水	11	
𭰼	水	11	
𭰽	水	11	
𭰾	水	11	
𭰿	水	11	
𭱀	水	11	
𭱁	水	13	
𭱂	水	11	
𭱃	水	12	
𭱄	水	12	
𭱅	水	12	
𭱆	水	12	
𭱇	水	12	
𭱈	水	12	
𭱉	水	14	
𭱊	水	12	
𭱋	水	12	
𭱌	水	12	
𭱍	水	12	
𭱎	水	12	
𭱏	水	12	
𭱐	水	12	
𭱑	水	12	
𭱒	水	12	
𭱓	水	12	
𭱔	水	12	
𭱕	水	11	
𭱖	水	12	
𭱗	水	12	
𭱘	水	12	
𭱙	水	12	
𭱚	水	12	
𭱛	水	11	
𭱜	水	12	
𭱝	水	12	
𭱞	水	12	
𭱟	水	12	
𭱠	水	12	
𭱡	水	13	
𭱢	水	13	
𭱣	水	13	
𭱤	水	13	
𭱥	水	13	
𭱦	水	13	
𭱧	水	12	
𭱨	水	13	
𭱩	水	13	
𭱪	水	13	
𭱫	水	12	
𭱬	水	13	
𭱭	水	13	
𭱮	水	15	
𭱯	水	13	
𭱰	水	13	
𭱱	水	13	
𭱲	水	13	
𭱳	水	12	
𭱴	水	13	
𭱵	水	13	
𭱶	水	13	
𭱷	水	14	
𭱸	水	14	
𭱹	水	14	
𭱺	水	13	
𭱻	水	13	
𭱼	水	14	
𭱽	水	14	
𭱾	水	14	
𭱿	水	14	
𭲀	水	14	
𭲁	水	13	
𭲂	水	14	
𭲃	水	14	
𭲄	水	14	
𭲅	水	14	
𭲆	水	14	
𭲇	水	14	
𭲈	水	14	
𭲉	水	14	
𭲊	水	14	
𭲋	水	14	
𭲌	水	14	
𭲍	水	14	
𭲎	水	14	
𭲏	水	14	
𭲐	水	15	
𭲑	水	14	
𭲒	水	15	
𭲓	水	15	
𭲔	水	15	
𭲕	水	15	
𭲖	水	15	
𭲗	水	14	
𭲘	水	15	
𭲙	水	15	
𭲚	水	15	
𭲛	水	15	
𭲜	水	15	
𭲝	水	13	
𭲞	水	15	
𭲟	水	15	
𭲠	水	15	
𭲡	水	15	
𭲢	水	15	
𭲣	水	15	
𭲤	水	14	
𭲥	水	15	
𭲦	水	15	
𭲧	水	15	
𭲨	水	15	
𭲩	水	15	
𭲪	水	15	
𭲫	水	15	
𭲬	水	16	
𭲭	水	16	
𭲮	水	16	
𭲯	水	16	
𭲰	水	16	
𭲱	水	16	
𭲲	水	18	
𭲳	水	16	
𭲴	水	16	
𭲵	水	16	
𭲶	水	16	
𭲷	水	16	
𭲸	水	16	
𭲹	水	16	
𭲺	水	16	
𭲻	水	16	
𭲼	水	17	
𭲽	水	17	
𭲾	水	17	
𭲿	水	16	
𭳀	水	16	
𭳁	水	17	
𭳂	水	17	
𭳃	水	17	
𭳄	水	16	
𭳅	水	17	
𭳆	水	17	
𭳇	水	17	
𭳈	水	16	
𭳉	水	16	
𭳊	水	17	
𭳋	水	17	
𭳌	水	17	
𭳍	水	17	
𭳎	水	16	
𭳏	水	17	
𭳐	水	18	
𭳑	水	18	
𭳒	水	18	
𭳓	水	18	
𭳔	水	18	
𭳕	水	18	
𭳖	水	18	
𭳗	水	18	
𭳘	水	18	
𭳙	水	18	
𭳚	水	17	
𭳛	水	17	
𭳜	水	19	
𭳝	水	19	
𭳞	水	20	
𭳟	水	19	
𭳠	水	19	
𭳡	水	18	
𭳢	水	18	
𭳣	水	19	
𭳤	水	19	
𭳥	水	19	
𭳦	水	19	
𭳧	水	19	
𭳨	水	19	
𭳩	水	19	
𭳪	水	19	
𭳫	水	19	
𭳬	水	20	
𭳭	水	19	
𭳮	水	20	
𭳯	水	20	
𭳰	水	21	
𭳱	水	21	
𭳲	水	20	
𭳳	水	21	
𭳴	水	21	
𭳵	水	20	
𭳶	水	21	
𭳷	水	21	
𭳸	水	22	
𭳹	水	22	
𭳺	水	24	
𭳻	水	24	
𭳼	水	23	
𭳽	水	23	
𭳾	水	33	
𭳿	火	5	
𭴀	火	6	
𭴁	火	6	
𭴂	火	6	
𭴃	火	7	
𭴄	火	7	
𭴅	火	7	
𭴆	火	7	
𭴇	火	7	
𭴈	火	8	
𭴉	火	8	
𭴊	火	8	
𭴋	火	8	
𭴌	火	8	
𭴍	火	8	
𭴎	火	8	
𭴏	火	8	
𭴐	火	8	
𭴑	火	8	
𭴒	火	9	
𭴓	火	9	
𭴔	火	9	
𭴕	火	9	
𭴖	火	9	
𭴗	火	9	
𭴘	火	9	
𭴙	火	9	
𭴚	火	9	
𭴛	火	10	
𭴜	火	10	
𭴝	火	10	
𭴞	火	10	
𭴟	火	10	
𭴠	火	10	
𭴡	火	10	
𭴢	火	10	
𭴣	火	10	
𭴤	火	9	
𭴥	火	10	
𭴦	火	11	
𭴧	火	11	
𭴨	火	11	
𭴩	火	11	
𭴪	火	11	
𭴫	火	11	
𭴬	火	11	
𭴭	火	11	
𭴮	火	11	
𭴯	火	11	
𭴰	火	11	
𭴱	火	11	
𭴲	火	11	
𭴳	火	11	
𭴴	火	11	
𭴵	火	11	
𭴶	火	11	
𭴷	火	11	
𭴸	火	12	
𭴹	火	12	
𭴺	火	12	
𭴻	火	12	
𭴼	火	12	
𭴽	火	12	
𭴾	火	12	
𭴿	火	12	
𭵀	火	12	
𭵁	火	12	
𭵂	火	12	
𭵃	火	12	
𭵄	火	12	
𭵅	火	12	
𭵆	火	12	
𭵇	火	12	
𭵈	火	12	
𭵉	火	13	
𭵊	火	13	
𭵋	火	12	
𭵌	火	12	
𭵍	火	12	
𭵎	火	13	
𭵏	火	13	
𭵐	火	13	
𭵑	火	13	
𭵒	火	13	
𭵓	火	13	
𭵔	火	12	
𭵕	火	13	
𭵖	火	12	
𭵗	火	13	
𭵘	火	13	
𭵙	火	13	
𭵚	火	13	
𭵛	火	13	
𭵜	火	13	
𭵝	火	13	
𭵞	火	13	
𭵟	火	13	
𭵠	火	14	
𭵡	火	13	
𭵢	火	14	
𭵣	火	14	
𭵤	火	14	
𭵥	火	14	
𭵦	火	14	
𭵧	火	14	
𭵨	火	13	
𭵩	火	14	
𭵪	火	14	
𭵫	火	14	
𭵬	火	13	
𭵭	火	13	
𭵮	火	14	
𭵯	火	14	
𭵰	火	14	
𭵱	火	14	
𭵲	火	13	
𭵳	火	15	
𭵴	火	15	
𭵵	火	15	
𭵶	火	14	
𭵷	火	15	
𭵸	火	16	
𭵹	火	15	
𭵺	火	15	
𭵻	火	15	
𭵼	火	15	
𭵽	火	16	
𭵾	火	16	
𭵿	火	16	
𭶀	火	16	
𭶁	火	16	
𭶂	火	15	
𭶃	火	16	
𭶄	火	15	
𭶅	火	16	
𭶆	火	16	
𭶇	火	16	
𭶈	火	16	
𭶉	火	16	
𭶊	火	16	
𭶋	火	16	
𭶌	火	17	
𭶍	火	16	
𭶎	火	16	
𭶏	火	15	
𭶐	火	17	
𭶑	火	17	
𭶒	火	17	
𭶓	火	17	
𭶔	火	17	
𭶕	火	17	
𭶖	火	17	
𭶗	火	17	
𭶘	火	17	
𭶙	火	17	
𭶚	火	18	
𭶛	火	18	
𭶜	火	18	
𭶝	火	18	
𭶞	火	18	
𭶟	火	18	
𭶠	火	17	
𭶡	火	18	
𭶢	火	18	
𭶣	火	19	
𭶤	火	19	
𭶥	火	20	
𭶦	火	20	
𭶧	火	20	
𭶨	火	23	
𭶩	火	24	
𭶪	爪	8	
𭶫	爪	9	
𭶬	爪	10	
𭶭	爪	10	
𭶮	爪	10	
𭶯	爪	10	
𭶰	爪	11	
𭶱	爪	12	
𭶲	爪	12	
𭶳	爪	13	
𭶴	爪	14	
𭶵	爪	14	
𭶶	爪	15	
𭶷	爪	15	
𭶸	爪	16	
𭶹	爪	17	
𭶺	父	6	
𭶻	父	7	
𭶼	父	11	
𭶽	父	21	
𭶾	爿	7	
𭶿	爿	6	
𭷀	爿	7	
𭷁	爿	8	
𭷂	爿	9	
𭷃	爿	8	
𭷄	爿	10	
𭷅	爿	10	
𭷆	爿	11	
𭷇	爿	17	
𭷈	爿	18	
𭷉	片	8	
𭷊	片	9	
𭷋	片	9	
𭷌	片	11	
𭷍	片	17	
𭷎	片	18	
𭷏	牙	8	
𭷐	牙	9	
𭷑	牙	10	
𭷒	牙	12	
𭷓	牛	5	
𭷔	牛	6	
𭷕	牛	8	
𭷖	牛	8	
𭷗	牛	8	
𭷘	牛	8	
𭷙	牛	8	
𭷚	牛	9	
𭷛	牛	9	
𭷜	牛	9	
𭷝	牛	9	
𭷞	牛	10	
𭷟	牛	10	
𭷠	牛	11	
𭷡	牛	11	
𭷢	牛	11	
𭷣	牛	11	
𭷤	牛	12	
𭷥	牛	12	
𭷦	牛	12	
𭷧	牛	12	
𭷨	牛	12	
𭷩	牛	12	
𭷪	牛	12	
𭷫	牛	12	
𭷬	牛	12	
𭷭	牛	12	
𭷮	牛	14	
𭷯	牛	14	
𭷰	牛	15	
𭷱	牛	14	
𭷲	牛	15	
𭷳	牛	15	
𭷴	牛	16	
𭷵	牛	16	
𭷶	牛	19	
𭷷	牛	23	
𭷸	犬	5	
𭷹	犬	6	
𭷺	犬	7	
𭷻	犬	7	
𭷼	犬	7	
𭷽	犬	7	
𭷾	犬	7	
𭷿	犬	9	
𭸀	犬	8	
𭸁	犬	9	
𭸂	犬	8	
𭸃	犬	8	
𭸄	犬	9	
𭸅	犬	9	
𭸆	犬	9	
𭸇	犬	9	
𭸈	犬	9	
𭸉	犬	9	
𭸊	犬	10	
𭸋	犬	11	
𭸌	犬	10	
𭸍	犬	10	
𭸎	犬	10	
𭸏	犬	10	
𭸐	犬	10	
𭸑	犬	10	
𭸒	犬	11	
𭸓	犬	11	
𭸔	犬	12	
𭸕	犬	11	
𭸖	犬	11	
𭸗	犬	12	
𭸘	犬	12	
𭸙	犬	11	
𭸚	犬	12	
𭸛	犬	12	
𭸜	犬	12	
𭸝	犬	12	
𭸞	犬	12	
𭸟	犬	12	
𭸠	犬	11	
𭸡	犬	13	
𭸢	犬	13	
𭸣	犬	15	
𭸤	犬	14	
𭸥	犬	14	
𭸦	犬	14	
𭸧	犬	14	
𭸨	犬	15	
𭸩	犬	15	
𭸪	犬	16	
𭸫	犬	16	
𭸬	犬	15	
𭸭	犬	16	
𭸮	犬	18	
𭸯	犬	17	
𭸰	犬	18	
𭸱	犬	18	
𭸲	犬	20	
𭸳	犬	20	
𭸴	犬	27	
𭸵	玉	6	
𭸶	玉	8	
𭸷	玉	8	
𭸸	玉	8	
𭸹	玉	8	
𭸺	玉	8	
𭸻	玉	8	
𭸼	玉	10	
𭸽	玉	9	
𭸾	玉	8	
𭸿	玉	9	
𭹀	玉	9	
𭹁	玉	9	
𭹂	玉	9	
𭹃	玉	9	
𭹄	玉	10	
𭹅	玉	9	
𭹆	玉	10	
𭹇	玉	10	
𭹈	玉	10	
𭹉	玉	10	
𭹊	玉	11	
𭹋	玉	10	
𭹌	玉	11	
𭹍	玉	11	
𭹎	玉	12	
𭹏	玉	11	
𭹐	玉	11	
𭹑	玉	11	
𭹒	玉	11	
𭹓	玉	11	
𭹔	玉	11	
𭹕	玉	12	
𭹖	玉	12	
𭹗	玉	12	
𭹘	玉	12	
𭹙	玉	12	
𭹚	玉	12	
𭹛	玉	11	
𭹜	玉	12	
𭹝	玉	12	
𭹞	玉	12	
𭹟	玉	12	
𭹠	玉	12	
𭹡	玉	12	
𭹢	玉	12	
𭹣	玉	13	
𭹤	玉	13	
𭹥	玉	13	
𭹦	玉	13	
𭹧	玉	13	
𭹨	玉	13	
𭹩	玉	13	
𭹪	玉	12	
𭹫	玉	14	
𭹬	玉	12	
𭹭	玉	14	
𭹮	玉	13	
𭹯	玉	15	
𭹰	玉	15	
𭹱	玉	14	
𭹲	玉	15	
𭹳	玉	15	
𭹴	玉	15	
𭹵	玉	15	
𭹶	玉	16	
𭹷	玉	16	
𭹸	玉	16	
𭹹	玉	16	
𭹺	玉	16	
𭹻	玉	16	
𭹼	玉	16	
𭹽	玉	16	
𭹾	玉	16	
𭹿	玉	16	
𭺀	玉	17	
𭺁	玉	16	
𭺂	玉	17	
𭺃	玉	16	
𭺄	玉	17	
𭺅	玉	17	
𭺆	玉	18	
𭺇	玉	17	
𭺈	玉	17	
𭺉	玉	18	
𭺊	玉	17	
𭺋	玉	18	
𭺌	玉	18	
𭺍	玉	20	
𭺎	玉	19	
𭺏	玉	21	
𭺐	玉	19	
𭺑	玉	20	
𭺒	玉	20	
𭺓	玉	21	
𭺔	玉	22	
𭺕	玉	22	
𭺖	玉	24	
𭺗	瓜	9	
𭺘	瓜	10	
𭺙	瓜	16	
𭺚	瓜	16	
𭺛	瓦	5	
𭺜	瓦	5	
𭺝	瓦	8	
𭺞	瓦	10	
𭺟	瓦	10	
𭺠	瓦	10	
𭺡	瓦	10	
𭺢	瓦	11	
𭺣	瓦	12	
𭺤	瓦	14	
𭺥	瓦	17	
𭺦	瓦	17	
𭺧	瓦	19	
𭺨	瓦	19	
𭺩	瓦	21	
𭺪	甘	4	
𭺫	甘	4	
𭺬	甘	11	
𭺭	甘	13	
𭺮	甘	14	
𭺯	甘	14	
𭺰	甘	15	
𭺱	生	8	
𭺲	生	8	
𭺳	生	8	
𭺴	生	10	
𭺵	生	12	
𭺶	生	17	
𭺷	生	18	
𭺸	用	8	
𭺹	用	9	
𭺺	用	11	
𭺻	用	12	
𭺼	用	17	
𭺽	田	6	
𭺾	田	9	
𭺿	田	9	
𭻀	田	9	
𭻁	田	9	
𭻂	田	9	
𭻃	田	9	
𭻄	田	9	
𭻅	田	9	
𭻆	田	9	
𭻇	田	10	
𭻈	田	10	
𭻉	田	10	
𭻊	田	10	
𭻋	田	10	
𭻌	田	11	
𭻍	田	11	
𭻎	田	11	
𭻏	田	11	
𭻐	田	11	
𭻑	田	11	
𭻒	田	11	
𭻓	田	11	
𭻔	田	12	
𭻕	田	12	
𭻖	田	12	
𭻗	田	12	
𭻘	田	12	
𭻙	田	12	
𭻚	田	12	
𭻛	田	13	
𭻜	田	13	
𭻝	田	13	
𭻞	田	13	
𭻟	田	13	
𭻠	田	13	
𭻡	田	14	
𭻢	田	14	
𭻣	田	14	
𭻤	田	14	
𭻥	田	15	
𭻦	田	15	
𭻧	田	16	
𭻨	田	16	
𭻩	田	16	
𭻪	田	16	
𭻫	田	16	
𭻬	田	15	
𭻭	田	15	
𭻮	田	16	
𭻯	田	17	
𭻰	田	17	
𭻱	田	17	
𭻲	田	18	
𭻳	田	18	
𭻴	田	19	
𭻵	田	19	
𭻶	田	20	
𭻷	田	20	
𭻸	田	21	
𭻹	田	22	
𭻺	田	23	
𭻻	田	25	
𭻼	田	27	
𭻽	田	27	
𭻾	疋	7	
𭻿	疋	9	
𭼀	疋	10	
𭼁	疋	11	
𭼂	疋	13	
𭼃	疋	15	
𭼄	疋	14	
𭼅	疋	15	
𭼆	疒	9	
𭼇	疒	9	
𭼈	疒	10	
𭼉	疒	10	
𭼊	疒	11	
𭼋	疒	11	
𭼌	疒	11	
𭼍	疒	11	
𭼎	疒	12	
𭼏	疒	12	
𭼐	疒	12	
𭼑	疒	12	
𭼒	疒	12	
𭼓	疒	13	
𭼔	疒	13	
𭼕	疒	13	
𭼖	疒	13	
𭼗	疒	14	
𭼘	疒	14	
𭼙	疒	14	
𭼚	疒	14	
𭼛	疒	14	
𭼜	疒	14	
𭼝	疒	14	
𭼞	疒	15	
𭼟	疒	15	
𭼠	疒	16	
𭼡	疒	16	
𭼢	疒	16	
𭼣	疒	15	
𭼤	疒	15	
𭼥	疒	16	
𭼦	疒	16	
𭼧	疒	16	
𭼨	疒	17	
𭼩	疒	17	
𭼪	疒	17	
𭼫	疒	17	
𭼬	疒	20	
𭼭	疒	17	
𭼮	疒	18	
𭼯	疒	18	
𭼰	疒	19	
𭼱	疒	19	
𭼲	疒	19	
𭼳	疒	19	
𭼴	疒	19	
𭼵	疒	20	
𭼶	疒	20	
𭼷	疒	20	
𭼸	疒	22	
𭼹	疒	23	
𭼺	疒	24	
𭼻	疒	27	
𭼼	疒	28	
𭼽	癶	5	
𭼾	癶	9	
𭼿	癶	9	
𭽀	癶	11	
𭽁	癶	13	
𭽂	癶	14	
𭽃	癶	14	
𭽄	癶	15	
𭽅	癶	16	
𭽆	白	7	
𭽇	白	8	
𭽈	白	8	
𭽉	白	8	
𭽊	白	8	
𭽋	白	9	
𭽌	白	9	
𭽍	白	9	
𭽎	白	10	
𭽏	白	10	
𭽐	白	10	
𭽑	白	10	
𭽒	白	10	
𭽓	白	10	
𭽔	白	11	
𭽕	白	11	
𭽖	白	11	
𭽗	白	11	
𭽘	白	12	
𭽙	白	13	
𭽚	白	13	
𭽛	白	13	
𭽜	白	13	
𭽝	白	14	
𭽞	白	14	
𭽟	白	15	
𭽠	白	15	
𭽡	白	18	
𭽢	白	18	
𭽣	皮	10	
𭽤	皮	10	
𭽥	皮	11	
𭽦	皮	11	
𭽧	皮	11	
𭽨	皮	11	
𭽩	皮	11	
𭽪	皮	11	
𭽫	皮	12	
𭽬	皮	13	
𭽭	皮	13	
𭽮	皮	13	
𭽯	皮	14	
𭽰	皮	14	
𭽱	皮	15	
𭽲	皮	15	
𭽳	皮	15	
𭽴	皮	16	
𭽵	皮	16	
𭽶	皮	18	
𭽷	皮	18	
𭽸	皮	19	
𭽹	皮	19	
𭽺	皮	23	
𭽻	皮	25	
𭽼	皿	9	
𭽽	皿	10	
𭽾	皿	10	
𭽿	皿	10	
𭾀	皿	11	
𭾁	皿	11	
𭾂	皿	12	
𭾃	皿	13	
𭾄	皿	13	
𭾅	皿	13	
𭾆	皿	12	
𭾇	皿	14	
𭾈	皿	14	
𭾉	皿	14	
𭾊	皿	14	
𭾋	皿	14	
𭾌	皿	15	
𭾍	皿	15	
𭾎	皿	15	
𭾏	皿	15	
𭾐	皿	16	
𭾑	皿	17	
𭾒	皿	18	
𭾓	皿	19	
𭾔	皿	19	
𭾕	皿	21	
𭾖	皿	23	
𭾗	目	7	
𭾘	目	7	
𭾙	目	7	
𭾚	目	8	
𭾛	目	8	
𭾜	目	8	
𭾝	目	8	
𭾞	目	9	
𭾟	目	9	
𭾠	目	9	
𭾡	目	9	
𭾢	目	9	
𭾣	目	8	
𭾤	目	9	
𭾥	目	9	
𭾦	目	10	
𭾧	目	10	
𭾨	目	10	
𭾩	目	10	
𭾪	目	10	
𭾫	目	11	
𭾬	目	11	
𭾭	目	11	
𭾮	目	11	
𭾯	目	11	
𭾰	目	11	
𭾱	目	11	
𭾲	目	11	
𭾳	目	12	
𭾴	目	12	
𭾵	目	12	
𭾶	目	12	
𭾷	目	11	
𭾸	目	12	
𭾹	目	13	
𭾺	目	13	
𭾻	目	13	
𭾼	目	13	
𭾽	目	13	
𭾾	目	13	
𭾿	目	13	
𭿀	目	13	
𭿁	目	13	
𭿂	目	13	
𭿃	目	13	
𭿄	目	14	
𭿅	目	14	
𭿆	目	13	
𭿇	目	14	
𭿈	目	14	
𭿉	目	14	
𭿊	目	14	
𭿋	目	14	
𭿌	目	14	
𭿍	目	14	
𭿎	目	14	
𭿏	目	14	
𭿐	目	15	
𭿑	目	15	
𭿒	目	15	
𭿓	目	15	
𭿔	目	15	
𭿕	目	16	
𭿖	目	16	
𭿗	目	16	
𭿘	目	15	
𭿙	目	16	
𭿚	目	16	
𭿛	目	16	
𭿜	目	16	
𭿝	目	17	
𭿞	目	17	
𭿟	目	17	
𭿠	目	17	
𭿡	目	17	
𭿢	目	18	
𭿣	目	18	
𭿤	目	17	
𭿥	目	18	
𭿦	目	17	
𭿧	目	18	
𭿨	目	17	
𭿩	目	19	
𭿪	目	19	
𭿫	目	18	
𭿬	目	19	
𭿭	目	19	
𭿮	目	21	
𭿯	目	21	
𭿰	目	20	
𭿱	目	21	
𭿲	目	22	
𭿳	目	24	
𭿴	目	24	
𭿵	矛	5	
𭿶	矛	6	
𭿷	矛	10	
𭿸	矛	10	
𭿹	矛	11	
𭿺	矛	11	
𭿻	矛	15	
𭿼	矛	16	
𭿽	矢	7	
𭿾	矢	9	
𭿿	矢	9	
𮀀	矢	10	
𮀁	矢	11	
𮀂	矢	11	
𮀃	矢	13	
𮀄	矢	13	
𮀅	矢	14	
𮀆	矢	14	
𮀇	矢	15	
𮀈	矢	15	
𮀉	矢	16	
𮀊	矢	20	
𮀋	石	8	
𮀌	石	8	
𮀍	石	9	
𮀎	石	9	
𮀏	石	10	
𮀐	石	10	
𮀑	石	10	
𮀒	石	10	
𮀓	石	10	
𮀔	石	10	
𮀕	石	11	
𮀖	石	11	
𮀗	石	10	
𮀘	石	11	
𮀙	石	12	
𮀚	石	12	
𮀛	石	12	
𮀜	石	12	
𮀝	石	12	
𮀞	石	12	
𮀟	石	12	
𮀠	石	12	
𮀡	石	12	
𮀢	石	13	
𮀣	石	13	
𮀤	石	12	
𮀥	石	12	
𮀦	石	13	
𮀧	石	13	
𮀨	石	13	
𮀩	石	13	
𮀪	石	13	
𮀫	石	13	
𮀬	石	14	
𮀭	石	14	
𮀮	石	14	
𮀯	石	14	
𮀰	石	14	
𮀱	石	14	
𮀲	石	14	
𮀳	石	14	
𮀴	石	13	
𮀵	石	14	
𮀶	石	15	
𮀷	石	15	
𮀸	石	15	
𮀹	石	15	
𮀺	石	15	
𮀻	石	15	
𮀼	石	15	
𮀽	石	16	
𮀾	石	16	
𮀿	石	16	
𮁀	石	16	
𮁁	石	15	
𮁂	石	16	
𮁃	石	16	
𮁄	石	17	
𮁅	石	17	
𮁆	石	16	
𮁇	石	17	
𮁈	石	17	
𮁉	石	17	
𮁊	石	17	
𮁋	石	18	
𮁌	石	17	
𮁍	石	18	
𮁎	石	18	
𮁏	石	18	
𮁐	石	19	
𮁑	石	19	
𮁒	石	18	
𮁓	石	21	
𮁔	石	19	
𮁕	石	20	
𮁖	石	23	
𮁗	石	23	
𮁘	石	23	
𮁙	石	23	
𮁚	石	23	
𮁛	石	25	
𮁜	示	7	
𮁝	示	7	
𮁞	示	8	
𮁟	示	8	
𮁠	示	9	
𮁡	示	9	
𮁢	示	9	
𮁣	示	9	
𮁤	示	10	
𮁥	示	10	
𮁦	示	10	
𮁧	示	10	
𮁨	示	10	
𮁩	示	10	
𮁪	示	10	
𮁫	示	10	
𮁬	示	10	
𮁭	示	11	
𮁮	示	11	
𮁯	示	10	
𮁰	示	11	
𮁱	示	11	
𮁲	示	11	
𮁳	示	10	
𮁴	示	10	
𮁵	示	11	
𮁶	示	11	
𮁷	示	11	
𮁸	示	12	
𮁹	示	12	
𮁺	示	11	
𮁻	示	12	
𮁼	示	12	
𮁽	示	12	
𮁾	示	12	
𮁿	示	12	
𮂀	示	13	
𮂁	示	12	
𮂂	示	12	
𮂃	示	13	
𮂄	示	14	
𮂅	示	14	
𮂆	示	13	
𮂇	示	13	
𮂈	示	14	
𮂉	示	14	
𮂊	示	15	
𮂋	示	15	
𮂌	示	15	
𮂍	示	15	
𮂎	示	15	
𮂏	示	15	
𮂐	示	16	
𮂑	示	16	
𮂒	示	16	
𮂓	示	14	
𮂔	示	15	
𮂕	示	16	
𮂖	示	22	
𮂗	示	15	
𮂘	示	17	
𮂙	示	17	
𮂚	示	16	
𮂛	示	17	
𮂜	示	17	
𮂝	示	16	
𮂞	示	18	
𮂟	示	19	
𮂠	示	20	
𮂡	示	20	
𮂢	示	20	
𮂣	示	21	
𮂤	示	22	
𮂥	示	21	
𮂦	示	22	
𮂧	示	21	
𮂨	示	23	
𮂩	示	24	
𮂪	示	24	
𮂫	示	24	
𮂬	禸	11	
𮂭	禸	21	
𮂮	禸	21	
𮂯	禾	7	
𮂰	禾	8	
𮂱	禾	9	
𮂲	禾	9	
𮂳	禾	9	
𮂴	禾	9	
𮂵	禾	9	
𮂶	禾	9	
𮂷	禾	9	
𮂸	禾	9	
𮂹	禾	9	
𮂺	禾	10	
𮂻	禾	10	
𮂼	禾	10	
𮂽	禾	10	
𮂾	禾	10	
𮂿	禾	10	
𮃀	禾	10	
𮃁	禾	11	
𮃂	禾	11	
𮃃	禾	11	
𮃄	禾	11	
𮃅	禾	12	
𮃆	禾	12	
𮃇	禾	13	
𮃈	禾	13	
𮃉	禾	13	
𮃊	禾	13	
𮃋	禾	13	
𮃌	禾	13	
𮃍	禾	13	
𮃎	禾	13	
𮃏	禾	13	
𮃐	禾	13	
𮃑	禾	13	
𮃒	禾	13	
𮃓	禾	14	
𮃔	禾	13	
𮃕	禾	14	
𮃖	禾	14	
𮃗	禾	14	
𮃘	禾	14	
𮃙	禾	14	
𮃚	禾	14	
𮃛	禾	15	
𮃜	禾	15	
𮃝	禾	15	
𮃞	禾	15	
𮃟	禾	15	
𮃠	禾	15	
𮃡	禾	16	
𮃢	禾	15	
𮃣	禾	16	
𮃤	禾	16	
𮃥	禾	15	
𮃦	禾	16	
𮃧	禾	16	
𮃨	禾	16	
𮃩	禾	15	
𮃪	禾	16	
𮃫	禾	15	
𮃬	禾	17	
𮃭	禾	17	
𮃮	禾	17	
𮃯	禾	17	
𮃰	禾	17	
𮃱	禾	17	
𮃲	禾	18	
𮃳	禾	19	
𮃴	禾	20	
𮃵	禾	20	
𮃶	禾	24	
𮃷	禾	24	
𮃸	穴	8	
𮃹	穴	9	
𮃺	穴	10	
𮃻	穴	10	
𮃼	穴	11	
𮃽	穴	12	
𮃾	穴	11	
𮃿	穴	12	
𮄀	穴	12	
𮄁	穴	13	
𮄂	穴	13	
𮄃	穴	13	
𮄄	穴	13	
𮄅	穴	13	
𮄆	穴	13	
𮄇	穴	13	
𮄈	穴	14	
𮄉	穴	14	
𮄊	穴	14	
𮄋	穴	14	
𮄌	穴	15	
𮄍	穴	15	
𮄎	穴	15	
𮄏	穴	16	
𮄐	穴	16	
𮄑	穴	15	
𮄒	穴	16	
𮄓	穴	16	
𮄔	穴	16	
𮄕	穴	16	
𮄖	穴	17	
𮄗	穴	17	
𮄘	穴	17	
𮄙	穴	17	
𮄚	穴	16	
𮄛	穴	18	
𮄜	穴	17	
𮄝	穴	18	
𮄞	穴	19	
𮄟	穴	19	
𮄠	穴	19	
𮄡	穴	19	
𮄢	穴	21	
𮄣	穴	22	
𮄤	穴	23	
𮄥	穴	25	
𮄦	穴	23	
𮄧	立	8	
𮄨	立	9	
𮄩	立	10	
𮄪	立	10	
𮄫	立	10	
𮄬	立	10	
𮄭	立	11	
𮄮	立	11	
𮄯	立	12	
𮄰	立	12	
𮄱	立	13	
𮄲	立	13	
𮄳	立	13	
𮄴	立	14	
𮄵	立	14	
𮄶	立	14	
𮄷	立	15	
𮄸	立	16	
𮄹	立	16	
𮄺	立	16	
𮄻	立	17	
𮄼	立	17	
𮄽	立	19	
𮄾	立	19	
𮄿	立	30	
𮅀	竹	10	
𮅁	竹	10	
𮅂	竹	10	
𮅃	竹	10	
𮅄	竹	11	
𮅅	竹	11	
𮅆	竹	11	
𮅇	竹	12	
𮅈	竹	12	
𮅉	竹	11	
𮅊	竹	12	
𮅋	竹	12	
𮅌	竹	12	
𮅍	竹	11	
𮅎	竹	12	
𮅏	竹	12	
𮅐	竹	12	
𮅑	竹	13	
𮅒	竹	13	
𮅓	竹	13	
𮅔	竹	13	
𮅕	竹	14	
𮅖	竹	14	
𮅗	竹	14	
𮅘	竹	14	
𮅙	竹	14	
𮅚	竹	13	
𮅛	竹	14	
𮅜	竹	14	
𮅝	竹	14	
𮅞	竹	14	
𮅟	竹	14	
𮅠	竹	14	
𮅡	竹	15	
𮅢	竹	15	
𮅣	竹	15	
𮅤	竹	15	
𮅥	竹	15	
𮅦	竹	15	
𮅧	竹	15	
𮅨	竹	14	
𮅩	竹	15	
𮅪	竹	15	
𮅫	竹	15	
𮅬	竹	15	
𮅭	竹	15	
𮅮	竹	15	
𮅯	竹	16	
𮅰	竹	16	
𮅱	竹	16	
𮅲	竹	16	
𮅳	竹	15	
𮅴	竹	16	
𮅵	竹	16	
𮅶	竹	17	
𮅷	竹	17	
𮅸	竹	17	
𮅹	竹	17	
𮅺	竹	17	
𮅻	竹	16	
𮅼	竹	17	
𮅽	竹	17	
𮅾	竹	17	
𮅿	竹	16	
𮆀	竹	16	
𮆁	竹	17	
𮆂	竹	17	
𮆃	竹	17	
𮆄	竹	17	
𮆅	竹	16	
𮆆	竹	17	
𮆇	竹	18	
𮆈	竹	18	
𮆉	竹	18	
𮆊	竹	18	
𮆋	竹	18	
𮆌	竹	19	
𮆍	竹	17	
𮆎	竹	18	
𮆏	竹	18	
𮆐	竹	18	
𮆑	竹	17	
𮆒	竹	17	
𮆓	竹	18	
𮆔	竹	19	
𮆕	竹	18	
𮆖	竹	19	
𮆗	竹	18	
𮆘	竹	19	
𮆙	竹	19	
𮆚	竹	19	
𮆛	竹	19	
𮆜	竹	19	
𮆝	竹	19	
𮆞	竹	19	
𮆟	竹	20	
𮆠	竹	19	
𮆡	竹	19	
𮆢	竹	20	
𮆣	竹	21	
𮆤	竹	20	
𮆥	竹	20	
𮆦	竹	20	
𮆧	竹	20	
𮆨	竹	21	
𮆩	竹	21	
𮆪	竹	21	
𮆫	竹	21	
𮆬	竹	21	
𮆭	竹	21	
𮆮	竹	21	
𮆯	竹	21	
𮆰	竹	19	
𮆱	竹	21	
𮆲	竹	22	
𮆳	竹	21	
𮆴	竹	21	
𮆵	竹	21	
𮆶	竹	22	
𮆷	竹	22	
𮆸	竹	20	
𮆹	竹	22	
𮆺	竹	22	
𮆻	竹	22	
𮆼	竹	22	
𮆽	竹	22	
𮆾	竹	24	
𮆿	竹	25	
𮇀	竹	26	
𮇁	竹	27	
𮇂	竹	27	
𮇃	米	8	
𮇄	米	8	
𮇅	米	9	
𮇆	米	10	
𮇇	米	10	
𮇈	米	10	
𮇉	米	10	
𮇊	米	10	
𮇋	米	11	
𮇌	米	11	
𮇍	米	11	
𮇎	米	11	
𮇏	米	11	
𮇐	米	11	
𮇑	米	11	
𮇒	米	11	
𮇓	米	12	
𮇔	米	12	
𮇕	米	12	
𮇖	米	12	
𮇗	米	11	
𮇘	米	12	
𮇙	米	12	
𮇚	米	12	
𮇛	米	12	
𮇜	米	12	
𮇝	米	12	
𮇞	米	13	
𮇟	米	13	
𮇠	米	13	
𮇡	米	13	
𮇢	米	13	
𮇣	米	13	
𮇤	米	13	
𮇥	米	14	
𮇦	米	14	
𮇧	米	14	
𮇨	米	14	
𮇩	米	14	
𮇪	米	14	
𮇫	米	14	
𮇬	米	16	
𮇭	米	15	
𮇮	米	15	
𮇯	米	15	
𮇰	米	15	
𮇱	米	15	
𮇲	米	15	
𮇳	米	16	
𮇴	米	16	
𮇵	米	16	
𮇶	米	16	
𮇷	米	16	
𮇸	米	16	
𮇹	米	17	
𮇺	米	17	
𮇻	米	18	
𮇼	米	18	
𮇽	米	18	
𮇾	米	19	
𮇿	米	21	
𮈀	米	25	
𮈁	糸	9	
𮈂	糸	9	
𮈃	糸	10	
𮈄	糸	10	
𮈅	糸	10	
𮈆	糸	11	
𮈇	糸	11	
𮈈	糸	11	
𮈉	糸	11	
𮈊	糸	11	
𮈋	糸	12	
𮈌	糸	12	
𮈍	糸	12	
𮈎	糸	12	
𮈏	糸	12	
𮈐	糸	12	
𮈑	糸	13	
𮈒	糸	13	
𮈓	糸	13	
𮈔	糸	13	
𮈕	糸	13	
𮈖	糸	14	
𮈗	糸	14	
𮈘	糸	14	
𮈙	糸	13	
𮈚	糸	14	
𮈛	糸	14	
𮈜	糸	14	
𮈝	糸	14	
𮈞	糸	14	
𮈟	糸	14	
𮈠	糸	14	
𮈡	糸	14	
𮈢	糸	14	
𮈣	糸	15	
𮈤	糸	15	
𮈥	糸	15	
𮈦	糸	15	
𮈧	糸	15	
𮈨	糸	15	
𮈩	糸	15	
𮈪	糸	15	
𮈫	糸	15	
𮈬	糸	15	
𮈭	糸	15	
𮈮	糸	15	
𮈯	糸	15	
𮈰	糸	15	
𮈱	糸	16	
𮈲	糸	16	
𮈳	糸	16	
𮈴	糸	15	
𮈵	糸	15	
𮈶	糸	15	
𮈷	糸	16	
𮈸	糸	16	
𮈹	糸	16	
𮈺	糸	17	
𮈻	糸	17	
𮈼	糸	17	
𮈽	糸	17	
𮈾	糸	17	
𮈿	糸	17	
𮉀	糸	17	
𮉁	糸	17	
𮉂	糸	17	
𮉃	糸	17	
𮉄	糸	18	
𮉅	糸	17	
𮉆	糸	18	
𮉇	糸	17	
𮉈	糸	18	
𮉉	糸	17	
𮉊	糸	18	
𮉋	糸	19	
𮉌	糸	18	
𮉍	糸	19	
𮉎	糸	18	
𮉏	糸	18	
𮉐	糸	20	
𮉑	糸	20	
𮉒	糸	20	
𮉓	糸	21	
𮉔	糸	20	
𮉕	糸	21	
𮉖	糸	21	
𮉗	糸	22	
𮉘	糸	21	
𮉙	糸	21	
𮉚	糸	23	
𮉛	糸	24	
𮉜	糸	23	
𮉝	糸	24	
𮉞	糸	24	
𮉟	糸	27	
𮉠		5	
𮉡		8	
𮉢		8	
𮉣		8	
𮉤		9	
𮉥		9	
𮉦		9	
𮉧		10	
𮉨		10	
𮉩		10	
𮉪		11	
𮉫		11	
𮉬		11	
𮉭		12	
𮉮		14	
𮉯		14	
𮉰	缶	9	
𮉱	缶	10	
𮉲	缶	11	
𮉳	缶	13	
𮉴	缶	13	
𮉵	缶	14	
𮉶	缶	15	
𮉷	缶	16	
𮉸	缶	17	
𮉹	缶	18	
𮉺	缶	17	
𮉻	缶	18	
𮉼	网	6	
𮉽	网	8	
𮉾	网	7	
𮉿	网	9	
𮊀	网	10	
𮊁	网	9	
𮊂	网	10	
𮊃	网	10	
𮊄	网	9	
𮊅	网	11	
𮊆	网	12	
𮊇	网	12	
𮊈	网	13	
𮊉	网	13	
𮊊	网	13	
𮊋	网	14	
𮊌	网	15	
𮊍	网	15	
𮊎	网	14	
𮊏	网	14	
𮊐	网	15	
𮊑	网	15	
𮊒	网	15	
𮊓	网	14	
𮊔	网	15	
𮊕	网	16	
𮊖	网	17	
𮊗	网	15	
𮊘	网	17	
𮊙	网	16	
𮊚	网	17	
𮊛	网	17	
𮊜	网	18	
𮊝	网	19	
𮊞	网	18	
𮊟	网	21	
𮊠	网	23	
𮊡	网	25	
𮊢	羊	9	
𮊣	羊	9	
𮊤	羊	9	
𮊥	羊	11	
𮊦	羊	11	
𮊧	羊	12	
𮊨	羊	12	
𮊩	羊	13	
𮊪	羊	14	
𮊫	羊	14	
𮊬	羊	14	
𮊭	羊	14	
𮊮	羊	15	
𮊯	羊	15	
𮊰	羊	16	
𮊱	羊	16	
𮊲	羊	16	
𮊳	羊	18	
𮊴	羊	19	
𮊵	羊	21	
𮊶	羊	21	
𮊷	羊	22	
𮊸	羽	10	
𮊹	羽	10	
𮊺	羽	10	
𮊻	羽	10	
𮊼	羽	11	
𮊽	羽	12	
𮊾	羽	12	
𮊿	羽	12	
𮋀	羽	12	
𮋁	羽	12	
𮋂	羽	12	
𮋃	羽	13	
𮋄	羽	13	
𮋅	羽	14	
𮋆	羽	14	
𮋇	羽	14	
𮋈	羽	14	
𮋉	羽	15	
𮋊	羽	15	
𮋋	羽	15	
𮋌	羽	15	
𮋍	羽	18	
𮋎	羽	16	
𮋏	羽	16	
𮋐	羽	16	
𮋑	羽	16	
𮋒	羽	17	
𮋓	羽	17	
𮋔	羽	19	
𮋕	羽	18	
𮋖	羽	20	
𮋗	羽	19	
𮋘	羽	21	
𮋙	羽	21	
𮋚	羽	25	
𮋛	老	11	
𮋜	老	12	
𮋝	老	11	
𮋞	老	14	
𮋟	而	14	
𮋠	而	15	
𮋡	而	16	
𮋢	而	23	
𮋣	耒	8	
𮋤	耒	10	
𮋥	耒	11	
𮋦	耒	11	
𮋧	耒	11	
𮋨	耒	12	
𮋩	耒	12	
𮋪	耒	13	
𮋫	耒	17	
𮋬	耳	9	
𮋭	耳	9	
𮋮	耳	10	
𮋯	耳	11	
𮋰	耳	13	
𮋱	耳	13	
𮋲	耳	13	
𮋳	耳	14	
𮋴	耳	14	
𮋵	耳	14	
𮋶	耳	15	
𮋷	耳	15	
𮋸	耳	15	
𮋹	耳	16	
𮋺	耳	17	
𮋻	耳	18	
𮋼	耳	20	
𮋽	耳	20	
𮋾	耳	21	
𮋿	耳	21	
𮌀	耳	24	
𮌁	聿	7	
𮌂	聿	8	
𮌃	聿	9	
𮌄	聿	12	
𮌅	聿	15	
𮌆	聿	15	
𮌇	肉	5	
𮌈	肉	7	
𮌉	肉	9	
𮌊	肉	9	
𮌋	肉	8	
𮌌	肉	9	
𮌍	肉	9	
𮌎	肉	9	
𮌏	肉	9	
𮌐	肉	10	
𮌑	肉	12	
𮌒	肉	10	
𮌓	肉	10	
𮌔	肉	11	
𮌕	肉	13	
𮌖	肉	11	
𮌗	肉	11	
𮌘	肉	11	
𮌙	肉	11	
𮌚	肉	12	
𮌛	肉	12	
𮌜	肉	14	
𮌝	肉	12	
𮌞	肉	12	
𮌟	肉	12	
𮌠	肉	12	
𮌡	肉	13	
𮌢	肉	13	
𮌣	肉	13	
𮌤	肉	13	
𮌥	肉	13	
𮌦	肉	14	
𮌧	肉	14	
𮌨	肉	13	
𮌩	肉	14	
𮌪	肉	14	
𮌫	肉	13	
𮌬	肉	14	
𮌭	肉	14	
𮌮	肉	14	
𮌯	肉	14	
𮌰	肉	14	
𮌱	肉	15	
𮌲	肉	15	
𮌳	肉	14	
𮌴	肉	15	
𮌵	肉	14	
𮌶	肉	15	
𮌷	肉	15	
𮌸	肉	15	
𮌹	肉	15	
𮌺	肉	16	
𮌻	肉	16	
𮌼	肉	16	
𮌽	肉	16	
𮌾	肉	18	
𮌿	肉	18	
𮍀	肉	17	
𮍁	肉	17	
𮍂	肉	18	
𮍃	肉	17	
𮍄	肉	18	
𮍅	肉	17	
𮍆	肉	17	
𮍇	肉	19	
𮍈	肉	19	
𮍉	肉	21	
𮍊	肉	20	
𮍋	肉	23	
𮍌	臣	5	
𮍍	臣	7	
𮍎	臣	11	
𮍏	臣	11	
𮍐	臣	13	
𮍑	臣	14	
𮍒	臣	14	
𮍓	臣	16	
𮍔	自	10	
𮍕	自	10	
𮍖	自	11	
𮍗	自	11	
𮍘	自	11	
𮍙	自	12	
𮍚	自	13	
𮍛	自	13	
𮍜	自	14	
𮍝	自	20	
𮍞	自	20	
𮍟	自	23	
𮍠	至	10	
𮍡	至	10	
𮍢	至	12	
𮍣	至	14	
𮍤	至	20	
𮍥	臼	8	
𮍦	臼	10	
𮍧	臼	10	
𮍨	臼	12	
𮍩	臼	12	
𮍪	臼	12	
𮍫	臼	12	
𮍬	臼	12	
𮍭	臼	13	
𮍮	臼	13	
𮍯	臼	14	
𮍰	臼	15	
𮍱	臼	15	
𮍲	臼	25	
𮍳	臼	27	
𮍴	舌	9	
𮍵	舌	9	
𮍶	舌	11	
𮍷	舌	11	
𮍸	舌	13	
𮍹	舌	14	
𮍺	舌	15	
𮍻	舌	15	
𮍼	舌	15	
𮍽	舌	15	
𮍾	舌	15	
𮍿	舌	16	
𮎀	舌	24	
𮎁	舛	10	
𮎂	舛	25	
𮎃	舟	10	
𮎄	舟	10	
𮎅	舟	11	
𮎆	舟	11	
𮎇	舟	11	
𮎈	舟	11	
𮎉	舟	11	
𮎊	舟	10	
𮎋	舟	12	
𮎌	舟	12	
𮎍	舟	13	
𮎎	舟	13	
𮎏	舟	13	
𮎐	舟	13	
𮎑	舟	12	
𮎒	舟	14	
𮎓	舟	14	
𮎔	舟	17	
𮎕	舟	20	
𮎖	舟	23	
𮎗	舟	22	
𮎘	艮	13	
𮎙	艮	14	
𮎚	艮	17	
𮎛	色	5	
𮎜	色	6	
𮎝	色	15	
𮎞	色	21	
𮎟	艸	7	
𮎠	艸	7	
𮎡	艸	7	
𮎢	艸	7	
𮎣	艸	7	
𮎤	艸	7	
𮎥	艸	8	
𮎦	艸	8	
𮎧	艸	8	
𮎨	艸	9	
𮎩	艸	9	
𮎪	艸	9	
𮎫	艸	9	
𮎬	艸	9	
𮎭	艸	9	
𮎮	艸	9	
𮎯	艸	9	
𮎰	艸	9	
𮎱	艸	9	
𮎲	艸	9	
𮎳	艸	9	
𮎴	艸	9	
𮎵	艸	9	
𮎶	艸	9	
𮎷	艸	9	
𮎸	艸	9	
𮎹	艸	10	
𮎺	艸	10	
𮎻	艸	10	
𮎼	艸	11	
𮎽	艸	10	
𮎾	艸	10	
𮎿	艸	10	
𮏀	艸	10	
𮏁	艸	10	
𮏂	艸	10	
𮏃	艸	10	
𮏄	艸	10	
𮏅	艸	10	
𮏆	艸	10	
𮏇	艸	10	
𮏈	艸	10	
𮏉	艸	10	
𮏊	艸	10	
𮏋	艸	10	
𮏌	艸	9	
𮏍	艸	10	
𮏎	艸	10	
𮏏	艸	10	
𮏐	艸	11	
𮏑	艸	12	
𮏒	艸	11	
𮏓	艸	11	
𮏔	艸	11	
𮏕	艸	11	
𮏖	艸	11	
𮏗	艸	11	
𮏘	艸	11	
𮏙	艸	10	
𮏚	艸	11	
𮏛	艸	11	
𮏜	艸	11	
𮏝	艸	11	
𮏞	艸	11	
𮏟	艸	11	
𮏠	艸	11	
𮏡	艸	11	
𮏢	艸	11	
𮏣	艸	12	
𮏤	艸	12	
𮏥	艸	12	
𮏦	艸	12	
𮏧	艸	12	
𮏨	艸	12	
𮏩	艸	11	
𮏪	艸	13	
𮏫	艸	12	
𮏬	艸	12	
𮏭	艸	12	
𮏮	艸	12	
𮏯	艸	12	
𮏰	艸	12	
𮏱	艸	12	
𮏲	艸	12	
𮏳	艸	12	
𮏴	艸	12	
𮏵	艸	12	
𮏶	艸	12	
𮏷	艸	12	
𮏸	艸	12	
𮏹	艸	12	
𮏺	艸	12	
𮏻	艸	12	
𮏼	艸	12	
𮏽	艸	12	
𮏾	艸	12	
𮏿	艸	12	
𮐀	艸	12	
𮐁	艸	12	
𮐂	艸	12	
𮐃	艸	13	
𮐄	艸	12	
𮐅	艸	13	
𮐆	艸	13	
𮐇	艸	13	
𮐈	艸	13	
𮐉	艸	13	
𮐊	艸	13	
𮐋	艸	13	
𮐌	艸	13	
𮐍	艸	13	
𮐎	艸	13	
𮐏	艸	13	
𮐐	艸	13	
𮐑	艸	13	
𮐒	艸	13	
𮐓	艸	16	
𮐔	艸	13	
𮐕	艸	12	
𮐖	艸	13	
𮐗	艸	13	
𮐘	艸	12	
𮐙	艸	13	
𮐚	艸	13	
𮐛	艸	13	
𮐜	艸	13	
𮐝	艸	13	
𮐞	艸	13	
𮐟	艸	13	
𮐠	艸	13	
𮐡	艸	14	
𮐢	艸	14	
𮐣	艸	14	
𮐤	艸	13	
𮐥	艸	14	
𮐦	艸	14	
𮐧	艸	14	
𮐨	艸	14	
𮐩	艸	14	
𮐪	艸	14	
𮐫	艸	14	
𮐬	艸	14	
𮐭	艸	14	
𮐮	艸	14	
𮐯	艸	14	
𮐰	艸	14	
𮐱	艸	14	
𮐲	艸	14	
𮐳	艸	14	
𮐴	艸	14	
𮐵	艸	14	
𮐶	艸	14	
𮐷	艸	14	
𮐸	艸	14	
𮐹	艸	15	
𮐺	艸	15	
𮐻	艸	15	
𮐼	艸	15	
𮐽	艸	15	
𮐾	艸	15	
𮐿	艸	15	
𮑀	艸	15	
𮑁	艸	15	
𮑂	艸	14	
𮑃	艸	15	
𮑄	艸	15	
𮑅	艸	15	
𮑆	艸	14	
𮑇	艸	15	
𮑈	艸	15	
𮑉	艸	15	
𮑊	艸	15	
𮑋	艸	14	
𮑌	艸	14	
𮑍	艸	15	
𮑎	艸	15	
𮑏	艸	15	
𮑐	艸	15	
𮑑	艸	14	
𮑒	艸	13	
𮑓	艸	15	
𮑔	艸	15	
𮑕	艸	15	
𮑖	艸	14	
𮑗	艸	15	
𮑘	艸	15	
𮑙	艸	15	
𮑚	艸	16	
𮑛	艸	17	
𮑜	艸	16	
𮑝	艸	16	
𮑞	艸	16	
𮑟	艸	15	
𮑠	艸	16	
𮑡	艸	16	
𮑢	艸	16	
𮑣	艸	16	
𮑤	艸	16	
𮑥	艸	17	
𮑦	艸	16	
𮑧	艸	16	
𮑨	艸	16	
𮑩	艸	15	
𮑪	艸	16	
𮑫	艸	16	
𮑬	艸	16	
𮑭	艸	16	
𮑮	艸	16	
𮑯	艸	16	
𮑰	艸	16	
𮑱	艸	15	
𮑲	艸	16	
𮑳	艸	16	
𮑴	艸	16	
𮑵	艸	16	
𮑶	艸	17	
𮑷	艸	16	
𮑸	艸	16	
𮑹	艸	16	
𮑺	艸	16	
𮑻	艸	16	
𮑼	艸	17	
𮑽	艸	17	
𮑾	艸	17	
𮑿	艸	17	
𮒀	艸	17	
𮒁	艸	17	
𮒂	艸	19	
𮒃	艸	17	
𮒄	艸	17	
𮒅	艸	17	
𮒆	艸	17	
𮒇	艸	17	
𮒈	艸	17	
𮒉	艸	17	
𮒊	艸	16	
𮒋	艸	17	
𮒌	艸	17	
𮒍	艸	17	
𮒎	艸	17	
𮒏	艸	17	
𮒐	艸	17	
𮒑	艸	17	
𮒒	艸	17	
𮒓	艸	15	
𮒔	艸	17	
𮒕	艸	17	
𮒖	艸	17	
𮒗	艸	18	
𮒘	艸	18	
𮒙	艸	18	
𮒚	艸	18	
𮒛	艸	18	
𮒜	艸	18	
𮒝	艸	18	
𮒞	艸	18	
𮒟	艸	18	
𮒠	艸	17	
𮒡	艸	18	
𮒢	艸	18	
𮒣	艸	18	
𮒤	艸	18	
𮒥	艸	17	
𮒦	艸	18	
𮒧	艸	18	
𮒨	艸	18	
𮒩	艸	19	
𮒪	艸	18	
𮒫	艸	19	
𮒬	艸	19	
𮒭	艸	19	
𮒮	艸	20	
𮒯	艸	19	
𮒰	艸	19	
𮒱	艸	18	
𮒲	艸	19	
𮒳	艸	19	
𮒴	艸	19	
𮒵	艸	19	
𮒶	艸	19	
𮒷	艸	19	
𮒸	艸	20	
𮒹	艸	21	
𮒺	艸	20	
𮒻	艸	20	
𮒼	艸	19	
𮒽	艸	21	
𮒾	艸	19	
𮒿	艸	20	
𮓀	艸	20	
𮓁	艸	20	
𮓂	艸	20	
𮓃	艸	20	
𮓄	艸	20	
𮓅	艸	21	
𮓆	艸	21	
𮓇	艸	21	
𮓈	艸	21	
𮓉	艸	21	
𮓊	艸	21	
𮓋	艸	21	
𮓌	艸	21	
𮓍	艸	21	
𮓎	艸	22	
𮓏	艸	23	
𮓐	艸	22	
𮓑	艸	22	
𮓒	艸	22	
𮓓	艸	23	
𮓔	艸	24	
𮓕	艸	24	
𮓖	艸	26	
𮓗	虍	7	
𮓘	虍	8	
𮓙	虍	8	
𮓚	虍	8	
𮓛	虍	9	
𮓜	虍	9	
𮓝	虍	10	
𮓞	虍	10	
𮓟	虍	10	
𮓠	虍	10	
𮓡	虍	11	
𮓢	虍	10	
𮓣	虍	12	
𮓤	虍	12	
𮓥	虍	13	
𮓦	虍	13	
𮓧	虍	15	
𮓨	虍	15	
𮓩	虍	16	
𮓪	虍	16	
𮓫	虍	16	
𮓬	虍	17	
𮓭	虍	18	
𮓮	虍	19	
𮓯	虍	20	
𮓰	虫	6	
𮓱	虫	6	
𮓲	虫	8	
𮓳	虫	9	
𮓴	虫	9	
𮓵	虫	9	
𮓶	虫	9	
𮓷	虫	9	
𮓸	虫	10	
𮓹	虫	10	
𮓺	虫	10	
𮓻	虫	10	
𮓼	虫	10	
𮓽	虫	11	
𮓾	虫	11	
𮓿	虫	11	
𮔀	虫	11	
𮔁	虫	12	
𮔂	虫	11	
𮔃	虫	12	
𮔄	虫	12	
𮔅	虫	12	
𮔆	虫	12	
𮔇	虫	12	
𮔈	虫	12	
𮔉	虫	13	
𮔊	虫	13	
𮔋	虫	13	
𮔌	虫	13	
𮔍	虫	13	
𮔎	虫	13	
𮔏	虫	13	
𮔐	虫	13	
𮔑	虫	13	
𮔒	虫	13	
𮔓	虫	13	
𮔔	虫	14	
𮔕	虫	13	
𮔖	虫	13	
𮔗	虫	14	
𮔘	虫	14	
𮔙	虫	14	
𮔚	虫	13	
𮔛	虫	14	
𮔜	虫	13	
𮔝	虫	14	
𮔞	虫	15	
𮔟	虫	14	
𮔠	虫	15	
𮔡	虫	15	
𮔢	虫	15	
𮔣	虫	15	
𮔤	虫	15	
𮔥	虫	15	
𮔦	虫	14	
𮔧	虫	15	
𮔨	虫	16	
𮔩	虫	16	
𮔪	虫	16	
𮔫	虫	16	
𮔬	虫	15	
𮔭	虫	16	
𮔮	虫	16	
𮔯	虫	16	
𮔰	虫	16	
𮔱	虫	16	
𮔲	虫	16	
𮔳	虫	17	
𮔴	虫	16	
𮔵	虫	17	
𮔶	虫	17	
𮔷	虫	17	
𮔸	虫	17	
𮔹	虫	17	
𮔺	虫	17	
𮔻	虫	18	
𮔼	虫	18	
𮔽	虫	18	
𮔾	虫	18	
𮔿	虫	18	
𮕀	虫	18	
𮕁	虫	18	
𮕂	虫	18	
𮕃	虫	19	
𮕄	虫	19	
𮕅	虫	19	
𮕆	虫	18	
𮕇	虫	19	
𮕈	虫	20	
𮕉	虫	20	
𮕊	虫	20	
𮕋	虫	20	
𮕌	虫	21	
𮕍	虫	21	
𮕎	虫	22	
𮕏	虫	21	
𮕐	虫	21	
𮕑	虫	21	
𮕒	虫	22	
𮕓	虫	22	
𮕔	虫	23	
𮕕	虫	23	
𮕖	虫	23	
𮕗	虫	24	
𮕘	虫	24	
𮕙	虫	24	
𮕚	虫	26	
𮕛	虫	28	
𮕜	血	7	
𮕝	血	8	
𮕞	血	11	
𮕟	血	11	
𮕠	血	12	
𮕡	血	20	
𮕢	行	9	
𮕣	行	13	
𮕤	衣	6	
𮕥	衣	7	
𮕦	衣	8	
𮕧	衣	7	
𮕨	衣	8	
𮕩	衣	10	
𮕪	衣	10	
𮕫	衣	10	
𮕬	衣	9	
𮕭	衣	9	
𮕮	衣	10	
𮕯	衣	9	
𮕰	衣	9	
𮕱	衣	11	
𮕲	衣	10	
𮕳	衣	10	
𮕴	衣	10	
𮕵	衣	11	
𮕶	衣	10	
𮕷	衣	11	
𮕸	衣	10	
𮕹	衣	12	
𮕺	衣	12	
𮕻	衣	12	
𮕼	衣	11	
𮕽	衣	11	
𮕾	衣	11	
𮕿	衣	11	
𮖀	衣	11	
𮖁	衣	12	
𮖂	衣	12	
𮖃	衣	12	
𮖄	衣	13	
𮖅	衣	12	
𮖆	衣	12	
𮖇	衣	13	
𮖈	衣	13	
𮖉	衣	12	
𮖊	衣	13	
𮖋	衣	13	
𮖌	衣	12	
𮖍	衣	12	
𮖎	衣	13	
𮖏	衣	12	
𮖐	衣	14	
𮖑	衣	14	
𮖒	衣	14	
𮖓	衣	13	
𮖔	衣	15	
𮖕	衣	14	
𮖖	衣	15	
𮖗	衣	14	
𮖘	衣	14	
𮖙	衣	14	
𮖚	衣	15	
𮖛	衣	15	
𮖜	衣	13	
𮖝	衣	14	
𮖞	衣	14	
𮖟	衣	15	
𮖠	衣	15	
𮖡	衣	14	
𮖢	衣	16	
𮖣	衣	15	
𮖤	衣	15	
𮖥	衣	16	
𮖦	衣	14	
𮖧	衣	15	
𮖨	衣	15	
𮖩	衣	15	
𮖪	衣	15	
𮖫	衣	16	
𮖬	衣	17	
𮖭	衣	17	
𮖮	衣	16	
𮖯	衣	17	
𮖰	衣	17	
𮖱	衣	17	
𮖲	衣	17	
𮖳	衣	17	
𮖴	衣	17	
𮖵	衣	17	
𮖶	衣	18	
𮖷	衣	18	
𮖸	衣	18	
𮖹	衣	18	
𮖺	衣	16	
𮖻	衣	19	
𮖼	衣	19	
𮖽	衣	20	
𮖾	衣	19	
𮖿	襾	11	
𮗀	襾	11	
𮗁	襾	12	
𮗂	襾	12	
𮗃	襾	12	
𮗄	襾	14	
𮗅	襾	15	
𮗆	襾	14	
𮗇	襾	18	
𮗈	襾	20	
𮗉	襾	21	
𮗊	襾	22	
𮗋	襾	24	
𮗌	襾	25	
𮗍	見	11	
𮗎	見	12	
𮗏	見	13	
𮗐	見	13	
𮗑	見	13	
𮗒	見	14	
𮗓	見	14	
𮗔	見	14	
𮗕	見	15	
𮗖	見	15	
𮗗	見	15	
𮗘	見	16	
𮗙	見	16	
𮗚	見	19	
𮗛	見	18	
𮗜	見	18	
𮗝	見	19	
𮗞	見	20	
𮗟	角	8	
𮗠	角	8	
𮗡	角	11	
𮗢	角	10	
𮗣	角	11	
𮗤	角	11	
𮗥	角	11	
𮗦	角	11	
𮗧	角	10	
𮗨	角	11	
𮗩	角	11	
𮗪	角	12	
𮗫	角	13	
𮗬	角	13	
𮗭	角	13	
𮗮	角	13	
𮗯	角	13	
𮗰	角	14	
𮗱	角	13	
𮗲	角	13	
𮗳	角	16	
𮗴	角	16	
𮗵	角	17	
𮗶	角	19	
𮗷	言	9	
𮗸	言	9	
𮗹	言	10	
𮗺	言	10	
𮗻	言	11	
𮗼	言	11	
𮗽	言	11	
𮗾	言	11	
𮗿	言	12	
𮘀	言	12	
𮘁	言	12	
𮘂	言	12	
𮘃	言	12	
𮘄	言	12	
𮘅	言	12	
𮘆	言	12	
𮘇	言	12	
𮘈	言	13	
𮘉	言	13	
𮘊	言	13	
𮘋	言	13	
𮘌	言	13	
𮘍	言	13	
𮘎	言	13	
𮘏	言	14	
𮘐	言	14	
𮘑	言	14	
𮘒	言	14	
𮘓	言	14	
𮘔	言	13	
𮘕	言	14	
𮘖	言	14	
𮘗	言	15	
𮘘	言	15	
𮘙	言	15	
𮘚	言	15	
𮘛	言	15	
𮘜	言	15	
𮘝	言	15	
𮘞	言	15	
𮘟	言	15	
𮘠	言	15	
𮘡	言	15	
𮘢	言	16	
𮘣	言	15	
𮘤	言	16	
𮘥	言	16	
𮘦	言	16	
𮘧	言	16	
𮘨	言	16	
𮘩	言	16	
𮘪	言	16	
𮘫	言	17	
𮘬	言	17	
𮘭	言	17	
𮘮	言	17	
𮘯	言	17	
𮘰	言	18	
𮘱	言	18	
𮘲	言	18	
𮘳	言	18	
𮘴	言	18	
𮘵	言	18	
𮘶	言	18	
𮘷	言	18	
𮘸	言	18	
𮘹	言	19	
𮘺	言	18	
𮘻	言	19	
𮘼	言	19	
𮘽	言	19	
𮘾	言	20	
𮘿	言	20	
𮙀	言	20	
𮙁	言	20	
𮙂	言	19	
𮙃	言	21	
𮙄	言	21	
𮙅	言	22	
𮙆	言	22	
𮙇	言	23	
𮙈	言	24	
𮙉		9	
𮙊		14	
𮙋		17	
𮙌	谷	11	
𮙍	谷	13	
𮙎	谷	14	
𮙏	谷	15	
𮙐	谷	16	
𮙑	谷	19	
𮙒	豆	12	
𮙓	豆	14	
𮙔	豆	14	
𮙕	豆	16	
𮙖	豆	18	
𮙗	豆	19	
𮙘	豆	21	
𮙙	豆	22	
𮙚	豕	9	
𮙛	豕	11	
𮙜	豕	12	
𮙝	豕	12	
𮙞	豕	12	
𮙟	豕	13	
𮙠	豕	13	
𮙡	豕	16	
𮙢	豕	16	
𮙣	豕	16	
𮙤	豕	19	
𮙥	豸	9	
𮙦	豸	11	
𮙧	豸	11	
𮙨	豸	12	
𮙩	豸	12	
𮙪	豸	14	
𮙫	豸	16	
𮙬	豸	19	
𮙭	貝	9	
𮙮	貝	10	
𮙯	貝	10	
𮙰	貝	10	
𮙱	貝	10	
𮙲	貝	11	
𮙳	貝	11	
𮙴	貝	11	
𮙵	貝	11	
𮙶	貝	11	
𮙷	貝	11	
𮙸	貝	11	
𮙹	貝	12	
𮙺	貝	12	
𮙻	貝	12	
𮙼	貝	12	
𮙽	貝	12	
𮙾	貝	12	
𮙿	貝	12	
𮚀	貝	12	
𮚁	貝	13	
𮚂	貝	13	
𮚃	貝	13	
𮚄	貝	13	
𮚅	貝	14	
𮚆	貝	14	
𮚇	貝	14	
𮚈	貝	14	
𮚉	貝	14	
𮚊	貝	14	
𮚋	貝	15	
𮚌	貝	15	
𮚍	貝	15	
𮚎	貝	15	
𮚏	貝	15	
𮚐	貝	15	
𮚑	貝	15	
𮚒	貝	15	
𮚓	貝	15	
𮚔	貝	15	
𮚕	貝	16	
𮚖	貝	16	
𮚗	貝	16	
𮚘	貝	16	
𮚙	貝	16	
𮚚	貝	17	
𮚛	貝	16	
𮚜	貝	17	
𮚝	貝	17	
𮚞	貝	18	
𮚟	貝	17	
𮚠	貝	18	
𮚡	貝	19	
𮚢	貝	19	
𮚣	貝	19	
𮚤	貝	19	
𮚥	貝	18	
𮚦	貝	19	
𮚧	貝	20	
𮚨	貝	20	
𮚩	貝	20	
𮚪	貝	21	
𮚫	貝	21	
𮚬	貝	22	
𮚭	貝	22	
𮚮	貝	26	
𮚯	貝	27	
𮚰	貝	27	
𮚱	赤	16	
𮚲	走	8	
𮚳	走	10	
𮚴	走	11	
𮚵	走	11	
𮚶	走	12	
𮚷	走	12	
𮚸	走	13	
𮚹	走	13	
𮚺	走	14	
𮚻	走	14	
𮚼	走	16	
𮚽	走	17	
𮚾	走	17	
𮚿	走	19	
𮛀	走	21	
𮛁	足	8	
𮛂	足	9	
𮛃	足	10	
𮛄	足	10	
𮛅	足	10	
𮛆	足	10	
𮛇	足	10	
𮛈	足	10	
𮛉	足	11	
𮛊	足	11	
𮛋	足	11	
𮛌	足	11	
𮛍	足	11	
𮛎	足	11	
𮛏	足	12	
𮛐	足	12	
𮛑	足	12	
𮛒	足	12	
𮛓	足	12	
𮛔	足	12	
𮛕	足	12	
𮛖	足	12	
𮛗	足	13	
𮛘	足	13	
𮛙	足	14	
𮛚	足	14	
𮛛	足	14	
𮛜	足	14	
𮛝	足	14	
𮛞	足	14	
𮛟	足	14	
𮛠	足	15	
𮛡	足	15	
𮛢	足	15	
𮛣	足	15	
𮛤	足	15	
𮛥	足	15	
𮛦	足	15	
𮛧	足	15	
𮛨	足	15	
𮛩	足	15	
𮛪	足	15	
𮛫	足	15	
𮛬	足	15	
𮛭	足	15	
𮛮	足	15	
𮛯	足	16	
𮛰	足	16	
𮛱	足	16	
𮛲	足	16	
𮛳	足	16	
𮛴	足	16	
𮛵	足	16	
𮛶	足	16	
𮛷	足	16	
𮛸	足	16	
𮛹	足	16	
𮛺	足	16	
𮛻	足	16	
𮛼	足	16	
𮛽	足	16	
𮛾	足	16	
𮛿	足	16	
𮜀	足	17	
𮜁	足	17	
𮜂	足	17	
𮜃	足	17	
𮜄	足	17	
𮜅	足	17	
𮜆	足	17	
𮜇	足	17	
𮜈	足	17	
𮜉	足	18	
𮜊	足	18	
𮜋	足	18	
𮜌	足	17	
𮜍	足	18	
𮜎	足	18	
𮜏	足	18	
𮜐	足	17	
𮜑	足	18	
𮜒	足	18	
𮜓	足	18	
𮜔	足	19	
𮜕	足	19	
𮜖	足	19	
𮜗	足	19	
𮜘	足	19	
𮜙	足	20	
𮜚	足	20	
𮜛	足	20	
𮜜	足	21	
𮜝	足	20	
𮜞	足	21	
𮜟	足	21	
𮜠	足	22	
𮜡	足	21	
𮜢	足	22	
𮜣	足	21	
𮜤	足	21	
𮜥	足	22	
𮜦	足	23	
𮜧	足	23	
𮜨	足	21	
𮜩	足	23	
𮜪	足	23	
𮜫	足	23	
𮜬	足	24	
𮜭	足	26	
𮜮	身	10	
𮜯	身	11	
𮜰	身	12	
𮜱	身	13	
𮜲	身	13	
𮜳	身	13	
𮜴	身	13	
𮜵	身	13	
𮜶	身	14	
𮜷	身	14	
𮜸	身	14	
𮜹	身	14	
𮜺	身	19	
𮜻	身	20	
𮜼	身	20	
𮜽	身	23	
𮜾	身	24	
𮜿	車	10	
𮝀	車	11	
𮝁	車	11	
𮝂	車	11	
𮝃	車	11	
𮝄	車	11	
𮝅	車	11	
𮝆	車	12	
𮝇	車	12	
𮝈	車	12	
𮝉	車	12	
𮝊	車	12	
𮝋	車	12	
𮝌	車	12	
𮝍	車	13	
𮝎	車	13	
𮝏	車	13	
𮝐	車	13	
𮝑	車	13	
𮝒	車	14	
𮝓	車	14	
𮝔	車	15	
𮝕	車	15	
𮝖	車	15	
𮝗	車	15	
𮝘	車	15	
𮝙	車	15	
𮝚	車	15	
𮝛	車	15	
𮝜	車	15	
𮝝	車	16	
𮝞	車	16	
𮝟	車	16	
𮝠	車	17	
𮝡	車	17	
𮝢	車	17	
𮝣	車	18	
𮝤	車	18	
𮝥	車	18	
𮝦	車	19	
𮝧	車	19	
𮝨	車	19	
𮝩	車	20	
𮝪	車	20	
𮝫	車	18	
𮝬	車	21	
𮝭	車	21	
𮝮	車	20	
𮝯	車	22	
𮝰	車	22	
𮝱	車	22	
𮝲	車	22	
𮝳		8	
𮝴		9	
𮝵		10	
𮝶		11	
𮝷		13	
𮝸		13	
𮝹		17	
𮝺		16	
𮝻	辛	14	
𮝼	辛	15	
𮝽	辛	18	
𮝾	辰	8	
𮝿	辰	17	
𮞀	辰	16	
𮞁	辵	6	
𮞂	辵	6	
𮞃	辵	6	
𮞄	辵	7	
𮞅	辵	7	
𮞆	辵	8	
𮞇	辵	8	
𮞈	辵	8	
𮞉	辵	8	
𮞊	辵	8	
𮞋	辵	8	
𮞌	辵	8	
𮞍	辵	8	
𮞎	辵	8	
𮞏	辵	9	
𮞐	辵	9	
𮞑	辵	9	
𮞒	辵	10	
𮞓	辵	10	
𮞔	辵	10	
𮞕	辵	10	
𮞖	辵	11	
𮞗	辵	11	
𮞘	辵	11	
𮞙	辵	11	
𮞚	辵	11	
𮞛	辵	11	
𮞜	辵	11	
𮞝	辵	11	
𮞞	辵	10	
𮞟	辵	10	
𮞠	辵	10	
𮞡	辵	11	
𮞢	辵	11	
𮞣	辵	11	
𮞤	辵	11	
𮞥	辵	11	
𮞦	辵	12	
𮞧	辵	11	
𮞨	辵	11	
𮞩	辵	12	
𮞪	辵	12	
𮞫	辵	11	
𮞬	辵	12	
𮞭	辵	12	
𮞮	辵	12	
𮞯	辵	12	
𮞰	辵	12	
𮞱	辵	11	
𮞲	辵	12	
𮞳	辵	14	
𮞴	辵	12	
𮞵	辵	12	
𮞶	辵	13	
𮞷	辵	13	
𮞸	辵	13	
𮞹	辵	13	
𮞺	辵	13	
𮞻	辵	13	
𮞼	辵	13	
𮞽	辵	14	
𮞾	辵	14	
𮞿	辵	14	
𮟀	辵	14	
𮟁	辵	14	
𮟂	辵	14	
𮟃	辵	14	
𮟄	辵	14	
𮟅	辵	14	
𮟆	辵	14	
𮟇	辵	14	
𮟈	辵	14	
𮟉	辵	15	
𮟊	辵	15	
𮟋	辵	14	
𮟌	辵	15	
𮟍	辵	15	
𮟎	辵	15	
𮟏	辵	15	
𮟐	辵	16	
𮟑	辵	16	
𮟒	辵	16	
𮟓	辵	16	
𮟔	辵	16	
𮟕	辵	15	
𮟖	辵	16	
𮟗	辵	16	
𮟘	辵	17	
𮟙	辵	17	
𮟚	辵	17	
𮟛	辵	16	
𮟜	辵	17	
𮟝	辵	18	
𮟞	辵	18	
𮟟	辵	18	
𮟠	辵	18	
𮟡	辵	18	
𮟢	辵	19	
𮟣	辵	19	
𮟤	辵	20	
𮟥	辵	20	
𮟦	辵	20	
𮟧	辵	21	
𮟨	辵	24	
𮟩	辵	25	
𮟪	邑	6	
𮟫	邑	6	
𮟬	邑	7	
𮟭	邑	7	
𮟮	邑	7	
𮟯	邑	8	
𮟰	邑	8	
𮟱	邑	8	
𮟲	邑	8	
𮟳	邑	8	
𮟴	邑	8	
𮟵	邑	8	
𮟶	邑	12	
𮟷	邑	9	
𮟸	邑	9	
𮟹	邑	13	
𮟺	邑	13	
𮟻	邑	10	
𮟼	邑	10	
𮟽	邑	11	
𮟾	邑	15	
𮟿	邑	11	
𮠀	邑	12	
𮠁	邑	12	
𮠂	邑	12	
𮠃	邑	17	
𮠄	邑	13	
𮠅	邑	17	
𮠆	邑	14	
𮠇	邑	15	
𮠈	邑	15	
𮠉	邑	15	
𮠊	邑	15	
𮠋	邑	16	
𮠌	邑	16	
𮠍	邑	16	
𮠎	邑	16	
𮠏	邑	21	
𮠐	邑	18	
𮠑	邑	18	
𮠒	邑	18	
𮠓	邑	20	
𮠔	邑	21	
𮠕	酉	8	
𮠖	酉	9	
𮠗	酉	9	
𮠘	酉	10	
𮠙	酉	10	
𮠚	酉	10	
𮠛	酉	11	
𮠜	酉	11	
𮠝	酉	11	
𮠞	酉	11	
𮠟	酉	11	
𮠠	酉	11	
𮠡	酉	12	
𮠢	酉	12	
𮠣	酉	12	
𮠤	酉	12	
𮠥	酉	13	
𮠦	酉	13	
𮠧	酉	13	
𮠨	酉	13	
𮠩	酉	13	
𮠪	酉	13	
𮠫	酉	14	
𮠬	酉	14	
𮠭	酉	14	
𮠮	酉	15	
𮠯	酉	14	
𮠰	酉	15	
𮠱	酉	15	
𮠲	酉	15	
𮠳	酉	15	
𮠴	酉	15	
𮠵	酉	16	
𮠶	酉	15	
𮠷	酉	16	
𮠸	酉	16	
𮠹	酉	16	
𮠺	酉	16	
𮠻	酉	16	
𮠼	酉	17	
𮠽	酉	18	
𮠾	酉	18	
𮠿	酉	18	
𮡀	酉	17	
𮡁	酉	19	
𮡂	酉	18	
𮡃	酉	19	
𮡄	酉	19	
𮡅	酉	20	
𮡆	酉	20	
𮡇	酉	21	
𮡈	酉	20	
𮡉	酉	21	
𮡊	酉	21	
𮡋	酉	20	
𮡌	酉	22	
𮡍	酉	23	
𮡎	釆	10	
𮡏	釆	11	
𮡐	釆	16	
𮡑	釆	18	
𮡒	里	11	
𮡓	里	12	
𮡔	里	13	
𮡕	里	13	
𮡖	里	13	
𮡗	里	14	
𮡘	里	14	
𮡙	里	15	
𮡚	里	16	
𮡛	里	18	
𮡜	里	18	
𮡝	里	19	
𮡞	里	20	
𮡟	里	20	
𮡠	里	20	
𮡡	里	19	
𮡢	里	20	
𮡣	里	24	
𮡤	金	11	
𮡥	金	11	
𮡦	金	11	
𮡧	金	12	
𮡨	金	12	
𮡩	金	12	
𮡪	金	12	
𮡫	金	12	
𮡬	金	12	
𮡭	金	12	
𮡮	金	13	
𮡯	金	13	
𮡰	金	13	
𮡱	金	14	
𮡲	金	14	
𮡳	金	13	
𮡴	金	14	
𮡵	金	14	
𮡶	金	14	
𮡷	金	14	
𮡸	金	15	
𮡹	金	15	
𮡺	金	15	
𮡻	金	14	
𮡼	金	15	
𮡽	金	15	
𮡾	金	14	
𮡿	金	15	
𮢀	金	15	
𮢁	金	15	
𮢂	金	16	
𮢃	金	16	
𮢄	金	16	
𮢅	金	16	
𮢆	金	16	
𮢇	金	16	
𮢈	金	15	
𮢉	金	16	
𮢊	金	16	
𮢋	金	16	
𮢌	金	16	
𮢍	金	16	
𮢎	金	16	
𮢏	金	16	
𮢐	金	15	
𮢑	金	16	
𮢒	金	16	
𮢓	金	16	
𮢔	金	16	
𮢕	金	16	
𮢖	金	16	
𮢗	金	16	
𮢘	金	16	
𮢙	金	17	
𮢚	金	17	
𮢛	金	17	
𮢜	金	17	
𮢝	金	17	
𮢞	金	17	
𮢟	金	17	
𮢠	金	17	
𮢡	金	17	
𮢢	金	17	
𮢣	金	17	
𮢤	金	17	
𮢥	金	17	
𮢦	金	17	
𮢧	金	17	
𮢨	金	18	
𮢩	金	18	
𮢪	金	18	
𮢫	金	18	
𮢬	金	18	
𮢭	金	17	
𮢮	金	18	
𮢯	金	18	
𮢰	金	18	
𮢱	金	17	
𮢲	金	18	
𮢳	金	18	
𮢴	金	18	
𮢵	金	19	
𮢶	金	19	
𮢷	金	19	
𮢸	金	19	
𮢹	金	19	
𮢺	金	19	
𮢻	金	19	
𮢼	金	19	
𮢽	金	18	
𮢾	金	20	
𮢿	金	20	
𮣀	金	20	
𮣁	金	20	
𮣂	金	20	
𮣃	金	20	
𮣄	金	20	
𮣅	金	20	
𮣆	金	20	
𮣇	金	20	
𮣈	金	20	
𮣉	金	20	
𮣊	金	20	
𮣋	金	20	
𮣌	金	20	
𮣍	金	20	
𮣎	金	20	
𮣏	金	21	
𮣐	金	21	
𮣑	金	21	
𮣒	金	21	
𮣓	金	21	
𮣔	金	20	
𮣕	金	21	
𮣖	金	21	
𮣗	金	20	
𮣘	金	21	
𮣙	金	22	
𮣚	金	23	
𮣛	金	22	
𮣜	金	22	
𮣝	金	22	
𮣞	金	23	
𮣟	金	23	
𮣠	金	23	
𮣡	金	22	
𮣢	金	22	
𮣣	金	23	
𮣤	金	23	
𮣥	金	23	
𮣦	金	24	
𮣧	金	23	
𮣨	金	24	
𮣩	金	24	
𮣪	金	24	
𮣫	金	25	
𮣬	金	26	
𮣭	金	26	
𮣮	金	26	
𮣯	金	28	
𮣰	金	32	
𮣱	金	41	
𮣲		8	
𮣳		9	
𮣴		11	
𮣵		13	
𮣶		15	
𮣷		18	
𮣸	長	10	
𮣹	長	11	
𮣺	長	11	
𮣻	長	13	
𮣼	長	13	
𮣽	長	13	
𮣾	長	14	
𮣿	長	14	
𮤀	長	14	
𮤁	長	15	
𮤂	長	17	
𮤃	長	18	
𮤄	長	18	
𮤅	長	19	
𮤆	長	20	
𮤇	門	11	
𮤈	門	12	
𮤉	門	12	
𮤊	門	13	
𮤋	門	13	
𮤌	門	12	
𮤍	門	13	
𮤎	門	14	
𮤏	門	14	
𮤐	門	15	
𮤑	門	16	
𮤒	門	16	
𮤓	門	15	
𮤔	門	16	
𮤕	門	15	
𮤖	門	16	
𮤗	門	17	
𮤘	門	17	
𮤙	門	16	
𮤚	門	17	
𮤛	門	16	
𮤜	門	18	
𮤝	門	18	
𮤞	門	17	
𮤟	門	19	
𮤠	門	19	
𮤡	門	19	
𮤢	門	20	
𮤣	門	20	
𮤤	門	20	
𮤥	門	21	
𮤦	門	21	
𮤧	門	21	
𮤨	門	21	
𮤩	門	24	
𮤪	門	25	
𮤫		5	
𮤬		6	
𮤭		6	
𮤮		7	
𮤯		7	
𮤰		7	
𮤱		8	
𮤲		8	
𮤳		9	
𮤴		11	
𮤵		11	
𮤶		11	
𮤷		12	
𮤸		15	
𮤹	阜	6	
𮤺	阜	7	
𮤻	阜	7	
𮤼	阜	8	
𮤽	阜	8	
𮤾	阜	8	
𮤿	阜	8	
𮥀	阜	9	
𮥁	阜	9	
𮥂	阜	9	
𮥃	阜	14	
𮥄	阜	9	
𮥅	阜	9	
𮥆	阜	10	
𮥇	阜	10	
𮥈	阜	10	
𮥉	阜	10	
𮥊	阜	10	
𮥋	阜	9	
𮥌	阜	11	
𮥍	阜	11	
𮥎	阜	11	
𮥏	阜	11	
𮥐	阜	11	
𮥑	阜	11	
𮥒	阜	12	
𮥓	阜	13	
𮥔	阜	13	
𮥕	阜	13	
𮥖	阜	13	
𮥗	阜	12	
𮥘	阜	13	
𮥙	阜	13	
𮥚	阜	13	
𮥛	阜	13	
𮥜	阜	19	
𮥝	阜	14	
𮥞	阜	14	
𮥟	阜	14	
𮥠	阜	15	
𮥡	阜	15	
𮥢	阜	15	
𮥣	阜	15	
𮥤	阜	15	
𮥥	阜	16	
𮥦	阜	16	
𮥧	阜	16	
𮥨	阜	16	
𮥩	阜	16	
𮥪	阜	15	
𮥫	阜	17	
𮥬	阜	17	
𮥭	阜	17	
𮥮	阜	17	
𮥯	阜	18	
𮥰	阜	19	
𮥱	阜	20	
𮥲	阜	23	
𮥳	阜	24	
𮥴	隶	9	
𮥵	隶	17	
𮥶	隹	11	
𮥷	隹	12	
𮥸	隹	12	
𮥹	隹	12	
𮥺	隹	12	
𮥻	隹	13	
𮥼	隹	15	
𮥽	隹	16	
𮥾	隹	16	
𮥿	隹	16	
𮦀	隹	17	
𮦁	隹	18	
𮦂	隹	24	
𮦃	隹	25	
𮦄	雨	6	
𮦅	雨	11	
𮦆	雨	12	
𮦇	雨	12	
𮦈	雨	12	
𮦉	雨	12	
𮦊	雨	13	
𮦋	雨	13	
𮦌	雨	13	
𮦍	雨	13	
𮦎	雨	14	
𮦏	雨	14	
𮦐	雨	15	
𮦑	雨	15	
𮦒	雨	15	
𮦓	雨	15	
𮦔	雨	16	
𮦕	雨	16	
𮦖	雨	16	
𮦗	雨	16	
𮦘	雨	16	
𮦙	雨	16	
𮦚	雨	16	
𮦛	雨	16	
𮦜	雨	17	
𮦝	雨	16	
𮦞	雨	17	
𮦟	雨	17	
𮦠	雨	17	
𮦡	雨	17	
𮦢	雨	17	
𮦣	雨	17	
𮦤	雨	17	
𮦥	雨	17	
𮦦	雨	18	
𮦧	雨	17	
𮦨	雨	18	
𮦩	雨	18	
𮦪	雨	18	
𮦫	雨	18	
𮦬	雨	19	
𮦭	雨	20	
𮦮	雨	19	
𮦯	雨	20	
𮦰	雨	20	
𮦱	雨	20	
𮦲	雨	20	
𮦳	雨	21	
𮦴	雨	21	
𮦵	雨	21	
𮦶	雨	21	
𮦷	雨	22	
𮦸	雨	22	
𮦹	雨	22	
𮦺	雨	22	
𮦻	雨	22	
𮦼	雨	23	
𮦽	雨	24	
𮦾	雨	25	
𮦿	雨	26	
𮧀	雨	27	
𮧁	雨	27	
𮧂	雨	30	
𮧃	靑	13	
𮧄	非	12	
𮧅	非	13	
𮧆	非	13	
𮧇	非	14	
𮧈	非	23	
𮧉	面	12	
𮧊	面	14	
𮧋	面	14	
𮧌	面	15	
𮧍	面	16	
𮧎	面	17	
𮧏	面	18	
𮧐	面	20	
𮧑	面	21	
𮧒	面	21	
𮧓	革	8	
𮧔	革	13	
𮧕	革	14	
𮧖	革	14	
𮧗	革	14	
𮧘	革	15	
𮧙	革	15	
𮧚	革	16	
𮧛	革	16	
𮧜	革	15	
𮧝	革	16	
𮧞	革	17	
𮧟	革	18	
𮧠	革	18	
𮧡	革	18	
𮧢	革	18	
𮧣	革	19	
𮧤	革	19	
𮧥	革	19	
𮧦	革	20	
𮧧	革	20	
𮧨	革	19	
𮧩	革	19	
𮧪	革	21	
𮧫	革	21	
𮧬	革	21	
𮧭	革	22	
𮧮	韋	10	
𮧯	韋	9	
𮧰	韋	9	
𮧱	韋	15	
𮧲	韋	18	
𮧳	韋	21	
𮧴		8	
𮧵		10	
𮧶	音	12	
𮧷	音	12	
𮧸	音	14	
𮧹	音	15	
𮧺	音	15	
𮧻	音	16	
𮧼	音	19	
𮧽	音	19	
𮧾	音	20	
𮧿	音	22	
𮨀	頁	13	
𮨁	頁	13	
𮨂	頁	13	
𮨃	頁	14	
𮨄	頁	14	
𮨅	頁	14	
𮨆	頁	14	
𮨇	頁	15	
𮨈	頁	15	
𮨉	頁	15	
𮨊	頁	15	
𮨋	頁	16	
𮨌	頁	16	
𮨍	頁	17	
𮨎	頁	17	
𮨏	頁	17	
𮨐	頁	17	
𮨑	頁	17	
𮨒	頁	17	
𮨓	頁	17	
𮨔	頁	17	
𮨕	頁	18	
𮨖	頁	18	
𮨗	頁	19	
𮨘	頁	19	
𮨙	頁	19	
𮨚	頁	19	
𮨛	頁	19	
𮨜	頁	20	
𮨝	頁	20	
𮨞	頁	21	
𮨟	頁	21	
𮨠	頁	21	
𮨡	頁	22	
𮨢	頁	24	
𮨣	頁	24	
𮨤	頁	24	
𮨥	頁	25	
𮨦	風	11	
𮨧	風	13	
𮨨	風	14	
𮨩	風	15	
𮨪	風	15	
𮨫	風	15	
𮨬	風	16	
𮨭	風	17	
𮨮	風	17	
𮨯	風	17	
𮨰	風	19	
𮨱	風	20	
𮨲	風	22	
𮨳	風	27	
𮨴		12	
𮨵		15	
𮨶		8	
𮨷	食	12	
𮨸	食	11	
𮨹	食	14	
𮨺	食	14	
𮨻	食	13	
𮨼	食	14	
𮨽	食	17	
𮨾	食	17	
𮨿	食	16	
𮩀	食	17	
𮩁	食	17	
𮩂	食	17	
𮩃	食	17	
𮩄	食	18	
𮩅	食	17	
𮩆	食	18	
𮩇	食	17	
𮩈	食	18	
𮩉	食	18	
𮩊	食	18	
𮩋	食	19	
𮩌	食	19	
𮩍	食	20	
𮩎	食	19	
𮩏	食	19	
𮩐	食	20	
𮩑	食	22	
𮩒	食	21	
𮩓	食	21	
𮩔	食	21	
𮩕	食	22	
𮩖	食	22	
𮩗	食	23	
𮩘	食	23	
𮩙	食	24	
𮩚	食	26	
𮩛		9	
𮩜		8	
𮩝		12	
𮩞		15	
𮩟	首	12	
𮩠	首	14	
𮩡	首	15	
𮩢	首	16	
𮩣	首	16	
𮩤	首	17	
𮩥	首	18	
𮩦	首	18	
𮩧	香	15	
𮩨	香	15	
𮩩	香	17	
𮩪	香	17	
𮩫	香	19	
𮩬	香	19	
𮩭	香	20	
𮩮	香	20	
𮩯	香	22	
𮩰	香	21	
𮩱	香	23	
𮩲	馬	12	
𮩳	馬	13	
𮩴	馬	9	
𮩵	馬	9	
𮩶	馬	13	
𮩷	馬	14	
𮩸	馬	10	
𮩹	馬	14	
𮩺	馬	15	
𮩻	馬	15	
𮩼	馬	15	
𮩽	馬	15	
𮩾	馬	16	
𮩿	馬	16	
𮪀	馬	16	
𮪁	馬	16	
𮪂	馬	16	
𮪃	馬	16	
𮪄	馬	16	
𮪅	馬	17	
𮪆	馬	17	
𮪇	馬	17	
𮪈	馬	18	
𮪉	馬	18	
𮪊	馬	18	
𮪋	馬	18	
𮪌	馬	18	
𮪍	馬	19	
𮪎	馬	19	
𮪏	馬	19	
𮪐	馬	19	
𮪑	馬	19	
𮪒	馬	18	
𮪓	馬	19	
𮪔	馬	19	
𮪕	馬	20	
𮪖	馬	21	
𮪗	馬	21	
𮪘	馬	21	
𮪙	馬	21	
𮪚	馬	23	
𮪛	馬	24	
𮪜	馬	25	
𮪝	馬	26	
𮪞	馬	26	
𮪟	馬	27	
𮪠	馬	28	
𮪡		10	
𮪢		10	
𮪣		12	
𮪤		12	
𮪥		15	
𮪦	骨	11	
𮪧	骨	14	
𮪨	骨	14	
𮪩	骨	15	
𮪪	骨	16	
𮪫	骨	16	
𮪬	骨	16	
𮪭	骨	17	
𮪮	骨	17	
𮪯	骨	17	
𮪰	骨	17	
𮪱	骨	18	
𮪲	骨	18	
𮪳	骨	19	
𮪴	骨	20	
𮪵	骨	22	
𮪶	骨	23	
𮪷	骨	23	
𮪸	高	14	
𮪹	高	15	
𮪺	高	18	
𮪻	高	21	
𮪼	高	20	
𮪽	髟	14	
𮪾	髟	14	
𮪿	髟	14	
𮫀	髟	15	
𮫁	髟	15	
𮫂	髟	15	
𮫃	髟	16	
𮫄	髟	16	
𮫅	髟	16	
𮫆	髟	17	
𮫇	髟	17	
𮫈	髟	17	
𮫉	髟	18	
𮫊	髟	18	
𮫋	髟	18	
𮫌	髟	18	
𮫍	髟	19	
𮫎	髟	19	
𮫏	髟	20	
𮫐	髟	22	
𮫑	髟	22	
𮫒	髟	23	
𮫓	髟	26	
𮫔	鬥	18	
𮫕	鬥	20	
𮫖	鬯	7	
𮫗	鬯	21	
𮫘	鬯	24	
𮫙	鬲	12	
𮫚	鬲	23	
𮫛	鬲	29	
𮫜	鬼	12	
𮫝	鬼	14	
𮫞	鬼	16	
𮫟	鬼	16	
𮫠	鬼	17	
𮫡	鬼	18	
𮫢	鬼	15	
𮫣	鬼	18	
𮫤	鬼	19	
𮫥	鬼	20	
𮫦	鬼	20	
𮫧	鬼	20	
𮫨	鬼	23	
𮫩	鬼	26	
𮫪	鬼	27	
𮫫	鬼	31	
𮫬	魚	11	
𮫭	魚	10	
𮫮	魚	10	
𮫯	魚	11	
𮫰	魚	14	
𮫱	魚	15	
𮫲	魚	15	
𮫳	魚	16	
𮫴	魚	16	
𮫵	魚	17	
𮫶	魚	17	
𮫷	魚	17	
𮫸	魚	17	
𮫹	魚	17	
𮫺	魚	18	
𮫻	魚	18	
𮫼	魚	18	
𮫽	魚	18	
𮫾	魚	19	
𮫿	魚	19	
𮬀	魚	20	
𮬁	魚	20	
𮬂	魚	19	
𮬃	魚	20	
𮬄	魚	20	
𮬅	魚	20	
𮬆	魚	21	
𮬇	魚	20	
𮬈	魚	21	
𮬉	魚	20	
𮬊	魚	21	
𮬋	魚	22	
𮬌	魚	22	
𮬍	魚	22	
𮬎	魚	23	
𮬏	魚	23	
𮬐	魚	21	
𮬑	魚	23	
𮬒	魚	23	
𮬓	魚	25	
𮬔	魚	24	
𮬕	魚	24	
𮬖	魚	26	
𮬗	魚	27	
𮬘	魚	26	
𮬙	魚	28	
𮬚	魚	28	
𮬛		12	
𮬜		14	
𮬝		14	
𮬞		15	
𮬟		16	
𮬠		16	
𮬡		17	
𮬢		18	
𮬣		19	
𮬤		23	
𮬥	鳥	13	
𮬦	鳥	14	
𮬧	鳥	14	
𮬨	鳥	14	
𮬩	鳥	14	
𮬪	鳥	14	
𮬫	鳥	15	
𮬬	鳥	15	
𮬭	鳥	15	
𮬮	鳥	15	
𮬯	鳥	15	
𮬰	鳥	16	
𮬱	鳥	16	
𮬲	鳥	16	
𮬳	鳥	17	
𮬴	鳥	17	
𮬵	鳥	17	
𮬶	鳥	17	
𮬷	鳥	17	
𮬸	鳥	17	
𮬹	鳥	18	
𮬺	鳥	18	
𮬻	鳥	18	
𮬼	鳥	19	
𮬽	鳥	19	
𮬾	鳥	19	
𮬿	鳥	20	
𮭀	鳥	19	
𮭁	鳥	19	
𮭂	鳥	18	
𮭃	鳥	19	
𮭄	鳥	20	
𮭅	鳥	20	
𮭆	鳥	20	
𮭇	鳥	20	
𮭈	鳥	21	
𮭉	鳥	21	
𮭊	鳥	22	
𮭋	鳥	21	
𮭌	鳥	21	
𮭍	鳥	21	
𮭎	鳥	21	
𮭏	鳥	21	
𮭐	鳥	22	
𮭑	鳥	22	
𮭒	鳥	22	
𮭓	鳥	22	
𮭔	鳥	22	
𮭕	鳥	22	
𮭖	鳥	23	
𮭗	鳥	24	
𮭘	鳥	24	
𮭙	鳥	25	
𮭚	鳥	25	
𮭛	鳥	26	
𮭜	鳥	26	
𮭝	鳥	27	
𮭞	鳥	27	
𮭟	鳥	29	
𮭠	鳥	33	
𮭡		9	
𮭢		9	
𮭣		9	
𮭤		10	
𮭥		11	
𮭦		12	
𮭧		12	
𮭨		15	
𮭩		15	
𮭪		16	
𮭫	鹵	16	
𮭬	鹵	18	
𮭭	鹵	19	
𮭮	鹵	19	
𮭯	鹵	20	
𮭰		11	
𮭱	鹿	11	
𮭲	鹿	14	
𮭳	鹿	16	
𮭴	鹿	17	
𮭵	鹿	18	
𮭶	鹿	18	
𮭷	鹿	18	
𮭸	鹿	20	
𮭹	鹿	18	
𮭺	鹿	21	
𮭻	麥	16	
𮭼	麥	19	
𮭽	麥	19	
𮭾	麥	20	
𮭿	麥	21	
𮮀	麥	21	
𮮁	麥	22	
𮮂	麥	27	
𮮃		9	
𮮄		11	
𮮅		11	
𮮆		12	
𮮇		13	
𮮈	麻	15	
𮮉	麻	15	
𮮊	麻	15	
𮮋	麻	18	
𮮌	麻	23	
𮮍	麻	30	
𮮎	麻	32	
𮮏	黃	16	
𮮐	黍	11	
𮮑	黍	10	
𮮒	黍	18	
𮮓	黍	24	
𮮔	黑	16	
𮮕	黑	15	
𮮖	黑	17	
𮮗	黑	17	
𮮘	黑	17	
𮮙	黑	20	
𮮚	黑	20	
𮮛	黑	20	
𮮜	黑	20	
𮮝	黑	23	
𮮞	黑	26	
𮮟	黑	26	
𮮠	黹	11	
𮮡	黽	14	
𮮢	黽	17	
𮮣	黽	14	
𮮤	黽	20	
𮮥	鼎	16	
𮮦	鼓	13	
𮮧	鼓	18	
𮮨	鼓	19	
𮮩	鼓	20	
𮮪	鼓	25	
𮮫	鼓	25	
𮮬	鼠	17	
𮮭	鼠	18	
𮮮	鼠	21	
𮮯	鼠	25	
𮮰	鼻	13	
𮮱	鼻	14	
𮮲	鼻	13	
𮮳	鼻	11	
𮮴	鼻	13	
𮮵	鼻	17	
𮮶	鼻	17	
𮮷	鼻	20	
𮮸	鼻	26	
𮮹	鼻	31	
𮮺	齊	14	
𮮻	齊	14	
𮮼	齊	15	
𮮽	齒	13	
𮮾		14	
𮮿	齒	18	
𮯀	齒	19	
𮯁	齒	19	
𮯂	齒	20	
𮯃		17	
𮯄	齒	21	
𮯅		18	
𮯆	齒	21	
𮯇		19	
𮯈		20	
𮯉	齒	23	
𮯊	齒	23	
𮯋		21	
𮯌		21	
𮯍	齒	23	
𮯎		21	
𮯏	齒	25	
𮯐	齒	25	
𮯑	齒	26	
𮯒	齒	26	
𮯓	齒	26	
𮯔	齒	27	
𮯕	齒	27	
𮯖	齒	26	
𮯗	齒	28	
𮯘	齒	32	
𮯙		13	
𮯚	龍	22	
𮯛	龜	20	
𮯜	龜	22	
𮯝	龜	17	
𮯞	龜	17	
𮯟	龜	16	
𮯠	龠	25	
𮯰	一	4	
𮯱	丶	5	
𮯲	丿	4	
𮯳	亠	14	
𮯴	人	4	
𮯵	人	5	
𮯶	人	5	
𮯷	人	5	
𮯸	人	6	
𮯹	人	6	
𮯺	人	7	
𮯻	人	7	
𮯼	人	10	
𮯽	人	10	
𮯾	人	10	
𮯿	人	11	
𮰀	人	11	
𮰁	人	11	
𮰂	人	14	
𮰃	入	8	
𮰄	冖	7	
𮰅	冖	12	
𮰆	冫	5	
𮰇	冫	13	
𮰈	冫	14	
𮰉	几	7	
𮰊	几	9	
𮰋	几	13	
𮰌	刀	8	
𮰍	力	8	
𮰎	力	10	
𮰏	十	10	
𮰐	十	16	
𮰑	厂	8	
𮰒	厂	15	
𮰓	又	6	
𮰔	口	7	
𮰕	口	11	
𮰖	口	12	
𮰗	口	21	
𮰘	囗	9	
𮰙	土	4	
𮰚	土	6	
𮰛	土	7	
𮰜	土	7	
𮰝	土	9	
𮰞	土	9	
𮰟	土	9	
𮰠	土	9	
𮰡	土	9	
𮰢	土	10	
𮰣	土	10	
𮰤	土	11	
𮰥	土	12	
𮰦	土	12	
𮰧	土	12	
𮰨	土	13	
𮰩	土	14	
𮰪	土	14	
𮰫	土	14	
𮰬	土	14	
𮰭	土	15	
𮰮	土	16	
𮰯	土	17	
𮰰	士	6	
𮰱	士	9	
𮰲	士	9	
𮰳	夂	17	
𮰴	大	7	
𮰵	大	9	
𮰶	大	11	
𮰷	女	5	
𮰸	女	6	
𮰹	女	7	
𮰺	女	7	
𮰻	女	7	
𮰼	女	7	
𮰽	女	8	
𮰾	女	8	
𮰿	女	9	
𮱀	女	9	
𮱁	女	9	
𮱂	女	9	
𮱃	女	9	
𮱄	女	10	
𮱅	女	10	
𮱆	女	10	
𮱇	女	11	
𮱈	女	11	
𮱉	女	11	
𮱊	女	11	
𮱋	女	11	
𮱌	女	11	
𮱍	女	12	
𮱎	女	12	
𮱏	女	12	
𮱐	女	12	
𮱑	女	13	
𮱒	女	13	
𮱓	女	14	
𮱔	女	14	
𮱕	女	14	
𮱖	女	14	
𮱗	女	14	
𮱘	女	15	
𮱙	女	19	
𮱚	女	19	
𮱛	女	24	
𮱜	子	8	
𮱝	子	13	
𮱞	宀	6	
𮱟	宀	7	
𮱠	宀	18	
𮱡	小	6	
𮱢	小	8	
𮱣	尢	15	
𮱤	山	7	
𮱥	山	7	
𮱦	山	7	
𮱧	山	8	
𮱨	山	9	
𮱩	山	9	
𮱪	山	10	
𮱫	山	10	
𮱬	山	10	
𮱭	山	11	
𮱮	山	11	
𮱯	山	11	
𮱰	山	16	
𮱱	山	17	
𮱲	山	17	
𮱳	巾	7	
𮱴	弓	7	
𮱵	弓	9	
𮱶	弓	9	
𮱷	弓	9	
𮱸	弓	10	
𮱹	彡	8	
𮱺	彳	8	
𮱻	彳	8	
𮱼	彳	9	
𮱽	彳	12	
𮱾	彳	15	
𮱿	心	6	
𮲀	心	7	
𮲁	心	7	
𮲂	心	7	
𮲃	心	8	
𮲄	心	10	
𮲅	心	9	
𮲆	心	11	
𮲇	心	11	
𮲈	心	12	
𮲉	心	12	
𮲊	心	13	
𮲋	心	13	
𮲌	戈	13	
𮲍	戈	13	
𮲎	戈	14	
𮲏	手	7	
𮲐	手	10	
𮲑	手	13	
𮲒	手	15	
𮲓	攴	9	
𮲔	攴	10	
𮲕	攴	11	
𮲖	文	9	
𮲗	文	12	
𮲘	方	12	
𮲙	方	12	
𮲚	日	7	
𮲛	日	7	
𮲜	日	8	
𮲝	日	8	
𮲞	日	9	
𮲟	日	10	
𮲠	日	10	
𮲡	日	10	
𮲢	日	10	
𮲣	日	11	
𮲤	日	12	
𮲥	日	13	
𮲦	日	14	
𮲧	日	14	
𮲨	日	14	
𮲩	日	15	
𮲪	月	9	
𮲫	肉	10	
𮲬	木	8	
𮲭	木	8	
𮲮	木	8	
𮲯	木	9	
𮲰	木	10	
𮲱	木	10	
𮲲	木	10	
𮲳	木	11	
𮲴	木	12	
𮲵	木	12	
𮲶	木	13	
𮲷	木	13	
𮲸	木	13	
𮲹	木	15	
𮲺	木	16	
𮲻	木	16	
𮲼	木	19	
𮲽	木	21	
𮲾	欠	15	
𮲿	止	15	
𮳀	殳	8	
𮳁	毛	10	
𮳂	毛	11	
𮳃	水	6	
𮳄	水	7	
𮳅	水	9	
𮳆	水	9	
𮳇	水	10	
𮳈	水	11	
𮳉	水	11	
𮳊	水	11	
𮳋	水	12	
𮳌	水	12	
𮳍	水	12	
𮳎	水	12	
𮳏	水	12	
𮳐	水	14	
𮳑	水	14	
𮳒	水	14	
𮳓	水	15	
𮳔	水	15	
𮳕	水	17	
𮳖	水	16	
𮳗	水	16	
𮳘	水	16	
𮳙	水	18	
𮳚	火	7	
𮳛	火	7	
𮳜	火	7	
𮳝	火	8	
𮳞	火	8	
𮳟	火	8	
𮳠	火	8	
𮳡	火	8	
𮳢	火	8	
𮳣	火	9	
𮳤	火	9	
𮳥	火	10	
𮳦	火	10	
𮳧	火	10	
𮳨	火	10	
𮳩	火	11	
𮳪	火	11	
𮳫	火	12	
𮳬	火	12	
𮳭	火	12	
𮳮	火	12	
𮳯	火	13	
𮳰	火	13	
𮳱	火	13	
𮳲	火	13	
𮳳	火	13	
𮳴	火	14	
𮳵	火	14	
𮳶	火	15	
𮳷	火	15	
𮳸	火	17	
𮳹	火	17	
𮳺	牛	7	
𮳻	牛	8	
𮳼	牛	12	
𮳽	犬	9	
𮳾	犬	10	
𮳿	犬	16	
𮴀	玉	7	
𮴁	玉	7	
𮴂	玉	7	
𮴃	玉	7	
𮴄	玉	8	
𮴅	玉	8	
𮴆	玉	8	
𮴇	玉	8	
𮴈	玉	8	
𮴉	玉	9	
𮴊	玉	9	
𮴋	玉	9	
𮴌	玉	9	
𮴍	玉	9	
𮴎	玉	9	
𮴏	玉	10	
𮴐	玉	10	
𮴑	玉	10	
𮴒	玉	10	
𮴓	玉	10	
𮴔	玉	10	
𮴕	玉	10	
𮴖	玉	10	
𮴗	玉	10	
𮴘	玉	11	
𮴙	玉	11	
𮴚	玉	11	
𮴛	玉	11	
𮴜	玉	11	
𮴝	玉	11	
𮴞	玉	11	
𮴟	玉	12	
𮴠	玉	12	
𮴡	玉	12	
𮴢	玉	12	
𮴣	玉	12	
𮴤	玉	12	
𮴥	玉	12	
𮴦	玉	13	
𮴧	玉	13	
𮴨	玉	13	
𮴩	玉	14	
𮴪	玉	14	
𮴫	玉	14	
𮴬	玉	15	
𮴭	玉	15	
𮴮	玉	15	
𮴯	玉	15	
𮴰	玉	15	
𮴱	玉	16	
𮴲	玉	16	
𮴳	玉	16	
𮴴	玉	16	
𮴵	玉	16	
𮴶	玉	17	
𮴷	玉	18	
𮴸	玉	19	
𮴹	玉	20	
𮴺	玉	20	
𮴻	瓜	10	
𮴼	瓦	14	
𮴽	田	6	
𮴾	田	10	
𮴿	田	10	
𮵀	田	11	
𮵁	田	11	
𮵂	田	12	
𮵃	田	17	
𮵄	白	9	
𮵅	目	8	
𮵆	目	9	
𮵇	目	13	
𮵈	目	13	
𮵉	石	8	
𮵊	石	9	
𮵋	石	9	
𮵌	石	9	
𮵍	石	11	
𮵎	石	11	
𮵏	石	11	
𮵐	石	11	
𮵑	石	11	
𮵒	石	11	
𮵓	石	13	
𮵔	石	14	
𮵕	石	14	
𮵖	石	14	
𮵗	石	14	
𮵘	示	9	
𮵙	示	9	
𮵚	示	10	
𮵛	示	11	
𮵜	示	11	
𮵝	示	14	
𮵞	示	14	
𮵟	示	18	
𮵠	禾	9	
𮵡	禾	11	
𮵢	禾	12	
𮵣	禾	13	
𮵤	禾	14	
𮵥	立	9	
𮵦	立	10	
𮵧	立	12	
𮵨	立	13	
𮵩	立	16	
𮵪	立	16	
𮵫	竹	8	
𮵬	竹	10	
𮵭	竹	10	
𮵮	竹	11	
𮵯	竹	11	
𮵰	竹	12	
𮵱	竹	13	
𮵲	竹	13	
𮵳	竹	13	
𮵴	竹	14	
𮵵	竹	14	
𮵶	竹	14	
𮵷	竹	15	
𮵸	竹	18	
𮵹	竹	24	
𮵺	米	14	
𮵻	米	14	
𮵼	米	17	
𮵽	米	17	
𮵾	糸	16	
𮵿		6	
𮶀		8	
𮶁		8	
𮶂		10	
𮶃		13	
𮶄		13	
𮶅		13	
𮶆		13	
𮶇	网	7	
𮶈	羽	8	
𮶉	羽	11	
𮶊	羽	11	
𮶋	羽	12	
𮶌	羽	12	
𮶍	羽	12	
𮶎	羽	18	
𮶏	耳	10	
𮶐	耳	11	
𮶑	耳	11	
𮶒	耳	12	
𮶓	耳	12	
𮶔	肉	8	
𮶕	肉	8	
𮶖	自	10	
𮶗	舟	9	
𮶘	舟	10	
𮶙	舟	16	
𮶚	舟	18	
𮶛	艸	6	
𮶜	艸	7	
𮶝	艸	7	
𮶞	艸	7	
𮶟	艸	9	
𮶠	艸	9	
𮶡	艸	9	
𮶢	艸	11	
𮶣	艸	11	
𮶤	艸	11	
𮶥	艸	11	
𮶦	艸	12	
𮶧	艸	12	
𮶨	艸	12	
𮶩	艸	13	
𮶪	艸	13	
𮶫	艸	13	
𮶬	艸	14	
𮶭	艸	14	
𮶮	艸	15	
𮶯	艸	15	
𮶰	艸	15	
𮶱	艸	15	
𮶲	艸	15	
𮶳	艸	15	
𮶴	艸	16	
𮶵	艸	16	
𮶶	艸	17	
𮶷	艸	18	
𮶸	艸	19	
𮶹	艸	19	
𮶺	虍	11	
𮶻	虫	9	
𮶼	虫	11	
𮶽	虫	11	
𮶾	虫	13	
𮶿	衣	10	
𮷀	衣	11	
𮷁	衣	13	
𮷂	衣	15	
𮷃	衣	23	
𮷄		10	
𮷅		7	
𮷆		7	
𮷇		7	
𮷈		10	
𮷉		10	
𮷊		14	
𮷋	豆	9	
𮷌		5	
𮷍		9	
𮷎		11	
𮷏		11	
𮷐		14	
𮷑	赤	14	
𮷒	足	13	
𮷓	身	11	
𮷔	身	12	
𮷕	身	12	
𮷖		6	
𮷗		8	
𮷘		8	
𮷙		9	
𮷚		10	
𮷛		12	
𮷜		13	
𮷝		14	
𮷞	辵	8	
𮷟	辵	9	
𮷠	辵	9	
𮷡	辵	11	
𮷢	辵	12	
𮷣	辵	12	
𮷤	辵	13	
𮷥	辵	14	
𮷦	辵	14	
𮷧	辵	15	
𮷨	邑	7	
𮷩	邑	7	
𮷪	邑	10	
𮷫	邑	11	
𮷬	邑	12	
𮷭	邑	12	
𮷮	里	16	
𮷯	金	13	
𮷰	金	15	
𮷱	金	16	
𮷲	金	16	
𮷳	金	16	
𮷴	金	20	
𮷵		8	
𮷶		8	
𮷷		9	
𮷸		9	
𮷹		9	
𮷺		9	
𮷻		9	
𮷼		9	
𮷽		9	
𮷾		10	
𮷿		10	
𮸀		10	
𮸁		10	
𮸂		10	
𮸃		10	
𮸄		11	
𮸅		11	
𮸆		11	
𮸇		11	
𮸈		11	
𮸉		12	
𮸊		12	
𮸋		12	
𮸌		12	
𮸍		12	
𮸎		12	
𮸏		12	
𮸐		13	
𮸑		13	
𮸒		13	
𮸓		13	
𮸔		14	
𮸕		14	
𮸖		14	
𮸗		14	
𮸘		14	
𮸙		15	
𮸚		15	
𮸛		15	
𮸜		15	
𮸝		16	
𮸞		16	
𮸟		16	
𮸠		16	
𮸡		17	
𮸢		17	
𮸣		20	
𮸤	長	11	
𮸥		9	
𮸦		11	
𮸧		13	
𮸨	阜	11	
𮸩	阜	12	
𮸪	阜	14	
𮸫	雨	11	
𮸬	雨	13	
𮸭	靑	14	
𮸮	革	13	
𮸯		10	
𮸰		13	
𮸱	音	12	
𮸲	音	13	
𮸳	音	13	
𮸴		9	
𮸵		14	
𮸶		15	
𮸷		15	
𮸸		15	
𮸹		18	
𮸺		18	
𮸻		12	
𮸼		16	
𮸽		9	
𮸾	食	12	
𮸿		10	
𮹀	香	19	
𮹁	馬	14	
𮹂		6	
𮹃		7	
𮹄		7	
𮹅		8	
𮹆		9	
𮹇		10	
𮹈		10	
𮹉		11	
𮹊		11	
𮹋		11	
𮹌		13	
𮹍		13	
𮹎		14	
𮹏		15	
𮹐		15	
𮹑	鬲	16	
𮹒	鬼	13	
𮹓		12	
𮹔		8	
𮹕		10	
𮹖		13	
𮹗		13	
𮹘		15	
𮹙		16	
𮹚		16	
𮹛		20	
𮹜		21	
𮹝		15	
丽	一	8	
丸	丶	3	
乁	丿	1	
𠄢	二	7	
你	人	7	
侮	人	8	
侻	人	9	
倂	人	10	
偺	人	11	
備	人	13	
僧	人	13	
像	人	14	
㒞	人	17	
𠘺	几	6	
免	儿	7	
兔	儿	8	
兤	儿	20	
具	八	8	
𠔜	八	10	
㒹	八	20	
內	入	4	
再	冂	6	
𠕋	冂	6	
冗	冖	4	
冤	冖	10	
仌	人	4	
冬	冫	5	
况	冫	7	
𩇟	靑	17	
凵	凵	2	
刃	刀	3	
㓟	刀	7	
刻	刀	8	
剆	刀	9	
割	刀	12	
剷	刀	13	
㔕	力	6	
勇	力	9	
勉	力	9	
勤	力	12	
勺	勹	3	
包	勹	5	
匆	勹	5	
北	匕	5	
卉	十	6	
卑	十	9	
博	十	12	
即	卩	8	
卽	卩	9	
卿	卩	11	
卿	卩	11	
卿	卩	12	
𠨬	厂	4	
灰	厂	6	
及	又	3	
叟	又	7	
𠭣	又	11	
叫	口	5	
叱	口	5	
吆	口	6	
咞	口	7	
吸	口	6	
呈	口	7	
周	口	8	
咢	口	9	
哶	口	10	
唐	口	10	
啓	口	11	
啣	口	11	
善	口	12	
善	口	12	
喙	口	12	
喫	口	12	
喳	口	12	
嗂	口	13	
圖	囗	13	
嘆	口	13	
圗	囗	14	
噑	口	15	
噴	口	16	
切	刀	5	
壮	士	6	
城	土	10	
埴	土	11	
堍	土	11	
型	土	11	
堲	土	12	
報	土	13	
墬	土	15	
𡓤	土	18	
売	士	7	
壷	士	13	
夆	夂	7	
多	夕	6	
夢	夕	13	
奢	大	12	
𡚨	女	5	
𡛪	女	9	
姬	女	10	
娛	女	10	
娧	女	10	
姘	女	11	
婦	女	11	
㛮	女	12	
㛼	女	10	
嬈	女	14	
嬾	女	19	
嬾	女	19	
𡧈	宀	6	
寃	宀	11	
寘	宀	13	
寧	宀	14	
寳	宀	19	
𡬘	宀	24	
寿	寸	7	
将	寸	10	
当	小	6	
尢	尢	3	
㞁	尢	9	
屠	尸	12	
屮	屮	3	
峀	山	8	
岍	山	9	
𡷤	山	10	
嵃	山	12	
𡷦	山	12	
嵮	山	13	
嵫	山	12	
嵼	山	14	
巡	巛	6	
巢	巛	13	
㠯	己	5	
巽	己	12	
帨	巾	10	
帽	巾	12	
幩	巾	16	
㡢	巾	16	
𢆃	巾	25	
㡼	广	9	
庰	广	11	
庳	广	10	
庶	广	11	
廊	广	13	
𪎒	麻	14	
廾	廾	4	
𢌱	廾	6	
𢌱	廾	7	
舁	臼	9	
弢	弓	8	
弢	弓	8	
㣇	彐	8	
𣊸	日	16	
𦇚	糸	22	
形	彡	9	
彫	彡	11	
㣣	彳	10	
徚	彳	11	
忍	心	7	
志	心	7	
忹	心	7	
悁	心	9	
㤺	心	9	
㤜	心	9	
悔	心	9	
𢛔	心	12	
惇	心	12	
慈	心	13	
慌	心	12	
慎	心	13	
慌	心	12	
慺	心	14	
憎	心	14	
憲	心	16	
憤	心	16	
憯	心	15	
懞	心	17	
懲	心	18	
懶	心	19	
成	戈	7	
戛	戈	11	
扝	手	6	
抱	手	8	
拔	手	8	
捐	手	9	
𢬌	手	9	
挽	手	10	
拼	手	11	
捨	手	11	
掃	手	11	
揤	手	12	
𢯱	手	12	
搢	手	13	
揅	手	15	
掩	手	13	
㨮	手	14	
摩	手	15	
摾	手	15	
撝	手	15	
摷	手	16	
㩬	手	18	
敏	攴	10	
敬	攴	12	
𣀊	攴	17	
旣	无	11	
書	曰	10	
晉	日	11	
㬙	日	13	
暑	日	13	
㬈	日	14	
㫤	日	9	
冒	冂	9	
冕	冂	11	
最	曰	12	
暜	日	14	
肭	肉	8	
䏙	肉	8	
朗	月	11	
望	月	11	
朡	月	13	
杞	木	7	
杓	木	7	
𣏃	木	7	
㭉	木	8	
柺	木	9	
枅	木	10	
桒	木	10	
梅	木	10	
𣑭	木	10	
梎	木	11	
栟	木	12	
椔	木	13	
㮝	木	13	
楂	木	13	
榣	木	14	
槪	木	15	
檨	木	16	
𣚣	木	15	
櫛	木	19	
㰘	木	22	
次	欠	6	
𣢧	欠	12	
歔	欠	15	
㱎	欠	24	
歲	止	14	
殟	歹	13	
殺	殳	10	
殻	殳	11	
𣪍	殳	12	
𡴋	屮	8	
𣫺	毋	14	
汎	水	6	
𣲼	水	7	
沿	水	8	
泍	水	8	
汧	水	9	
洖	水	10	
派	水	9	
海	水	9	
流	水	10	
浩	水	10	
浸	水	10	
涅	水	10	
𣴞	水	10	
洴	水	11	
港	水	12	
湮	水	12	
㴳	水	13	
滋	水	12	
滇	水	13	
𣻑	水	13	
淹	水	13	
潮	水	15	
𣽞	水	15	
𣾎	水	15	
濆	水	16	
瀹	水	16	
瀞	水	17	
瀛	水	20	
㶖	水	21	
灊	水	21	
災	火	8	
灷	火	8	
炭	火	9	
𠔥	八	12	
煅	火	13	
𤉣	火	13	
熜	火	15	
𤎫	火	16	
爨	火	29	
爵	爪	17	
牐	片	11	
𤘈	牙	10	
犀	牛	11	
犕	牛	14	
𤜵	犬	9	
𤠔	犬	12	
獺	犬	19	
王	玉	4	
㺬	玉	7	
玥	玉	8	
㺸	玉	9	
㺸	玉	10	
瑇	玉	12	
瑜	玉	13	
瑱	玉	14	
璅	玉	17	
瓊	玉	19	
㼛	瓦	10	
甤	生	12	
𤰶	田	9	
甾	田	9	
𤲒	田	11	
異	田	11	
𢆟	干	13	
瘐	疒	11	
𤾡	白	14	
𤾸	白	20	
𥁄	皿	8	
㿼	皿	11	
䀈	皿	16	
直	目	8	
𥃳	目	8	
𥃲	目	9	
𥄙	目	9	
𥄳	目	10	
眞	目	9	
真	目	10	
真	目	10	
睊	目	11	
䀹	目	12	
瞋	目	15	
䁆	目	15	
䂖	石	6	
𥐝	石	8	
硎	石	13	
碌	石	13	
磌	石	15	
䃣	石	17	
𥘦	示	8	
祖	示	9	
𥚚	示	12	
𥛅	示	14	
福	示	14	
秫	禾	10	
䄯	禾	11	
穀	禾	14	
穊	禾	16	
穏	禾	16	
𥥼	穴	14	
𥪧	立	15	
𥪧	立	15	
竮	立	16	
䈂	竹	14	
𥮫	竹	14	
篆	竹	15	
築	竹	15	
䈧	竹	18	
𥲀	竹	19	
糒	米	16	
䊠	米	17	
糨	米	18	
糣	米	18	
紀	糸	9	
𥾆	糸	8	
絣	糸	14	
䌁	糸	15	
緇	糸	15	
縂	糸	15	
繅	糸	19	
䌴	糸	23	
𦈨	缶	12	
𦉇	缶	17	
䍙	网	12	
𦋙	网	16	
罺	网	18	
𦌾	网	24	
羕	羊	12	
翺	羽	16	
者	老	9	
𦓚	而	15	
𦔣	耒	16	
聠	耳	14	
𦖨	耳	14	
聰	耳	17	
𣍟	月	7	
䏕	肉	8	
育	肉	8	
脃	肉	10	
䐋	肉	12	
脾	肉	11	
媵	女	13	
𦞧	肉	14	
𦞵	肉	14	
𣎓	月	15	
𣎜	月	17	
舁	臼	9	
舄	臼	11	
辞	辛	13	
䑫	舟	14	
芑	艸	6	
芋	艸	6	
芝	艸	6	
劳	力	8	
花	艸	7	
芳	艸	10	
芽	艸	7	
苦	艸	8	
𦬼	艸	9	
若	艸	8	
茝	艸	10	
荣	艸	10	
莭	艸	11	
茣	艸	10	
莽	艸	10	
菧	艸	10	
著	艸	11	
荓	艸	11	
菊	艸	11	
菌	艸	11	
菜	艸	11	
𦰶	艸	12	
𦵫	艸	13	
𦳕	艸	13	
䔫	艸	14	
蓱	艸	14	
蓳	艸	15	
蔖	艸	14	
𧏊	虫	16	
蕤	艸	15	
𦼬	艸	17	
䕝	艸	17	
䕡	艸	17	
𦾱	艸	19	
𧃒	艸	20	
䕫	艸	21	
虐	虍	9	
虜	虍	13	
虧	虍	17	
虩	虍	19	
蚩	虫	10	
蚈	虫	12	
蜎	虫	12	
蛢	虫	14	
蝹	虫	15	
蜨	虫	15	
蝫	虫	15	
螆	虫	15	
䗗	虫	18	
蟡	虫	18	
蠁	虫	19	
䗹	虫	19	
衠	行	16	
衣	衣	6	
𧙧	衣	9	
裗	衣	12	
裞	衣	12	
䘵	衣	13	
裺	衣	15	
㒻	冂	11	
𧢮	見	26	
𧥦	言	10	
䚾	言	11	
䛇	言	12	
誠	言	14	
諭	言	16	
變	言	22	
豕	豕	6	
𧲨	豸	13	
貫	貝	12	
賁	貝	13	
贛	貝	24	
起	走	10	
𧼯	走	16	
𠠄	刀	16	
跋	足	12	
趼	足	13	
跰	足	15	
𠣞	勹	9	
軔	車	10	
輸	車	16	
𨗒	辵	15	
𨗭	辵	15	
邔	邑	6	
郱	邑	11	
鄑	邑	13	
𨜮	邑	12	
鄛	邑	16	
鈸	金	13	
鋗	金	14	
鋘	金	15	
鉼	金	16	
鏹	金	20	
鐕	金	20	
𨯺	金	24	
開	門	14	
䦕	門	16	
閷	門	16	
𨵷	門	18	
䧦	阜	12	
雃	隹	14	
嶲	山	15	
霣	雨	17	
𩅅	雨	17	
𩈚	面	17	
䩮	革	17	
䩶	革	19	
韠	韋	19	
𩐊	韭	20	
䪲	頁	12	
𩒖	頁	13	
頋	頁	13	
頋	頁	14	
頩	頁	17	
𩖶	風	14	
飢	食	10	
䬳	食	13	
餩	食	16	
馧	香	18	
駂	馬	14	
駾	馬	17	
䯎	骨	14	
𩬰	髟	16	
鬒	髟	20	
鱀	魚	22	
鳽	鳥	17	
䳎	鳥	17	
䳭	鳥	18	
鵧	鳥	19	
𪃎	鳥	20	
䳸	鳥	22	
𪄅	鳥	21	
𪈎	鳥	27	
𪊑	鹿	17	
麻	麻	11	
䵖	黍	21	
黹	黹	13	
黾		8	
鼅	黽	21	
鼏	鼎	15	
鼖	鼓	19	
鼻	鼻	14	
𪘀	齒	23	
𰀀	一	2	
𰀁	一	3	
𰀂	一	3	
𰀃	一	3	
𰀄	一	3	
𰀅	一	4	
𰀆	一	4	
𰀇	一	4	
𰀈	一	5	
𰀉	一	5	
𰀊	一	5	
𰀋	一	6	
𰀌	一	7	
𰀍	一	8	
𰀎	一	9	
𰀏	一	9	
𰀐	一	9	
𰀑	一	9	
𰀒	一	10	
𰀓	一	10	
𰀔	一	10	
𰀕	一	10	
𰀖	一	12	
𰀗	一	12	
𰀘	一	12	
𰀙	一	13	
𰀚	一	13	
𰀛	一	14	
𰀜	一	14	
𰀝	一	15	
𰀞	一	17	
𰀟	一	20	
𰀠	丨	3	
𰀡	丨	4	
𰀢	丨	5	
𰀣	丨	6	
𰀤	丨	8	
𰀥	丨	9	
𰀦	丨	10	
𰀧	丨	10	
𰀨	丨	18	
𰀩	丶	10	
𰀪	丿	2	
𰀫	丿	2	
𰀬	丿	5	
𰀭	丿	12	
𰀮	丿	12	
𰀯	丿	12	
𰀰	乙	3	
𰀱	乙	4	
𰀲	乙	5	
𰀳	乙	5	
𰀴	乙	5	
𰀵	乙	5	
𰀶	乙	6	
𰀷	乙	6	
𰀸	乙	6	
𰀹	乙	6	
𰀺	乙	6	
𰀻	乙	6	
𰀼	乙	6	
𰀽	乙	7	
𰀾	乙	7	
𰀿	乙	7	
𰁀	乙	7	
𰁁	乙	8	
𰁂	乙	8	
𰁃	乙	8	
𰁄	乙	9	
𰁅	乙	9	
𰁆	乙	9	
𰁇	乙	9	
𰁈	乙	9	
𰁉	乙	10	
𰁊	乙	10	
𰁋	乙	10	
𰁌	乙	11	
𰁍	乙	12	
𰁎	乙	14	
𰁏	乙	15	
𰁐	乙	16	
𰁑	乙	17	
𰁒	亅	4	
𰁓	亅	11	
𰁔	亅	11	
𰁕	二	4	
𰁖	二	5	
𰁗	二	6	
𰁘	二	9	
𰁙	二	13	
𰁚	二	14	
𰁛	二	15	
𰁜	亠	6	
𰁝	亠	11	
𰁞	亠	12	
𰁟	亠	12	
𰁠	亠	15	
𰁡	人	4	
𰁢	人	5	
𰁣	人	5	
𰁤	人	6	
𰁥	人	6	
𰁦	人	6	
𰁧	人	6	
𰁨	人	6	
𰁩	人	6	
𰁪	人	6	
𰁫	人	7	
𰁬	人	7	
𰁭	人	7	
𰁮	人	7	
𰁯	人	7	
𰁰	人	7	
𰁱	人	8	
𰁲	人	8	
𰁳	人	8	
𰁴	人	8	
𰁵	人	8	
𰁶	人	8	
𰁷	人	8	
𰁸	人	8	
𰁹	人	8	
𰁺	人	8	
𰁻	人	8	
𰁼	人	8	
𰁽	人	8	
𰁾	人	8	
𰁿	人	8	
𰂀	人	8	
𰂁	人	8	
𰂂	人	8	
𰂃	人	8	
𰂄	人	8	
𰂅	人	9	
𰂆	人	9	
𰂇	人	9	
𰂈	人	9	
𰂉	人	9	
𰂊	人	9	
𰂋	人	9	
𰂌	人	9	
𰂍	人	9	
𰂎	人	9	
𰂏	人	10	
𰂐	人	10	
𰂑	人	10	
𰂒	人	10	
𰂓	人	10	
𰂔	人	10	
𰂕	人	10	
𰂖	人	10	
𰂗	人	11	
𰂘	人	11	
𰂙	人	11	
𰂚	人	11	
𰂛	人	11	
𰂜	人	11	
𰂝	人	11	
𰂞	人	11	
𰂟	人	11	
𰂠	人	11	
𰂡	人	11	
𰂢	人	12	
𰂣	人	12	
𰂤	人	12	
𰂥	人	12	
𰂦	人	12	
𰂧	人	12	
𰂨	人	12	
𰂩	人	12	
𰂪	人	13	
𰂫	人	13	
𰂬	人	13	
𰂭	人	14	
𰂮	人	14	
𰂯	人	14	
𰂰	人	14	
𰂱	人	14	
𰂲	人	14	
𰂳	人	15	
𰂴	人	15	
𰂵	人	15	
𰂶	人	15	
𰂷	人	15	
𰂸	人	15	
𰂹	人	15	
𰂺	人	16	
𰂻	人	16	
𰂼	人	16	
𰂽	人	16	
𰂾	人	17	
𰂿	人	17	
𰃀	人	17	
𰃁	人	17	
𰃂	人	18	
𰃃	人	18	
𰃄	人	18	
𰃅	人	18	
𰃆	人	18	
𰃇	人	19	
𰃈	人	19	
𰃉	人	23	
𰃊	儿	5	
𰃋	儿	7	
𰃌	儿	8	
𰃍	儿	11	
𰃎	儿	12	
𰃏	儿	13	
𰃐	儿	13	
𰃑	儿	14	
𰃒	儿	14	
𰃓	儿	16	
𰃔	儿	16	
𰃕	儿	19	
𰃖	入	6	
𰃗	入	8	
𰃘	入	8	
𰃙	入	8	
𰃚	入	9	
𰃛	入	9	
𰃜	入	11	
𰃝	八	6	
𰃞	八	6	
𰃟	八	6	
𰃠	八	8	
𰃡	八	9	
𰃢	八	10	
𰃣	八	10	
𰃤	八	11	
𰃥	八	13	
𰃦	冂	3	
𰃧	冂	6	
𰃨	冂	6	
𰃩	冂	10	
𰃪	冂	10	
𰃫	冂	12	
𰃬	冂	15	
𰃭	冂	15	
𰃮	冖	5	
𰃯	冖	7	
𰃰	冖	7	
𰃱	冖	10	
𰃲	冖	13	
𰃳	冖	23	
𰃴	冖	26	
𰃵	冫	4	
𰃶	冫	6	
𰃷	冫	6	
𰃸	冫	6	
𰃹	冫	7	
𰃺	冫	7	
𰃻	冫	8	
𰃼	冫	8	
𰃽	冫	8	
𰃾	冫	9	
𰃿	冫	10	
𰄀	冫	10	
𰄁	冫	10	
𰄂	冫	11	
𰄃	冫	11	
𰄄	冫	11	
𰄅	冫	12	
𰄆	冫	12	
𰄇	冫	12	
𰄈	冫	13	
𰄉	冫	13	
𰄊	冫	13	
𰄋	冫	14	
𰄌	冫	14	
𰄍	冫	15	
𰄎	冫	17	
𰄏	冫	17	
𰄐	几	10	
𰄑	凵	7	
𰄒	凵	8	
𰄓	凵	10	
𰄔	凵	10	
𰄕	凵	11	
𰄖	凵	14	
𰄗	凵	15	
𰄘	凵	15	
𰄙	刀	4	
𰄚	刀	4	
𰄛	刀	5	
𰄜	刀	5	
𰄝	刀	5	
𰄞	刀	6	
𰄟	刀	6	
𰄠	刀	6	
𰄡	刀	6	
𰄢	刀	6	
𰄣	刀	7	
𰄤	刀	7	
𰄥	刀	7	
𰄦	刀	7	
𰄧	刀	8	
𰄨	刀	8	
𰄩	刀	8	
𰄪	刀	8	
𰄫	刀	8	
𰄬	刀	9	
𰄭	刀	9	
𰄮	刀	9	
𰄯	刀	9	
𰄰	刀	9	
𰄱	刀	9	
𰄲	刀	9	
𰄳	刀	10	
𰄴	刀	10	
𰄵	刀	10	
𰄶	刀	10	
𰄷	刀	11	
𰄸	刀	11	
𰄹	刀	11	
𰄺	刀	11	
𰄻	刀	13	
𰄼	刀	13	
𰄽	刀	13	
𰄾	刀	14	
𰄿	刀	14	
𰅀	刀	14	
𰅁	刀	14	
𰅂	刀	14	
𰅃	刀	15	
𰅄	刀	16	
𰅅	刀	17	
𰅆	刀	17	
𰅇	刀	17	
𰅈	刀	23	
𰅉	力	6	
𰅊	力	7	
𰅋	力	7	
𰅌	力	7	
𰅍	力	8	
𰅎	力	8	
𰅏	力	10	
𰅐	力	10	
𰅑	力	11	
𰅒	力	11	
𰅓	力	11	
𰅔	力	12	
𰅕	力	13	
𰅖	力	14	
𰅗	力	14	
𰅘	力	15	
𰅙	力	18	
𰅚	力	22	
𰅛	勹	4	
𰅜	勹	9	
𰅝	勹	9	
𰅞	勹	11	
𰅟	勹	11	
𰅠	勹	14	
𰅡	匕	5	
𰅢	匕	8	
𰅣	匕	12	
𰅤	匚	7	
𰅥	匚	10	
𰅦	匚	10	
𰅧	匚	11	
𰅨	匚	13	
𰅩	匚	18	
𰅪	匸	6	
𰅫	匸	7	
𰅬	匸	10	
𰅭	十	4	
𰅮	十	4	
𰅯	十	5	
𰅰	十	6	
𰅱	十	6	
𰅲	十	7	
𰅳	十	7	
𰅴	十	7	
𰅵	十	8	
𰅶	十	9	
𰅷	十	9	
𰅸	十	10	
𰅹	十	10	
𰅺	十	11	
𰅻	十	11	
𰅼	十	13	
𰅽	十	14	
𰅾	十	14	
𰅿	十	17	
𰆀	十	18	
𰆁	十	18	
𰆂	十	27	
𰆃	卜	8	
𰆄	卜	9	
𰆅	卜	9	
𰆆	卜	9	
𰆇	卜	12	
𰆈	卜	12	
𰆉	卜	15	
𰆊	卩	2	
𰆋	卩	4	
𰆌	卩	6	
𰆍	卩	6	
𰆎	卩	7	
𰆏	卩	8	
𰆐	卩	9	
𰆑	卩	11	
𰆒	卩	11	
𰆓	卩	15	
𰆔	卩	16	
𰆕	厂	5	
𰆖	厂	6	
𰆗	厂	6	
𰆘	厂	7	
𰆙	厂	9	
𰆚	厂	9	
𰆛	厂	10	
𰆜	厂	10	
𰆝	厂	10	
𰆞	厂	10	
𰆟	厂	10	
𰆠	厂	12	
𰆡	厂	12	
𰆢	厂	12	
𰆣	厂	12	
𰆤	厂	12	
𰆥	厂	12	
𰆦	厂	12	
𰆧	厂	13	
𰆨	厂	14	
𰆩	厂	14	
𰆪	厂	17	
𰆫	厂	17	
𰆬	厂	20	
𰆭	厶	5	
𰆮	厶	9	
𰆯	厶	12	
𰆰	又	5	
𰆱	又	6	
𰆲	又	6	
𰆳	又	6	
𰆴	又	6	
𰆵	又	6	
𰆶	又	6	
𰆷	又	7	
𰆸	又	7	
𰆹	又	7	
𰆺	又	7	
𰆻	又	8	
𰆼	又	8	
𰆽	又	8	
𰆾	又	9	
𰆿	又	9	
𰇀	又	11	
𰇁	又	11	
𰇂	又	12	
𰇃	又	12	
𰇄	又	13	
𰇅	又	14	
𰇆	又	20	
𰇇	口	5	
𰇈	口	6	
𰇉	口	6	
𰇊	口	7	
𰇋	口	7	
𰇌	口	7	
𰇍	口	7	
𰇎	口	8	
𰇏	口	8	
𰇐	口	8	
𰇑	口	8	
𰇒	口	8	
𰇓	口	8	
𰇔	口	9	
𰇕	口	9	
𰇖	口	9	
𰇗	口	9	
𰇘	口	9	
𰇙	口	9	
𰇚	口	9	
𰇛	口	9	
𰇜	口	9	
𰇝	口	9	
𰇞	口	9	
𰇟	口	9	
𰇠	口	9	
𰇡	口	9	
𰇢	口	9	
𰇣	口	9	
𰇤	口	10	
𰇥	口	10	
𰇦	口	10	
𰇧	口	10	
𰇨	口	10	
𰇩	口	10	
𰇪	口	10	
𰇫	口	10	
𰇬	口	10	
𰇭	口	10	
𰇮	口	10	
𰇯	口	10	
𰇰	口	10	
𰇱	口	11	
𰇲	口	11	
𰇳	口	11	
𰇴	口	11	
𰇵	口	11	
𰇶	口	11	
𰇷	口	11	
𰇸	口	11	
𰇹	口	11	
𰇺	口	11	
𰇻	口	11	
𰇼	口	11	
𰇽	口	11	
𰇾	口	11	
𰇿	口	12	
𰈀	口	12	
𰈁	口	12	
𰈂	口	12	
𰈃	口	12	
𰈄	口	12	
𰈅	口	12	
𰈆	口	12	
𰈇	口	12	
𰈈	口	12	
𰈉	口	12	
𰈊	口	12	
𰈋	口	12	
𰈌	口	12	
𰈍	口	12	
𰈎	口	12	
𰈏	口	12	
𰈐	口	12	
𰈑	口	13	
𰈒	口	13	
𰈓	口	13	
𰈔	口	13	
𰈕	口	13	
𰈖	口	13	
𰈗	口	13	
𰈘	口	13	
𰈙	口	13	
𰈚	口	13	
𰈛	口	13	
𰈜	口	13	
𰈝	口	13	
𰈞	口	13	
𰈟	口	14	
𰈠	口	14	
𰈡	口	14	
𰈢	口	14	
𰈣	口	14	
𰈤	口	14	
𰈥	口	14	
𰈦	口	14	
𰈧	口	14	
𰈨	口	14	
𰈩	口	15	
𰈪	口	15	
𰈫	口	15	
𰈬	口	15	
𰈭	口	15	
𰈮	口	15	
𰈯	口	16	
𰈰	口	16	
𰈱	口	16	
𰈲	口	16	
𰈳	口	16	
𰈴	口	16	
𰈵	口	16	
𰈶	口	16	
𰈷	口	17	
𰈸	口	17	
𰈹	口	17	
𰈺	口	17	
𰈻	口	17	
𰈼	口	17	
𰈽	口	17	
𰈾	口	18	
𰈿	口	18	
𰉀	口	18	
𰉁	口	18	
𰉂	口	18	
𰉃	口	19	
𰉄	口	19	
𰉅	口	19	
𰉆	口	20	
𰉇	口	20	
𰉈	口	20	
𰉉	口	20	
𰉊	口	21	
𰉋	口	21	
𰉌	口	22	
𰉍	囗	7	
𰉎	囗	7	
𰉏	囗	8	
𰉐	囗	8	
𰉑	囗	11	
𰉒	囗	13	
𰉓	囗	14	
𰉔	囗	15	
𰉕	土	4	
𰉖	土	5	
𰉗	土	5	
𰉘	土	7	
𰉙	土	7	
𰉚	土	7	
𰉛	土	7	
𰉜	土	7	
𰉝	土	7	
𰉞	土	7	
𰉟	土	8	
𰉠	土	8	
𰉡	土	8	
𰉢	土	8	
𰉣	土	8	
𰉤	土	8	
𰉥	土	9	
𰉦	土	9	
𰉧	土	9	
𰉨	土	9	
𰉩	土	9	
𰉪	土	9	
𰉫	土	9	
𰉬	土	9	
𰉭	土	9	
𰉮	土	10	
𰉯	土	10	
𰉰	土	10	
𰉱	土	10	
𰉲	土	10	
𰉳	土	10	
𰉴	土	10	
𰉵	土	10	
𰉶	土	10	
𰉷	土	11	
𰉸	土	11	
𰉹	土	11	
𰉺	土	11	
𰉻	土	11	
𰉼	土	11	
𰉽	土	11	
𰉾	土	11	
𰉿	土	11	
𰊀	土	11	
𰊁	土	12	
𰊂	土	12	
𰊃	土	12	
𰊄	土	12	
𰊅	土	12	
𰊆	土	12	
𰊇	土	12	
𰊈	土	12	
𰊉	土	12	
𰊊	土	12	
𰊋	土	12	
𰊌	土	12	
𰊍	土	13	
𰊎	土	13	
𰊏	土	13	
𰊐	土	13	
𰊑	土	13	
𰊒	土	13	
𰊓	土	13	
𰊔	土	13	
𰊕	土	13	
𰊖	土	13	
𰊗	土	13	
𰊘	土	13	
𰊙	土	14	
𰊚	土	14	
𰊛	土	14	
𰊜	土	14	
𰊝	土	14	
𰊞	土	14	
𰊟	土	14	
𰊠	土	14	
𰊡	土	14	
𰊢	土	14	
𰊣	土	14	
𰊤	土	14	
𰊥	土	14	
𰊦	土	15	
𰊧	土	15	
𰊨	土	15	
𰊩	土	15	
𰊪	土	15	
𰊫	土	15	
𰊬	土	15	
𰊭	土	15	
𰊮	土	15	
𰊯	土	15	
𰊰	土	15	
𰊱	土	15	
𰊲	土	16	
𰊳	土	16	
𰊴	土	16	
𰊵	土	16	
𰊶	土	16	
𰊷	土	16	
𰊸	土	16	
𰊹	土	17	
𰊺	土	17	
𰊻	土	18	
𰊼	土	18	
𰊽	土	18	
𰊾	土	18	
𰊿	土	18	
𰋀	土	18	
𰋁	土	19	
𰋂	土	19	
𰋃	土	20	
𰋄	土	20	
𰋅	土	22	
𰋆	土	23	
𰋇	土	26	
𰋈	士	7	
𰋉	士	10	
𰋊	士	13	
𰋋	士	14	
𰋌	士	14	
𰋍	士	20	
𰋎	夂	10	
𰋏	夊	12	
𰋐	夕	8	
𰋑	夕	12	
𰋒	夕	12	
𰋓	夕	13	
𰋔	夕	14	
𰋕	夕	14	
𰋖	夕	15	
𰋗	夕	16	
𰋘	夕	17	
𰋙	大	5	
𰋚	大	6	
𰋛	大	7	
𰋜	大	7	
𰋝	大	8	
𰋞	大	8	
𰋟	大	8	
𰋠	大	9	
𰋡	大	9	
𰋢	大	10	
𰋣	大	10	
𰋤	大	11	
𰋥	大	11	
𰋦	大	11	
𰋧	大	11	
𰋨	大	12	
𰋩	大	12	
𰋪	大	12	
𰋫	大	12	
𰋬	大	12	
𰋭	大	13	
𰋮	大	13	
𰋯	大	14	
𰋰	大	14	
𰋱	大	15	
𰋲	大	16	
𰋳	大	16	
𰋴	大	20	
𰋵	女	4	
𰋶	女	5	
𰋷	女	6	
𰋸	女	6	
𰋹	女	7	
𰋺	女	7	
𰋻	女	7	
𰋼	女	8	
𰋽	女	9	
𰋾	女	9	
𰋿	女	9	
𰌀	女	9	
𰌁	女	9	
𰌂	女	9	
𰌃	女	9	
𰌄	女	10	
𰌅	女	10	
𰌆	女	11	
𰌇	女	11	
𰌈	女	11	
𰌉	女	11	
𰌊	女	11	
𰌋	女	11	
𰌌	女	12	
𰌍	女	12	
𰌎	女	12	
𰌏	女	13	
𰌐	女	13	
𰌑	女	13	
𰌒	女	13	
𰌓	女	13	
𰌔	女	13	
𰌕	女	14	
𰌖	女	15	
𰌗	女	15	
𰌘	女	16	
𰌙	女	16	
𰌚	女	16	
𰌛	女	22	
𰌜	子	6	
𰌝	子	6	
𰌞	子	7	
𰌟	子	7	
𰌠	子	7	
𰌡	子	7	
𰌢	子	7	
𰌣	子	8	
𰌤	子	8	
𰌥	子	8	
𰌦	子	9	
𰌧	子	9	
𰌨	子	10	
𰌩	子	11	
𰌪	子	11	
𰌫	子	11	
𰌬	子	12	
𰌭	子	12	
𰌮	子	13	
𰌯	子	14	
𰌰	子	16	
𰌱	子	18	
𰌲	子	20	
𰌳	宀	5	
𰌴	宀	6	
𰌵	宀	6	
𰌶	宀	7	
𰌷	宀	7	
𰌸	宀	7	
𰌹	宀	8	
𰌺	宀	8	
𰌻	宀	9	
𰌼	宀	9	
𰌽	宀	9	
𰌾	宀	10	
𰌿	宀	10	
𰍀	宀	10	
𰍁	宀	11	
𰍂	宀	11	
𰍃	宀	11	
𰍄	宀	11	
𰍅	宀	11	
𰍆	宀	12	
𰍇	宀	12	
𰍈	宀	12	
𰍉	宀	12	
𰍊	宀	12	
𰍋	宀	12	
𰍌	宀	12	
𰍍	宀	12	
𰍎	宀	13	
𰍏	宀	13	
𰍐	宀	13	
𰍑	宀	13	
𰍒	宀	13	
𰍓	宀	13	
𰍔	宀	13	
𰍕	宀	13	
𰍖	宀	13	
𰍗	宀	13	
𰍘	宀	14	
𰍙	宀	14	
𰍚	宀	14	
𰍛	宀	15	
𰍜	宀	15	
𰍝	宀	16	
𰍞	宀	16	
𰍟	宀	16	
𰍠	宀	17	
𰍡	宀	18	
𰍢	宀	20	
𰍣	宀	23	
𰍤	宀	24	
𰍥	寸	14	
𰍦	寸	15	
𰍧	小	2	
𰍨	小	2	
𰍩	小	5	
𰍪	小	7	
𰍫	小	9	
𰍬	小	17	
𰍭	尢	8	
𰍮	尢	9	
𰍯	尢	10	
𰍰	尸	4	
𰍱	尸	7	
𰍲	尸	7	
𰍳	尸	8	
𰍴	尸	8	
𰍵	尸	9	
𰍶	尸	9	
𰍷	尸	9	
𰍸	尸	10	
𰍹	尸	10	
𰍺	尸	10	
𰍻	尸	10	
𰍼	尸	11	
𰍽	尸	11	
𰍾	尸	11	
𰍿	尸	12	
𰎀	尸	12	
𰎁	尸	13	
𰎂	尸	14	
𰎃	尸	15	
𰎄	尸	15	
𰎅	尸	15	
𰎆	尸	16	
𰎇	尸	19	
𰎈	屮	12	
𰎉	山	6	
𰎊	山	7	
𰎋	山	7	
𰎌	山	7	
𰎍	山	7	
𰎎	山	8	
𰎏	山	8	
𰎐	山	8	
𰎑	山	8	
𰎒	山	8	
𰎓	山	8	
𰎔	山	9	
𰎕	山	9	
𰎖	山	9	
𰎗	山	9	
𰎘	山	9	
𰎙	山	9	
𰎚	山	9	
𰎛	山	9	
𰎜	山	9	
𰎝	山	9	
𰎞	山	9	
𰎟	山	10	
𰎠	山	10	
𰎡	山	10	
𰎢	山	10	
𰎣	山	10	
𰎤	山	10	
𰎥	山	11	
𰎦	山	11	
𰎧	山	11	
𰎨	山	11	
𰎩	山	12	
𰎪	山	12	
𰎫	山	12	
𰎬	山	12	
𰎭	山	12	
𰎮	山	13	
𰎯	山	13	
𰎰	山	13	
𰎱	山	14	
𰎲	山	14	
𰎳	山	14	
𰎴	山	14	
𰎵	山	15	
𰎶	山	15	
𰎷	山	15	
𰎸	山	15	
𰎹	山	16	
𰎺	山	16	
𰎻	山	17	
𰎼	山	18	
𰎽	山	18	
𰎾	山	18	
𰎿	山	19	
𰏀	山	19	
𰏁	山	19	
𰏂	山	26	
𰏃	巛	9	
𰏄	巛	9	
𰏅	巛	14	
𰏆	巛	15	
𰏇	工	6	
𰏈	工	7	
𰏉	工	7	
𰏊	工	7	
𰏋	工	8	
𰏌	工	11	
𰏍	工	16	
𰏎	工	18	
𰏏	己	10	
𰏐	己	11	
𰏑	巾	5	
𰏒	巾	6	
𰏓	巾	7	
𰏔	巾	7	
𰏕	巾	8	
𰏖	巾	8	
𰏗	巾	9	
𰏘	巾	9	
𰏙	巾	10	
𰏚	巾	12	
𰏛	巾	12	
𰏜	巾	12	
𰏝	巾	13	
𰏞	巾	14	
𰏟	巾	15	
𰏠	巾	16	
𰏡	巾	21	
𰏢	干	6	
𰏣	干	7	
𰏤	干	8	
𰏥	干	10	
𰏦	干	10	
𰏧	干	11	
𰏨	干	11	
𰏩	干	12	
𰏪	干	12	
𰏫	干	12	
𰏬	干	14	
𰏭	干	14	
𰏮	干	16	
𰏯	幺	5	
𰏰	幺	5	
𰏱	幺	9	
𰏲	广	6	
𰏳	广	8	
𰏴	广	8	
𰏵	广	9	
𰏶	广	9	
𰏷	广	10	
𰏸	广	10	
𰏹	广	11	
𰏺	广	11	
𰏻	广	11	
𰏼	广	12	
𰏽	广	12	
𰏾	广	13	
𰏿	广	14	
𰐀	广	14	
𰐁	广	14	
𰐂	广	15	
𰐃	广	15	
𰐄	广	17	
𰐅	广	18	
𰐆	广	22	
𰐇	廾	6	
𰐈	廾	6	
𰐉	廾	7	
𰐊	廾	10	
𰐋	廾	10	
𰐌	廾	15	
𰐍	弋	8	
𰐎	弋	10	
𰐏	弋	10	
𰐐	弋	10	
𰐑	弋	14	
𰐒	弋	15	
𰐓	弓	8	
𰐔	弓	8	
𰐕	弓	9	
𰐖	弓	9	
𰐗	弓	10	
𰐘	弓	10	
𰐙	弓	11	
𰐚	弓	11	
𰐛	弓	11	
𰐜	弓	12	
𰐝	弓	12	
𰐞	弓	12	
𰐟	弓	14	
𰐠	弓	15	
𰐡	弓	20	
𰐢	弓	22	
𰐣	彐	11	
𰐤	彐	13	
𰐥	彐	13	
𰐦	彡	7	
𰐧	彡	8	
𰐨	彡	9	
𰐩	彡	10	
𰐪	彡	10	
𰐫	彡	12	
𰐬	彳	6	
𰐭	彳	8	
𰐮	彳	10	
𰐯	彳	10	
𰐰	彳	11	
𰐱	彳	11	
𰐲	彳	11	
𰐳	彳	11	
𰐴	彳	12	
𰐵	彳	12	
𰐶	彳	13	
𰐷	彳	14	
𰐸	彳	16	
𰐹	彳	18	
𰐺	心	5	
𰐻	心	6	
𰐼	心	6	
𰐽	心	7	
𰐾	心	6	
𰐿	心	6	
𰑀	心	7	
𰑁	心	7	
𰑂	心	7	
𰑃	心	7	
𰑄	心	7	
𰑅	心	7	
𰑆	心	8	
𰑇	心	8	
𰑈	心	8	
𰑉	心	8	
𰑊	心	8	
𰑋	心	9	
𰑌	心	8	
𰑍	心	8	
𰑎	心	9	
𰑏	心	8	
𰑐	心	8	
𰑑	心	9	
𰑒	心	9	
𰑓	心	9	
𰑔	心	10	
𰑕	心	10	
𰑖	心	9	
𰑗	心	10	
𰑘	心	9	
𰑙	心	9	
𰑚	心	9	
𰑛	心	9	
𰑜	心	11	
𰑝	心	10	
𰑞	心	10	
𰑟	心	11	
𰑠	心	10	
𰑡	心	11	
𰑢	心	11	
𰑣	心	11	
𰑤	心	10	
𰑥	心	10	
𰑦	心	10	
𰑧	心	12	
𰑨	心	12	
𰑩	心	12	
𰑪	心	11	
𰑫	心	11	
𰑬	心	11	
𰑭	心	12	
𰑮	心	11	
𰑯	心	11	
𰑰	心	12	
𰑱	心	12	
𰑲	心	13	
𰑳	心	12	
𰑴	心	13	
𰑵	心	13	
𰑶	心	13	
𰑷	心	13	
𰑸	心	13	
𰑹	心	12	
𰑺	心	12	
𰑻	心	13	
𰑼	心	14	
𰑽	心	13	
𰑾	心	13	
𰑿	心	13	
𰒀	心	13	
𰒁	心	14	
𰒂	心	13	
𰒃	心	14	
𰒄	心	14	
𰒅	心	14	
𰒆	心	14	
𰒇	心	14	
𰒈	心	14	
𰒉	心	14	
𰒊	心	15	
𰒋	心	15	
𰒌	心	16	
𰒍	心	16	
𰒎	心	15	
𰒏	心	15	
𰒐	心	15	
𰒑	心	15	
𰒒	心	16	
𰒓	心	15	
𰒔	心	16	
𰒕	心	16	
𰒖	心	17	
𰒗	心	17	
𰒘	心	18	
𰒙	心	17	
𰒚	心	18	
𰒛	心	19	
𰒜	心	19	
𰒝	心	19	
𰒞	心	18	
𰒟	心	19	
𰒠	心	20	
𰒡	心	20	
𰒢	心	20	
𰒣	心	21	
𰒤	戈	8	
𰒥	戈	8	
𰒦	戈	9	
𰒧	戈	9	
𰒨	戈	9	
𰒩	戈	10	
𰒪	戈	11	
𰒫	戈	12	
𰒬	戈	13	
𰒭	戈	13	
𰒮	戈	13	
𰒯	戈	14	
𰒰	戈	15	
𰒱	戈	15	
𰒲	戈	16	
𰒳	戈	16	
𰒴	戶	12	
𰒵	戶	15	
𰒶	戶	16	
𰒷	手	5	
𰒸	手	5	
𰒹	手	5	
𰒺	手	5	
𰒻	手	6	
𰒼	手	6	
𰒽	手	6	
𰒾	手	7	
𰒿	手	7	
𰓀	手	7	
𰓁	手	8	
𰓂	手	8	
𰓃	手	8	
𰓄	手	7	
𰓅	手	8	
𰓆	手	7	
𰓇	手	8	
𰓈	手	8	
𰓉	手	8	
𰓊	手	7	
𰓋	手	7	
𰓌	手	8	
𰓍	手	9	
𰓎	手	9	
𰓏	手	9	
𰓐	手	8	
𰓑	手	9	
𰓒	手	9	
𰓓	手	8	
𰓔	手	8	
𰓕	手	8	
𰓖	手	9	
𰓗	手	9	
𰓘	手	9	
𰓙	手	10	
𰓚	手	10	
𰓛	手	10	
𰓜	手	9	
𰓝	手	9	
𰓞	手	9	
𰓟	手	9	
𰓠	手	9	
𰓡	手	9	
𰓢	手	9	
𰓣	手	9	
𰓤	手	9	
𰓥	手	9	
𰓦	手	10	
𰓧	手	9	
𰓨	手	9	
𰓩	手	9	
𰓪	手	10	
𰓫	手	10	
𰓬	手	10	
𰓭	手	10	
𰓮	手	10	
𰓯	手	11	
𰓰	手	11	
𰓱	手	10	
𰓲	手	11	
𰓳	手	10	
𰓴	手	10	
𰓵	手	11	
𰓶	手	11	
𰓷	手	10	
𰓸	手	10	
𰓹	手	10	
𰓺	手	11	
𰓻	手	11	
𰓼	手	11	
𰓽	手	12	
𰓾	手	11	
𰓿	手	11	
𰔀	手	12	
𰔁	手	11	
𰔂	手	11	
𰔃	手	12	
𰔄	手	12	
𰔅	手	13	
𰔆	手	12	
𰔇	手	12	
𰔈	手	12	
𰔉	手	12	
𰔊	手	13	
𰔋	手	12	
𰔌	手	13	
𰔍	手	12	
𰔎	手	12	
𰔏	手	12	
𰔐	手	13	
𰔑	手	13	
𰔒	手	13	
𰔓	手	13	
𰔔	手	13	
𰔕	手	14	
𰔖	手	13	
𰔗	手	13	
𰔘	手	13	
𰔙	手	14	
𰔚	手	13	
𰔛	手	13	
𰔜	手	13	
𰔝	手	13	
𰔞	手	13	
𰔟	手	15	
𰔠	手	14	
𰔡	手	14	
𰔢	手	14	
𰔣	手	14	
𰔤	手	14	
𰔥	手	14	
𰔦	手	15	
𰔧	手	15	
𰔨	手	15	
𰔩	手	15	
𰔪	手	16	
𰔫	手	16	
𰔬	手	16	
𰔭	手	16	
𰔮	手	16	
𰔯	手	16	
𰔰	手	17	
𰔱	手	16	
𰔲	手	16	
𰔳	手	17	
𰔴	手	17	
𰔵	手	17	
𰔶	手	18	
𰔷	手	17	
𰔸	手	18	
𰔹	手	18	
𰔺	手	19	
𰔻	手	20	
𰔼	手	20	
𰔽	手	22	
𰔾	手	22	
𰔿	手	23	
𰕀	支	7	
𰕁	支	10	
𰕂	支	13	
𰕃	攴	6	
𰕄	攴	8	
𰕅	攴	8	
𰕆	攴	8	
𰕇	攴	9	
𰕈	攴	10	
𰕉	攴	11	
𰕊	攴	11	
𰕋	攴	12	
𰕌	攴	12	
𰕍	攴	12	
𰕎	攴	12	
𰕏	攴	13	
𰕐	攴	13	
𰕑	攴	14	
𰕒	攴	15	
𰕓	攴	15	
𰕔	攴	16	
𰕕	攴	16	
𰕖	攴	17	
𰕗	攴	17	
𰕘	攴	19	
𰕙	攴	20	
𰕚	文	9	
𰕛	文	14	
𰕜	文	18	
𰕝	斤	8	
𰕞	斤	8	
𰕟	斤	12	
𰕠	斤	13	
𰕡	斤	14	
𰕢	斤	15	
𰕣	斤	16	
𰕤	斤	16	
𰕥	斤	18	
𰕦	斤	28	
𰕧	方	9	
𰕨	方	10	
𰕩	方	11	
𰕪	方	11	
𰕫	方	11	
𰕬	方	12	
𰕭	方	12	
𰕮	方	13	
𰕯	方	14	
𰕰	无	6	
𰕱	日	6	
𰕲	日	6	
𰕳	日	7	
𰕴	日	8	
𰕵	日	8	
𰕶	日	8	
𰕷	日	8	
𰕸	日	9	
𰕹	日	9	
𰕺	日	9	
𰕻	日	9	
𰕼	日	9	
𰕽	日	9	
𰕾	日	9	
𰕿	日	10	
𰖀	日	10	
𰖁	日	10	
𰖂	日	10	
𰖃	日	10	
𰖄	日	10	
𰖅	日	10	
𰖆	日	10	
𰖇	日	11	
𰖈	日	11	
𰖉	日	11	
𰖊	日	11	
𰖋	日	11	
𰖌	日	11	
𰖍	日	12	
𰖎	日	12	
𰖏	日	12	
𰖐	日	12	
𰖑	日	12	
𰖒	日	12	
𰖓	日	12	
𰖔	日	12	
𰖕	日	12	
𰖖	日	13	
𰖗	日	13	
𰖘	日	13	
𰖙	日	13	
𰖚	日	13	
𰖛	日	14	
𰖜	日	14	
𰖝	日	14	
𰖞	日	14	
𰖟	日	14	
𰖠	日	14	
𰖡	日	15	
𰖢	日	15	
𰖣	日	15	
𰖤	日	15	
𰖥	日	15	
𰖦	日	15	
𰖧	日	15	
𰖨	日	15	
𰖩	日	15	
𰖪	日	15	
𰖫	日	16	
𰖬	日	16	
𰖭	日	16	
𰖮	日	16	
𰖯	日	17	
𰖰	日	17	
𰖱	日	17	
𰖲	日	17	
𰖳	日	18	
𰖴	日	18	
𰖵	日	18	
𰖶	日	19	
𰖷	日	19	
𰖸	日	19	
𰖹	日	21	
𰖺	日	21	
𰖻	日	21	
𰖼	日	22	
𰖽	日	23	
𰖾	日	25	
𰖿	曰	12	
𰗀	曰	12	
𰗁	曰	14	
𰗂	曰	18	
𰗃	曰	27	
𰗄	月	8	
𰗅	月	9	
𰗆	月	10	
𰗇	月	10	
𰗈	月	12	
𰗉	月	12	
𰗊	月	13	
𰗋	月	14	
𰗌	月	15	
𰗍	月	15	
𰗎	月	16	
𰗏	月	18	
𰗐	木	6	
𰗑	木	6	
𰗒	木	6	
𰗓	木	7	
𰗔	木	8	
𰗕	木	8	
𰗖	木	8	
𰗗	木	8	
𰗘	木	9	
𰗙	木	9	
𰗚	木	9	
𰗛	木	9	
𰗜	木	10	
𰗝	木	10	
𰗞	木	10	
𰗟	木	10	
𰗠	木	10	
𰗡	木	10	
𰗢	木	10	
𰗣	木	10	
𰗤	木	10	
𰗥	木	10	
𰗦	木	10	
𰗧	木	11	
𰗨	木	11	
𰗩	木	11	
𰗪	木	11	
𰗫	木	11	
𰗬	木	11	
𰗭	木	11	
𰗮	木	11	
𰗯	木	11	
𰗰	木	11	
𰗱	木	12	
𰗲	木	12	
𰗳	木	12	
𰗴	木	12	
𰗵	木	12	
𰗶	木	12	
𰗷	木	12	
𰗸	木	12	
𰗹	木	12	
𰗺	木	13	
𰗻	木	13	
𰗼	木	13	
𰗽	木	13	
𰗾	木	13	
𰗿	木	13	
𰘀	木	13	
𰘁	木	13	
𰘂	木	13	
𰘃	木	13	
𰘄	木	13	
𰘅	木	13	
𰘆	木	13	
𰘇	木	14	
𰘈	木	14	
𰘉	木	14	
𰘊	木	14	
𰘋	木	14	
𰘌	木	14	
𰘍	木	14	
𰘎	木	14	
𰘏	木	14	
𰘐	木	14	
𰘑	木	14	
𰘒	木	14	
𰘓	木	14	
𰘔	木	14	
𰘕	木	14	
𰘖	木	15	
𰘗	木	15	
𰘘	木	15	
𰘙	木	15	
𰘚	木	15	
𰘛	木	15	
𰘜	木	15	
𰘝	木	15	
𰘞	木	15	
𰘟	木	15	
𰘠	木	15	
𰘡	木	15	
𰘢	木	15	
𰘣	木	15	
𰘤	木	15	
𰘥	木	16	
𰘦	木	16	
𰘧	木	16	
𰘨	木	16	
𰘩	木	16	
𰘪	木	16	
𰘫	木	16	
𰘬	木	16	
𰘭	木	16	
𰘮	木	16	
𰘯	木	16	
𰘰	木	16	
𰘱	木	16	
𰘲	木	16	
𰘳	木	17	
𰘴	木	17	
𰘵	木	17	
𰘶	木	17	
𰘷	木	17	
𰘸	木	17	
𰘹	木	17	
𰘺	木	17	
𰘻	木	18	
𰘼	木	18	
𰘽	木	18	
𰘾	木	19	
𰘿	木	19	
𰙀	木	19	
𰙁	木	19	
𰙂	木	19	
𰙃	木	19	
𰙄	木	19	
𰙅	木	21	
𰙆	木	21	
𰙇	木	21	
𰙈	木	21	
𰙉	木	28	
𰙊	欠	8	
𰙋	欠	8	
𰙌	欠	9	
𰙍	欠	11	
𰙎	欠	11	
𰙏	欠	12	
𰙐	欠	12	
𰙑	欠	12	
𰙒	欠	13	
𰙓	欠	13	
𰙔	欠	13	
𰙕	欠	13	
𰙖	欠	14	
𰙗	欠	14	
𰙘	欠	15	
𰙙	欠	17	
𰙚	止	6	
𰙛	止	7	
𰙜	止	7	
𰙝	止	8	
𰙞	止	8	
𰙟	止	8	
𰙠	止	9	
𰙡	止	9	
𰙢	止	9	
𰙣	止	9	
𰙤	止	10	
𰙥	止	10	
𰙦	止	10	
𰙧	止	10	
𰙨	止	10	
𰙩	止	10	
𰙪	止	11	
𰙫	止	12	
𰙬	止	12	
𰙭	止	12	
𰙮	止	12	
𰙯	止	13	
𰙰	止	13	
𰙱	止	13	
𰙲	止	13	
𰙳	止	13	
𰙴	止	14	
𰙵	止	14	
𰙶	止	15	
𰙷	止	15	
𰙸	止	16	
𰙹	止	16	
𰙺	止	19	
𰙻	止	21	
𰙼	歹	7	
𰙽	歹	10	
𰙾	歹	10	
𰙿	歹	11	
𰚀	歹	11	
𰚁	歹	15	
𰚂	歹	20	
𰚃	殳	13	
𰚄	殳	13	
𰚅	殳	13	
𰚆	殳	15	
𰚇	殳	15	
𰚈	殳	16	
𰚉	殳	17	
𰚊	殳	19	
𰚋	比	11	
𰚌	比	13	
𰚍	毛	7	
𰚎	毛	8	
𰚏	毛	8	
𰚐	毛	8	
𰚑	毛	8	
𰚒	毛	9	
𰚓	毛	9	
𰚔	毛	9	
𰚕	毛	9	
𰚖	毛	10	
𰚗	毛	10	
𰚘	毛	11	
𰚙	毛	11	
𰚚	毛	11	
𰚛	毛	11	
𰚜	毛	11	
𰚝	毛	11	
𰚞	毛	12	
𰚟	毛	12	
𰚠	毛	12	
𰚡	毛	12	
𰚢	毛	12	
𰚣	毛	12	
𰚤	毛	13	
𰚥	毛	13	
𰚦	毛	13	
𰚧	毛	14	
𰚨	毛	14	
𰚩	毛	14	
𰚪	毛	14	
𰚫	毛	14	
𰚬	毛	14	
𰚭	毛	14	
𰚮	毛	14	
𰚯	毛	15	
𰚰	毛	15	
𰚱	毛	15	
𰚲	毛	16	
𰚳	毛	18	
𰚴	毛	18	
𰚵	毛	19	
𰚶	毛	22	
𰚷	氏	6	
𰚸	氏	9	
𰚹	氏	10	
𰚺	氏	17	
𰚻	气	6	
𰚼	气	8	
𰚽	气	8	
𰚾	气	9	
𰚿	气	9	
𰛀	气	10	
𰛁	气	10	
𰛂	气	11	
𰛃	气	12	
𰛄	水	2	
𰛅	水	3	
𰛆	水	6	
𰛇	水	6	
𰛈	水	6	
𰛉	水	6	
𰛊	水	6	
𰛋	水	7	
𰛌	水	7	
𰛍	水	7	
𰛎	水	7	
𰛏	水	7	
𰛐	水	8	
𰛑	水	7	
𰛒	水	8	
𰛓	水	8	
𰛔	水	8	
𰛕	水	9	
𰛖	水	10	
𰛗	水	8	
𰛘	水	9	
𰛙	水	9	
𰛚	水	8	
𰛛	水	8	
𰛜	水	8	
𰛝	水	8	
𰛞	水	9	
𰛟	水	9	
𰛠	水	9	
𰛡	水	9	
𰛢	水	9	
𰛣	水	10	
𰛤	水	9	
𰛥	水	9	
𰛦	水	9	
𰛧	水	9	
𰛨	水	9	
𰛩	水	9	
𰛪	水	10	
𰛫	水	10	
𰛬	水	10	
𰛭	水	10	
𰛮	水	10	
𰛯	水	10	
𰛰	水	10	
𰛱	水	10	
𰛲	水	10	
𰛳	水	10	
𰛴	水	10	
𰛵	水	10	
𰛶	水	10	
𰛷	水	10	
𰛸	水	10	
𰛹	水	10	
𰛺	水	10	
𰛻	水	10	
𰛼	水	11	
𰛽	水	11	
𰛾	水	12	
𰛿	水	11	
𰜀	水	11	
𰜁	水	12	
𰜂	水	12	
𰜃	水	11	
𰜄	水	11	
𰜅	水	12	
𰜆	水	12	
𰜇	水	12	
𰜈	水	11	
𰜉	水	12	
𰜊	水	12	
𰜋	水	11	
𰜌	水	12	
𰜍	水	12	
𰜎	水	12	
𰜏	水	13	
𰜐	水	12	
𰜑	水	12	
𰜒	水	12	
𰜓	水	12	
𰜔	水	12	
𰜕	水	12	
𰜖	水	12	
𰜗	水	12	
𰜘	水	12	
𰜙	水	12	
𰜚	水	12	
𰜛	水	12	
𰜜	水	12	
𰜝	水	12	
𰜞	水	12	
𰜟	水	12	
𰜠	水	12	
𰜡	水	12	
𰜢	水	12	
𰜣	水	12	
𰜤	水	12	
𰜥	水	13	
𰜦	水	13	
𰜧	水	13	
𰜨	水	13	
𰜩	水	13	
𰜪	水	13	
𰜫	水	13	
𰜬	水	13	
𰜭	水	13	
𰜮	水	13	
𰜯	水	13	
𰜰	水	13	
𰜱	水	14	
𰜲	水	14	
𰜳	水	14	
𰜴	水	14	
𰜵	水	14	
𰜶	水	14	
𰜷	水	14	
𰜸	水	14	
𰜹	水	14	
𰜺	水	14	
𰜻	水	14	
𰜼	水	14	
𰜽	水	14	
𰜾	水	14	
𰜿	水	14	
𰝀	水	14	
𰝁	水	14	
𰝂	水	14	
𰝃	水	15	
𰝄	水	15	
𰝅	水	15	
𰝆	水	15	
𰝇	水	15	
𰝈	水	15	
𰝉	水	16	
𰝊	水	15	
𰝋	水	15	
𰝌	水	15	
𰝍	水	15	
𰝎	水	15	
𰝏	水	15	
𰝐	水	15	
𰝑	水	16	
𰝒	水	16	
𰝓	水	16	
𰝔	水	16	
𰝕	水	16	
𰝖	水	16	
𰝗	水	16	
𰝘	水	16	
𰝙	水	17	
𰝚	水	17	
𰝛	水	17	
𰝜	水	17	
𰝝	水	17	
𰝞	水	17	
𰝟	水	17	
𰝠	水	17	
𰝡	水	17	
𰝢	水	18	
𰝣	水	18	
𰝤	水	18	
𰝥	水	18	
𰝦	水	18	
𰝧	水	18	
𰝨	水	18	
𰝩	水	18	
𰝪	水	18	
𰝫	水	18	
𰝬	水	19	
𰝭	水	19	
𰝮	水	19	
𰝯	水	19	
𰝰	水	20	
𰝱	水	20	
𰝲	水	21	
𰝳	水	22	
𰝴	水	22	
𰝵	水	31	
𰝶	火	6	
𰝷	火	7	
𰝸	火	7	
𰝹	火	7	
𰝺	火	7	
𰝻	火	7	
𰝼	火	7	
𰝽	火	8	
𰝾	火	8	
𰝿	火	8	
𰞀	火	8	
𰞁	火	9	
𰞂	火	9	
𰞃	火	9	
𰞄	火	9	
𰞅	火	9	
𰞆	火	8	
𰞇	火	9	
𰞈	火	10	
𰞉	火	10	
𰞊	火	10	
𰞋	火	10	
𰞌	火	10	
𰞍	火	10	
𰞎	火	10	
𰞏	火	10	
𰞐	火	10	
𰞑	火	10	
𰞒	火	10	
𰞓	火	10	
𰞔	火	10	
𰞕	火	10	
𰞖	火	10	
𰞗	火	10	
𰞘	火	10	
𰞙	火	10	
𰞚	火	10	
𰞛	火	10	
𰞜	火	10	
𰞝	火	10	
𰞞	火	10	
𰞟	火	11	
𰞠	火	11	
𰞡	火	11	
𰞢	火	11	
𰞣	火	11	
𰞤	火	11	
𰞥	火	11	
𰞦	火	11	
𰞧	火	11	
𰞨	火	11	
𰞩	火	11	
𰞪	火	11	
𰞫	火	11	
𰞬	火	11	
𰞭	火	12	
𰞮	火	12	
𰞯	火	12	
𰞰	火	12	
𰞱	火	12	
𰞲	火	12	
𰞳	火	12	
𰞴	火	12	
𰞵	火	12	
𰞶	火	12	
𰞷	火	12	
𰞸	火	12	
𰞹	火	12	
𰞺	火	13	
𰞻	火	13	
𰞼	火	13	
𰞽	火	13	
𰞾	火	13	
𰞿	火	13	
𰟀	火	13	
𰟁	火	13	
𰟂	火	13	
𰟃	火	13	
𰟄	火	13	
𰟅	火	13	
𰟆	火	13	
𰟇	火	14	
𰟈	火	14	
𰟉	火	14	
𰟊	火	14	
𰟋	火	14	
𰟌	火	14	
𰟍	火	14	
𰟎	火	14	
𰟏	火	14	
𰟐	火	15	
𰟑	火	15	
𰟒	火	15	
𰟓	火	15	
𰟔	火	15	
𰟕	火	15	
𰟖	火	15	
𰟗	火	15	
𰟘	火	15	
𰟙	火	16	
𰟚	火	16	
𰟛	火	16	
𰟜	火	16	
𰟝	火	16	
𰟞	火	16	
𰟟	火	16	
𰟠	火	16	
𰟡	火	16	
𰟢	火	16	
𰟣	火	17	
𰟤	火	17	
𰟥	火	17	
𰟦	火	17	
𰟧	火	17	
𰟨	火	17	
𰟩	火	17	
𰟪	火	18	
𰟫	火	18	
𰟬	火	18	
𰟭	火	18	
𰟮	火	18	
𰟯	火	18	
𰟰	火	19	
𰟱	火	19	
𰟲	火	19	
𰟳	火	19	
𰟴	火	20	
𰟵	火	20	
𰟶	火	20	
𰟷	火	20	
𰟸	火	20	
𰟹	火	20	
𰟺	火	21	
𰟻	火	24	
𰟼	爪	8	
𰟽	爪	9	
𰟾	爪	10	
𰟿	爪	10	
𰠀	爪	11	
𰠁	爪	12	
𰠂	爪	12	
𰠃	爪	12	
𰠄	爪	12	
𰠅	爪	13	
𰠆	爪	13	
𰠇	爪	15	
𰠈	爪	16	
𰠉	爪	24	
𰠊	爪	24	
𰠋	父	9	
𰠌	父	10	
𰠍	父	12	
𰠎	爿	8	
𰠏	爿	8	
𰠐	爿	8	
𰠑	爿	9	
𰠒	爿	10	
𰠓	爿	11	
𰠔	爿	11	
𰠕	爿	12	
𰠖	爿	15	
𰠗		6	
𰠘		12	
𰠙	片	8	
𰠚	片	8	
𰠛	片	9	
𰠜	片	9	
𰠝	片	9	
𰠞	片	11	
𰠟	片	12	
𰠠	牙	7	
𰠡	牙	9	
𰠢	牙	10	
𰠣	牙	10	
𰠤	牙	11	
𰠥	牙	19	
𰠦	牛	6	
𰠧	牛	7	
𰠨	牛	7	
𰠩	牛	8	
𰠪	牛	8	
𰠫	牛	8	
𰠬	牛	8	
𰠭	牛	9	
𰠮	牛	9	
𰠯	牛	9	
𰠰	牛	9	
𰠱	牛	9	
𰠲	牛	9	
𰠳	牛	9	
𰠴	牛	10	
𰠵	牛	11	
𰠶	牛	12	
𰠷	牛	12	
𰠸	牛	13	
𰠹	牛	14	
𰠺	牛	14	
𰠻	牛	15	
𰠼	牛	16	
𰠽	犬	7	
𰠾	犬	6	
𰠿	犬	7	
𰡀	犬	8	
𰡁	犬	7	
𰡂	犬	8	
𰡃	犬	8	
𰡄	犬	8	
𰡅	犬	8	
𰡆	犬	8	
𰡇	犬	8	
𰡈	犬	9	
𰡉	犬	9	
𰡊	犬	9	
𰡋	犬	9	
𰡌	犬	9	
𰡍	犬	9	
𰡎	犬	10	
𰡏	犬	10	
𰡐	犬	10	
𰡑	犬	10	
𰡒	犬	10	
𰡓	犬	11	
𰡔	犬	11	
𰡕	犬	11	
𰡖	犬	11	
𰡗	犬	11	
𰡘	犬	11	
𰡙	犬	11	
𰡚	犬	11	
𰡛	犬	11	
𰡜	犬	11	
𰡝	犬	11	
𰡞	犬	12	
𰡟	犬	12	
𰡠	犬	12	
𰡡	犬	13	
𰡢	犬	14	
𰡣	犬	14	
𰡤	犬	14	
𰡥	犬	14	
𰡦	犬	16	
𰡧	犬	16	
𰡨	犬	18	
𰡩	犬	19	
𰡪	犬	19	
𰡫	犬	19	
𰡬	犬	21	
𰡭	玉	6	
𰡮	玉	6	
𰡯	玉	8	
𰡰	玉	8	
𰡱	玉	8	
𰡲	玉	9	
𰡳	玉	9	
𰡴	玉	9	
𰡵	玉	9	
𰡶	玉	9	
𰡷	玉	10	
𰡸	玉	10	
𰡹	玉	10	
𰡺	玉	10	
𰡻	玉	10	
𰡼	玉	10	
𰡽	玉	11	
𰡾	玉	11	
𰡿	玉	12	
𰢀	玉	11	
𰢁	玉	12	
𰢂	玉	12	
𰢃	玉	13	
𰢄	玉	12	
𰢅	玉	13	
𰢆	玉	13	
𰢇	玉	13	
𰢈	玉	13	
𰢉	玉	14	
𰢊	玉	15	
𰢋	玉	15	
𰢌	玉	15	
𰢍	玉	16	
𰢎	玉	16	
𰢏	玉	16	
𰢐	玉	16	
𰢑	玉	16	
𰢒	玉	17	
𰢓	玉	17	
𰢔	玉	17	
𰢕	玉	19	
𰢖	玉	19	
𰢗	玉	20	
𰢘	玉	20	
𰢙	玉	21	
𰢚	玉	22	
𰢛	瓜	5	
𰢜	瓜	10	
𰢝	瓜	12	
𰢞	瓜	13	
𰢟	瓜	13	
𰢠	瓜	18	
𰢡	瓜	22	
𰢢	瓦	9	
𰢣	瓦	13	
𰢤	瓦	13	
𰢥	瓦	14	
𰢦	瓦	14	
𰢧	甘	9	
𰢨	甘	9	
𰢩	甘	11	
𰢪	甘	12	
𰢫	生	9	
𰢬	生	10	
𰢭	生	11	
𰢮	生	12	
𰢯	生	14	
𰢰	用	9	
𰢱	用	10	
𰢲	用	10	
𰢳	用	11	
𰢴	田	6	
𰢵	田	7	
𰢶	田	7	
𰢷	田	7	
𰢸	田	8	
𰢹	田	9	
𰢺	田	9	
𰢻	田	9	
𰢼	田	9	
𰢽	田	9	
𰢾	田	9	
𰢿	田	10	
𰣀	田	10	
𰣁	田	10	
𰣂	田	10	
𰣃	田	10	
𰣄	田	10	
𰣅	田	10	
𰣆	田	11	
𰣇	田	11	
𰣈	田	11	
𰣉	田	11	
𰣊	田	11	
𰣋	田	12	
𰣌	田	13	
𰣍	田	14	
𰣎	田	14	
𰣏	田	15	
𰣐	田	15	
𰣑	田	15	
𰣒	田	16	
𰣓	田	16	
𰣔	田	17	
𰣕	田	17	
𰣖	田	17	
𰣗	田	17	
𰣘	田	17	
𰣙	田	17	
𰣚	田	17	
𰣛	田	19	
𰣜	田	20	
𰣝	田	21	
𰣞	田	28	
𰣟	田	31	
𰣠	疋	11	
𰣡	疋	13	
𰣢	疒	9	
𰣣	疒	9	
𰣤	疒	9	
𰣥	疒	9	
𰣦	疒	9	
𰣧	疒	9	
𰣨	疒	9	
𰣩	疒	10	
𰣪	疒	10	
𰣫	疒	11	
𰣬	疒	11	
𰣭	疒	12	
𰣮	疒	12	
𰣯	疒	12	
𰣰	疒	13	
𰣱	疒	13	
𰣲	疒	13	
𰣳	疒	13	
𰣴	疒	13	
𰣵	疒	14	
𰣶	疒	14	
𰣷	疒	14	
𰣸	疒	14	
𰣹	疒	14	
𰣺	疒	15	
𰣻	疒	15	
𰣼	疒	15	
𰣽	疒	15	
𰣾	疒	16	
𰣿	疒	16	
𰤀	疒	16	
𰤁	疒	17	
𰤂	疒	17	
𰤃	疒	17	
𰤄	疒	17	
𰤅	疒	18	
𰤆	疒	18	
𰤇	疒	18	
𰤈	疒	19	
𰤉	疒	20	
𰤊	疒	22	
𰤋	疒	30	
𰤌	癶	8	
𰤍	癶	8	
𰤎	癶	9	
𰤏	癶	10	
𰤐	癶	12	
𰤑	癶	13	
𰤒	白	6	
𰤓	白	8	
𰤔	白	8	
𰤕	白	10	
𰤖	白	11	
𰤗	白	11	
𰤘	白	11	
𰤙	白	12	
𰤚	白	13	
𰤛	白	13	
𰤜	白	13	
𰤝	白	17	
𰤞	皮	7	
𰤟	皮	10	
𰤠	皮	10	
𰤡	皮	10	
𰤢	皮	10	
𰤣	皮	11	
𰤤	皮	11	
𰤥	皮	11	
𰤦	皮	11	
𰤧	皮	11	
𰤨	皮	12	
𰤩	皮	12	
𰤪	皮	12	
𰤫	皮	13	
𰤬	皮	13	
𰤭	皮	13	
𰤮	皮	13	
𰤯	皮	14	
𰤰	皮	15	
𰤱	皮	15	
𰤲	皿	7	
𰤳	皿	7	
𰤴	皿	7	
𰤵	皿	8	
𰤶	皿	10	
𰤷	皿	10	
𰤸	皿	10	
𰤹	皿	10	
𰤺	皿	12	
𰤻	皿	12	
𰤼	皿	13	
𰤽	皿	14	
𰤾	皿	14	
𰤿	皿	14	
𰥀	皿	15	
𰥁	皿	15	
𰥂	皿	15	
𰥃	皿	16	
𰥄	皿	16	
𰥅	皿	16	
𰥆	皿	18	
𰥇	皿	19	
𰥈	皿	21	
𰥉	皿	22	
𰥊	皿	26	
𰥋	目	7	
𰥌	目	8	
𰥍	目	8	
𰥎	目	8	
𰥏	目	8	
𰥐	目	8	
𰥑	目	9	
𰥒	目	9	
𰥓	目	9	
𰥔	目	9	
𰥕	目	10	
𰥖	目	10	
𰥗	目	10	
𰥘	目	10	
𰥙	目	10	
𰥚	目	10	
𰥛	目	10	
𰥜	目	10	
𰥝	目	11	
𰥞	目	11	
𰥟	目	11	
𰥠	目	11	
𰥡	目	11	
𰥢	目	12	
𰥣	目	12	
𰥤	目	12	
𰥥	目	12	
𰥦	目	12	
𰥧	目	12	
𰥨	目	12	
𰥩	目	12	
𰥪	目	13	
𰥫	目	13	
𰥬	目	13	
𰥭	目	13	
𰥮	目	13	
𰥯	目	13	
𰥰	目	13	
𰥱	目	13	
𰥲	目	13	
𰥳	目	13	
𰥴	目	13	
𰥵	目	14	
𰥶	目	14	
𰥷	目	14	
𰥸	目	15	
𰥹	目	15	
𰥺	目	15	
𰥻	目	15	
𰥼	目	15	
𰥽	目	15	
𰥾	目	16	
𰥿	目	16	
𰦀	目	16	
𰦁	目	16	
𰦂	目	17	
𰦃	目	17	
𰦄	目	18	
𰦅	目	18	
𰦆	目	18	
𰦇	目	19	
𰦈	目	19	
𰦉	目	20	
𰦊	目	21	
𰦋	目	22	
𰦌	目	30	
𰦍	矛	6	
𰦎	矛	9	
𰦏	矛	10	
𰦐	矛	11	
𰦑	矛	13	
𰦒	矢	6	
𰦓	矢	7	
𰦔	矢	9	
𰦕	矢	9	
𰦖	矢	10	
𰦗	矢	12	
𰦘	矢	13	
𰦙	矢	13	
𰦚	矢	14	
𰦛	矢	15	
𰦜	矢	15	
𰦝	矢	15	
𰦞	矢	16	
𰦟	矢	16	
𰦠	矢	16	
𰦡	矢	16	
𰦢	矢	16	
𰦣	矢	18	
𰦤	石	8	
𰦥	石	9	
𰦦	石	9	
𰦧	石	9	
𰦨	石	9	
𰦩	石	9	
𰦪	石	9	
𰦫	石	9	
𰦬	石	9	
𰦭	石	10	
𰦮	石	10	
𰦯	石	10	
𰦰	石	10	
𰦱	石	10	
𰦲	石	10	
𰦳	石	11	
𰦴	石	11	
𰦵	石	11	
𰦶	石	11	
𰦷	石	11	
𰦸	石	11	
𰦹	石	11	
𰦺	石	11	
𰦻	石	11	
𰦼	石	12	
𰦽	石	12	
𰦾	石	12	
𰦿	石	12	
𰧀	石	12	
𰧁	石	12	
𰧂	石	12	
𰧃	石	12	
𰧄	石	12	
𰧅	石	12	
𰧆	石	13	
𰧇	石	13	
𰧈	石	12	
𰧉	石	13	
𰧊	石	13	
𰧋	石	14	
𰧌	石	14	
𰧍	石	14	
𰧎	石	14	
𰧏	石	14	
𰧐	石	14	
𰧑	石	15	
𰧒	石	15	
𰧓	石	15	
𰧔	石	15	
𰧕	石	15	
𰧖	石	15	
𰧗	石	15	
𰧘	石	15	
𰧙	石	16	
𰧚	石	16	
𰧛	石	16	
𰧜	石	16	
𰧝	石	16	
𰧞	石	16	
𰧟	石	16	
𰧠	石	16	
𰧡	石	17	
𰧢	石	17	
𰧣	石	17	
𰧤	石	17	
𰧥	石	17	
𰧦	石	17	
𰧧	石	17	
𰧨	石	17	
𰧩	石	19	
𰧪	石	20	
𰧫	石	22	
𰧬	石	23	
𰧭	示	8	
𰧮	示	8	
𰧯	示	8	
𰧰	示	8	
𰧱	示	9	
𰧲	示	9	
𰧳	示	10	
𰧴	示	10	
𰧵	示	10	
𰧶	示	11	
𰧷	示	11	
𰧸	示	11	
𰧹	示	11	
𰧺	示	11	
𰧻	示	11	
𰧼	示	11	
𰧽	示	11	
𰧾	示	11	
𰧿	示	11	
𰨀	示	12	
𰨁	示	12	
𰨂	示	12	
𰨃	示	12	
𰨄	示	13	
𰨅	示	13	
𰨆	示	13	
𰨇	示	13	
𰨈	示	13	
𰨉	示	13	
𰨊	示	14	
𰨋	示	14	
𰨌	示	14	
𰨍	示	14	
𰨎	示	15	
𰨏	示	15	
𰨐	示	15	
𰨑	示	16	
𰨒	示	16	
𰨓	示	17	
𰨔	示	18	
𰨕	示	20	
𰨖	示	20	
𰨗	示	21	
𰨘	示	22	
𰨙	示	26	
𰨚	禸	12	
𰨛	禾	7	
𰨜	禾	8	
𰨝	禾	9	
𰨞	禾	9	
𰨟	禾	10	
𰨠	禾	10	
𰨡	禾	10	
𰨢	禾	10	
𰨣	禾	10	
𰨤	禾	10	
𰨥	禾	11	
𰨦	禾	11	
𰨧	禾	11	
𰨨	禾	11	
𰨩	禾	12	
𰨪	禾	12	
𰨫	禾	12	
𰨬	禾	12	
𰨭	禾	13	
𰨮	禾	13	
𰨯	禾	13	
𰨰	禾	14	
𰨱	禾	15	
𰨲	禾	15	
𰨳	禾	15	
𰨴	禾	15	
𰨵	禾	16	
𰨶	禾	16	
𰨷	禾	16	
𰨸	禾	17	
𰨹	禾	17	
𰨺	禾	17	
𰨻	禾	17	
𰨼	禾	18	
𰨽	禾	18	
𰨾	禾	20	
𰨿	禾	20	
𰩀	禾	21	
𰩁	禾	21	
𰩂	禾	22	
𰩃	禾	23	
𰩄	穴	9	
𰩅	穴	10	
𰩆	穴	10	
𰩇	穴	10	
𰩈	穴	10	
𰩉	穴	10	
𰩊	穴	11	
𰩋	穴	12	
𰩌	穴	12	
𰩍	穴	12	
𰩎	穴	12	
𰩏	穴	12	
𰩐	穴	13	
𰩑	穴	13	
𰩒	穴	13	
𰩓	穴	14	
𰩔	穴	14	
𰩕	穴	14	
𰩖	穴	15	
𰩗	穴	15	
𰩘	穴	16	
𰩙	穴	16	
𰩚	穴	17	
𰩛	穴	17	
𰩜	穴	18	
𰩝	穴	18	
𰩞	穴	18	
𰩟	穴	21	
𰩠	立	9	
𰩡	立	9	
𰩢	立	10	
𰩣	立	11	
𰩤	立	11	
𰩥	立	14	
𰩦	立	14	
𰩧	立	14	
𰩨	立	14	
𰩩	立	16	
𰩪	立	16	
𰩫	立	24	
𰩬	竹	9	
𰩭	竹	9	
𰩮	竹	10	
𰩯	竹	10	
𰩰	竹	10	
𰩱	竹	10	
𰩲	竹	11	
𰩳	竹	11	
𰩴	竹	11	
𰩵	竹	11	
𰩶	竹	11	
𰩷	竹	11	
𰩸	竹	12	
𰩹	竹	12	
𰩺	竹	12	
𰩻	竹	13	
𰩼	竹	13	
𰩽	竹	13	
𰩾	竹	13	
𰩿	竹	14	
𰪀	竹	14	
𰪁	竹	14	
𰪂	竹	14	
𰪃	竹	14	
𰪄	竹	14	
𰪅	竹	15	
𰪆	竹	15	
𰪇	竹	15	
𰪈	竹	15	
𰪉	竹	15	
𰪊	竹	15	
𰪋	竹	15	
𰪌	竹	15	
𰪍	竹	15	
𰪎	竹	15	
𰪏	竹	16	
𰪐	竹	16	
𰪑	竹	16	
𰪒	竹	16	
𰪓	竹	16	
𰪔	竹	17	
𰪕	竹	17	
𰪖	竹	17	
𰪗	竹	18	
𰪘	竹	18	
𰪙	竹	18	
𰪚	竹	19	
𰪛	竹	19	
𰪜	竹	20	
𰪝	竹	20	
𰪞	竹	21	
𰪟	竹	21	
𰪠	竹	21	
𰪡	竹	21	
𰪢	竹	21	
𰪣	竹	23	
𰪤	竹	26	
𰪥	竹	27	
𰪦	米	8	
𰪧	米	9	
𰪨	米	9	
𰪩	米	9	
𰪪	米	9	
𰪫	米	10	
𰪬	米	10	
𰪭	米	10	
𰪮	米	10	
𰪯	米	10	
𰪰	米	10	
𰪱	米	11	
𰪲	米	11	
𰪳	米	11	
𰪴	米	11	
𰪵	米	11	
𰪶	米	12	
𰪷	米	12	
𰪸	米	12	
𰪹	米	12	
𰪺	米	12	
𰪻	米	12	
𰪼	米	12	
𰪽	米	13	
𰪾	米	14	
𰪿	米	14	
𰫀	米	14	
𰫁	米	14	
𰫂	米	15	
𰫃	米	15	
𰫄	米	15	
𰫅	米	15	
𰫆	米	16	
𰫇	米	16	
𰫈	米	16	
𰫉	米	16	
𰫊	米	16	
𰫋	米	17	
𰫌	米	17	
𰫍	米	17	
𰫎	米	17	
𰫏	米	17	
𰫐	米	17	
𰫑	米	18	
𰫒	米	18	
𰫓	米	18	
𰫔	米	20	
𰫕	米	20	
𰫖	米	22	
𰫗	糸	8	
𰫘	糸	9	
𰫙	糸	9	
𰫚	糸	10	
𰫛	糸	10	
𰫜	糸	10	
𰫝	糸	10	
𰫞	糸	11	
𰫟	糸	11	
𰫠	糸	11	
𰫡	糸	11	
𰫢	糸	12	
𰫣	糸	12	
𰫤	糸	12	
𰫥	糸	13	
𰫦	糸	13	
𰫧	糸	13	
𰫨	糸	13	
𰫩	糸	14	
𰫪	糸	14	
𰫫	糸	14	
𰫬	糸	14	
𰫭	糸	14	
𰫮	糸	15	
𰫯	糸	15	
𰫰	糸	16	
𰫱	糸	17	
𰫲	糸	17	
𰫳	糸	18	
𰫴	糸	18	
𰫵	糸	21	
𰫶	糸	21	
𰫷	糸	21	
𰫸	糸	22	
𰫹	糸	22	
𰫺	糸	23	
𰫻	糸	28	
𰫼		5	
𰫽		7	
𰫾		7	
𰫿		7	
𰬀		7	
𰬁		7	
𰬂		8	
𰬃		8	
𰬄		8	
𰬅		8	
𰬆		8	
𰬇		8	
𰬈		8	
𰬉		8	
𰬊		8	
𰬋		8	
𰬌		9	
𰬍		9	
𰬎		9	
𰬏		9	
𰬐		9	
𰬑		9	
𰬒		9	
𰬓		9	
𰬔		9	
𰬕		9	
𰬖		10	
𰬗		10	
𰬘		10	
𰬙		10	
𰬚		10	
𰬛		10	
𰬜		10	
𰬝		10	
𰬞		10	
𰬟		11	
𰬠		11	
𰬡		11	
𰬢		11	
𰬣		11	
𰬤		11	
𰬥		11	
𰬦		11	
𰬧		11	
𰬨		11	
𰬩		11	
𰬪		11	
𰬫		12	
𰬬		12	
𰬭		12	
𰬮		12	
𰬯		12	
𰬰		12	
𰬱		13	
𰬲		13	
𰬳		13	
𰬴		13	
𰬵		14	
𰬶		14	
𰬷		15	
𰬸		15	
𰬹		15	
𰬺		15	
𰬻		15	
𰬼		16	
𰬽		16	
𰬾		16	
𰬿		17	
𰭀		18	
𰭁		18	
𰭂	缶	8	
𰭃	缶	8	
𰭄	缶	14	
𰭅	缶	17	
𰭆	缶	18	
𰭇	缶	21	
𰭈	网	9	
𰭉	网	9	
𰭊	网	10	
𰭋	网	11	
𰭌	网	11	
𰭍	网	10	
𰭎	网	12	
𰭏	网	12	
𰭐	网	12	
𰭑	网	13	
𰭒	网	14	
𰭓	网	14	
𰭔	网	15	
𰭕	网	15	
𰭖	网	25	
𰭗	羊	8	
𰭘	羊	10	
𰭙	羊	12	
𰭚	羊	15	
𰭛	羊	16	
𰭜	羊	16	
𰭝	羽	7	
𰭞	羽	10	
𰭟	羽	10	
𰭠	羽	10	
𰭡	羽	11	
𰭢	羽	12	
𰭣	羽	13	
𰭤	羽	14	
𰭥	羽	16	
𰭦	羽	23	
𰭧	老	5	
𰭨	老	7	
𰭩	老	9	
𰭪	老	11	
𰭫	老	15	
𰭬	而	9	
𰭭	而	14	
𰭮	而	14	
𰭯	而	17	
𰭰	耒	10	
𰭱	耒	10	
𰭲	耒	19	
𰭳	耳	9	
𰭴	耳	10	
𰭵	耳	10	
𰭶	耳	10	
𰭷	耳	10	
𰭸	耳	11	
𰭹	耳	11	
𰭺	耳	11	
𰭻	耳	18	
𰭼	聿	7	
𰭽	聿	11	
𰭾	肉	7	
𰭿	肉	8	
𰮀	肉	8	
𰮁	肉	6	
𰮂	肉	8	
𰮃	肉	7	
𰮄	肉	9	
𰮅	肉	7	
𰮆	肉	9	
𰮇	肉	8	
𰮈	肉	10	
𰮉	肉	10	
𰮊	肉	8	
𰮋	肉	8	
𰮌	肉	8	
𰮍	肉	10	
𰮎	肉	10	
𰮏	肉	10	
𰮐	肉	8	
𰮑	肉	10	
𰮒	肉	9	
𰮓	肉	9	
𰮔	肉	11	
𰮕	肉	11	
𰮖	肉	11	
𰮗	肉	9	
𰮘	肉	11	
𰮙	肉	9	
𰮚	肉	9	
𰮛	肉	11	
𰮜	肉	11	
𰮝	肉	10	
𰮞	肉	12	
𰮟	肉	10	
𰮠	肉	10	
𰮡	肉	10	
𰮢	肉	12	
𰮣	肉	12	
𰮤	肉	10	
𰮥	肉	11	
𰮦	肉	11	
𰮧	肉	13	
𰮨	肉	13	
𰮩	肉	11	
𰮪	肉	13	
𰮫	肉	14	
𰮬	肉	12	
𰮭	肉	12	
𰮮	肉	14	
𰮯	肉	12	
𰮰	肉	12	
𰮱	肉	12	
𰮲	肉	12	
𰮳	肉	12	
𰮴	肉	12	
𰮵	肉	13	
𰮶	肉	15	
𰮷	肉	13	
𰮸	肉	13	
𰮹	肉	13	
𰮺	肉	13	
𰮻	肉	15	
𰮼	肉	13	
𰮽	肉	13	
𰮾	肉	13	
𰮿	肉	13	
𰯀	肉	13	
𰯁	肉	14	
𰯂	肉	14	
𰯃	肉	14	
𰯄	肉	14	
𰯅	肉	14	
𰯆	肉	16	
𰯇	肉	14	
𰯈	肉	14	
𰯉	肉	14	
𰯊	肉	14	
𰯋	肉	16	
𰯌	肉	15	
𰯍	肉	15	
𰯎	肉	15	
𰯏	肉	15	
𰯐	肉	15	
𰯑	肉	15	
𰯒	肉	15	
𰯓	肉	15	
𰯔	肉	16	
𰯕	肉	16	
𰯖	肉	18	
𰯗	肉	16	
𰯘	肉	16	
𰯙	肉	16	
𰯚	肉	16	
𰯛	肉	16	
𰯜	肉	16	
𰯝	肉	16	
𰯞	肉	17	
𰯟	肉	17	
𰯠	肉	19	
𰯡	肉	18	
𰯢	肉	18	
𰯣	肉	20	
𰯤	肉	19	
𰯥	肉	21	
𰯦	肉	20	
𰯧	肉	19	
𰯨	肉	20	
𰯩	肉	20	
𰯪	肉	20	
𰯫	肉	22	
𰯬	肉	25	
𰯭	肉	28	
𰯮	臣	9	
𰯯	臣	10	
𰯰	臣	11	
𰯱	臣	12	
𰯲	臣	14	
𰯳	臣	14	
𰯴	自	9	
𰯵	自	11	
𰯶	自	12	
𰯷	自	19	
𰯸	臼	14	
𰯹	臼	14	
𰯺	臼	15	
𰯻	臼	18	
𰯼	臼	23	
𰯽	舌	11	
𰯾	舌	11	
𰯿	舌	11	
𰰀	舌	12	
𰰁	舌	13	
𰰂	舌	13	
𰰃	舌	13	
𰰄	舌	13	
𰰅	舌	13	
𰰆	舌	14	
𰰇	舌	15	
𰰈	舌	17	
𰰉	舌	18	
𰰊	舛	11	
𰰋	舟	10	
𰰌	舟	11	
𰰍	舟	13	
𰰎	舟	14	
𰰏	舟	15	
𰰐	舟	15	
𰰑	舟	15	
𰰒	舟	16	
𰰓	舟	18	
𰰔	艮	9	
𰰕	色	8	
𰰖	色	11	
𰰗	色	11	
𰰘	色	13	
𰰙	色	15	
𰰚	色	16	
𰰛	色	18	
𰰜	艸	6	
𰰝	艸	5	
𰰞	艸	8	
𰰟	艸	6	
𰰠	艸	7	
𰰡	艸	7	
𰰢	艸	7	
𰰣	艸	7	
𰰤	艸	8	
𰰥	艸	8	
𰰦	艸	7	
𰰧	艸	8	
𰰨	艸	8	
𰰩	艸	8	
𰰪	艸	8	
𰰫	艸	9	
𰰬	艸	9	
𰰭	艸	9	
𰰮	艸	9	
𰰯	艸	9	
𰰰	艸	9	
𰰱	艸	9	
𰰲	艸	10	
𰰳	艸	10	
𰰴	艸	10	
𰰵	艸	10	
𰰶	艸	10	
𰰷	艸	10	
𰰸	艸	10	
𰰹	艸	10	
𰰺	艸	10	
𰰻	艸	10	
𰰼	艸	10	
𰰽	艸	10	
𰰾	艸	11	
𰰿	艸	11	
𰱀	艸	11	
𰱁	艸	11	
𰱂	艸	11	
𰱃	艸	11	
𰱄	艸	11	
𰱅	艸	11	
𰱆	艸	11	
𰱇	艸	11	
𰱈	艸	11	
𰱉	艸	11	
𰱊	艸	11	
𰱋	艸	10	
𰱌	艸	11	
𰱍	艸	11	
𰱎	艸	11	
𰱏	艸	12	
𰱐	艸	12	
𰱑	艸	12	
𰱒	艸	12	
𰱓	艸	12	
𰱔	艸	12	
𰱕	艸	12	
𰱖	艸	12	
𰱗	艸	12	
𰱘	艸	12	
𰱙	艸	12	
𰱚	艸	12	
𰱛	艸	12	
𰱜	艸	12	
𰱝	艸	13	
𰱞	艸	13	
𰱟	艸	13	
𰱠	艸	13	
𰱡	艸	13	
𰱢	艸	13	
𰱣	艸	13	
𰱤	艸	13	
𰱥	艸	13	
𰱦	艸	13	
𰱧	艸	13	
𰱨	艸	13	
𰱩	艸	13	
𰱪	艸	13	
𰱫	艸	14	
𰱬	艸	14	
𰱭	艸	14	
𰱮	艸	14	
𰱯	艸	14	
𰱰	艸	14	
𰱱	艸	14	
𰱲	艸	15	
𰱳	艸	15	
𰱴	艸	15	
𰱵	艸	15	
𰱶	艸	16	
𰱷	艸	16	
𰱸	艸	16	
𰱹	艸	16	
𰱺	艸	16	
𰱻	艸	16	
𰱼	艸	16	
𰱽	艸	17	
𰱾	艸	17	
𰱿	艸	17	
𰲀	艸	17	
𰲁	艸	17	
𰲂	艸	17	
𰲃	艸	17	
𰲄	艸	17	
𰲅	艸	17	
𰲆	艸	17	
𰲇	艸	17	
𰲈	艸	18	
𰲉	艸	18	
𰲊	艸	19	
𰲋	艸	19	
𰲌	艸	19	
𰲍	艸	19	
𰲎	艸	19	
𰲏	艸	19	
𰲐	艸	19	
𰲑	艸	20	
𰲒	艸	20	
𰲓	艸	20	
𰲔	艸	21	
𰲕	艸	21	
𰲖	艸	22	
𰲗	艸	26	
𰲘	虍	10	
𰲙	虍	10	
𰲚	虍	10	
𰲛	虍	11	
𰲜	虍	11	
𰲝	虍	11	
𰲞	虍	12	
𰲟	虍	12	
𰲠	虍	13	
𰲡	虍	13	
𰲢	虍	13	
𰲣	虍	13	
𰲤	虍	14	
𰲥	虍	14	
𰲦	虍	14	
𰲧	虍	15	
𰲨	虍	21	
𰲩	虫	8	
𰲪	虫	9	
𰲫	虫	10	
𰲬	虫	10	
𰲭	虫	10	
𰲮	虫	10	
𰲯	虫	10	
𰲰	虫	10	
𰲱	虫	10	
𰲲	虫	10	
𰲳	虫	11	
𰲴	虫	11	
𰲵	虫	11	
𰲶	虫	11	
𰲷	虫	11	
𰲸	虫	12	
𰲹	虫	12	
𰲺	虫	13	
𰲻	虫	13	
𰲼	虫	13	
𰲽	虫	13	
𰲾	虫	13	
𰲿	虫	14	
𰳀	虫	14	
𰳁	虫	14	
𰳂	虫	14	
𰳃	虫	14	
𰳄	虫	14	
𰳅	虫	14	
𰳆	虫	14	
𰳇	虫	14	
𰳈	虫	14	
𰳉	虫	14	
𰳊	虫	15	
𰳋	虫	15	
𰳌	虫	15	
𰳍	虫	15	
𰳎	虫	16	
𰳏	虫	16	
𰳐	虫	16	
𰳑	虫	16	
𰳒	虫	16	
𰳓	虫	16	
𰳔	虫	16	
𰳕	虫	16	
𰳖	虫	17	
𰳗	虫	17	
𰳘	虫	17	
𰳙	虫	17	
𰳚	虫	17	
𰳛	虫	18	
𰳜	虫	18	
𰳝	虫	19	
𰳞	虫	19	
𰳟	虫	19	
𰳠	虫	19	
𰳡	虫	20	
𰳢	虫	20	
𰳣	虫	20	
𰳤	虫	21	
𰳥	虫	22	
𰳦	虫	24	
𰳧	血	11	
𰳨	血	12	
𰳩	血	17	
𰳪	行	12	
𰳫	行	13	
𰳬	行	13	
𰳭	行	13	
𰳮	行	14	
𰳯	行	18	
𰳰	衣	8	
𰳱	衣	10	
𰳲	衣	11	
𰳳	衣	11	
𰳴	衣	11	
𰳵	衣	11	
𰳶	衣	11	
𰳷	衣	11	
𰳸	衣	11	
𰳹	衣	12	
𰳺	衣	12	
𰳻	衣	13	
𰳼	衣	13	
𰳽	衣	13	
𰳾	衣	13	
𰳿	衣	13	
𰴀	衣	13	
𰴁	衣	14	
𰴂	衣	14	
𰴃	衣	16	
𰴄	衣	16	
𰴅	衣	16	
𰴆	衣	17	
𰴇	衣	17	
𰴈	衣	17	
𰴉	衣	22	
𰴊	衣	25	
𰴋	襾	14	
𰴌	襾	16	
𰴍	襾	22	
𰴎	見	12	
𰴏	見	12	
𰴐	見	12	
𰴑	見	14	
𰴒	見	15	
𰴓	見	17	
𰴔	見	20	
𰴕		9	
𰴖		9	
𰴗		11	
𰴘		11	
𰴙		11	
𰴚		13	
𰴛		14	
𰴜		15	
𰴝		16	
𰴞		17	
𰴟	角	6	
𰴠	角	9	
𰴡	角	10	
𰴢	角	12	
𰴣	角	12	
𰴤	角	14	
𰴥	角	14	
𰴦	角	19	
𰴧	言	8	
𰴨	言	9	
𰴩	言	9	
𰴪	言	11	
𰴫	言	12	
𰴬	言	12	
𰴭	言	13	
𰴮	言	13	
𰴯	言	13	
𰴰	言	13	
𰴱	言	13	
𰴲	言	13	
𰴳	言	13	
𰴴	言	13	
𰴵	言	13	
𰴶	言	13	
𰴷	言	13	
𰴸	言	13	
𰴹	言	14	
𰴺	言	14	
𰴻	言	14	
𰴼	言	15	
𰴽	言	15	
𰴾	言	16	
𰴿	言	16	
𰵀	言	16	
𰵁	言	16	
𰵂	言	16	
𰵃	言	17	
𰵄	言	17	
𰵅	言	18	
𰵆	言	19	
𰵇	言	19	
𰵈	言	19	
𰵉	言	21	
𰵊		4	
𰵋		5	
𰵌		5	
𰵍		6	
𰵎		6	
𰵏		6	
𰵐		6	
𰵑		6	
𰵒		6	
𰵓		7	
𰵔		7	
𰵕		7	
𰵖		7	
𰵗		7	
𰵘		7	
𰵙		7	
𰵚		7	
𰵛		7	
𰵜		7	
𰵝		7	
𰵞		7	
𰵟		7	
𰵠		7	
𰵡		7	
𰵢		8	
𰵣		8	
𰵤		8	
𰵥		8	
𰵦		8	
𰵧		9	
𰵨		9	
𰵩		9	
𰵪		9	
𰵫		9	
𰵬		9	
𰵭		9	
𰵮		9	
𰵯		9	
𰵰		10	
𰵱		10	
𰵲		10	
𰵳		10	
𰵴		10	
𰵵		10	
𰵶		10	
𰵷		10	
𰵸		10	
𰵹		12	
𰵺		12	
𰵻		12	
𰵼		12	
𰵽		12	
𰵾		12	
𰵿		12	
𰶀		13	
𰶁		13	
𰶂		13	
𰶃		13	
𰶄		14	
𰶅		14	
𰶆		14	
𰶇		14	
𰶈		14	
𰶉		15	
𰶊		15	
𰶋		15	
𰶌		16	
𰶍		16	
𰶎		16	
𰶏		19	
𰶐	谷	9	
𰶑	谷	12	
𰶒	谷	12	
𰶓	谷	13	
𰶔	谷	15	
𰶕	谷	16	
𰶖	谷	16	
𰶗	豆	8	
𰶘	豆	11	
𰶙	豆	12	
𰶚	豆	12	
𰶛	豆	13	
𰶜	豆	14	
𰶝	豆	15	
𰶞	豆	17	
𰶟	豆	18	
𰶠	豆	19	
𰶡	豆	19	
𰶢	豆	20	
𰶣	豆	23	
𰶤	豕	9	
𰶥	豕	9	
𰶦	豕	12	
𰶧	豕	15	
𰶨	豕	15	
𰶩	豕	15	
𰶪	豕	16	
𰶫	豕	16	
𰶬	豕	16	
𰶭	豕	16	
𰶮	豕	17	
𰶯	豕	20	
𰶰	豕	31	
𰶱	貝	9	
𰶲	貝	10	
𰶳	貝	11	
𰶴	貝	11	
𰶵	貝	11	
𰶶	貝	11	
𰶷	貝	11	
𰶸	貝	11	
𰶹	貝	11	
𰶺	貝	11	
𰶻	貝	11	
𰶼	貝	12	
𰶽	貝	12	
𰶾	貝	12	
𰶿	貝	12	
𰷀	貝	13	
𰷁	貝	13	
𰷂	貝	13	
𰷃	貝	13	
𰷄	貝	13	
𰷅	貝	14	
𰷆	貝	15	
𰷇	貝	15	
𰷈	貝	15	
𰷉	貝	16	
𰷊	貝	17	
𰷋	貝	17	
𰷌	貝	17	
𰷍	貝	18	
𰷎	貝	18	
𰷏	貝	18	
𰷐	貝	18	
𰷑	貝	19	
𰷒	貝	19	
𰷓	貝	19	
𰷔	貝	19	
𰷕	貝	19	
𰷖	貝	19	
𰷗	貝	19	
𰷘	貝	21	
𰷙	貝	21	
𰷚	貝	21	
𰷛	貝	22	
𰷜	貝	25	
𰷝	貝	25	
𰷞		7	
𰷟		7	
𰷠		7	
𰷡		8	
𰷢		9	
𰷣		12	
𰷤		12	
𰷥		12	
𰷦		13	
𰷧		13	
𰷨		14	
𰷩		14	
𰷪		14	
𰷫		16	
𰷬		17	
𰷭		18	
𰷮		20	
𰷯	赤	13	
𰷰	赤	24	
𰷱	走	10	
𰷲	走	11	
𰷳	走	13	
𰷴	走	12	
𰷵	走	13	
𰷶	走	13	
𰷷	走	13	
𰷸	走	15	
𰷹	走	15	
𰷺	走	16	
𰷻	走	18	
𰷼	走	17	
𰷽	走	17	
𰷾	走	18	
𰷿	走	20	
𰸀	走	20	
𰸁	足	9	
𰸂	足	10	
𰸃	足	10	
𰸄	足	10	
𰸅	足	11	
𰸆	足	11	
𰸇	足	11	
𰸈	足	13	
𰸉	足	13	
𰸊	足	13	
𰸋	足	13	
𰸌	足	13	
𰸍	足	13	
𰸎	足	13	
𰸏	足	13	
𰸐	足	14	
𰸑	足	14	
𰸒	足	14	
𰸓	足	14	
𰸔	足	15	
𰸕	足	15	
𰸖	足	15	
𰸗	足	15	
𰸘	足	15	
𰸙	足	15	
𰸚	足	16	
𰸛	足	16	
𰸜	足	16	
𰸝	足	16	
𰸞	足	16	
𰸟	足	16	
𰸠	足	16	
𰸡	足	16	
𰸢	足	16	
𰸣	足	16	
𰸤	足	16	
𰸥	足	16	
𰸦	足	16	
𰸧	足	16	
𰸨	足	17	
𰸩	足	17	
𰸪	足	18	
𰸫	足	19	
𰸬	足	19	
𰸭	足	19	
𰸮	足	19	
𰸯	足	19	
𰸰	足	20	
𰸱	足	20	
𰸲	足	20	
𰸳	足	21	
𰸴	足	21	
𰸵	足	21	
𰸶	足	22	
𰸷	足	22	
𰸸	足	25	
𰸹	足	27	
𰸺	身	11	
𰸻	身	12	
𰸼	身	12	
𰸽	身	12	
𰸾	身	15	
𰸿	身	15	
𰹀	身	15	
𰹁	身	16	
𰹂	身	16	
𰹃	身	16	
𰹄	身	16	
𰹅	身	16	
𰹆	身	17	
𰹇	身	19	
𰹈	車	8	
𰹉	車	8	
𰹊	車	10	
𰹋	車	10	
𰹌	車	11	
𰹍	車	12	
𰹎	車	12	
𰹏	車	12	
𰹐	車	12	
𰹑	車	13	
𰹒	車	14	
𰹓	車	15	
𰹔	車	15	
𰹕	車	15	
𰹖	車	15	
𰹗	車	15	
𰹘	車	15	
𰹙	車	15	
𰹚	車	15	
𰹛	車	16	
𰹜	車	16	
𰹝	車	16	
𰹞	車	16	
𰹟	車	17	
𰹠	車	17	
𰹡	車	17	
𰹢	車	17	
𰹣	車	18	
𰹤	車	19	
𰹥	車	19	
𰹦	車	19	
𰹧	車	19	
𰹨	車	20	
𰹩	車	21	
𰹪	車	22	
𰹫	車	22	
𰹬	車	25	
𰹭	車	26	
𰹮	車	31	
𰹯		5	
𰹰		6	
𰹱		6	
𰹲		7	
𰹳		7	
𰹴		7	
𰹵		7	
𰹶		8	
𰹷		8	
𰹸		8	
𰹹		8	
𰹺		8	
𰹻		8	
𰹼		9	
𰹽		9	
𰹾		9	
𰹿		9	
𰺀		9	
𰺁		9	
𰺂		9	
𰺃		9	
𰺄		10	
𰺅		10	
𰺆		10	
𰺇		11	
𰺈		11	
𰺉		12	
𰺊		12	
𰺋		12	
𰺌		12	
𰺍		12	
𰺎		12	
𰺏		12	
𰺐		12	
𰺑		12	
𰺒		13	
𰺓		13	
𰺔		13	
𰺕		13	
𰺖		14	
𰺗		14	
𰺘		15	
𰺙		15	
𰺚		16	
𰺛		16	
𰺜		16	
𰺝		16	
𰺞		16	
𰺟		17	
𰺠		17	
𰺡		18	
𰺢		19	
𰺣		19	
𰺤		19	
𰺥	辛	10	
𰺦	辛	11	
𰺧	辛	13	
𰺨	辛	15	
𰺩	辛	16	
𰺪	辛	18	
𰺫	辛	19	
𰺬	辛	21	
𰺭	辰	13	
𰺮	辵	9	
𰺯	辵	7	
𰺰	辵	7	
𰺱	辵	7	
𰺲	辵	7	
𰺳	辵	7	
𰺴	辵	8	
𰺵	辵	11	
𰺶	辵	9	
𰺷	辵	10	
𰺸	辵	10	
𰺹	辵	10	
𰺺	辵	10	
𰺻	辵	11	
𰺼	辵	14	
𰺽	辵	11	
𰺾	辵	12	
𰺿	辵	12	
𰻀	辵	12	
𰻁	辵	12	
𰻂	辵	12	
𰻃	辵	12	
𰻄	辵	12	
𰻅	辵	12	
𰻆	辵	13	
𰻇	辵	13	
𰻈	辵	16	
𰻉	辵	14	
𰻊	辵	14	
𰻋	辵	14	
𰻌	辵	14	
𰻍	辵	14	
𰻎	辵	15	
𰻏	辵	15	
𰻐	辵	15	
𰻑	辵	15	
𰻒	辵	16	
𰻓	辵	16	
𰻔	辵	16	
𰻕	辵	17	
𰻖	辵	17	
𰻗	辵	17	
𰻘	辵	17	
𰻙	辵	17	
𰻚	辵	17	
𰻛	辵	20	
𰻜	辵	22	
𰻝	辵	43	
𰻞	辵	58	
𰻟	邑	6	
𰻠	邑	6	
𰻡	邑	7	
𰻢	邑	7	
𰻣	邑	11	
𰻤	邑	7	
𰻥	邑	7	
𰻦	邑	7	
𰻧	邑	12	
𰻨	邑	8	
𰻩	邑	13	
𰻪	邑	10	
𰻫	邑	10	
𰻬	邑	10	
𰻭	邑	11	
𰻮	邑	11	
𰻯	邑	11	
𰻰	邑	11	
𰻱	邑	15	
𰻲	邑	12	
𰻳	邑	12	
𰻴	邑	13	
𰻵	邑	13	
𰻶	邑	13	
𰻷	邑	17	
𰻸	邑	13	
𰻹	邑	14	
𰻺	邑	14	
𰻻	邑	14	
𰻼	邑	15	
𰻽	邑	16	
𰻾	邑	17	
𰻿	邑	22	
𰼀	邑	19	
𰼁	邑	23	
𰼂	邑	32	
𰼃	酉	10	
𰼄	酉	11	
𰼅	酉	12	
𰼆	酉	12	
𰼇	酉	14	
𰼈	酉	14	
𰼉	酉	14	
𰼊	酉	15	
𰼋	酉	15	
𰼌	酉	15	
𰼍	酉	16	
𰼎	酉	16	
𰼏	酉	17	
𰼐	酉	18	
𰼑	酉	18	
𰼒	酉	18	
𰼓	酉	19	
𰼔	酉	19	
𰼕	酉	21	
𰼖	酉	22	
𰼗	釆	11	
𰼘	里	8	
𰼙	里	11	
𰼚	里	16	
𰼛	里	16	
𰼜	里	16	
𰼝	里	16	
𰼞	里	17	
𰼟	金	11	
𰼠	金	11	
𰼡	金	12	
𰼢	金	12	
𰼣	金	12	
𰼤	金	13	
𰼥	金	13	
𰼦	金	13	
𰼧	金	14	
𰼨	金	14	
𰼩	金	14	
𰼪	金	14	
𰼫	金	14	
𰼬	金	14	
𰼭	金	15	
𰼮	金	15	
𰼯	金	15	
𰼰	金	15	
𰼱	金	15	
𰼲	金	15	
𰼳	金	15	
𰼴	金	15	
𰼵	金	16	
𰼶	金	16	
𰼷	金	16	
𰼸	金	16	
𰼹	金	16	
𰼺	金	16	
𰼻	金	17	
𰼼	金	17	
𰼽	金	17	
𰼾	金	17	
𰼿	金	17	
𰽀	金	17	
𰽁	金	17	
𰽂	金	18	
𰽃	金	18	
𰽄	金	19	
𰽅	金	19	
𰽆	金	20	
𰽇	金	20	
𰽈	金	20	
𰽉	金	20	
𰽊	金	20	
𰽋	金	20	
𰽌	金	20	
𰽍	金	21	
𰽎	金	22	
𰽏	金	22	
𰽐	金	22	
𰽑	金	22	
𰽒	金	23	
𰽓	金	30	
𰽔	金	76	
𰽕		7	
𰽖		7	
𰽗		8	
𰽘		8	
𰽙		8	
𰽚		8	
𰽛		8	
𰽜		9	
𰽝		9	
𰽞		9	
𰽟		9	
𰽠		9	
𰽡		9	
𰽢		9	
𰽣		9	
𰽤		9	
𰽥		10	
𰽦		10	
𰽧		10	
𰽨		10	
𰽩		10	
𰽪		10	
𰽫		10	
𰽬		10	
𰽭		10	
𰽮		10	
𰽯		10	
𰽰		10	
𰽱		10	
𰽲		11	
𰽳		11	
𰽴		11	
𰽵		11	
𰽶		11	
𰽷		11	
𰽸		11	
𰽹		11	
𰽺		11	
𰽻		11	
𰽼		11	
𰽽		11	
𰽾		12	
𰽿		12	
𰾀		12	
𰾁		12	
𰾂		12	
𰾃		12	
𰾄		12	
𰾅		12	
𰾆		12	
𰾇		12	
𰾈		12	
𰾉		12	
𰾊		12	
𰾋		12	
𰾌		13	
𰾍		13	
𰾎		13	
𰾏		13	
𰾐		13	
𰾑		13	
𰾒		13	
𰾓		13	
𰾔		14	
𰾕		14	
𰾖		14	
𰾗		14	
𰾘		14	
𰾙		14	
𰾚		14	
𰾛		14	
𰾜		14	
𰾝		14	
𰾞		14	
𰾟		14	
𰾠		14	
𰾡		14	
𰾢		14	
𰾣		14	
𰾤		14	
𰾥		14	
𰾦		14	
𰾧		15	
𰾨		15	
𰾩		15	
𰾪		15	
𰾫		15	
𰾬		15	
𰾭		15	
𰾮		15	
𰾯		15	
𰾰		16	
𰾱		16	
𰾲		16	
𰾳		17	
𰾴		17	
𰾵		17	
𰾶		17	
𰾷		17	
𰾸		17	
𰾹		17	
𰾺		17	
𰾻		17	
𰾼		17	
𰾽		17	
𰾾		18	
𰾿		18	
𰿀		18	
𰿁		18	
𰿂		19	
𰿃		20	
𰿄		20	
𰿅		20	
𰿆		21	
𰿇		21	
𰿈		22	
𰿉		23	
𰿊		24	
𰿋	長	11	
𰿌	長	11	
𰿍	長	14	
𰿎	長	14	
𰿏	長	15	
𰿐	長	14	
𰿑	長	15	
𰿒	長	16	
𰿓	長	17	
𰿔	長	19	
𰿕	長	18	
𰿖		8	
𰿗	門	10	
𰿘	門	11	
𰿙	門	11	
𰿚	門	11	
𰿛	門	11	
𰿜	門	12	
𰿝	門	12	
𰿞	門	13	
𰿟	門	14	
𰿠	門	16	
𰿡	門	16	
𰿢	門	16	
𰿣	門	17	
𰿤	門	22	
𰿥		4	
𰿦		5	
𰿧		6	
𰿨		7	
𰿩		7	
𰿪		7	
𰿫		7	
𰿬		8	
𰿭		8	
𰿮		9	
𰿯		10	
𰿰		10	
𰿱		11	
𰿲		11	
𰿳		11	
𰿴		12	
𰿵		12	
𰿶		12	
𰿷		13	
𰿸		13	
𰿹		14	
𰿺		14	
𰿻		15	
𰿼		15	
𰿽		16	
𰿾		16	
𰿿		17	
𱀀		17	
𱀁	阜	11	
𱀂	阜	11	
𱀃	阜	7	
𱀄	阜	7	
𱀅	阜	12	
𱀆	阜	8	
𱀇	阜	8	
𱀈	阜	13	
𱀉	阜	13	
𱀊	阜	8	
𱀋	阜	9	
𱀌	阜	9	
𱀍	阜	9	
𱀎	阜	9	
𱀏	阜	9	
𱀐	阜	9	
𱀑	阜	10	
𱀒	阜	10	
𱀓	阜	15	
𱀔	阜	10	
𱀕	阜	10	
𱀖	阜	15	
𱀗	阜	11	
𱀘	阜	16	
𱀙	阜	11	
𱀚	阜	11	
𱀛	阜	11	
𱀜	阜	16	
𱀝	阜	16	
𱀞	阜	11	
𱀟	阜	16	
𱀠	阜	13	
𱀡	阜	12	
𱀢	阜	12	
𱀣	阜	12	
𱀤	阜	12	
𱀥	阜	12	
𱀦	阜	12	
𱀧	阜	12	
𱀨	阜	12	
𱀩	阜	12	
𱀪	阜	13	
𱀫	阜	13	
𱀬	阜	14	
𱀭	阜	14	
𱀮	阜	19	
𱀯	阜	14	
𱀰	阜	14	
𱀱	阜	15	
𱀲	阜	15	
𱀳	阜	20	
𱀴	阜	15	
𱀵	阜	15	
𱀶	阜	15	
𱀷	阜	16	
𱀸	阜	16	
𱀹	阜	16	
𱀺	阜	16	
𱀻	阜	17	
𱀼	阜	18	
𱀽	阜	18	
𱀾	阜	18	
𱀿	阜	18	
𱁀	阜	19	
𱁁	阜	19	
𱁂	阜	19	
𱁃	阜	26	
𱁄	阜	26	
𱁅	隹	10	
𱁆	隹	11	
𱁇	隹	11	
𱁈	隹	11	
𱁉	隹	12	
𱁊	隹	17	
𱁋	隹	18	
𱁌	隹	19	
𱁍	隹	20	
𱁎	隹	22	
𱁏	隹	22	
𱁐	隹	27	
𱁑	雨	10	
𱁒	雨	13	
𱁓	雨	13	
𱁔	雨	15	
𱁕	雨	15	
𱁖	雨	15	
𱁗	雨	15	
𱁘	雨	15	
𱁙	雨	15	
𱁚	雨	15	
𱁛	雨	16	
𱁜	雨	16	
𱁝	雨	16	
𱁞	雨	16	
𱁟	雨	16	
𱁠	雨	17	
𱁡	雨	17	
𱁢	雨	17	
𱁣	雨	19	
𱁤	雨	22	
𱁥	雨	23	
𱁦	雨	23	
𱁧	雨	23	
𱁨	雨	23	
𱁩	雨	24	
𱁪	雨	31	
𱁫	雨	32	
𱁬	雨	84	
𱁭	靑	15	
𱁮	靑	15	
𱁯	非	20	
𱁰	面	19	
𱁱	革	12	
𱁲	革	13	
𱁳	革	14	
𱁴	革	15	
𱁵	革	15	
𱁶	革	16	
𱁷	革	17	
𱁸	革	18	
𱁹	革	18	
𱁺	革	18	
𱁻	革	19	
𱁼	革	19	
𱁽	革	21	
𱁾	革	25	
𱁿	韋	12	
𱂀	韋	13	
𱂁	韋	14	
𱂂	韋	16	
𱂃		8	
𱂄		9	
𱂅		9	
𱂆		10	
𱂇		10	
𱂈		10	
𱂉		11	
𱂊		13	
𱂋		17	
𱂌		18	
𱂍	韭	14	
𱂎	韭	20	
𱂏	音	12	
𱂐	音	16	
𱂑	音	16	
𱂒	音	18	
𱂓	音	18	
𱂔	頁	13	
𱂕	頁	13	
𱂖	頁	15	
𱂗	頁	15	
𱂘	頁	16	
𱂙	頁	16	
𱂚	頁	19	
𱂛	頁	19	
𱂜	頁	19	
𱂝	頁	21	
𱂞	頁	23	
𱂟	頁	26	
𱂠		9	
𱂡		10	
𱂢		11	
𱂣		12	
𱂤		12	
𱂥		12	
𱂦		12	
𱂧		12	
𱂨		12	
𱂩		13	
𱂪		13	
𱂫		13	
𱂬		13	
𱂭		14	
𱂮		14	
𱂯		14	
𱂰		14	
𱂱		15	
𱂲		15	
𱂳		15	
𱂴		16	
𱂵		16	
𱂶		16	
𱂷		16	
𱂸		16	
𱂹		16	
𱂺		17	
𱂻		18	
𱂼	風	13	
𱂽	風	14	
𱂾	風	14	
𱂿	風	14	
𱃀	風	16	
𱃁	風	16	
𱃂	風	16	
𱃃	風	17	
𱃄	風	17	
𱃅	風	17	
𱃆	風	17	
𱃇	風	18	
𱃈	風	18	
𱃉	風	18	
𱃊	風	19	
𱃋	風	20	
𱃌	風	20	
𱃍	風	20	
𱃎	風	22	
𱃏	風	22	
𱃐	風	24	
𱃑	風	26	
𱃒	風	27	
𱃓	風	27	
𱃔		7	
𱃕		8	
𱃖		9	
𱃗		9	
𱃘		10	
𱃙		10	
𱃚		10	
𱃛		11	
𱃜		12	
𱃝		12	
𱃞		13	
𱃟		15	
𱃠		16	
𱃡	食	11	
𱃢	食	11	
𱃣	食	11	
𱃤	食	13	
𱃥	食	14	
𱃦	食	14	
𱃧	食	14	
𱃨	食	15	
𱃩	食	15	
𱃪	食	16	
𱃫	食	16	
𱃬	食	18	
𱃭	食	18	
𱃮	食	19	
𱃯	食	19	
𱃰	食	20	
𱃱		6	
𱃲		7	
𱃳		7	
𱃴		7	
𱃵		8	
𱃶		8	
𱃷		8	
𱃸		9	
𱃹		9	
𱃺		9	
𱃻		9	
𱃼		11	
𱃽		11	
𱃾		11	
𱃿		11	
𱄀		12	
𱄁		12	
𱄂		12	
𱄃		12	
𱄄		12	
𱄅		13	
𱄆		15	
𱄇		15	
𱄈		17	
𱄉		17	
𱄊		19	
𱄋	首	13	
𱄌	首	14	
𱄍	首	18	
𱄎	香	13	
𱄏	香	16	
𱄐	香	20	
𱄑	馬	12	
𱄒	馬	14	
𱄓	馬	15	
𱄔	馬	15	
𱄕	馬	15	
𱄖	馬	15	
𱄗	馬	15	
𱄘	馬	16	
𱄙	馬	16	
𱄚	馬	16	
𱄛	馬	16	
𱄜	馬	16	
𱄝	馬	17	
𱄞	馬	17	
𱄟	馬	17	
𱄠	馬	17	
𱄡	馬	17	
𱄢	馬	17	
𱄣	馬	18	
𱄤	馬	19	
𱄥	馬	19	
𱄦	馬	19	
𱄧	馬	19	
𱄨	馬	19	
𱄩	馬	20	
𱄪	馬	20	
𱄫	馬	20	
𱄬	馬	20	
𱄭	馬	20	
𱄮	馬	21	
𱄯	馬	21	
𱄰	馬	21	
𱄱	馬	21	
𱄲	馬	22	
𱄳	馬	22	
𱄴	馬	22	
𱄵	馬	23	
𱄶	馬	23	
𱄷	馬	24	
𱄸	馬	24	
𱄹	馬	25	
𱄺	馬	25	
𱄻	馬	25	
𱄼		6	
𱄽		6	
𱄾		6	
𱄿		6	
𱅀		7	
𱅁		7	
𱅂		7	
𱅃		8	
𱅄		8	
𱅅		8	
𱅆		8	
𱅇		8	
𱅈		8	
𱅉		9	
𱅊		9	
𱅋		9	
𱅌		9	
𱅍		9	
𱅎		9	
𱅏		9	
𱅐		9	
𱅑		9	
𱅒		9	
𱅓		10	
𱅔		10	
𱅕		10	
𱅖		10	
𱅗		10	
𱅘		10	
𱅙		10	
𱅚		11	
𱅛		11	
𱅜		12	
𱅝		12	
𱅞		12	
𱅟		12	
𱅠		13	
𱅡		13	
𱅢		13	
𱅣		13	
𱅤		13	
𱅥		13	
𱅦		14	
𱅧		14	
𱅨		14	
𱅩		14	
𱅪		15	
𱅫		15	
𱅬		19	
𱅭	骨	16	
𱅮	骨	15	
𱅯	骨	16	
𱅰	骨	18	
𱅱	骨	18	
𱅲	骨	18	
𱅳	骨	22	
𱅴	高	12	
𱅵	高	12	
𱅶	高	12	
𱅷	高	13	
𱅸	高	15	
𱅹	高	15	
𱅺	高	15	
𱅻	高	16	
𱅼	高	16	
𱅽	高	23	
𱅾	高	23	
𱅿	髟	15	
𱆀	髟	17	
𱆁	髟	17	
𱆂	髟	19	
𱆃	髟	19	
𱆄	髟	19	
𱆅	髟	20	
𱆆	髟	21	
𱆇	髟	22	
𱆈	髟	26	
𱆉	鬥	24	
𱆊	鬯	12	
𱆋	鬲	15	
𱆌	鬲	15	
𱆍	鬲	15	
𱆎	鬲	17	
𱆏	鬲	21	
𱆐	鬲	21	
𱆑	鬲	24	
𱆒	鬲	25	
𱆓	鬲	26	
𱆔	鬲	26	
𱆕	鬲	32	
𱆖	鬼	12	
𱆗	鬼	14	
𱆘	鬼	14	
𱆙	鬼	16	
𱆚	鬼	16	
𱆛	鬼	17	
𱆜	鬼	18	
𱆝	鬼	18	
𱆞	鬼	19	
𱆟	鬼	19	
𱆠	鬼	24	
𱆡	鬼	24	
𱆢	鬼	34	
𱆣	魚	13	
𱆤	魚	14	
𱆥	魚	15	
𱆦	魚	15	
𱆧	魚	15	
𱆨	魚	15	
𱆩	魚	16	
𱆪	魚	16	
𱆫	魚	16	
𱆬	魚	17	
𱆭	魚	18	
𱆮	魚	18	
𱆯	魚	18	
𱆰	魚	18	
𱆱	魚	18	
𱆲	魚	18	
𱆳	魚	19	
𱆴	魚	19	
𱆵	魚	20	
𱆶	魚	20	
𱆷	魚	20	
𱆸	魚	20	
𱆹	魚	20	
𱆺	魚	21	
𱆻	魚	21	
𱆼	魚	21	
𱆽	魚	22	
𱆾	魚	22	
𱆿	魚	23	
𱇀	魚	23	
𱇁	魚	23	
𱇂	魚	24	
𱇃	魚	25	
𱇄	魚	26	
𱇅	魚	26	
𱇆	魚	26	
𱇇	魚	26	
𱇈	魚	27	
𱇉	魚	28	
𱇊	魚	30	
𱇋	魚	33	
𱇌	魚	34	
𱇍		9	
𱇎		10	
𱇏		11	
𱇐		12	
𱇑		12	
𱇒		12	
𱇓		12	
𱇔		12	
𱇕		12	
𱇖		12	
𱇗		12	
𱇘		12	
𱇙		12	
𱇚		13	
𱇛		13	
𱇜		13	
𱇝		13	
𱇞		13	
𱇟		13	
𱇠		13	
𱇡		13	
𱇢		13	
𱇣		13	
𱇤		13	
𱇥		14	
𱇦		14	
𱇧		14	
𱇨		14	
𱇩		14	
𱇪		14	
𱇫		14	
𱇬		15	
𱇭		15	
𱇮		15	
𱇯		15	
𱇰		15	
𱇱		15	
𱇲		15	
𱇳		15	
𱇴		15	
𱇵		16	
𱇶		16	
𱇷		16	
𱇸		16	
𱇹		16	
𱇺		16	
𱇻		16	
𱇼		16	
𱇽		16	
𱇾		16	
𱇿		16	
𱈀		16	
𱈁		16	
𱈂		17	
𱈃		17	
𱈄		17	
𱈅		17	
𱈆		17	
𱈇		17	
𱈈		17	
𱈉		18	
𱈊		18	
𱈋		18	
𱈌		18	
𱈍		18	
𱈎		18	
𱈏		19	
𱈐		19	
𱈑		19	
𱈒		20	
𱈓		20	
𱈔		20	
𱈕		20	
𱈖		21	
𱈗		22	
𱈘		22	
𱈙		23	
𱈚		24	
𱈛		24	
𱈜		24	
𱈝	鳥	13	
𱈞	鳥	15	
𱈟	鳥	15	
𱈠	鳥	16	
𱈡	鳥	16	
𱈢	鳥	16	
𱈣	鳥	16	
𱈤	鳥	16	
𱈥	鳥	16	
𱈦	鳥	17	
𱈧	鳥	17	
𱈨	鳥	18	
𱈩	鳥	18	
𱈪	鳥	18	
𱈫	鳥	18	
𱈬	鳥	18	
𱈭	鳥	19	
𱈮	鳥	19	
𱈯	鳥	19	
𱈰	鳥	19	
𱈱	鳥	20	
𱈲	鳥	20	
𱈳	鳥	20	
𱈴	鳥	21	
𱈵	鳥	21	
𱈶	鳥	21	
𱈷	鳥	21	
𱈸	鳥	21	
𱈹	鳥	22	
𱈺	鳥	23	
𱈻	鳥	23	
𱈼	鳥	23	
𱈽	鳥	23	
𱈾	鳥	24	
𱈿	鳥	24	
𱉀	鳥	24	
𱉁	鳥	24	
𱉂	鳥	24	
𱉃	鳥	25	
𱉄	鳥	26	
𱉅	鳥	27	
𱉆	鳥	27	
𱉇		6	
𱉈		7	
𱉉		7	
𱉊		8	
𱉋		8	
𱉌		8	
𱉍		9	
𱉎		9	
𱉏		9	
𱉐		9	
𱉑		9	
𱉒		9	
𱉓		9	
𱉔		9	
𱉕		10	
𱉖		10	
𱉗		10	
𱉘		10	
𱉙		10	
𱉚		10	
𱉛		10	
𱉜		10	
𱉝		10	
𱉞		10	
𱉟		10	
𱉠		10	
𱉡		10	
𱉢		10	
𱉣		11	
𱉤		11	
𱉥		11	
𱉦		11	
𱉧		11	
𱉨		11	
𱉩		11	
𱉪		11	
𱉫		11	
𱉬		11	
𱉭		11	
𱉮		11	
𱉯		11	
𱉰		11	
𱉱		11	
𱉲		11	
𱉳		11	
𱉴		12	
𱉵		12	
𱉶		12	
𱉷		12	
𱉸		12	
𱉹		12	
𱉺		12	
𱉻		12	
𱉼		12	
𱉽		12	
𱉾		12	
𱉿		12	
𱊀		13	
𱊁		13	
𱊂		13	
𱊃		13	
𱊄		13	
𱊅		13	
𱊆		13	
𱊇		13	
𱊈		13	
𱊉		13	
𱊊		13	
𱊋		13	
𱊌		13	
𱊍		13	
𱊎		13	
𱊏		14	
𱊐		14	
𱊑		14	
𱊒		14	
𱊓		14	
𱊔		14	
𱊕		14	
𱊖		14	
𱊗		14	
𱊘		14	
𱊙		15	
𱊚		15	
𱊛		15	
𱊜		15	
𱊝		15	
𱊞		15	
𱊟		15	
𱊠		16	
𱊡		16	
𱊢		16	
𱊣		16	
𱊤		16	
𱊥		16	
𱊦		17	
𱊧		17	
𱊨		17	
𱊩		17	
𱊪		18	
𱊫		18	
𱊬		18	
𱊭		18	
𱊮		18	
𱊯		18	
𱊰		18	
𱊱		19	
𱊲		20	
𱊳		20	
𱊴		21	
𱊵		22	
𱊶	鹵	15	
𱊷	鹵	16	
𱊸	鹵	17	
𱊹	鹵	18	
𱊺		10	
𱊻		14	
𱊼		19	
𱊽		23	
𱊾	鹿	18	
𱊿	鹿	18	
𱋀	鹿	22	
𱋁	鹿	22	
𱋂	鹿	28	
𱋃	麥	19	
𱋄		9	
𱋅		9	
𱋆		10	
𱋇		10	
𱋈		10	
𱋉		11	
𱋊		12	
𱋋		12	
𱋌		12	
𱋍		12	
𱋎		12	
𱋏		12	
𱋐		13	
𱋑		13	
𱋒		13	
𱋓		13	
𱋔		13	
𱋕		13	
𱋖		14	
𱋗		14	
𱋘		14	
𱋙		15	
𱋚		15	
𱋛		15	
𱋜		15	
𱋝		15	
𱋞		16	
𱋟		16	
𱋠		16	
𱋡		16	
𱋢		16	
𱋣		16	
𱋤		16	
𱋥		16	
𱋦		17	
𱋧		17	
𱋨		18	
𱋩		18	
𱋪		18	
𱋫		19	
𱋬		19	
𱋭		21	
𱋮		21	
𱋯	麻	18	
𱋰	麻	19	
𱋱	麻	20	
𱋲	黃	17	
𱋳	黃	19	
𱋴	黃	20	
𱋵	黍	20	
𱋶	黑	17	
𱋷	黑	19	
𱋸	黑	19	
𱋹	黑	23	
𱋺	黑	24	
𱋻	黽	20	
𱋼	黽	20	
𱋽	黽	22	
𱋾		13	
𱋿		13	
𱌀		13	
𱌁		13	
𱌂		13	
𱌃		14	
𱌄		16	
𱌅		16	
𱌆		18	
𱌇		19	
𱌈		19	
𱌉		21	
𱌊	鼓	17	
𱌋	鼓	18	
𱌌	鼓	25	
𱌍	鼠	16	
𱌎	鼠	19	
𱌏	鼠	19	
𱌐	鼠	25	
𱌑	鼻	16	
𱌒	鼻	16	
𱌓	鼻	18	
𱌔	鼻	19	
𱌕	鼻	20	
𱌖	鼻	20	
𱌗		10	
𱌘		11	
𱌙		12	
𱌚	齒	19	
𱌛	齒	19	
𱌜	齒	19	
𱌝	齒	20	
𱌞	齒	22	
𱌟	齒	24	
𱌠	齒	24	
𱌡	齒	24	
𱌢	齒	25	
𱌣	齒	25	
𱌤	齒	26	
𱌥	齒	27	
𱌦	齒	28	
𱌧	齒	29	
𱌨	齒	31	
𱌩		11	
𱌪		12	
𱌫		13	
𱌬		13	
𱌭		13	
𱌮		13	
𱌯		13	
𱌰		14	
𱌱		14	
𱌲		14	
𱌳		14	
𱌴		15	
𱌵		15	
𱌶		16	
𱌷		16	
𱌸		16	
𱌹		17	
𱌺		18	
𱌻		18	
𱌼		18	
𱌽		18	
𱌾	龍	21	
𱌿	龍	22	
𱍀	龍	25	
𱍁		8	
𱍂		10	
𱍃		10	
𱍄		11	
𱍅		11	
𱍆		11	
𱍇		12	
𱍈		18	
𱍉	龠	24	
𱍊	龠	22	
𱍐	一	5	
𱍑	一	6	
𱍒	一	7	
𱍓	一	8	
𱍔	一	8	
𱍕	一	8	
𱍖	一	8	
𱍗	一	8	
𱍘	一	10	
𱍙	一	10	
𱍚	一	10	
𱍛	一	10	
𱍜	一	10	
𱍝	一	10	
𱍞	一	11	
𱍟	一	11	
𱍠	一	12	
𱍡	一	12	
𱍢	一	13	
𱍣	一	13	
𱍤	一	13	
𱍥	一	14	
𱍦	一	15	
𱍧	一	15	
𱍨	一	16	
𱍩	一	17	
𱍪	一	25	
𱍫	丨	3	
𱍬	丨	6	
𱍭	丨	8	
𱍮	丨	8	
𱍯	丨	8	
𱍰	丨	8	
𱍱	丨	10	
𱍲	丨	10	
𱍳	丨	10	
𱍴	丨	11	
𱍵	丨	12	
𱍶	丨	17	
𱍷	丶	4	
𱍸	丿	3	
𱍹	丿	3	
𱍺	丿	5	
𱍻	丿	6	
𱍼	丿	7	
𱍽	丿	10	
𱍾	丿	13	
𱍿	丿	14	
𱎀	乙	4	
𱎁	乙	5	
𱎂	乙	6	
𱎃	乙	6	
𱎄	乙	7	
𱎅	乙	7	
𱎆	乙	8	
𱎇	乙	9	
𱎈	乙	10	
𱎉	乙	10	
𱎊	乙	10	
𱎋	乙	10	
𱎌	乙	12	
𱎍	乙	12	
𱎎	乙	13	
𱎏	乙	14	
𱎐	乙	17	
𱎑	亅	15	
𱎒	二	8	
𱎓	二	10	
𱎔	二	10	
𱎕	二	13	
𱎖	二	13	
𱎗	二	14	
𱎘	亠	10	
𱎙	亠	15	
𱎚	人	4	
𱎛	人	5	
𱎜	人	5	
𱎝	人	5	
𱎞	人	5	
𱎟	人	5	
𱎠	人	6	
𱎡	人	6	
𱎢	人	6	
𱎣	人	6	
𱎤	人	6	
𱎥	人	6	
𱎦	人	6	
𱎧	人	6	
𱎨	人	7	
𱎩	人	7	
𱎪	人	7	
𱎫	人	8	
𱎬	人	8	
𱎭	人	8	
𱎮	人	9	
𱎯	人	9	
𱎰	人	9	
𱎱	人	9	
𱎲	人	9	
𱎳	人	10	
𱎴	人	10	
𱎵	人	10	
𱎶	人	10	
𱎷	人	10	
𱎸	人	10	
𱎹	人	10	
𱎺	人	10	
𱎻	人	11	
𱎼	人	11	
𱎽	人	11	
𱎾	人	11	
𱎿	人	12	
𱏀	人	12	
𱏁	人	12	
𱏂	人	12	
𱏃	人	12	
𱏄	人	12	
𱏅	人	13	
𱏆	人	13	
𱏇	人	13	
𱏈	人	13	
𱏉	人	13	
𱏊	人	13	
𱏋	人	13	
𱏌	人	14	
𱏍	人	14	
𱏎	人	14	
𱏏	人	14	
𱏐	人	14	
𱏑	人	14	
𱏒	人	14	
𱏓	人	14	
𱏔	人	15	
𱏕	人	15	
𱏖	人	15	
𱏗	人	15	
𱏘	人	16	
𱏙	人	16	
𱏚	人	16	
𱏛	人	17	
𱏜	人	18	
𱏝	人	18	
𱏞	人	19	
𱏟	人	20	
𱏠	人	20	
𱏡	人	21	
𱏢	人	23	
𱏣	人	27	
𱏤	儿	10	
𱏥	儿	10	
𱏦	儿	11	
𱏧	儿	11	
𱏨	儿	11	
𱏩	儿	12	
𱏪	儿	14	
𱏫	儿	14	
𱏬	儿	14	
𱏭	儿	15	
𱏮	儿	16	
𱏯	儿	17	
𱏰	儿	19	
𱏱	入	5	
𱏲	入	9	
𱏳	八	6	
𱏴	八	9	
𱏵	八	13	
𱏶	八	13	
𱏷	八	18	
𱏸	八	18	
𱏹	冂	5	
𱏺	冂	6	
𱏻	冂	6	
𱏼	冂	14	
𱏽	冖	10	
𱏾	冖	14	
𱏿	冫	5	
𱐀	冫	6	
𱐁	冫	6	
𱐂	冫	7	
𱐃	冫	8	
𱐄	冫	9	
𱐅	冫	9	
𱐆	冫	9	
𱐇	冫	11	
𱐈	冫	12	
𱐉	冫	12	
𱐊	冫	12	
𱐋	冫	13	
𱐌	冫	14	
𱐍	凵	8	
𱐎	凵	9	
𱐏	凵	9	
𱐐	凵	12	
𱐑	凵	13	
𱐒	刀	6	
𱐓	刀	6	
𱐔	刀	6	
𱐕	刀	6	
𱐖	刀	7	
𱐗	刀	7	
𱐘	刀	8	
𱐙	刀	8	
𱐚	刀	9	
𱐛	刀	9	
𱐜	刀	10	
𱐝	刀	10	
𱐞	刀	10	
𱐟	刀	10	
𱐠	刀	10	
𱐡	刀	12	
𱐢	刀	13	
𱐣	刀	13	
𱐤	刀	14	
𱐥	刀	16	
𱐦	刀	18	
𱐧	刀	20	
𱐨	刀	20	
𱐩	力	4	
𱐪	力	5	
𱐫	力	7	
𱐬	力	7	
𱐭	力	7	
𱐮	力	7	
𱐯	力	7	
𱐰	力	9	
𱐱	力	10	
𱐲	力	10	
𱐳	力	10	
𱐴	力	11	
𱐵	力	15	
𱐶	力	15	
𱐷	力	16	
𱐸	勹	9	
𱐹	勹	10	
𱐺	勹	11	
𱐻	勹	11	
𱐼	勹	13	
𱐽	勹	14	
𱐾	勹	14	
𱐿	勹	14	
𱑀	勹	14	
𱑁	勹	16	
𱑂	勹	17	
𱑃	勹	18	
𱑄	匕	8	
𱑅	匕	14	
𱑆	匚	11	
𱑇	匚	12	
𱑈	匚	20	
𱑉	匚	23	
𱑊	匸	9	
𱑋	匸	12	
𱑌	匸	15	
𱑍	匸	26	
𱑎	十	8	
𱑏	十	11	
𱑐	十	15	
𱑑	十	15	
𱑒	十	16	
𱑓	十	16	
𱑔	十	17	
𱑕	十	19	
𱑖	卜	9	
𱑗	卜	12	
𱑘	卩	5	
𱑙	卩	11	
𱑚	卩	12	
𱑛	卩	14	
𱑜	厂	6	
𱑝	厂	8	
𱑞	厂	11	
𱑟	厂	11	
𱑠	厂	11	
𱑡	厂	16	
𱑢	厶	3	
𱑣	厶	8	
𱑤	厶	9	
𱑥	厶	9	
𱑦	厶	11	
𱑧	厶	11	
𱑨	厶	12	
𱑩	厶	12	
𱑪	厶	12	
𱑫	厶	14	
𱑬	厶	16	
𱑭	厶	17	
𱑮	厶	18	
𱑯	厶	18	
𱑰	厶	20	
𱑱	又	5	
𱑲	又	7	
𱑳	又	7	
𱑴	又	8	
𱑵	又	8	
𱑶	又	8	
𱑷	又	9	
𱑸	又	10	
𱑹	又	10	
𱑺	又	10	
𱑻	又	11	
𱑼	又	12	
𱑽	又	13	
𱑾	又	24	
𱑿	口	5	
𱒀	口	6	
𱒁	口	6	
𱒂	口	6	
𱒃	口	6	
𱒄	口	6	
𱒅	口	6	
𱒆	口	7	
𱒇	口	7	
𱒈	口	7	
𱒉	口	7	
𱒊	口	7	
𱒋	口	7	
𱒌	口	7	
𱒍	口	7	
𱒎	口	7	
𱒏	口	8	
𱒐	口	8	
𱒑	口	8	
𱒒	口	8	
𱒓	口	8	
𱒔	口	9	
𱒕	口	9	
𱒖	口	9	
𱒗	口	9	
𱒘	口	9	
𱒙	口	9	
𱒚	口	9	
𱒛	口	9	
𱒜	口	9	
𱒝	口	9	
𱒞	口	9	
𱒟	口	9	
𱒠	口	9	
𱒡	口	9	
𱒢	口	9	
𱒣	口	9	
𱒤	口	9	
𱒥	口	9	
𱒦	口	10	
𱒧	口	10	
𱒨	口	10	
𱒩	口	10	
𱒪	口	10	
𱒫	口	10	
𱒬	口	10	
𱒭	口	10	
𱒮	口	10	
𱒯	口	10	
𱒰	口	10	
𱒱	口	10	
𱒲	口	10	
𱒳	口	10	
𱒴	口	10	
𱒵	口	10	
𱒶	口	10	
𱒷	口	10	
𱒸	口	10	
𱒹	口	10	
𱒺	口	10	
𱒻	口	10	
𱒼	口	10	
𱒽	口	11	
𱒾	口	11	
𱒿	口	11	
𱓀	口	11	
𱓁	口	11	
𱓂	口	11	
𱓃	口	11	
𱓄	口	11	
𱓅	口	11	
𱓆	口	11	
𱓇	口	11	
𱓈	口	11	
𱓉	口	11	
𱓊	口	11	
𱓋	口	11	
𱓌	口	11	
𱓍	口	11	
𱓎	口	11	
𱓏	口	11	
𱓐	口	11	
𱓑	口	11	
𱓒	口	11	
𱓓	口	11	
𱓔	口	11	
𱓕	口	11	
𱓖	口	12	
𱓗	口	12	
𱓘	口	12	
𱓙	口	12	
𱓚	口	12	
𱓛	口	12	
𱓜	口	12	
𱓝	口	12	
𱓞	口	12	
𱓟	口	12	
𱓠	口	12	
𱓡	口	12	
𱓢	口	12	
𱓣	口	12	
𱓤	口	12	
𱓥	口	12	
𱓦	口	12	
𱓧	口	12	
𱓨	口	12	
𱓩	口	12	
𱓪	口	13	
𱓫	口	13	
𱓬	口	13	
𱓭	口	13	
𱓮	口	13	
𱓯	口	13	
𱓰	口	13	
𱓱	口	13	
𱓲	口	13	
𱓳	口	13	
𱓴	口	13	
𱓵	口	13	
𱓶	口	13	
𱓷	口	13	
𱓸	口	13	
𱓹	口	13	
𱓺	口	13	
𱓻	口	13	
𱓼	口	13	
𱓽	口	13	
𱓾	口	13	
𱓿	口	13	
𱔀	口	13	
𱔁	口	13	
𱔂	口	13	
𱔃	口	13	
𱔄	口	14	
𱔅	口	14	
𱔆	口	14	
𱔇	口	14	
𱔈	口	14	
𱔉	口	14	
𱔊	口	14	
𱔋	口	14	
𱔌	口	14	
𱔍	口	14	
𱔎	口	14	
𱔏	口	14	
𱔐	口	14	
𱔑	口	14	
𱔒	口	14	
𱔓	口	14	
𱔔	口	14	
𱔕	口	14	
𱔖	口	14	
𱔗	口	15	
𱔘	口	15	
𱔙	口	15	
𱔚	口	15	
𱔛	口	15	
𱔜	口	15	
𱔝	口	15	
𱔞	口	15	
𱔟	口	15	
𱔠	口	15	
𱔡	口	15	
𱔢	口	15	
𱔣	口	15	
𱔤	口	15	
𱔥	口	15	
𱔦	口	15	
𱔧	口	15	
𱔨	口	15	
𱔩	口	15	
𱔪	口	15	
𱔫	口	15	
𱔬	口	15	
𱔭	口	15	
𱔮	口	15	
𱔯	口	15	
𱔰	口	15	
𱔱	口	15	
𱔲	口	15	
𱔳	口	16	
𱔴	口	16	
𱔵	口	16	
𱔶	口	16	
𱔷	口	16	
𱔸	口	16	
𱔹	口	16	
𱔺	口	16	
𱔻	口	16	
𱔼	口	16	
𱔽	口	16	
𱔾	口	16	
𱔿	口	16	
𱕀	口	16	
𱕁	口	16	
𱕂	口	16	
𱕃	口	16	
𱕄	口	16	
𱕅	口	17	
𱕆	口	17	
𱕇	口	17	
𱕈	口	17	
𱕉	口	17	
𱕊	口	17	
𱕋	口	17	
𱕌	口	17	
𱕍	口	17	
𱕎	口	17	
𱕏	口	17	
𱕐	口	17	
𱕑	口	17	
𱕒	口	17	
𱕓	口	18	
𱕔	口	18	
𱕕	口	18	
𱕖	口	18	
𱕗	口	18	
𱕘	口	18	
𱕙	口	18	
𱕚	口	18	
𱕛	口	18	
𱕜	口	18	
𱕝	口	19	
𱕞	口	19	
𱕟	口	19	
𱕠	口	19	
𱕡	口	19	
𱕢	口	19	
𱕣	口	19	
𱕤	口	19	
𱕥	口	20	
𱕦	口	20	
𱕧	口	20	
𱕨	口	20	
𱕩	口	20	
𱕪	口	21	
𱕫	口	21	
𱕬	口	21	
𱕭	口	22	
𱕮	口	22	
𱕯	口	22	
𱕰	口	22	
𱕱	口	23	
𱕲	口	21	
𱕳	口	23	
𱕴	口	24	
𱕵	口	24	
𱕶	口	24	
𱕷	口	24	
𱕸	囗	7	
𱕹	囗	8	
𱕺	囗	9	
𱕻	囗	9	
𱕼	囗	9	
𱕽	囗	9	
𱕾	囗	10	
𱕿	囗	10	
𱖀	囗	11	
𱖁	囗	11	
𱖂	囗	11	
𱖃	囗	12	
𱖄	囗	12	
𱖅	囗	14	
𱖆	土	5	
𱖇	土	6	
𱖈	土	6	
𱖉	土	6	
𱖊	土	7	
𱖋	土	7	
𱖌	土	7	
𱖍	土	7	
𱖎	土	7	
𱖏	土	7	
𱖐	土	7	
𱖑	土	8	
𱖒	土	8	
𱖓	土	8	
𱖔	土	8	
𱖕	土	8	
𱖖	土	8	
𱖗	土	8	
𱖘	土	8	
𱖙	土	8	
𱖚	土	8	
𱖛	土	8	
𱖜	土	8	
𱖝	土	9	
𱖞	土	9	
𱖟	土	9	
𱖠	土	9	
𱖡	土	9	
𱖢	土	9	
𱖣	土	9	
𱖤	土	9	
𱖥	土	9	
𱖦	土	9	
𱖧	土	9	
𱖨	土	9	
𱖩	土	9	
𱖪	土	10	
𱖫	土	10	
𱖬	土	10	
𱖭	土	10	
𱖮	土	10	
𱖯	土	10	
𱖰	土	10	
𱖱	土	10	
𱖲	土	10	
𱖳	土	10	
𱖴	土	10	
𱖵	土	10	
𱖶	土	10	
𱖷	土	10	
𱖸	土	11	
𱖹	土	11	
𱖺	土	11	
𱖻	土	11	
𱖼	土	11	
𱖽	土	11	
𱖾	土	11	
𱖿	土	11	
𱗀	土	11	
𱗁	土	11	
𱗂	土	11	
𱗃	土	11	
𱗄	土	11	
𱗅	土	11	
𱗆	土	11	
𱗇	土	11	
𱗈	土	11	
𱗉	土	11	
𱗊	土	11	
𱗋	土	12	
𱗌	土	12	
𱗍	土	12	
𱗎	土	12	
𱗏	土	12	
𱗐	土	12	
𱗑	土	12	
𱗒	土	12	
𱗓	土	12	
𱗔	土	12	
𱗕	土	12	
𱗖	土	12	
𱗗	土	12	
𱗘	土	12	
𱗙	土	12	
𱗚	土	12	
𱗛	土	13	
𱗜	土	13	
𱗝	土	13	
𱗞	土	13	
𱗟	土	13	
𱗠	土	13	
𱗡	土	13	
𱗢	土	13	
𱗣	土	13	
𱗤	土	13	
𱗥	土	13	
𱗦	土	13	
𱗧	土	13	
𱗨	土	13	
𱗩	土	13	
𱗪	土	14	
𱗫	土	14	
𱗬	土	14	
𱗭	土	14	
𱗮	土	14	
𱗯	土	14	
𱗰	土	14	
𱗱	土	14	
𱗲	土	14	
𱗳	土	14	
𱗴	土	15	
𱗵	土	15	
𱗶	土	15	
𱗷	土	15	
𱗸	土	15	
𱗹	土	15	
𱗺	土	15	
𱗻	土	15	
𱗼	土	15	
𱗽	土	15	
𱗾	土	15	
𱗿	土	15	
𱘀	土	15	
𱘁	土	15	
𱘂	土	15	
𱘃	土	15	
𱘄	土	16	
𱘅	土	16	
𱘆	土	16	
𱘇	土	16	
𱘈	土	16	
𱘉	土	16	
𱘊	土	16	
𱘋	土	17	
𱘌	土	17	
𱘍	土	17	
𱘎	土	17	
𱘏	土	17	
𱘐	土	17	
𱘑	土	17	
𱘒	土	17	
𱘓	土	18	
𱘔	土	18	
𱘕	土	19	
𱘖	土	19	
𱘗	土	19	
𱘘	土	20	
𱘙	土	20	
𱘚	土	21	
𱘛	土	22	
𱘜	土	23	
𱘝	土	24	
𱘞	土	26	
𱘟	土	27	
𱘠	士	15	
𱘡	士	17	
𱘢	士	21	
𱘣	夂	8	
𱘤	夊	11	
𱘥	夊	13	
𱘦	夕	5	
𱘧	夕	13	
𱘨	夕	14	
𱘩	夕	16	
𱘪	夕	17	
𱘫	夕	20	
𱘬	夕	28	
𱘭	大	7	
𱘮	大	7	
𱘯	大	8	
𱘰	大	9	
𱘱	大	10	
𱘲	大	10	
𱘳	大	10	
𱘴	大	10	
𱘵	大	10	
𱘶	大	12	
𱘷	大	12	
𱘸	大	12	
𱘹	大	14	
𱘺	大	14	
𱘻	大	14	
𱘼	大	16	
𱘽	大	17	
𱘾	大	19	
𱘿	大	22	
𱙀	大	22	
𱙁	女	4	
𱙂	女	5	
𱙃	女	5	
𱙄	女	6	
𱙅	女	6	
𱙆	女	6	
𱙇	女	7	
𱙈	女	7	
𱙉	女	7	
𱙊	女	7	
𱙋	女	8	
𱙌	女	8	
𱙍	女	8	
𱙎	女	9	
𱙏	女	9	
𱙐	女	9	
𱙑	女	9	
𱙒	女	9	
𱙓	女	9	
𱙔	女	10	
𱙕	女	10	
𱙖	女	10	
𱙗	女	10	
𱙘	女	10	
𱙙	女	10	
𱙚	女	11	
𱙛	女	11	
𱙜	女	11	
𱙝	女	12	
𱙞	女	12	
𱙟	女	12	
𱙠	女	13	
𱙡	女	13	
𱙢	女	13	
𱙣	女	13	
𱙤	女	13	
𱙥	女	13	
𱙦	女	13	
𱙧	女	14	
𱙨	女	14	
𱙩	女	14	
𱙪	女	14	
𱙫	女	14	
𱙬	女	14	
𱙭	女	15	
𱙮	女	15	
𱙯	女	17	
𱙰	女	17	
𱙱	女	20	
𱙲	女	20	
𱙳	女	21	
𱙴	女	25	
𱙵	子	6	
𱙶	子	7	
𱙷	子	7	
𱙸	子	7	
𱙹	子	8	
𱙺	子	9	
𱙻	子	10	
𱙼	子	11	
𱙽	子	11	
𱙾	子	12	
𱙿	子	13	
𱚀	子	16	
𱚁	子	16	
𱚂	子	18	
𱚃	宀	6	
𱚄	宀	7	
𱚅	宀	8	
𱚆	宀	9	
𱚇	宀	10	
𱚈	宀	10	
𱚉	宀	11	
𱚊	宀	11	
𱚋	宀	11	
𱚌	宀	11	
𱚍	宀	12	
𱚎	宀	12	
𱚏	宀	13	
𱚐	宀	13	
𱚑	宀	14	
𱚒	宀	15	
𱚓	宀	15	
𱚔	宀	16	
𱚕	宀	16	
𱚖	宀	17	
𱚗	宀	17	
𱚘	宀	17	
𱚙	宀	17	
𱚚	宀	17	
𱚛	宀	22	
𱚜	宀	25	
𱚝	寸	7	
𱚞	寸	8	
𱚟	寸	8	
𱚠	寸	9	
𱚡	寸	15	
𱚢	寸	15	
𱚣	小	7	
𱚤	小	8	
𱚥	小	9	
𱚦	小	12	
𱚧	小	12	
𱚨	小	14	
𱚩	小	15	
𱚪	小	17	
𱚫	小	17	
𱚬	小	21	
𱚭	尢	13	
𱚮	尢	17	
𱚯	尢	17	
𱚰	尸	5	
𱚱	尸	6	
𱚲	尸	6	
𱚳	尸	7	
𱚴	尸	7	
𱚵	尸	8	
𱚶	尸	8	
𱚷	尸	9	
𱚸	尸	9	
𱚹	尸	9	
𱚺	尸	10	
𱚻	尸	11	
𱚼	尸	12	
𱚽	尸	13	
𱚾	尸	14	
𱚿	尸	15	
𱛀	尸	15	
𱛁	尸	18	
𱛂	尸	18	
𱛃	尸	27	
𱛄	屮	10	
𱛅	山	5	
𱛆	山	5	
𱛇	山	6	
𱛈	山	7	
𱛉	山	7	
𱛊	山	7	
𱛋	山	7	
𱛌	山	7	
𱛍	山	7	
𱛎	山	7	
𱛏	山	7	
𱛐	山	7	
𱛑	山	7	
𱛒	山	7	
𱛓	山	8	
𱛔	山	8	
𱛕	山	8	
𱛖	山	8	
𱛗	山	8	
𱛘	山	8	
𱛙	山	8	
𱛚	山	8	
𱛛	山	8	
𱛜	山	9	
𱛝	山	9	
𱛞	山	9	
𱛟	山	9	
𱛠	山	9	
𱛡	山	9	
𱛢	山	9	
𱛣	山	9	
𱛤	山	9	
𱛥	山	9	
𱛦	山	9	
𱛧	山	9	
𱛨	山	10	
𱛩	山	10	
𱛪	山	10	
𱛫	山	10	
𱛬	山	10	
𱛭	山	10	
𱛮	山	10	
𱛯	山	10	
𱛰	山	10	
𱛱	山	11	
𱛲	山	11	
𱛳	山	11	
𱛴	山	11	
𱛵	山	11	
𱛶	山	11	
𱛷	山	12	
𱛸	山	12	
𱛹	山	12	
𱛺	山	12	
𱛻	山	12	
𱛼	山	12	
𱛽	山	12	
𱛾	山	12	
𱛿	山	12	
𱜀	山	12	
𱜁	山	13	
𱜂	山	13	
𱜃	山	13	
𱜄	山	13	
𱜅	山	14	
𱜆	山	14	
𱜇	山	14	
𱜈	山	14	
𱜉	山	14	
𱜊	山	14	
𱜋	山	14	
𱜌	山	14	
𱜍	山	15	
𱜎	山	15	
𱜏	山	15	
𱜐	山	16	
𱜑	山	16	
𱜒	山	16	
𱜓	山	18	
𱜔	山	21	
𱜕	山	30	
𱜖	巛	18	
𱜗	工	12	
𱜘	工	13	
𱜙	工	13	
𱜚	工	14	
𱜛	工	16	
𱜜	工	19	
𱜝	工	24	
𱜞	己	12	
𱜟	己	14	
𱜠	己	15	
𱜡	巾	6	
𱜢	巾	6	
𱜣	巾	8	
𱜤	巾	9	
𱜥	巾	9	
𱜦	巾	10	
𱜧	巾	10	
𱜨	巾	10	
𱜩	巾	10	
𱜪	巾	11	
𱜫	巾	11	
𱜬	巾	11	
𱜭	巾	11	
𱜮	巾	12	
𱜯	巾	12	
𱜰	巾	12	
𱜱	巾	12	
𱜲	巾	13	
𱜳	巾	14	
𱜴	巾	14	
𱜵	巾	15	
𱜶	巾	15	
𱜷	巾	15	
𱜸	巾	17	
𱜹	巾	18	
𱜺	巾	18	
𱜻	巾	18	
𱜼	巾	19	
𱜽	干	10	
𱜾	干	12	
𱜿	干	16	
𱝀	干	16	
𱝁	干	18	
𱝂	干	18	
𱝃	广	9	
𱝄	广	9	
𱝅	广	10	
𱝆	广	12	
𱝇	广	14	
𱝈	广	14	
𱝉	广	14	
𱝊	广	15	
𱝋	广	15	
𱝌	广	15	
𱝍	广	15	
𱝎	广	18	
𱝏	广	19	
𱝐	广	23	
𱝑	廴	6	
𱝒	廴	9	
𱝓	廴	12	
𱝔	廾	8	
𱝕	廾	15	
𱝖	廾	16	
𱝗	廾	17	
𱝘	廾	19	
𱝙	弓	7	
𱝚	弓	7	
𱝛	弓	7	
𱝜	弓	8	
𱝝	弓	10	
𱝞	弓	11	
𱝟	彐	8	
𱝠	彐	9	
𱝡	彐	13	
𱝢	彡	11	
𱝣	彡	11	
𱝤	彡	13	
𱝥	彡	14	
𱝦	彡	14	
𱝧	彡	18	
𱝨	彡	21	
𱝩	彡	21	
𱝪	彳	4	
𱝫	彳	6	
𱝬	彳	6	
𱝭	彳	7	
𱝮	彳	7	
𱝯	彳	9	
𱝰	彳	11	
𱝱	彳	11	
𱝲	彳	11	
𱝳	彳	11	
𱝴	彳	12	
𱝵	彳	12	
𱝶	彳	12	
𱝷	彳	13	
𱝸	彳	16	
𱝹	彳	16	
𱝺	彳	21	
𱝻	彳	22	
𱝼	心	6	
𱝽	心	5	
𱝾	心	7	
𱝿	心	7	
𱞀	心	6	
𱞁	心	6	
𱞂	心	8	
𱞃	心	8	
𱞄	心	8	
𱞅	心	7	
𱞆	心	8	
𱞇	心	7	
𱞈	心	8	
𱞉	心	9	
𱞊	心	8	
𱞋	心	8	
𱞌	心	8	
𱞍	心	9	
𱞎	心	9	
𱞏	心	8	
𱞐	心	8	
𱞑	心	10	
𱞒	心	9	
𱞓	心	10	
𱞔	心	9	
𱞕	心	9	
𱞖	心	10	
𱞗	心	10	
𱞘	心	10	
𱞙	心	10	
𱞚	心	10	
𱞛	心	10	
𱞜	心	11	
𱞝	心	12	
𱞞	心	11	
𱞟	心	11	
𱞠	心	11	
𱞡	心	12	
𱞢	心	11	
𱞣	心	11	
𱞤	心	11	
𱞥	心	12	
𱞦	心	11	
𱞧	心	11	
𱞨	心	11	
𱞩	心	11	
𱞪	心	12	
𱞫	心	12	
𱞬	心	12	
𱞭	心	12	
𱞮	心	12	
𱞯	心	12	
𱞰	心	12	
𱞱	心	13	
𱞲	心	13	
𱞳	心	12	
𱞴	心	12	
𱞵	心	12	
𱞶	心	12	
𱞷	心	12	
𱞸	心	12	
𱞹	心	13	
𱞺	心	12	
𱞻	心	12	
𱞼	心	14	
𱞽	心	13	
𱞾	心	13	
𱞿	心	13	
𱟀	心	13	
𱟁	心	14	
𱟂	心	14	
𱟃	心	14	
𱟄	心	14	
𱟅	心	15	
𱟆	心	15	
𱟇	心	15	
𱟈	心	15	
𱟉	心	15	
𱟊	心	15	
𱟋	心	15	
𱟌	心	15	
𱟍	心	16	
𱟎	心	15	
𱟏	心	15	
𱟐	心	15	
𱟑	心	15	
𱟒	心	16	
𱟓	心	16	
𱟔	心	17	
𱟕	心	16	
𱟖	心	18	
𱟗	心	17	
𱟘	心	18	
𱟙	心	20	
𱟚	心	26	
𱟛	心	64	
𱟜	戈	12	
𱟝	戈	14	
𱟞	戈	14	
𱟟	戈	15	
𱟠	戈	15	
𱟡	戈	20	
𱟢	戶	12	
𱟣	戶	14	
𱟤	戶	16	
𱟥	戶	16	
𱟦	戶	19	
𱟧	戶	19	
𱟨	戶	23	
𱟩	手	6	
𱟪	手	6	
𱟫	手	6	
𱟬	手	6	
𱟭	手	8	
𱟮	手	8	
𱟯	手	8	
𱟰	手	8	
𱟱	手	8	
𱟲	手	9	
𱟳	手	8	
𱟴	手	9	
𱟵	手	8	
𱟶	手	9	
𱟷	手	10	
𱟸	手	9	
𱟹	手	10	
𱟺	手	10	
𱟻	手	11	
𱟼	手	10	
𱟽	手	10	
𱟾	手	10	
𱟿	手	10	
𱠀	手	10	
𱠁	手	10	
𱠂	手	10	
𱠃	手	10	
𱠄	手	10	
𱠅	手	11	
𱠆	手	10	
𱠇	手	11	
𱠈	手	11	
𱠉	手	11	
𱠊	手	11	
𱠋	手	11	
𱠌	手	12	
𱠍	手	11	
𱠎	手	11	
𱠏	手	11	
𱠐	手	11	
𱠑	手	12	
𱠒	手	11	
𱠓	手	11	
𱠔	手	12	
𱠕	手	12	
𱠖	手	12	
𱠗	手	12	
𱠘	手	12	
𱠙	手	12	
𱠚	手	12	
𱠛	手	12	
𱠜	手	12	
𱠝	手	12	
𱠞	手	13	
𱠟	手	12	
𱠠	手	13	
𱠡	手	14	
𱠢	手	13	
𱠣	手	13	
𱠤	手	13	
𱠥	手	14	
𱠦	手	13	
𱠧	手	13	
𱠨	手	13	
𱠩	手	14	
𱠪	手	14	
𱠫	手	14	
𱠬	手	14	
𱠭	手	14	
𱠮	手	14	
𱠯	手	14	
𱠰	手	14	
𱠱	手	16	
𱠲	手	15	
𱠳	手	15	
𱠴	手	15	
𱠵	手	15	
𱠶	手	15	
𱠷	手	15	
𱠸	手	15	
𱠹	手	16	
𱠺	手	16	
𱠻	手	16	
𱠼	手	16	
𱠽	手	16	
𱠾	手	17	
𱠿	手	17	
𱡀	手	17	
𱡁	手	17	
𱡂	手	17	
𱡃	手	17	
𱡄	手	18	
𱡅	手	18	
𱡆	手	19	
𱡇	手	18	
𱡈	手	18	
𱡉	手	19	
𱡊	手	18	
𱡋	手	18	
𱡌	手	19	
𱡍	手	19	
𱡎	手	20	
𱡏	手	21	
𱡐	手	21	
𱡑	手	21	
𱡒	手	22	
𱡓	手	22	
𱡔	手	23	
𱡕	手	25	
𱡖	手	26	
𱡗	支	10	
𱡘	攴	11	
𱡙	攴	12	
𱡚	攴	12	
𱡛	攴	12	
𱡜	攴	12	
𱡝	攴	12	
𱡞	攴	13	
𱡟	攴	13	
𱡠	攴	15	
𱡡	攴	20	
𱡢	文	7	
𱡣	文	11	
𱡤	文	12	
𱡥	文	12	
𱡦	文	12	
𱡧	文	30	
𱡨	斗	16	
𱡩	斤	11	
𱡪	斤	11	
𱡫	斤	12	
𱡬	斤	13	
𱡭	斤	14	
𱡮	斤	16	
𱡯	斤	19	
𱡰	斤	21	
𱡱	方	8	
𱡲	方	10	
𱡳	方	10	
𱡴	方	12	
𱡵	方	12	
𱡶	方	12	
𱡷	方	16	
𱡸	方	17	
𱡹	日	6	
𱡺	日	8	
𱡻	日	8	
𱡼	日	8	
𱡽	日	9	
𱡾	日	9	
𱡿	日	10	
𱢀	日	10	
𱢁	日	10	
𱢂	日	10	
𱢃	日	11	
𱢄	日	11	
𱢅	日	11	
𱢆	日	11	
𱢇	日	11	
𱢈	日	11	
𱢉	日	12	
𱢊	日	12	
𱢋	日	12	
𱢌	日	12	
𱢍	日	12	
𱢎	日	12	
𱢏	日	13	
𱢐	日	13	
𱢑	日	13	
𱢒	日	13	
𱢓	日	13	
𱢔	日	13	
𱢕	日	13	
𱢖	日	13	
𱢗	日	13	
𱢘	日	13	
𱢙	日	14	
𱢚	日	14	
𱢛	日	14	
𱢜	日	14	
𱢝	日	14	
𱢞	日	14	
𱢟	日	14	
𱢠	日	14	
𱢡	日	15	
𱢢	日	15	
𱢣	日	15	
𱢤	日	15	
𱢥	日	16	
𱢦	日	16	
𱢧	日	16	
𱢨	日	16	
𱢩	日	16	
𱢪	日	16	
𱢫	日	16	
𱢬	日	16	
𱢭	日	17	
𱢮	日	17	
𱢯	日	17	
𱢰	日	18	
𱢱	日	18	
𱢲	日	20	
𱢳	日	20	
𱢴	日	23	
𱢵	曰	14	
𱢶	曰	16	
𱢷	曰	18	
𱢸	月	9	
𱢹	月	10	
𱢺	月	12	
𱢻	月	17	
𱢼	月	24	
𱢽	月	24	
𱢾	木	6	
𱢿	木	7	
𱣀	木	8	
𱣁	木	8	
𱣂	木	8	
𱣃	木	8	
𱣄	木	8	
𱣅	木	8	
𱣆	木	9	
𱣇	木	9	
𱣈	木	9	
𱣉	木	9	
𱣊	木	9	
𱣋	木	9	
𱣌	木	9	
𱣍	木	10	
𱣎	木	10	
𱣏	木	10	
𱣐	木	10	
𱣑	木	10	
𱣒	木	10	
𱣓	木	10	
𱣔	木	10	
𱣕	木	10	
𱣖	木	10	
𱣗	木	10	
𱣘	木	10	
𱣙	木	11	
𱣚	木	11	
𱣛	木	11	
𱣜	木	11	
𱣝	木	11	
𱣞	木	11	
𱣟	木	11	
𱣠	木	11	
𱣡	木	11	
𱣢	木	11	
𱣣	木	11	
𱣤	木	11	
𱣥	木	12	
𱣦	木	12	
𱣧	木	12	
𱣨	木	12	
𱣩	木	12	
𱣪	木	12	
𱣫	木	12	
𱣬	木	12	
𱣭	木	12	
𱣮	木	12	
𱣯	木	12	
𱣰	木	12	
𱣱	木	12	
𱣲	木	12	
𱣳	木	12	
𱣴	木	13	
𱣵	木	12	
𱣶	木	13	
𱣷	木	13	
𱣸	木	13	
𱣹	木	13	
𱣺	木	13	
𱣻	木	13	
𱣼	木	13	
𱣽	木	14	
𱣾	木	14	
𱣿	木	14	
𱤀	木	14	
𱤁	木	14	
𱤂	木	14	
𱤃	木	14	
𱤄	木	14	
𱤅	木	14	
𱤆	木	14	
𱤇	木	14	
𱤈	木	15	
𱤉	木	15	
𱤊	木	15	
𱤋	木	15	
𱤌	木	15	
𱤍	木	15	
𱤎	木	15	
𱤏	木	16	
𱤐	木	16	
𱤑	木	16	
𱤒	木	16	
𱤓	木	16	
𱤔	木	16	
𱤕	木	16	
𱤖	木	16	
𱤗	木	16	
𱤘	木	16	
𱤙	木	16	
𱤚	木	16	
𱤛	木	16	
𱤜	木	17	
𱤝	木	17	
𱤞	木	17	
𱤟	木	17	
𱤠	木	17	
𱤡	木	17	
𱤢	木	17	
𱤣	木	17	
𱤤	木	17	
𱤥	木	17	
𱤦	木	18	
𱤧	木	18	
𱤨	木	18	
𱤩	木	18	
𱤪	木	18	
𱤫	木	18	
𱤬	木	19	
𱤭	木	19	
𱤮	木	19	
𱤯	木	19	
𱤰	木	19	
𱤱	木	20	
𱤲	木	20	
𱤳	木	21	
𱤴	木	21	
𱤵	木	26	
𱤶	木	31	
𱤷	欠	13	
𱤸	欠	13	
𱤹	欠	14	
𱤺	欠	18	
𱤻	止	4	
𱤼	止	6	
𱤽	止	6	
𱤾	止	7	
𱤿	止	8	
𱥀	止	9	
𱥁	止	9	
𱥂	止	10	
𱥃	止	12	
𱥄	止	13	
𱥅	止	13	
𱥆	止	15	
𱥇	止	16	
𱥈	止	17	
𱥉	止	19	
𱥊	止	19	
𱥋	歹	7	
𱥌	歹	9	
𱥍	歹	9	
𱥎	歹	11	
𱥏	歹	12	
𱥐	歹	12	
𱥑	歹	12	
𱥒	歹	13	
𱥓	歹	13	
𱥔	歹	17	
𱥕	歹	17	
𱥖	殳	9	
𱥗	殳	11	
𱥘	殳	17	
𱥙	殳	22	
𱥚	殳	27	
𱥛	毋	10	
𱥜	毋	11	
𱥝	毋	21	
𱥞	毛	9	
𱥟	毛	9	
𱥠	毛	10	
𱥡	毛	10	
𱥢	毛	13	
𱥣	毛	13	
𱥤	毛	14	
𱥥	毛	15	
𱥦	毛	17	
𱥧	毛	17	
𱥨	氏	8	
𱥩	氏	8	
𱥪	气	11	
𱥫	气	12	
𱥬	气	16	
𱥭	气	18	
𱥮	水	6	
𱥯	水	7	
𱥰	水	6	
𱥱	水	6	
𱥲	水	7	
𱥳	水	7	
𱥴	水	7	
𱥵	水	7	
𱥶	水	7	
𱥷	水	8	
𱥸	水	7	
𱥹	水	7	
𱥺	水	7	
𱥻	水	7	
𱥼	水	8	
𱥽	水	9	
𱥾	水	8	
𱥿	水	8	
𱦀	水	8	
𱦁	水	8	
𱦂	水	8	
𱦃	水	8	
𱦄	水	9	
𱦅	水	9	
𱦆	水	10	
𱦇	水	9	
𱦈	水	9	
𱦉	水	9	
𱦊	水	9	
𱦋	水	10	
𱦌	水	9	
𱦍	水	9	
𱦎	水	9	
𱦏	水	9	
𱦐	水	9	
𱦑	水	9	
𱦒	水	9	
𱦓	水	9	
𱦔	水	9	
𱦕	水	10	
𱦖	水	9	
𱦗	水	9	
𱦘	水	9	
𱦙	水	10	
𱦚	水	10	
𱦛	水	10	
𱦜	水	10	
𱦝	水	10	
𱦞	水	10	
𱦟	水	9	
𱦠	水	10	
𱦡	水	10	
𱦢	水	10	
𱦣	水	10	
𱦤	水	10	
𱦥	水	10	
𱦦	水	10	
𱦧	水	10	
𱦨	水	10	
𱦩	水	10	
𱦪	水	10	
𱦫	水	10	
𱦬	水	10	
𱦭	水	10	
𱦮	水	10	
𱦯	水	10	
𱦰	水	11	
𱦱	水	11	
𱦲	水	11	
𱦳	水	11	
𱦴	水	11	
𱦵	水	11	
𱦶	水	11	
𱦷	水	11	
𱦸	水	11	
𱦹	水	11	
𱦺	水	11	
𱦻	水	13	
𱦼	水	11	
𱦽	水	11	
𱦾	水	11	
𱦿	水	11	
𱧀	水	11	
𱧁	水	11	
𱧂	水	11	
𱧃	水	11	
𱧄	水	11	
𱧅	水	11	
𱧆	水	12	
𱧇	水	12	
𱧈	水	12	
𱧉	水	12	
𱧊	水	12	
𱧋	水	12	
𱧌	水	12	
𱧍	水	12	
𱧎	水	12	
𱧏	水	12	
𱧐	水	12	
𱧑	水	12	
𱧒	水	12	
𱧓	水	12	
𱧔	水	12	
𱧕	水	12	
𱧖	水	12	
𱧗	水	12	
𱧘	水	12	
𱧙	水	14	
𱧚	水	12	
𱧛	水	12	
𱧜	水	12	
𱧝	水	12	
𱧞	水	12	
𱧟	水	12	
𱧠	水	12	
𱧡	水	12	
𱧢	水	12	
𱧣	水	12	
𱧤	水	12	
𱧥	水	12	
𱧦	水	12	
𱧧	水	12	
𱧨	水	12	
𱧩	水	12	
𱧪	水	12	
𱧫	水	12	
𱧬	水	12	
𱧭	水	12	
𱧮	水	13	
𱧯	水	13	
𱧰	水	13	
𱧱	水	13	
𱧲	水	15	
𱧳	水	13	
𱧴	水	13	
𱧵	水	13	
𱧶	水	13	
𱧷	水	13	
𱧸	水	13	
𱧹	水	13	
𱧺	水	13	
𱧻	水	13	
𱧼	水	13	
𱧽	水	13	
𱧾	水	13	
𱧿	水	13	
𱨀	水	13	
𱨁	水	13	
𱨂	水	13	
𱨃	水	13	
𱨄	水	13	
𱨅	水	13	
𱨆	水	13	
𱨇	水	13	
𱨈	水	13	
𱨉	水	13	
𱨊	水	13	
𱨋	水	14	
𱨌	水	14	
𱨍	水	14	
𱨎	水	14	
𱨏	水	14	
𱨐	水	14	
𱨑	水	14	
𱨒	水	14	
𱨓	水	14	
𱨔	水	14	
𱨕	水	14	
𱨖	水	14	
𱨗	水	14	
𱨘	水	14	
𱨙	水	14	
𱨚	水	14	
𱨛	水	14	
𱨜	水	14	
𱨝	水	14	
𱨞	水	14	
𱨟	水	14	
𱨠	水	14	
𱨡	水	14	
𱨢	水	14	
𱨣	水	14	
𱨤	水	14	
𱨥	水	14	
𱨦	水	15	
𱨧	水	15	
𱨨	水	15	
𱨩	水	15	
𱨪	水	15	
𱨫	水	15	
𱨬	水	15	
𱨭	水	15	
𱨮	水	15	
𱨯	水	15	
𱨰	水	15	
𱨱	水	15	
𱨲	水	15	
𱨳	水	15	
𱨴	水	15	
𱨵	水	15	
𱨶	水	15	
𱨷	水	15	
𱨸	水	15	
𱨹	水	15	
𱨺	水	15	
𱨻	水	15	
𱨼	水	15	
𱨽	水	15	
𱨾	水	15	
𱨿	水	15	
𱩀	水	15	
𱩁	水	15	
𱩂	水	16	
𱩃	水	16	
𱩄	水	16	
𱩅	水	16	
𱩆	水	16	
𱩇	水	16	
𱩈	水	16	
𱩉	水	16	
𱩊	水	16	
𱩋	水	16	
𱩌	水	16	
𱩍	水	16	
𱩎	水	16	
𱩏	水	16	
𱩐	水	16	
𱩑	水	16	
𱩒	水	16	
𱩓	水	16	
𱩔	水	16	
𱩕	水	16	
𱩖	水	16	
𱩗	水	16	
𱩘	水	16	
𱩙	水	16	
𱩚	水	16	
𱩛	水	16	
𱩜	水	16	
𱩝	水	16	
𱩞	水	16	
𱩟	水	16	
𱩠	水	17	
𱩡	水	17	
𱩢	水	17	
𱩣	水	17	
𱩤	水	19	
𱩥	水	17	
𱩦	水	17	
𱩧	水	17	
𱩨	水	17	
𱩩	水	17	
𱩪	水	17	
𱩫	水	18	
𱩬	水	17	
𱩭	水	17	
𱩮	水	17	
𱩯	水	17	
𱩰	水	18	
𱩱	水	18	
𱩲	水	18	
𱩳	水	18	
𱩴	水	18	
𱩵	水	18	
𱩶	水	18	
𱩷	水	18	
𱩸	水	18	
𱩹	水	18	
𱩺	水	18	
𱩻	水	19	
𱩼	水	19	
𱩽	水	19	
𱩾	水	19	
𱩿	水	19	
𱪀	水	19	
𱪁	水	19	
𱪂	水	19	
𱪃	水	19	
𱪄	水	19	
𱪅	水	19	
𱪆	水	19	
𱪇	水	19	
𱪈	水	20	
𱪉	水	20	
𱪊	水	20	
𱪋	水	20	
𱪌	水	20	
𱪍	水	20	
𱪎	水	20	
𱪏	水	21	
𱪐	水	21	
𱪑	水	21	
𱪒	水	21	
𱪓	水	22	
𱪔	水	22	
𱪕	水	22	
𱪖	水	23	
𱪗	水	23	
𱪘	水	23	
𱪙	水	23	
𱪚	水	24	
𱪛	水	24	
𱪜	水	24	
𱪝	水	24	
𱪞	水	25	
𱪟	水	27	
𱪠	水	27	
𱪡	火	6	
𱪢	火	6	
𱪣	火	6	
𱪤	火	7	
𱪥	火	7	
𱪦	火	7	
𱪧	火	7	
𱪨	火	7	
𱪩	火	8	
𱪪	火	8	
𱪫	火	8	
𱪬	火	8	
𱪭	火	8	
𱪮	火	8	
𱪯	火	8	
𱪰	火	8	
𱪱	火	9	
𱪲	火	9	
𱪳	火	9	
𱪴	火	9	
𱪵	火	9	
𱪶	火	9	
𱪷	火	9	
𱪸	火	9	
𱪹	火	9	
𱪺	火	9	
𱪻	火	9	
𱪼	火	9	
𱪽	火	10	
𱪾	火	10	
𱪿	火	10	
𱫀	火	10	
𱫁	火	10	
𱫂	火	10	
𱫃	火	10	
𱫄	火	10	
𱫅	火	10	
𱫆	火	11	
𱫇	火	11	
𱫈	火	11	
𱫉	火	11	
𱫊	火	11	
𱫋	火	11	
𱫌	火	11	
𱫍	火	11	
𱫎	火	11	
𱫏	火	11	
𱫐	火	11	
𱫑	火	12	
𱫒	火	12	
𱫓	火	12	
𱫔	火	12	
𱫕	火	12	
𱫖	火	12	
𱫗	火	12	
𱫘	火	12	
𱫙	火	12	
𱫚	火	12	
𱫛	火	12	
𱫜	火	12	
𱫝	火	12	
𱫞	火	12	
𱫟	火	12	
𱫠	火	13	
𱫡	火	13	
𱫢	火	13	
𱫣	火	13	
𱫤	火	13	
𱫥	火	13	
𱫦	火	13	
𱫧	火	13	
𱫨	火	13	
𱫩	火	13	
𱫪	火	13	
𱫫	火	13	
𱫬	火	13	
𱫭	火	13	
𱫮	火	13	
𱫯	火	14	
𱫰	火	14	
𱫱	火	14	
𱫲	火	14	
𱫳	火	14	
𱫴	火	14	
𱫵	火	14	
𱫶	火	14	
𱫷	火	14	
𱫸	火	14	
𱫹	火	14	
𱫺	火	14	
𱫻	火	14	
𱫼	火	14	
𱫽	火	15	
𱫾	火	15	
𱫿	火	15	
𱬀	火	15	
𱬁	火	15	
𱬂	火	15	
𱬃	火	15	
𱬄	火	15	
𱬅	火	15	
𱬆	火	15	
𱬇	火	15	
𱬈	火	15	
𱬉	火	15	
𱬊	火	15	
𱬋	火	15	
𱬌	火	15	
𱬍	火	15	
𱬎	火	15	
𱬏	火	16	
𱬐	火	16	
𱬑	火	16	
𱬒	火	16	
𱬓	火	16	
𱬔	火	16	
𱬕	火	16	
𱬖	火	16	
𱬗	火	17	
𱬘	火	17	
𱬙	火	17	
𱬚	火	17	
𱬛	火	17	
𱬜	火	17	
𱬝	火	18	
𱬞	火	18	
𱬟	火	18	
𱬠	火	18	
𱬡	火	18	
𱬢	火	18	
𱬣	火	18	
𱬤	火	19	
𱬥	火	19	
𱬦	火	19	
𱬧	火	19	
𱬨	火	20	
𱬩	火	20	
𱬪	火	20	
𱬫	火	21	
𱬬	火	21	
𱬭	火	22	
𱬮	火	23	
𱬯	火	23	
𱬰	火	25	
𱬱	火	25	
𱬲	火	26	
𱬳	火	36	
𱬴	爪	5	
𱬵	爪	7	
𱬶	爪	7	
𱬷	爪	8	
𱬸	爪	9	
𱬹	爪	9	
𱬺	爪	11	
𱬻	爪	11	
𱬼	爪	11	
𱬽	爪	11	
𱬾	爪	12	
𱬿	爪	12	
𱭀	爪	13	
𱭁	爪	13	
𱭂	爪	13	
𱭃	爪	13	
𱭄	爪	13	
𱭅	爪	15	
𱭆	爪	16	
𱭇	爪	17	
𱭈	爪	18	
𱭉	爪	19	
𱭊	父	11	
𱭋	爻	18	
𱭌	爻	25	
𱭍	爿	8	
𱭎	爿	8	
𱭏	爿	9	
𱭐	爿	11	
𱭑	爿	12	
𱭒	爿	12	
𱭓	爿	12	
𱭔	爿	15	
𱭕	爿	16	
𱭖	爿	19	
𱭗		10	
𱭘		11	
𱭙	片	7	
𱭚	片	9	
𱭛	片	10	
𱭜	片	12	
𱭝	片	12	
𱭞	片	12	
𱭟	片	14	
𱭠	片	15	
𱭡	片	16	
𱭢	牙	6	
𱭣	牙	8	
𱭤	牙	10	
𱭥	牙	10	
𱭦	牙	11	
𱭧	牙	15	
𱭨	牙	18	
𱭩	牛	8	
𱭪	牛	9	
𱭫	牛	9	
𱭬	牛	9	
𱭭	牛	10	
𱭮	牛	10	
𱭯	牛	16	
𱭰	牛	17	
𱭱	牛	18	
𱭲	牛	19	
𱭳	犬	7	
𱭴	犬	7	
𱭵	犬	8	
𱭶	犬	8	
𱭷	犬	8	
𱭸	犬	8	
𱭹	犬	9	
𱭺	犬	9	
𱭻	犬	9	
𱭼	犬	10	
𱭽	犬	10	
𱭾	犬	10	
𱭿	犬	12	
𱮀	犬	11	
𱮁	犬	12	
𱮂	犬	11	
𱮃	犬	11	
𱮄	犬	11	
𱮅	犬	11	
𱮆	犬	11	
𱮇	犬	11	
𱮈	犬	12	
𱮉	犬	12	
𱮊	犬	12	
𱮋	犬	12	
𱮌	犬	12	
𱮍	犬	12	
𱮎	犬	12	
𱮏	犬	12	
𱮐	犬	12	
𱮑	犬	12	
𱮒	犬	13	
𱮓	犬	13	
𱮔	犬	13	
𱮕	犬	13	
𱮖	犬	13	
𱮗	犬	13	
𱮘	犬	13	
𱮙	犬	14	
𱮚	犬	14	
𱮛	犬	14	
𱮜	犬	14	
𱮝	犬	14	
𱮞	犬	14	
𱮟	犬	14	
𱮠	犬	14	
𱮡	犬	15	
𱮢	犬	15	
𱮣	犬	15	
𱮤	犬	16	
𱮥	犬	15	
𱮦	犬	16	
𱮧	犬	16	
𱮨	犬	16	
𱮩	犬	17	
𱮪	犬	18	
𱮫	犬	18	
𱮬	犬	18	
𱮭	犬	18	
𱮮	犬	20	
𱮯	犬	22	
𱮰	犬	24	
𱮱	犬	24	
𱮲	玄	7	
𱮳	玉	8	
𱮴	玉	8	
𱮵	玉	8	
𱮶	玉	8	
𱮷	玉	9	
𱮸	玉	9	
𱮹	玉	9	
𱮺	玉	10	
𱮻	玉	11	
𱮼	玉	10	
𱮽	玉	10	
𱮾	玉	11	
𱮿	玉	11	
𱯀	玉	11	
𱯁	玉	11	
𱯂	玉	12	
𱯃	玉	13	
𱯄	玉	12	
𱯅	玉	12	
𱯆	玉	12	
𱯇	玉	12	
𱯈	玉	12	
𱯉	玉	13	
𱯊	玉	13	
𱯋	玉	13	
𱯌	玉	13	
𱯍	玉	14	
𱯎	玉	14	
𱯏	玉	15	
𱯐	玉	14	
𱯑	玉	15	
𱯒	玉	14	
𱯓	玉	14	
𱯔	玉	14	
𱯕	玉	14	
𱯖	玉	14	
𱯗	玉	14	
𱯘	玉	15	
𱯙	玉	14	
𱯚	玉	14	
𱯛	玉	14	
𱯜	玉	15	
𱯝	玉	15	
𱯞	玉	15	
𱯟	玉	15	
𱯠	玉	15	
𱯡	玉	16	
𱯢	玉	16	
𱯣	玉	16	
𱯤	玉	16	
𱯥	玉	16	
𱯦	玉	16	
𱯧	玉	16	
𱯨	玉	16	
𱯩	玉	17	
𱯪	玉	17	
𱯫	玉	17	
𱯬	玉	17	
𱯭	玉	18	
𱯮	玉	17	
𱯯	玉	17	
𱯰	玉	17	
𱯱	玉	18	
𱯲	玉	17	
𱯳	玉	17	
𱯴	玉	18	
𱯵	玉	18	
𱯶	玉	19	
𱯷	玉	18	
𱯸	玉	18	
𱯹	玉	18	
𱯺	玉	18	
𱯻	玉	19	
𱯼	玉	19	
𱯽	玉	19	
𱯾	玉	19	
𱯿	玉	19	
𱰀	玉	20	
𱰁	玉	20	
𱰂	玉	21	
𱰃	玉	22	
𱰄	玉	23	
𱰅	瓜	11	
𱰆	瓜	14	
𱰇	瓜	25	
𱰈	瓦	10	
𱰉	瓦	11	
𱰊	瓦	11	
𱰋	瓦	11	
𱰌	瓦	12	
𱰍	瓦	15	
𱰎	瓦	16	
𱰏	瓦	16	
𱰐	瓦	17	
𱰑	瓦	18	
𱰒	瓦	18	
𱰓	瓦	22	
𱰔	瓦	23	
𱰕	瓦	25	
𱰖	甘	11	
𱰗	生	10	
𱰘	生	12	
𱰙	生	13	
𱰚	生	13	
𱰛	生	19	
𱰜	用	5	
𱰝	用	11	
𱰞	用	11	
𱰟	用	12	
𱰠	用	16	
𱰡	用	16	
𱰢	用	17	
𱰣	用	19	
𱰤	田	6	
𱰥	田	7	
𱰦	田	9	
𱰧	田	9	
𱰨	田	9	
𱰩	田	9	
𱰪	田	9	
𱰫	田	9	
𱰬	田	9	
𱰭	田	9	
𱰮	田	10	
𱰯	田	10	
𱰰	田	11	
𱰱	田	11	
𱰲	田	11	
𱰳	田	11	
𱰴	田	11	
𱰵	田	11	
𱰶	田	12	
𱰷	田	12	
𱰸	田	13	
𱰹	田	13	
𱰺	田	14	
𱰻	田	14	
𱰼	田	14	
𱰽	田	15	
𱰾	田	15	
𱰿	田	16	
𱱀	田	17	
𱱁	田	19	
𱱂	田	19	
𱱃	田	19	
𱱄	田	20	
𱱅	田	23	
𱱆	田	41	
𱱇	疋	11	
𱱈	疋	13	
𱱉	疒	8	
𱱊	疒	8	
𱱋	疒	9	
𱱌	疒	9	
𱱍	疒	10	
𱱎	疒	10	
𱱏	疒	10	
𱱐	疒	10	
𱱑	疒	10	
𱱒	疒	11	
𱱓	疒	11	
𱱔	疒	11	
𱱕	疒	12	
𱱖	疒	12	
𱱗	疒	13	
𱱘	疒	14	
𱱙	疒	14	
𱱚	疒	14	
𱱛	疒	14	
𱱜	疒	14	
𱱝	疒	15	
𱱞	疒	15	
𱱟	疒	15	
𱱠	疒	15	
𱱡	疒	16	
𱱢	疒	16	
𱱣	疒	17	
𱱤	疒	17	
𱱥	疒	17	
𱱦	疒	17	
𱱧	疒	18	
𱱨	疒	18	
𱱩	疒	18	
𱱪	疒	18	
𱱫	疒	19	
𱱬	疒	19	
𱱭	疒	21	
𱱮	疒	20	
𱱯	疒	20	
𱱰	疒	22	
𱱱	疒	22	
𱱲	疒	23	
𱱳	疒	26	
𱱴	癶	7	
𱱵	癶	9	
𱱶	癶	9	
𱱷	癶	12	
𱱸	癶	13	
𱱹	癶	15	
𱱺	白	7	
𱱻	白	8	
𱱼	白	15	
𱱽	白	15	
𱱾	白	20	
𱱿	皮	7	
𱲀	皮	8	
𱲁	皮	10	
𱲂	皮	10	
𱲃	皮	11	
𱲄	皮	11	
𱲅	皮	14	
𱲆	皮	16	
𱲇	皮	18	
𱲈	皮	20	
𱲉	皮	23	
𱲊	皮	25	
𱲋	皿	9	
𱲌	皿	9	
𱲍	皿	9	
𱲎	皿	10	
𱲏	皿	10	
𱲐	皿	11	
𱲑	皿	11	
𱲒	皿	11	
𱲓	皿	16	
𱲔	皿	16	
𱲕	皿	16	
𱲖	皿	16	
𱲗	皿	16	
𱲘	皿	17	
𱲙	皿	17	
𱲚	皿	18	
𱲛	皿	18	
𱲜	皿	18	
𱲝	皿	18	
𱲞	皿	21	
𱲟	皿	21	
𱲠	皿	23	
𱲡	皿	24	
𱲢	皿	24	
𱲣	目	7	
𱲤	目	7	
𱲥	目	8	
𱲦	目	9	
𱲧	目	9	
𱲨	目	9	
𱲩	目	9	
𱲪	目	9	
𱲫	目	9	
𱲬	目	10	
𱲭	目	10	
𱲮	目	10	
𱲯	目	10	
𱲰	目	10	
𱲱	目	11	
𱲲	目	11	
𱲳	目	11	
𱲴	目	11	
𱲵	目	11	
𱲶	目	11	
𱲷	目	12	
𱲸	目	12	
𱲹	目	12	
𱲺	目	12	
𱲻	目	12	
𱲼	目	12	
𱲽	目	13	
𱲾	目	13	
𱲿	目	13	
𱳀	目	13	
𱳁	目	13	
𱳂	目	13	
𱳃	目	14	
𱳄	目	14	
𱳅	目	15	
𱳆	目	15	
𱳇	目	16	
𱳈	目	16	
𱳉	目	17	
𱳊	目	18	
𱳋	目	18	
𱳌	目	18	
𱳍	目	18	
𱳎	目	18	
𱳏	目	18	
𱳐	目	19	
𱳑	目	19	
𱳒	目	19	
𱳓	目	19	
𱳔	目	19	
𱳕	目	19	
𱳖	目	20	
𱳗	目	20	
𱳘	目	21	
𱳙	目	21	
𱳚	目	23	
𱳛	矛	10	
𱳜	矛	12	
𱳝	矢	11	
𱳞	矢	11	
𱳟	矢	12	
𱳠	矢	12	
𱳡	矢	13	
𱳢	矢	14	
𱳣	矢	15	
𱳤	矢	17	
𱳥	矢	17	
𱳦	矢	17	
𱳧	矢	18	
𱳨	石	8	
𱳩	石	9	
𱳪	石	9	
𱳫	石	9	
𱳬	石	9	
𱳭	石	9	
𱳮	石	9	
𱳯	石	9	
𱳰	石	9	
𱳱	石	9	
𱳲	石	9	
𱳳	石	9	
𱳴	石	10	
𱳵	石	10	
𱳶	石	10	
𱳷	石	10	
𱳸	石	10	
𱳹	石	11	
𱳺	石	11	
𱳻	石	11	
𱳼	石	11	
𱳽	石	11	
𱳾	石	11	
𱳿	石	11	
𱴀	石	11	
𱴁	石	12	
𱴂	石	12	
𱴃	石	12	
𱴄	石	12	
𱴅	石	12	
𱴆	石	12	
𱴇	石	12	
𱴈	石	12	
𱴉	石	12	
𱴊	石	12	
𱴋	石	12	
𱴌	石	13	
𱴍	石	13	
𱴎	石	13	
𱴏	石	13	
𱴐	石	13	
𱴑	石	13	
𱴒	石	13	
𱴓	石	13	
𱴔	石	13	
𱴕	石	13	
𱴖	石	13	
𱴗	石	13	
𱴘	石	14	
𱴙	石	14	
𱴚	石	14	
𱴛	石	14	
𱴜	石	14	
𱴝	石	14	
𱴞	石	14	
𱴟	石	14	
𱴠	石	14	
𱴡	石	14	
𱴢	石	14	
𱴣	石	14	
𱴤	石	15	
𱴥	石	15	
𱴦	石	15	
𱴧	石	15	
𱴨	石	15	
𱴩	石	15	
𱴪	石	15	
𱴫	石	15	
𱴬	石	15	
𱴭	石	16	
𱴮	石	16	
𱴯	石	16	
𱴰	石	16	
𱴱	石	17	
𱴲	石	17	
𱴳	石	17	
𱴴	石	17	
𱴵	石	17	
𱴶	石	17	
𱴷	石	18	
𱴸	石	18	
𱴹	石	19	
𱴺	石	19	
𱴻	石	19	
𱴼	石	19	
𱴽	石	19	
𱴾	石	19	
𱴿	石	20	
𱵀	石	20	
𱵁	石	20	
𱵂	石	21	
𱵃	石	21	
𱵄	石	25	
𱵅	石	26	
𱵆	示	9	
𱵇	示	10	
𱵈	示	11	
𱵉	示	11	
𱵊	示	11	
𱵋	示	11	
𱵌	示	11	
𱵍	示	12	
𱵎	示	12	
𱵏	示	12	
𱵐	示	12	
𱵑	示	12	
𱵒	示	12	
𱵓	示	12	
𱵔	示	12	
𱵕	示	13	
𱵖	示	13	
𱵗	示	13	
𱵘	示	13	
𱵙	示	13	
𱵚	示	13	
𱵛	示	13	
𱵜	示	14	
𱵝	示	14	
𱵞	示	14	
𱵟	示	14	
𱵠	示	14	
𱵡	示	15	
𱵢	示	15	
𱵣	示	15	
𱵤	示	15	
𱵥	示	15	
𱵦	示	15	
𱵧	示	16	
𱵨	示	16	
𱵩	示	17	
𱵪	示	17	
𱵫	示	17	
𱵬	示	18	
𱵭	示	18	
𱵮	示	17	
𱵯	示	18	
𱵰	示	18	
𱵱	示	19	
𱵲	示	19	
𱵳	示	19	
𱵴	示	20	
𱵵	示	20	
𱵶	示	20	
𱵷	示	21	
𱵸	示	23	
𱵹	禸	9	
𱵺	禸	18	
𱵻	禸	21	
𱵼	禾	8	
𱵽	禾	9	
𱵾	禾	9	
𱵿	禾	10	
𱶀	禾	10	
𱶁	禾	10	
𱶂	禾	11	
𱶃	禾	11	
𱶄	禾	11	
𱶅	禾	11	
𱶆	禾	11	
𱶇	禾	12	
𱶈	禾	12	
𱶉	禾	12	
𱶊	禾	12	
𱶋	禾	12	
𱶌	禾	13	
𱶍	禾	13	
𱶎	禾	13	
𱶏	禾	13	
𱶐	禾	13	
𱶑	禾	13	
𱶒	禾	13	
𱶓	禾	14	
𱶔	禾	14	
𱶕	禾	14	
𱶖	禾	14	
𱶗	禾	14	
𱶘	禾	14	
𱶙	禾	14	
𱶚	禾	14	
𱶛	禾	15	
𱶜	禾	15	
𱶝	禾	15	
𱶞	禾	15	
𱶟	禾	16	
𱶠	禾	16	
𱶡	禾	17	
𱶢	禾	17	
𱶣	禾	17	
𱶤	禾	17	
𱶥	禾	17	
𱶦	禾	18	
𱶧	禾	18	
𱶨	禾	18	
𱶩	禾	19	
𱶪	禾	19	
𱶫	禾	19	
𱶬	禾	20	
𱶭	禾	23	
𱶮	禾	25	
𱶯	禾	26	
𱶰	穴	8	
𱶱	穴	9	
𱶲	穴	9	
𱶳	穴	10	
𱶴	穴	10	
𱶵	穴	10	
𱶶	穴	11	
𱶷	穴	11	
𱶸	穴	11	
𱶹	穴	11	
𱶺	穴	11	
𱶻	穴	11	
𱶼	穴	11	
𱶽	穴	12	
𱶾	穴	12	
𱶿	穴	12	
𱷀	穴	12	
𱷁	穴	12	
𱷂	穴	12	
𱷃	穴	13	
𱷄	穴	13	
𱷅	穴	13	
𱷆	穴	13	
𱷇	穴	13	
𱷈	穴	13	
𱷉	穴	13	
𱷊	穴	13	
𱷋	穴	14	
𱷌	穴	14	
𱷍	穴	14	
𱷎	穴	14	
𱷏	穴	15	
𱷐	穴	15	
𱷑	穴	15	
𱷒	穴	15	
𱷓	穴	16	
𱷔	穴	16	
𱷕	穴	16	
𱷖	穴	16	
𱷗	穴	18	
𱷘	穴	18	
𱷙	穴	19	
𱷚	穴	20	
𱷛	穴	20	
𱷜	穴	21	
𱷝	穴	21	
𱷞	穴	21	
𱷟	穴	22	
𱷠	穴	22	
𱷡	穴	24	
𱷢	穴	24	
𱷣	立	9	
𱷤	立	10	
𱷥	立	11	
𱷦	立	11	
𱷧	立	12	
𱷨	立	12	
𱷩	立	13	
𱷪	立	13	
𱷫	立	13	
𱷬	立	14	
𱷭	立	17	
𱷮	竹	8	
𱷯	竹	9	
𱷰	竹	10	
𱷱	竹	10	
𱷲	竹	10	
𱷳	竹	10	
𱷴	竹	10	
𱷵	竹	11	
𱷶	竹	12	
𱷷	竹	12	
𱷸	竹	12	
𱷹	竹	12	
𱷺	竹	12	
𱷻	竹	12	
𱷼	竹	12	
𱷽	竹	12	
𱷾	竹	13	
𱷿	竹	13	
𱸀	竹	14	
𱸁	竹	14	
𱸂	竹	14	
𱸃	竹	14	
𱸄	竹	14	
𱸅	竹	14	
𱸆	竹	14	
𱸇	竹	14	
𱸈	竹	14	
𱸉	竹	14	
𱸊	竹	14	
𱸋	竹	14	
𱸌	竹	14	
𱸍	竹	15	
𱸎	竹	15	
𱸏	竹	15	
𱸐	竹	15	
𱸑	竹	15	
𱸒	竹	15	
𱸓	竹	15	
𱸔	竹	15	
𱸕	竹	15	
𱸖	竹	16	
𱸗	竹	16	
𱸘	竹	16	
𱸙	竹	16	
𱸚	竹	16	
𱸛	竹	16	
𱸜	竹	17	
𱸝	竹	17	
𱸞	竹	17	
𱸟	竹	17	
𱸠	竹	17	
𱸡	竹	17	
𱸢	竹	17	
𱸣	竹	17	
𱸤	竹	17	
𱸥	竹	18	
𱸦	竹	18	
𱸧	竹	18	
𱸨	竹	18	
𱸩	竹	19	
𱸪	竹	19	
𱸫	竹	20	
𱸬	竹	20	
𱸭	竹	20	
𱸮	竹	20	
𱸯	竹	21	
𱸰	竹	22	
𱸱	竹	24	
𱸲	竹	25	
𱸳	米	8	
𱸴	米	9	
𱸵	米	10	
𱸶	米	10	
𱸷	米	11	
𱸸	米	11	
𱸹	米	11	
𱸺	米	11	
𱸻	米	12	
𱸼	米	12	
𱸽	米	12	
𱸾	米	12	
𱸿	米	12	
𱹀	米	12	
𱹁	米	12	
𱹂	米	12	
𱹃	米	12	
𱹄	米	13	
𱹅	米	13	
𱹆	米	13	
𱹇	米	13	
𱹈	米	13	
𱹉	米	13	
𱹊	米	14	
𱹋	米	14	
𱹌	米	14	
𱹍	米	15	
𱹎	米	15	
𱹏	米	15	
𱹐	米	15	
𱹑	米	15	
𱹒	米	15	
𱹓	米	15	
𱹔	米	16	
𱹕	米	16	
𱹖	米	16	
𱹗	米	16	
𱹘	米	16	
𱹙	米	17	
𱹚	米	17	
𱹛	米	17	
𱹜	米	17	
𱹝	米	17	
𱹞	米	18	
𱹟	米	18	
𱹠	米	18	
𱹡	米	18	
𱹢	米	19	
𱹣	米	19	
𱹤	米	19	
𱹥	米	20	
𱹦	米	20	
𱹧	米	20	
𱹨	米	21	
𱹩	米	26	
𱹪	糸	7	
𱹫	糸	8	
𱹬	糸	10	
𱹭	糸	10	
𱹮	糸	11	
𱹯	糸	11	
𱹰	糸	12	
𱹱	糸	12	
𱹲	糸	12	
𱹳	糸	12	
𱹴	糸	13	
𱹵	糸	13	
𱹶	糸	14	
𱹷	糸	14	
𱹸	糸	14	
𱹹	糸	14	
𱹺	糸	15	
𱹻	糸	15	
𱹼	糸	15	
𱹽	糸	16	
𱹾	糸	16	
𱹿	糸	17	
𱺀	糸	17	
𱺁	糸	17	
𱺂	糸	17	
𱺃	糸	17	
𱺄	糸	17	
𱺅	糸	17	
𱺆	糸	18	
𱺇	糸	18	
𱺈	糸	18	
𱺉	糸	19	
𱺊	糸	19	
𱺋	糸	20	
𱺌	糸	20	
𱺍	糸	21	
𱺎	糸	22	
𱺏		5	
𱺐		5	
𱺑		5	
𱺒		6	
𱺓		7	
𱺔		8	
𱺕		8	
𱺖		8	
𱺗		8	
𱺘		8	
𱺙		8	
𱺚		9	
𱺛		9	
𱺜		10	
𱺝		10	
𱺞		10	
𱺟		10	
𱺠		10	
𱺡		10	
𱺢		10	
𱺣		11	
𱺤		11	
𱺥		11	
𱺦		12	
𱺧		12	
𱺨		12	
𱺩		12	
𱺪		14	
𱺫		14	
𱺬		15	
𱺭		16	
𱺮		17	
𱺯		18	
𱺰		25	
𱺱	缶	10	
𱺲	缶	14	
𱺳	缶	16	
𱺴	网	9	
𱺵	网	8	
𱺶	网	9	
𱺷	网	9	
𱺸	网	9	
𱺹	网	9	
𱺺	网	9	
𱺻	网	9	
𱺼	网	10	
𱺽	网	10	
𱺾	网	11	
𱺿	网	11	
𱻀	网	11	
𱻁	网	11	
𱻂	网	13	
𱻃	网	13	
𱻄	网	12	
𱻅	网	13	
𱻆	网	13	
𱻇	网	15	
𱻈	网	20	
𱻉	羊	8	
𱻊	羊	8	
𱻋	羊	10	
𱻌	羊	13	
𱻍	羊	13	
𱻎	羊	13	
𱻏	羊	14	
𱻐	羊	14	
𱻑	羊	16	
𱻒	羊	18	
𱻓	羊	18	
𱻔	羊	22	
𱻕	羊	23	
𱻖	羊	24	
𱻗	羽	11	
𱻘	羽	11	
𱻙	羽	12	
𱻚	羽	13	
𱻛	羽	14	
𱻜	羽	14	
𱻝	羽	15	
𱻞	羽	15	
𱻟	羽	15	
𱻠	羽	15	
𱻡	羽	16	
𱻢	羽	16	
𱻣	羽	17	
𱻤	羽	18	
𱻥	羽	22	
𱻦	羽	23	
𱻧	老	8	
𱻨	老	8	
𱻩	老	10	
𱻪	老	10	
𱻫	老	10	
𱻬	老	12	
𱻭	老	13	
𱻮	老	13	
𱻯	老	21	
𱻰	而	8	
𱻱	而	11	
𱻲	耒	9	
𱻳	耒	13	
𱻴	耒	14	
𱻵	耒	17	
𱻶	耒	18	
𱻷	耳	9	
𱻸	耳	10	
𱻹	耳	12	
𱻺	耳	12	
𱻻	耳	14	
𱻼	耳	14	
𱻽	耳	15	
𱻾	耳	15	
𱻿	聿	13	
𱼀	肉	4	
𱼁	肉	6	
𱼂	肉	7	
𱼃	肉	10	
𱼄	肉	11	
𱼅	肉	10	
𱼆	肉	10	
𱼇	肉	10	
𱼈	肉	10	
𱼉	肉	11	
𱼊	肉	11	
𱼋	肉	11	
𱼌	肉	11	
𱼍	肉	13	
𱼎	肉	13	
𱼏	肉	13	
𱼐	肉	13	
𱼑	肉	13	
𱼒	肉	13	
𱼓	肉	14	
𱼔	肉	15	
𱼕	肉	15	
𱼖	肉	15	
𱼗	肉	15	
𱼘	肉	15	
𱼙	肉	15	
𱼚	肉	18	
𱼛	肉	18	
𱼜	肉	16	
𱼝	肉	17	
𱼞	肉	17	
𱼟	肉	17	
𱼠	肉	18	
𱼡	肉	18	
𱼢	肉	19	
𱼣	肉	19	
𱼤	肉	20	
𱼥	肉	21	
𱼦	肉	26	
𱼧	臣	8	
𱼨	自	14	
𱼩	至	7	
𱼪	至	11	
𱼫	至	12	
𱼬	至	13	
𱼭	臼	9	
𱼮	臼	12	
𱼯	臼	12	
𱼰	臼	15	
𱼱	臼	24	
𱼲	臼	34	
𱼳	舌	13	
𱼴	舌	21	
𱼵	舛	23	
𱼶	舟	9	
𱼷	舟	10	
𱼸	舟	10	
𱼹	舟	12	
𱼺	舟	12	
𱼻	舟	14	
𱼼	舟	16	
𱼽	舟	16	
𱼾	舟	16	
𱼿	舟	17	
𱽀	舟	17	
𱽁	舟	16	
𱽂	舟	18	
𱽃	舟	19	
𱽄	舟	20	
𱽅	舟	23	
𱽆	舟	24	
𱽇	艮	9	
𱽈	艮	10	
𱽉	色	12	
𱽊	色	25	
𱽋	艸	7	
𱽌	艸	8	
𱽍	艸	8	
𱽎	艸	8	
𱽏	艸	8	
𱽐	艸	8	
𱽑	艸	9	
𱽒	艸	9	
𱽓	艸	8	
𱽔	艸	9	
𱽕	艸	9	
𱽖	艸	9	
𱽗	艸	9	
𱽘	艸	9	
𱽙	艸	9	
𱽚	艸	9	
𱽛	艸	10	
𱽜	艸	10	
𱽝	艸	10	
𱽞	艸	12	
𱽟	艸	9	
𱽠	艸	10	
𱽡	艸	9	
𱽢	艸	10	
𱽣	艸	9	
𱽤	艸	10	
𱽥	艸	10	
𱽦	艸	10	
𱽧	艸	10	
𱽨	艸	11	
𱽩	艸	11	
𱽪	艸	11	
𱽫	艸	11	
𱽬	艸	11	
𱽭	艸	12	
𱽮	艸	12	
𱽯	艸	12	
𱽰	艸	12	
𱽱	艸	12	
𱽲	艸	12	
𱽳	艸	13	
𱽴	艸	13	
𱽵	艸	13	
𱽶	艸	13	
𱽷	艸	12	
𱽸	艸	13	
𱽹	艸	13	
𱽺	艸	13	
𱽻	艸	12	
𱽼	艸	13	
𱽽	艸	13	
𱽾	艸	13	
𱽿	艸	13	
𱾀	艸	14	
𱾁	艸	14	
𱾂	艸	14	
𱾃	艸	14	
𱾄	艸	13	
𱾅	艸	14	
𱾆	艸	14	
𱾇	艸	14	
𱾈	艸	14	
𱾉	艸	14	
𱾊	艸	14	
𱾋	艸	14	
𱾌	艸	14	
𱾍	艸	14	
𱾎	艸	15	
𱾏	艸	15	
𱾐	艸	15	
𱾑	艸	15	
𱾒	艸	15	
𱾓	艸	15	
𱾔	艸	15	
𱾕	艸	17	
𱾖	艸	15	
𱾗	艸	15	
𱾘	艸	15	
𱾙	艸	14	
𱾚	艸	15	
𱾛	艸	16	
𱾜	艸	16	
𱾝	艸	16	
𱾞	艸	16	
𱾟	艸	16	
𱾠	艸	16	
𱾡	艸	16	
𱾢	艸	16	
𱾣	艸	15	
𱾤	艸	17	
𱾥	艸	17	
𱾦	艸	17	
𱾧	艸	17	
𱾨	艸	17	
𱾩	艸	17	
𱾪	艸	17	
𱾫	艸	17	
𱾬	艸	18	
𱾭	艸	17	
𱾮	艸	18	
𱾯	艸	18	
𱾰	艸	18	
𱾱	艸	18	
𱾲	艸	20	
𱾳	艸	19	
𱾴	艸	19	
𱾵	艸	18	
𱾶	艸	19	
𱾷	艸	19	
𱾸	艸	19	
𱾹	艸	19	
𱾺	艸	20	
𱾻	艸	20	
𱾼	艸	20	
𱾽	艸	21	
𱾾	艸	21	
𱾿	艸	21	
𱿀	艸	21	
𱿁	艸	21	
𱿂	艸	22	
𱿃	艸	22	
𱿄	艸	21	
𱿅	艸	22	
𱿆	艸	22	
𱿇	艸	23	
𱿈	艸	23	
𱿉	艸	25	
𱿊	艸	25	
𱿋	艸	26	
𱿌	艸	26	
𱿍	艸	28	
𱿎	虍	10	
𱿏	虍	12	
𱿐	虍	12	
𱿑	虍	17	
𱿒	虍	15	
𱿓	虍	15	
𱿔	虍	16	
𱿕	虍	18	
𱿖	虍	21	
𱿗	虍	24	
𱿘	虫	8	
𱿙	虫	9	
𱿚	虫	10	
𱿛	虫	10	
𱿜	虫	10	
𱿝	虫	11	
𱿞	虫	11	
𱿟	虫	12	
𱿠	虫	12	
𱿡	虫	12	
𱿢	虫	13	
𱿣	虫	13	
𱿤	虫	13	
𱿥	虫	13	
𱿦	虫	13	
𱿧	虫	13	
𱿨	虫	14	
𱿩	虫	14	
𱿪	虫	14	
𱿫	虫	14	
𱿬	虫	14	
𱿭	虫	14	
𱿮	虫	14	
𱿯	虫	15	
𱿰	虫	15	
𱿱	虫	15	
𱿲	虫	15	
𱿳	虫	15	
𱿴	虫	15	
𱿵	虫	15	
𱿶	虫	15	
𱿷	虫	15	
𱿸	虫	15	
𱿹	虫	15	
𱿺	虫	15	
𱿻	虫	15	
𱿼	虫	16	
𱿽	虫	16	
𱿾	虫	16	
𱿿	虫	16	
𲀀	虫	16	
𲀁	虫	17	
𲀂	虫	17	
𲀃	虫	17	
𲀄	虫	17	
𲀅	虫	17	
𲀆	虫	17	
𲀇	虫	17	
𲀈	虫	18	
𲀉	虫	18	
𲀊	虫	18	
𲀋	虫	18	
𲀌	虫	19	
𲀍	虫	20	
𲀎	虫	20	
𲀏	虫	21	
𲀐	虫	21	
𲀑	虫	22	
𲀒	虫	23	
𲀓	虫	24	
𲀔	虫	24	
𲀕	虫	25	
𲀖	虫	26	
𲀗	血	11	
𲀘	血	13	
𲀙	血	15	
𲀚	血	15	
𲀛	行	9	
𲀜	行	9	
𲀝	行	10	
𲀞	行	12	
𲀟	行	14	
𲀠	行	14	
𲀡	行	16	
𲀢	行	18	
𲀣	行	18	
𲀤	衣	8	
𲀥	衣	8	
𲀦	衣	9	
𲀧	衣	10	
𲀨	衣	10	
𲀩	衣	11	
𲀪	衣	12	
𲀫	衣	12	
𲀬	衣	12	
𲀭	衣	12	
𲀮	衣	12	
𲀯	衣	13	
𲀰	衣	13	
𲀱	衣	13	
𲀲	衣	13	
𲀳	衣	13	
𲀴	衣	14	
𲀵	衣	14	
𲀶	衣	14	
𲀷	衣	14	
𲀸	衣	15	
𲀹	衣	15	
𲀺	衣	15	
𲀻	衣	16	
𲀼	衣	16	
𲀽	衣	16	
𲀾	衣	16	
𲀿	衣	17	
𲁀	衣	17	
𲁁	衣	17	
𲁂	衣	17	
𲁃	衣	18	
𲁄	衣	18	
𲁅	衣	19	
𲁆	衣	19	
𲁇	衣	23	
𲁈	衣	23	
𲁉	襾	10	
𲁊	襾	12	
𲁋	襾	13	
𲁌	襾	16	
𲁍	襾	17	
𲁎	見	13	
𲁏	見	18	
𲁐	見	26	
𲁑		8	
𲁒		8	
𲁓		8	
𲁔		9	
𲁕		10	
𲁖		10	
𲁗		13	
𲁘		13	
𲁙		14	
𲁚	角	12	
𲁛	角	12	
𲁜	角	14	
𲁝	角	14	
𲁞	角	19	
𲁟	角	23	
𲁠	角	28	
𲁡	言	10	
𲁢	言	10	
𲁣	言	10	
𲁤	言	10	
𲁥	言	11	
𲁦	言	11	
𲁧	言	13	
𲁨	言	13	
𲁩	言	13	
𲁪	言	15	
𲁫	言	15	
𲁬	言	15	
𲁭	言	15	
𲁮	言	16	
𲁯	言	16	
𲁰	言	16	
𲁱	言	16	
𲁲	言	17	
𲁳	言	17	
𲁴	言	18	
𲁵	言	18	
𲁶	言	19	
𲁷	言	19	
𲁸	言	19	
𲁹	言	19	
𲁺	言	20	
𲁻	言	21	
𲁼	言	21	
𲁽	言	21	
𲁾	言	22	
𲁿	言	23	
𲂀	言	26	
𲂁	言	26	
𲂂		5	
𲂃		5	
𲂄		6	
𲂅		6	
𲂆		7	
𲂇		7	
𲂈		8	
𲂉		8	
𲂊		8	
𲂋		9	
𲂌		9	
𲂍		9	
𲂎		10	
𲂏		10	
𲂐		11	
𲂑		11	
𲂒		11	
𲂓		13	
𲂔		13	
𲂕		15	
𲂖		15	
𲂗		17	
𲂘	谷	14	
𲂙	谷	14	
𲂚	谷	19	
𲂛	谷	19	
𲂜	谷	20	
𲂝	豆	12	
𲂞	豆	16	
𲂟	豆	19	
𲂠	豆	20	
𲂡	豕	17	
𲂢	豕	21	
𲂣	豕	23	
𲂤	豸	12	
𲂥	豸	12	
𲂦	豸	15	
𲂧	豸	22	
𲂨	貝	11	
𲂩	貝	11	
𲂪	貝	12	
𲂫	貝	12	
𲂬	貝	12	
𲂭	貝	13	
𲂮	貝	13	
𲂯	貝	13	
𲂰	貝	15	
𲂱	貝	15	
𲂲	貝	16	
𲂳	貝	16	
𲂴	貝	17	
𲂵	貝	17	
𲂶	貝	22	
𲂷	貝	23	
𲂸	貝	24	
𲂹	貝	30	
𲂺		7	
𲂻		8	
𲂼		8	
𲂽		8	
𲂾		9	
𲂿		9	
𲃀		9	
𲃁		9	
𲃂		12	
𲃃		12	
𲃄		13	
𲃅		13	
𲃆		14	
𲃇	赤	15	
𲃈	赤	19	
𲃉	走	10	
𲃊	走	11	
𲃋	走	12	
𲃌	走	13	
𲃍	走	14	
𲃎	走	14	
𲃏	走	15	
𲃐	走	16	
𲃑	走	17	
𲃒	走	18	
𲃓	走	19	
𲃔	足	9	
𲃕	足	10	
𲃖	足	10	
𲃗	足	11	
𲃘	足	11	
𲃙	足	11	
𲃚	足	12	
𲃛	足	12	
𲃜	足	12	
𲃝	足	13	
𲃞	足	13	
𲃟	足	13	
𲃠	足	13	
𲃡	足	13	
𲃢	足	13	
𲃣	足	13	
𲃤	足	13	
𲃥	足	13	
𲃦	足	13	
𲃧	足	14	
𲃨	足	14	
𲃩	足	14	
𲃪	足	14	
𲃫	足	15	
𲃬	足	15	
𲃭	足	15	
𲃮	足	15	
𲃯	足	15	
𲃰	足	16	
𲃱	足	16	
𲃲	足	16	
𲃳	足	16	
𲃴	足	16	
𲃵	足	16	
𲃶	足	16	
𲃷	足	16	
𲃸	足	16	
𲃹	足	16	
𲃺	足	16	
𲃻	足	17	
𲃼	足	17	
𲃽	足	17	
𲃾	足	17	
𲃿	足	17	
𲄀	足	17	
𲄁	足	18	
𲄂	足	18	
𲄃	足	18	
𲄄	足	18	
𲄅	足	18	
𲄆	足	19	
𲄇	足	19	
𲄈	足	20	
𲄉	足	20	
𲄊	足	21	
𲄋	足	21	
𲄌	足	21	
𲄍	足	21	
𲄎	足	22	
𲄏	足	22	
𲄐	足	22	
𲄑	足	24	
𲄒	足	24	
𲄓	足	24	
𲄔	足	24	
𲄕	足	26	
𲄖	足	27	
𲄗	身	8	
𲄘	身	11	
𲄙	身	11	
𲄚	身	11	
𲄛	身	11	
𲄜	身	12	
𲄝	身	13	
𲄞	身	13	
𲄟	身	13	
𲄠	身	14	
𲄡	身	14	
𲄢	身	14	
𲄣	身	15	
𲄤	身	15	
𲄥	身	15	
𲄦	身	15	
𲄧	身	16	
𲄨	身	16	
𲄩	身	17	
𲄪	身	17	
𲄫	身	17	
𲄬	身	19	
𲄭	身	20	
𲄮	身	20	
𲄯	身	20	
𲄰	身	21	
𲄱	身	24	
𲄲	身	27	
𲄳	車	11	
𲄴	車	12	
𲄵	車	13	
𲄶	車	13	
𲄷	車	15	
𲄸	車	15	
𲄹	車	15	
𲄺	車	16	
𲄻	車	18	
𲄼	車	18	
𲄽	車	18	
𲄾	車	21	
𲄿	車	23	
𲅀		8	
𲅁		8	
𲅂		11	
𲅃		28	
𲅄	辛	8	
𲅅	辛	13	
𲅆	辛	13	
𲅇	辛	15	
𲅈	辛	18	
𲅉	辛	29	
𲅊	辰	14	
𲅋	辵	6	
𲅌	辵	7	
𲅍	辵	10	
𲅎	辵	7	
𲅏	辵	7	
𲅐	辵	8	
𲅑	辵	8	
𲅒	辵	8	
𲅓	辵	9	
𲅔	辵	9	
𲅕	辵	9	
𲅖	辵	9	
𲅗	辵	10	
𲅘	辵	10	
𲅙	辵	10	
𲅚	辵	11	
𲅛	辵	11	
𲅜	辵	11	
𲅝	辵	11	
𲅞	辵	11	
𲅟	辵	12	
𲅠	辵	12	
𲅡	辵	12	
𲅢	辵	12	
𲅣	辵	12	
𲅤	辵	12	
𲅥	辵	12	
𲅦	辵	13	
𲅧	辵	13	
𲅨	辵	13	
𲅩	辵	13	
𲅪	辵	13	
𲅫	辵	13	
𲅬	辵	14	
𲅭	辵	14	
𲅮	辵	15	
𲅯	辵	15	
𲅰	辵	15	
𲅱	辵	15	
𲅲	辵	15	
𲅳	辵	15	
𲅴	辵	16	
𲅵	辵	16	
𲅶	辵	16	
𲅷	辵	16	
𲅸	辵	16	
𲅹	辵	16	
𲅺	辵	16	
𲅻	辵	16	
𲅼	辵	16	
𲅽	辵	16	
𲅾	辵	16	
𲅿	辵	16	
𲆀	辵	17	
𲆁	辵	17	
𲆂	辵	17	
𲆃	辵	17	
𲆄	辵	17	
𲆅	辵	19	
𲆆	辵	19	
𲆇	辵	20	
𲆈	辵	21	
𲆉	辵	22	
𲆊	辵	22	
𲆋	辵	23	
𲆌	辵	23	
𲆍	辵	23	
𲆎	辵	25	
𲆏	邑	6	
𲆐	邑	9	
𲆑	邑	9	
𲆒	邑	10	
𲆓	邑	10	
𲆔	邑	10	
𲆕	邑	11	
𲆖	邑	11	
𲆗	邑	12	
𲆘	邑	12	
𲆙	邑	13	
𲆚	邑	14	
𲆛	邑	19	
𲆜	邑	19	
𲆝	邑	15	
𲆞	邑	20	
𲆟	邑	17	
𲆠	邑	17	
𲆡	邑	22	
𲆢	邑	18	
𲆣	邑	18	
𲆤	邑	22	
𲆥	酉	10	
𲆦	酉	10	
𲆧	酉	10	
𲆨	酉	11	
𲆩	酉	11	
𲆪	酉	13	
𲆫	酉	13	
𲆬	酉	13	
𲆭	酉	14	
𲆮	酉	14	
𲆯	酉	14	
𲆰	酉	15	
𲆱	酉	15	
𲆲	酉	16	
𲆳	酉	16	
𲆴	酉	16	
𲆵	酉	17	
𲆶	酉	17	
𲆷	酉	17	
𲆸	酉	17	
𲆹	酉	17	
𲆺	酉	18	
𲆻	酉	19	
𲆼	酉	20	
𲆽	酉	20	
𲆾	酉	20	
𲆿	酉	21	
𲇀	釆	14	
𲇁	里	12	
𲇂	里	14	
𲇃	里	20	
𲇄	里	22	
𲇅	金	12	
𲇆	金	14	
𲇇	金	12	
𲇈	金	13	
𲇉	金	13	
𲇊	金	14	
𲇋	金	14	
𲇌	金	14	
𲇍	金	14	
𲇎	金	15	
𲇏	金	15	
𲇐	金	16	
𲇑	金	16	
𲇒	金	17	
𲇓	金	17	
𲇔	金	18	
𲇕	金	18	
𲇖	金	18	
𲇗	金	18	
𲇘	金	18	
𲇙	金	18	
𲇚	金	18	
𲇛	金	18	
𲇜	金	18	
𲇝	金	19	
𲇞	金	19	
𲇟	金	19	
𲇠	金	19	
𲇡	金	20	
𲇢	金	20	
𲇣	金	20	
𲇤	金	20	
𲇥	金	20	
𲇦	金	21	
𲇧	金	21	
𲇨	金	23	
𲇩	金	23	
𲇪	金	23	
𲇫	金	23	
𲇬	金	24	
𲇭		8	
𲇮		8	
𲇯		8	
𲇰		8	
𲇱		9	
𲇲		9	
𲇳		9	
𲇴		9	
𲇵		9	
𲇶		9	
𲇷		10	
𲇸		10	
𲇹		11	
𲇺		11	
𲇻		11	
𲇼		11	
𲇽		12	
𲇾		12	
𲇿		12	
𲈀		12	
𲈁		13	
𲈂		13	
𲈃		13	
𲈄		13	
𲈅		13	
𲈆		13	
𲈇		13	
𲈈		13	
𲈉		13	
𲈊		13	
𲈋		14	
𲈌		14	
𲈍		14	
𲈎		14	
𲈏		14	
𲈐		14	
𲈑		14	
𲈒		15	
𲈓		15	
𲈔		15	
𲈕		16	
𲈖		16	
𲈗		16	
𲈘		16	
𲈙		17	
𲈚		17	
𲈛		17	
𲈜		17	
𲈝		18	
𲈞		18	
𲈟		21	
𲈠		21	
𲈡		23	
𲈢	長	19	
𲈣	長	21	
𲈤		7	
𲈥		10	
𲈦	門	11	
𲈧	門	12	
𲈨	門	13	
𲈩	門	13	
𲈪	門	14	
𲈫	門	15	
𲈬	門	16	
𲈭	門	16	
𲈮	門	17	
𲈯	門	18	
𲈰	門	18	
𲈱	門	19	
𲈲	門	19	
𲈳	門	19	
𲈴	門	19	
𲈵		7	
𲈶		7	
𲈷		7	
𲈸		7	
𲈹		9	
𲈺		9	
𲈻		9	
𲈼		9	
𲈽		10	
𲈾		10	
𲈿		10	
𲉀		11	
𲉁		12	
𲉂		12	
𲉃		12	
𲉄		13	
𲉅		13	
𲉆		14	
𲉇		16	
𲉈		17	
𲉉	阜	7	
𲉊	阜	7	
𲉋	阜	8	
𲉌	阜	8	
𲉍	阜	8	
𲉎	阜	9	
𲉏	阜	9	
𲉐	阜	13	
𲉑	阜	10	
𲉒	阜	12	
𲉓	阜	11	
𲉔	阜	16	
𲉕	阜	16	
𲉖	阜	15	
𲉗	阜	12	
𲉘	阜	12	
𲉙	阜	16	
𲉚	阜	14	
𲉛	阜	14	
𲉜	阜	13	
𲉝	阜	13	
𲉞	阜	14	
𲉟	阜	14	
𲉠	阜	14	
𲉡	阜	16	
𲉢	阜	17	
𲉣	阜	18	
𲉤	阜	20	
𲉥	阜	22	
𲉦	阜	22	
𲉧	隹	10	
𲉨	隹	11	
𲉩	隹	12	
𲉪	隹	13	
𲉫	隹	14	
𲉬	隹	16	
𲉭	隹	16	
𲉮	隹	17	
𲉯	隹	21	
𲉰	雨	10	
𲉱	雨	10	
𲉲	雨	12	
𲉳	雨	13	
𲉴	雨	13	
𲉵	雨	14	
𲉶	雨	14	
𲉷	雨	14	
𲉸	雨	15	
𲉹	雨	16	
𲉺	雨	16	
𲉻	雨	16	
𲉼	雨	16	
𲉽	雨	16	
𲉾	雨	16	
𲉿	雨	16	
𲊀	雨	16	
𲊁	雨	16	
𲊂	雨	18	
𲊃	雨	16	
𲊄	雨	19	
𲊅	雨	19	
𲊆	雨	19	
𲊇	雨	19	
𲊈	雨	20	
𲊉	雨	20	
𲊊	雨	21	
𲊋	雨	22	
𲊌	雨	22	
𲊍	雨	23	
𲊎	雨	23	
𲊏	雨	23	
𲊐	雨	21	
𲊑	雨	26	
𲊒	雨	26	
𲊓	雨	27	
𲊔	雨	28	
𲊕	靑	11	
𲊖	靑	14	
𲊗	靑	15	
𲊘	靑	18	
𲊙	非	18	
𲊚	面	18	
𲊛	革	13	
𲊜	革	14	
𲊝	革	14	
𲊞	革	16	
𲊟	革	19	
𲊠	革	23	
𲊡	革	25	
𲊢	韋	13	
𲊣	韋	18	
𲊤	韋	18	
𲊥		9	
𲊦	韭	13	
𲊧	音	15	
𲊨	音	17	
𲊩	音	18	
𲊪	頁	14	
𲊫	頁	14	
𲊬	頁	14	
𲊭	頁	15	
𲊮	頁	15	
𲊯	頁	16	
𲊰	頁	17	
𲊱	頁	17	
𲊲	頁	17	
𲊳	頁	18	
𲊴	頁	18	
𲊵	頁	19	
𲊶	頁	19	
𲊷	頁	20	
𲊸	頁	21	
𲊹		9	
𲊺		11	
𲊻		11	
𲊼		13	
𲊽		13	
𲊾		15	
𲊿		15	
𲋀		15	
𲋁		16	
𲋂		18	
𲋃		19	
𲋄		4	
𲋅	風	16	
𲋆	風	18	
𲋇		13	
𲋈		13	
𲋉	風	22	
𲋊	風	22	
𲋋		17	
𲋌	風	23	
𲋍	風	24	
𲋎		8	
𲋏		8	
𲋐		9	
𲋑		12	
𲋒	飛	21	
𲋓		13	
𲋔	食	11	
𲋕	食	13	
𲋖	食	14	
𲋗	食	15	
𲋘	食	14	
𲋙	食	15	
𲋚	食	16	
𲋛	食	18	
𲋜	食	17	
𲋝	食	17	
𲋞	食	18	
𲋟	食	19	
𲋠	食	22	
𲋡	食	25	
𲋢		7	
𲋣		8	
𲋤		8	
𲋥		9	
𲋦		11	
𲋧		11	
𲋨		12	
𲋩		13	
𲋪		13	
𲋫		13	
𲋬		14	
𲋭	首	18	
𲋮	香	16	
𲋯	香	17	
𲋰	香	17	
𲋱	香	19	
𲋲	香	23	
𲋳	馬	14	
𲋴	馬	14	
𲋵	馬	15	
𲋶	馬	15	
𲋷	馬	16	
𲋸	馬	17	
𲋹	馬	17	
𲋺	馬	19	
𲋻	馬	16	
𲋼	馬	19	
𲋽	馬	20	
𲋾	馬	20	
𲋿	馬	21	
𲌀	馬	21	
𲌁	馬	22	
𲌂	馬	22	
𲌃	馬	23	
𲌄		5	
𲌅		8	
𲌆		10	
𲌇		11	
𲌈		11	
𲌉		11	
𲌊		15	
𲌋		15	
𲌌	骨	14	
𲌍	骨	15	
𲌎	骨	16	
𲌏	骨	18	
𲌐	骨	19	
𲌑	骨	21	
𲌒	骨	23	
𲌓	骨	23	
𲌔	骨	23	
𲌕	骨	26	
𲌖	高	12	
𲌗	高	16	
𲌘	高	23	
𲌙	高	23	
𲌚	髟	13	
𲌛	髟	16	
𲌜	髟	17	
𲌝	髟	17	
𲌞	髟	17	
𲌟	髟	18	
𲌠	髟	18	
𲌡	髟	21	
𲌢	髟	22	
𲌣	髟	26	
𲌤	鬯	18	
𲌥	鬯	21	
𲌦	鬯	23	
𲌧	鬼	15	
𲌨	鬼	15	
𲌩	鬼	17	
𲌪	鬼	18	
𲌫	鬼	18	
𲌬	鬼	18	
𲌭	鬼	16	
𲌮	鬼	18	
𲌯	鬼	20	
𲌰	鬼	24	
𲌱	魚	15	
𲌲	魚	15	
𲌳	魚	16	
𲌴	魚	17	
𲌵	魚	18	
𲌶	魚	18	
𲌷	魚	18	
𲌸	魚	19	
𲌹	魚	19	
𲌺	魚	19	
𲌻	魚	20	
𲌼	魚	20	
𲌽	魚	22	
𲌾	魚	22	
𲌿	魚	22	
𲍀	魚	22	
𲍁	魚	24	
𲍂	魚	24	
𲍃	魚	26	
𲍄	魚	28	
𲍅	魚	29	
𲍆		10	
𲍇		11	
𲍈		11	
𲍉		12	
𲍊		12	
𲍋		12	
𲍌		13	
𲍍		13	
𲍎		14	
𲍏		14	
𲍐		14	
𲍑		14	
𲍒		15	
𲍓		15	
𲍔		15	
𲍕		16	
𲍖		17	
𲍗		17	
𲍘		19	
𲍙		20	
𲍚	鳥	14	
𲍛	鳥	15	
𲍜	鳥	15	
𲍝	鳥	16	
𲍞	鳥	16	
𲍟	鳥	18	
𲍠	鳥	18	
𲍡	鳥	18	
𲍢	鳥	18	
𲍣	鳥	20	
𲍤	鳥	21	
𲍥	鳥	22	
𲍦	鳥	23	
𲍧	鳥	24	
𲍨	鳥	26	
𲍩	鳥	26	
𲍪	鳥	29	
𲍫		8	
𲍬		8	
𲍭		9	
𲍮		9	
𲍯		10	
𲍰		10	
𲍱		10	
𲍲		10	
𲍳		11	
𲍴		11	
𲍵		11	
𲍶		11	
𲍷		12	
𲍸		12	
𲍹		12	
𲍺		12	
𲍻		12	
𲍼		12	
𲍽		13	
𲍾		13	
𲍿		13	
𲎀		14	
𲎁		15	
𲎂		15	
𲎃		16	
𲎄		16	
𲎅		17	
𲎆		17	
𲎇		18	
𲎈		19	
𲎉		21	
𲎊		13	
𲎋	鹿	15	
𲎌	鹿	19	
𲎍	鹿	22	
𲎎	鹿	27	
𲎏	麥	12	
𲎐	麥	22	
𲎑		15	
𲎒		15	
𲎓		18	
𲎔	麻	18	
𲎕	黃	14	
𲎖	黑	20	
𲎗	黑	31	
𲎘	黑	31	
𲎙	鼎	18	
𲎚	鼓	20	
𲎛	鼓	20	
𲎜	鼓	21	
𲎝	鼠	17	
𲎞	鼠	20	
𲎟	鼠	22	
𲎠	鼠	23	
𲎡	鼻	24	
𲎢	齒	22	
𲎣	齒	23	
𲎤	齒	26	
𲎥	齒	26	
𲎦	齒	26	
𲎧		12	
𲎨		14	
𲎩		16	
𲎪		20	
𲎫		24	
𲎬		15	
𲎭		19	
𲎮		11	
𲎯	龠	23	
