aaiebakouiu	ああ言えばこう言う	godan	5419
aanaru	ああなる	godan	5514
abakeru	暴ける	ichidan	6363
abakidasu	暴き出す	godan	5666
abakitateru	暴き立てる	ichidan	6746
abaku	暴く	godan	3548
abaku	あばく	godan	5171
abaku	発く	godan	6427
abaredasu	暴れ出す	godan	5563
abaredasu	暴れだす	godan	5765
abaremakuru	暴れまくる	godan	5520
abaremawaru	暴れまわる	godan	5193
abaremawaru	暴れ回る	godan	5257
abaremawaru	あばれまわる	godan	6989
abareru	暴れる	ichidan	4068
abareru	あばれる	ichidan	4788
abiru	浴びる	ichidan	3561
abiru	あびる	ichidan	4939
abisekakeru	浴びせかける	ichidan	6034
abiseru	浴びせる	ichidan	4658
abiseru	あびせる	ichidan	6337
aburaganoru	脂が乗る	godan	6923
aburawososogu	油を注ぐ	godan	6065
abureru	あぶれる	ichidan	5970
aburidasu	あぶり出す	godan	5336
aburidasu	炙り出す	godan	5460
aburidasu	あぶりだす	godan	5855
aburu	炙る	godan	4966
aburu	あぶる	godan	5497
aburu	焙る	godan	6646
adasuru	仇する	suru	6462
adasuru	あだする	suru	6531
adasuru	寇する	suru	6550
aegu	喘ぐ	godan	4927
aegu	あえぐ	godan	5144
aeru	会える	ichidan	3303
aeru	合える	ichidan	3608
aeru	あえる	ichidan	4034
aeru	和える	ichidan	4254
aeru	逢える	ichidan	4489
afuredasu	溢れ出す	godan	4632
afuredasu	あふれ出す	godan	5132
afurederu	溢れ出る	ichidan	4552
afurederu	あふれ出る	ichidan	5039
afurederu	あふれでる	ichidan	6254
afurekaeru	あふれかえる	godan	5733
afurekaeru	溢れかえる	godan	5998
afurekaeru	溢れ返る	godan	6088
afurekaeru	あふれ返る	godan	6690
afureochiru	溢れ落ちる	ichidan	6749
afureru	あふれる	ichidan	2793
afureru	溢れる	ichidan	2988
afuru	煽る	godan	5478
afuru	あふる	godan	5644
agaku	足掻く	godan	4637
agaku	あがく	godan	4864
agaku	足搔く	godan	6934
agameru	崇める	ichidan	4743
agameru	あがめる	ichidan	5694
agametatematsuru	崇め奉る	godan	6140
aganau	贖う	godan	5029
aganau	あがなう	godan	5566
aganau	購う	godan	5912
agareru	上がれる	ichidan	4385
agareru	あがれる	ichidan	5494
agarikomu	上がり込む	godan	6179
agarikomu	上がりこむ	godan	6925
agaru	上がる	godan	2486
agaru	あがる	godan	3571
agaru	挙がる	godan	4410
agaru	上る	godan	4531
agaru	アガる	godan	4831
agaru	揚がる	godan	5284
agaru	和了る	godan	6254
agaru	騰がる	godan	6275
agaru	揚る	godan	6717
ageashiwotoru	揚げ足を取る	godan	6203
ageashiwotoru	揚げ足をとる	godan	6943
ageru	上げる	ichidan	2521
ageru	あげる	ichidan	3056
ageru	挙げる	ichidan	3281
ageru	揚げる	ichidan	3853
ageru	ageる	ichidan	5940
agetsurau	あげつらう	godan	5180
agetsurau	論う	godan	5968
agodetsukau	顎で使う	godan	6081
agodetsukau	あごで使う	godan	6738
agumu	倦む	godan	6473
agumu	足組む	godan	6922
aguneru	あぐねる	ichidan	6165
agurawokaku	あぐらをかく	godan	4874
agurawokaku	胡座をかく	godan	5938
aiarasou	相争う	godan	5556
aidanitatsu	間に立つ	godan	5594
aidawoakeru	間を空ける	ichidan	5939
aidawoakeru	間をあける	ichidan	6269
aidawooku	間を置く	godan	5151
aidawotoru	間を取る	godan	6061
aiireru	相容れる	ichidan	6158
aikotonaru	相異なる	godan	6125
aimamieru	相まみえる	ichidan	5486
aimamieru	相見える	ichidan	6060
aimatsu	相まつ	godan	6666
ainaru	相成る	godan	6253
ainaru	あいなる	godan	6783
ainotewoireru	合いの手を入れる	ichidan	6249
aisatsuwokawasu	挨拶を交わす	godan	6315
aiseru	愛せる	ichidan	4395
aishiaeru	愛し合える	ichidan	5749
aishiau	愛し合う	godan	4083
aisowotsukasu	愛想を尽かす	godan	6908
aisowotsukasu	愛想をつかす	godan	6973
aisu	愛す	godan	4034
aisu	あいす	godan	4930
aisuru	愛する	suru	1835
aisuru	あいする	suru	4874
aitaisu	相対す	godan	6716
aitedoru	相手取る	godan	5764
aitomonau	相伴う	godan	6372
aitsugu	相次ぐ	godan	4042
aitsugu	あいつぐ	godan	6289
aitsuzuku	相続く	godan	6719
ajiru	アジる	godan	6995
ajitsukeru	味付ける	ichidan	6162
ajiwaeru	味わえる	ichidan	3103
ajiwaeru	あじわえる	ichidan	6251
ajiwau	味わう	godan	2452
ajiwau	あじわう	godan	5193
ajiwoshimeru	味をしめる	ichidan	6645
akagonotewohineru	赤子の手をひねる	godan	6419
akamaru	赤まる	godan	6765
akamigakaru	赤みがかる	godan	6772
akanukeru	垢抜ける	ichidan	5120
akanukeru	あか抜ける	ichidan	5933
akanukeru	あかぬける	ichidan	6997
akarameru	赤らめる	ichidan	5610
akaramu	赤らむ	godan	6360
akaramu	明らむ	godan	6845
akaramu	あからむ	godan	6988
akaruminidasu	明るみに出す	godan	6315
akaruminideru	明るみに出る	ichidan	5546
akarumu	明るむ	godan	6913
akasu	明かす	godan	3562
akasu	あかす	godan	5651
akasu	証す	godan	5994
akehanasu	開け放す	godan	6815
akehanatsu	開け放つ	godan	5833
akekureru	明け暮れる	ichidan	4764
akekureru	あけくれる	ichidan	6542
akeru	開ける	ichidan	3032
akeru	あける	ichidan	4006
akeru	空ける	ichidan	4119
akeru	明ける	ichidan	4322
akewatasu	明け渡す	godan	5205
akiakisuru	飽き飽きする	suru	5180
akiakisuru	あきあきする	suru	6391
akikazegafuku	秋風が吹く	godan	6370
akimeku	秋めく	godan	5237
akimeku	あきめく	godan	6483
akinau	商う	godan	5087
akinau	あきなう	godan	6256
akirameru	諦める	ichidan	3451
akirameru	あきらめる	ichidan	4149
akirameru	明らめる	ichidan	6614
akirehateru	呆れ果てる	ichidan	6207
akirehateru	あきれ果てる	ichidan	6769
akirekaeru	呆れ返る	godan	6355
akirekaeru	呆れかえる	godan	6659
akirekaeru	あきれ返る	godan	6670
akirekaeru	あきれかえる	godan	6802
akireru	呆れる	ichidan	4348
akireru	あきれる	ichidan	4955
akiru	飽きる	ichidan	3726
akiru	あきる	ichidan	5471
akkenitorareru	あっけにとられる	ichidan	6029
akkenitorareru	呆気にとられる	ichidan	6071
akkenitorareru	呆気に取られる	ichidan	6560
akkenitorareru	あっけに取られる	ichidan	6780
akogareru	憧れる	ichidan	3652
akogareru	あこがれる	ichidan	4908
aku	開く	godan	3168
aku	あく	godan	3522
aku	空く	godan	3535
aku	飽く	godan	4810
aku	明く	godan	5496
aku	厭く	godan	6596
akujisenriwohashiru	悪事千里を走る	godan	6436
akumanitamashiiwouru	悪魔に魂を売る	godan	6688
akutaiwotsuku	悪態をつく	godan	4798
amaeru	甘える	ichidan	4125
amaeru	あまえる	ichidan	5259
amaishiruwosuu	甘い汁を吸う	godan	5884
amakakeru	天駆ける	ichidan	6143
amakakeru	天翔る	ichidan	6338
amakudaru	天降る	godan	6387
amakudaru	天下る	godan	6488
amanjiru	甘んじる	ichidan	4966
amanzuru	甘んずる	zuru	5136
amanzuru	あまんずる	zuru	6762
amaru	余る	godan	4141
amaru	あまる	godan	5186
amasu	余す	godan	3884
amasu	あます	godan	5025
amattareru	甘ったれる	ichidan	6080
amayakasu	甘やかす	godan	4735
amayakasu	あまやかす	godan	6975
amefuttejikatamaru	雨降って地固まる	godan	5712
ameru	編める	ichidan	5012
ameru	あめる	ichidan	6333
amiagaru	編み上がる	godan	6823
amiageru	編み上げる	ichidan	5636
amidasu	編み出す	godan	5381
amidasu	編みだす	godan	6944
amikomu	編み込む	godan	5486
amisusumeru	編み進める	ichidan	6487
amitateru	編み立てる	ichidan	6250
amu	編む	godan	4060
amu	あむ	godan	4573
anadoreru	侮れる	ichidan	6995
anadoru	侮る	godan	4780
anadoru	あなどる	godan	5615
anjiru	案じる	ichidan	5148
anshouninoriageru	暗礁に乗り上げる	ichidan	6426
anzuru	案ずる	zuru	4047
anzuru	按ずる	zuru	4889
anzuru	あんずる	zuru	5876
aogeru	仰げる	ichidan	6304
aogimiru	仰ぎ見る	ichidan	5185
aogu	仰ぐ	godan	4382
aogu	あおぐ	godan	5496
aogu	扇ぐ	godan	5859
aomigakaru	青みがかる	godan	6698
aomu	あおむ	godan	5812
aomu	青む	godan	6181
aomuku	仰向く	godan	6395
aomuku	あおむく	godan	6701
aoritateru	煽り立てる	ichidan	6018
aoritateru	あおり立てる	ichidan	6867
aoru	煽る	godan	3981
aoru	あおる	godan	4746
aoru	呷る	godan	6570
aozameru	青ざめる	ichidan	5442
apiru	アピる	godan	6277
araburu	荒ぶる	godan	4761
aradateru	荒立てる	ichidan	6157
araeru	洗える	ichidan	3712
araeru	あらえる	ichidan	6756
aragaeru	抗える	ichidan	5669
aragau	抗う	godan	3790
aragau	あらがう	godan	4927
arageru	荒げる	ichidan	5281
araiagaru	洗い上がる	godan	6534
araiageru	洗い上げる	ichidan	5277
araidasu	洗い出す	godan	4618
araikiyomeru	洗い清める	ichidan	5922
araikomu	洗い込む	godan	6606
arainagaseru	洗い流せる	ichidan	5376
arainagasu	洗い流す	godan	4086
arainaosu	洗い直す	godan	6092
araiotoseru	洗い落とせる	ichidan	6145
araiotosu	洗い落とす	godan	5520
araiotosu	洗い落す	godan	6908
ararageru	荒らげる	ichidan	6458
araserareru	あらせられる	ichidan	5781
araseru	荒らせる	ichidan	6475
arashimawaru	荒らし回る	godan	6277
arasoeru	争える	ichidan	5671
arasou	争う	godan	3087
arasou	闘う	godan	4749
arasou	あらそう	godan	5449
arasou	爭う	godan	6865
arasu	荒らす	godan	4440
arasu	あらす	godan	5773
arasu	荒す	godan	6258
aratamaru	改まる	godan	5536
aratamaru	あらたまる	godan	6485
aratameru	改める	ichidan	3936
aratameru	あらためる	ichidan	5779
aratameru	検める	ichidan	6871
arau	洗う	godan	2577
arau	あらう	godan	4263
arawareru	現れる	ichidan	2764
arawareru	あらわれる	ichidan	3725
arawareru	表れる	ichidan	4060
arawareru	現われる	ichidan	4637
arawareru	顕れる	ichidan	5763
arawaru	現る	ichidan	4475
arawaru	あらわる	ichidan	5191
arawaru	現わる	ichidan	5756
arawaru	顕わる	ichidan	6875
arawaseru	表せる	ichidan	4679
arawaseru	現せる	ichidan	6700
arawasu	表す	godan	2755
arawasu	現す	godan	4169
arawasu	あらわす	godan	4246
arawasu	表わす	godan	4485
arawasu	著す	godan	5620
arawasu	顕す	godan	5715
arehateru	荒れ果てる	ichidan	6572
arekuruu	荒れ狂う	godan	4301
arekuruu	あれくるう	godan	6389
areru	荒れる	ichidan	4086
areru	あれる	ichidan	5204
ariamaru	有り余る	godan	5013
ariamaru	ありあまる	godan	5528
ariamaru	あり余る	godan	5898
arieru	あり得る	ichidan	4092
arieru	ありえる	ichidan	4124
arieru	有り得る	ichidan	5163
arifureru	ありふれる	ichidan	6813
arigatagaru	ありがたがる	godan	5700
arigatagaru	有難がる	godan	6416
aritsuku	ありつく	godan	4774
ariuru	あり得る	ichidan	4396
ariuru	有り得る	ichidan	5093
aru	ある	godan	0
aru	有る	godan	3119
aru	在る	godan	3927
aru	或る	godan	6082
aruaru	あるある	godan	2856
arukeru	歩ける	ichidan	3725
arukeru	あるける	ichidan	6351
arukimawareru	歩き回れる	ichidan	5418
arukimawaru	歩き回る	godan	4343
arukimawaru	歩き廻る	godan	6845
arukitsukareru	歩き疲れる	ichidan	6437
aruku	歩く	godan	1823
aruku	あるく	godan	3942
arumasu	あるます	godan	5500
asaru	漁る	godan	5101
asaru	あさる	godan	5560
asebamu	汗ばむ	godan	4558
aseru	焦る	godan	3841
aseru	あせる	ichidan	5163
aseru	褪せる	ichidan	5805
aseru	あせる	godan	6401
aseru	アセる	godan	6868
asesuru	汗する	suru	5693
asesuru	あせする	suru	6839
ashidekasegu	足で稼ぐ	godan	5834
ashigaderu	足が出る	ichidan	6145
ashigasukumu	足がすくむ	godan	5717
ashigatoonoku	足が遠のく	godan	5337
ashigatsuku	足がつく	godan	5047
ashigatsuku	足が付く	godan	5871
ashimotowomiru	足元を見る	ichidan	5785
ashinamiwosoroeru	足並みを揃える	ichidan	5732
ashinamiwosoroeru	足並みをそろえる	ichidan	5977
ashirau	あしらう	godan	4257
ashitahaashitanokazegafuku	明日は明日の風が吹く	godan	4947
ashiwoarau	足を洗う	godan	4700
ashiwofumiireru	足を踏み入れる	ichidan	4112
ashiwohakobu	足を運ぶ	godan	4009
ashiwohipparu	足を引っ張る	godan	4756
ashiwonobasu	足を伸ばす	godan	5189
ashiwonobasu	足を延ばす	godan	5373
ashiwotomeru	足を止める	ichidan	5151
ashiwotorareru	足を取られる	ichidan	6005
ashiwotorareru	足をとられる	ichidan	6584
asobaseru	遊ばせる	ichidan	5933
asobasu	あそばす	godan	6057
asobasu	遊ばす	godan	6148
asoberu	遊べる	ichidan	3030
asoberu	あそべる	ichidan	5156
asobiaruku	遊び歩く	godan	5449
asobihoukeru	遊び呆ける	ichidan	6404
asobikurasu	遊び暮らす	godan	6880
asobimawareru	遊び回れる	ichidan	6635
asobimawaru	遊び回る	godan	5936
asobu	遊ぶ	godan	2859
asobu	あそぶ	godan	4603
asobu	游ぶ	godan	6892
assuru	圧する	suru	4498
assuru	あっする	suru	6784
ataeru	与える	ichidan	2113
ataeru	あたえる	ichidan	4617
ataeru	與える	ichidan	6995
ataisuru	値する	suru	2658
ataisuru	価する	suru	4704
ataisuru	あたいする	suru	5270
atamanichiganoboru	頭に血が上る	godan	6218
atamanikuru	頭にくる	kuru	2041
atamawohiyasu	頭を冷やす	godan	6184
atamawokakaeru	頭を抱える	ichidan	4906
atamawokaku	頭をかく	godan	5384
atamawokaku	頭を掻く	godan	5702
atamawomarumeru	頭を丸める	ichidan	6801
atamawomotageru	頭をもたげる	ichidan	6089
atamawonayamasu	頭を悩ます	godan	5452
atamawosageru	頭を下げる	ichidan	4615
atareru	当たれる	ichidan	5815
atareru	あたれる	ichidan	5887
atarichirasu	当たり散らす	godan	5799
atarichirasu	当り散らす	godan	6844
atariwotsukeru	当たりをつける	ichidan	6388
atariwotsukeru	当たりを付ける	ichidan	6746
ataru	当たる	godan	2715
ataru	あたる	godan	2996
ataru	当る	godan	4845
ataru	中たる	godan	5966
atatamaru	温まる	godan	3950
atatamaru	あたたまる	godan	4786
atatamaru	暖まる	godan	4843
atatamenaosu	温め直す	godan	5378
atatameru	温める	ichidan	3391
atatameru	暖める	ichidan	4540
atatameru	あたためる	ichidan	4841
atau	あたう	godan	5651
atau	能う	godan	5742
ategau	あてがう	godan	4752
ategau	宛行う	godan	6094
ategau	充てがう	godan	6226
ategau	宛てがう	godan	6632
atehamaru	当てはまる	godan	3314
atehamaru	あてはまる	godan	4270
atehamaru	当て嵌まる	godan	5940
atehameru	当てはめる	ichidan	4246
atehameru	あてはめる	ichidan	5237
atehameru	当て嵌める	ichidan	6188
atekomu	当て込む	godan	6375
ateru	当てる	ichidan	3152
ateru	充てる	ichidan	3866
ateru	あてる	ichidan	4050
ateru	宛てる	ichidan	6034
ateru	中てる	ichidan	6429
atetsukeru	当てつける	ichidan	6856
atojisaru	後退る	godan	6893
atowoou	後を追う	godan	4531
atowotsukeru	後をつける	ichidan	5853
atowotsukeru	跡をつける	ichidan	6292
atowotsukeru	後を付ける	ichidan	6978
atozukeru	跡づける	ichidan	6580
atozukeru	跡付ける	ichidan	6800
atozusaru	後ずさる	godan	5966
atsukaeru	扱える	ichidan	3687
atsukaeru	あつかえる	ichidan	6509
atsukainitakeru	扱いに長ける	ichidan	6776
atsukau	扱う	godan	2115
atsukau	あつかう	godan	4702
atsumareru	集まれる	ichidan	4723
atsumaru	集まる	godan	2898
atsumaru	あつまる	godan	4943
atsumaru	集る	godan	6110
atsumeru	集める	ichidan	2821
atsumeru	あつめる	ichidan	5257
atsumononikoritenamasuwofuku	羹に懲りて膾を吹く	godan	6170
atsuraeru	誂える	ichidan	6092
atsuraeru	あつらえる	ichidan	6337
attamaru	あったまる	godan	5164
attamaru	暖まる	godan	6340
attamaru	温まる	godan	6796
attameru	温める	ichidan	6195
au	合う	godan	1906
au	会う	godan	2306
au	あう	godan	3145
au	遭う	godan	3332
au	逢う	godan	3946
au	遇う	godan	5004
au	會う	godan	6527
auau	あうあう	godan	5492
auau	合う合う	godan	5783
awadateru	泡立てる	ichidan	4548
awadatsu	泡立つ	godan	4965
awadatsu	粟立つ	godan	6523
awaremu	憐れむ	godan	5417
awaremu	哀れむ	godan	5808
awaremu	あわれむ	godan	6093
awasaru	合わさる	godan	4210
awasaru	あわさる	godan	6381
awasekomu	合わせ込む	godan	6553
awasemotsu	併せ持つ	godan	4024
awasemotsu	あわせ持つ	godan	5141
awaseru	合わせる	ichidan	2746
awaseru	あわせる	ichidan	4263
awaseru	併せる	ichidan	5266
awaseru	合せる	ichidan	5284
awasu	合わす	godan	4822
awasu	あわす	godan	5850
awasu	合す	godan	5962
awasu	会わす	godan	6445
awatefutameku	慌てふためく	godan	4644
awatefutameku	あわてふためく	godan	5496
awateru	慌てる	ichidan	4226
awateru	あわてる	ichidan	5283
ayabumu	危ぶむ	godan	5746
ayakaru	あやかる	godan	5519
ayakaru	肖る	godan	6932
ayamaraseru	誤らせる	ichidan	5764
ayamareru	謝れる	ichidan	5645
ayamaru	謝る	godan	3950
ayamaru	誤る	godan	4309
ayamaru	あやまる	godan	5421
ayamatsu	過つ	godan	6578
ayamatsu	あやまつ	godan	6724
ayameru	殺める	ichidan	5471
ayameru	あやめる	ichidan	6428
ayanasu	綾なす	godan	6320
ayanasu	あやなす	godan	6639
ayashimu	怪しむ	godan	5368
ayashimu	あやしむ	godan	6744
ayasu	あやす	godan	5080
ayatsureru	操れる	ichidan	4598
ayatsureru	あやつれる	ichidan	6653
ayatsuru	操る	godan	3620
ayatsuru	あやつる	godan	5201
ayumideru	歩み出る	ichidan	6545
ayumisaru	歩み去る	godan	6754
ayumiyoreru	歩み寄れる	ichidan	5854
ayumiyoru	歩み寄る	godan	4808
ayumiyoru	歩みよる	godan	6604
ayumu	歩む	godan	3625
ayumu	あゆむ	godan	5429
azakeriwarau	嘲り笑う	godan	6194
azakeriwarau	あざけり笑う	godan	6669
azakeru	嘲る	godan	5616
azakeru	あざける	godan	5897
azamukeru	欺ける	ichidan	6356
azamuku	欺く	godan	3882
azamuku	あざむく	godan	5070
azanau	糾う	godan	6634
azanau	あざなう	godan	6819
azawarau	嘲笑う	godan	4511
azawarau	あざ笑う	godan	4584
azawarau	あざわらう	godan	6064
azukareru	預かれる	ichidan	5936
azukareru	あずかれる	ichidan	6042
azukaru	預かる	godan	4208
azukaru	あずかる	godan	5018
azukaru	与る	godan	5636
azukaru	預る	godan	6359
azukaru	あづかる	godan	6929
azukeireru	預け入れる	ichidan	5657
azukeru	預ける	ichidan	3742
azukeru	あずける	ichidan	5612
babawohiku	ババを引く	godan	6579
bachigaataru	罰が当たる	godan	6236
bachigaataru	バチが当たる	godan	6384
baguru	バグる	godan	4846
baisuru	倍する	suru	4786
baisuru	ばいする	suru	5756
bakasu	化かす	godan	5886
bakasu	ばかす	godan	6412
bakawomiru	バカを見る	ichidan	5841
bakawomiru	馬鹿を見る	ichidan	5970
bakazuwofumu	場数を踏む	godan	6166
bakenokawagahagareru	化けの皮が剥がれる	ichidan	6766
bakeru	化ける	ichidan	4392
bakeru	ばける	ichidan	6098
bakkinwokasu	罰金を科す	godan	6667
bakkureru	バックレる	ichidan	5742
bakkureru	ばっくれる	ichidan	6475
bakuru	縛る	godan	5838
bakusuru	ばくする	suru	6025
bakusuru	駁する	suru	6611
bakusuru	縛する	suru	6834
bansetsuwokegasu	晩節を汚す	godan	6938
banzenwokisu	万全を期す	godan	5239
barakeru	バラける	ichidan	5532
barakeru	ばらける	ichidan	5729
baramaku	ばらまく	godan	4108
baramaku	ばら撒く	godan	4189
baramaku	バラまく	godan	5051
baramaku	バラ撒く	godan	5169
baramaku	ばら蒔く	godan	5930
barasu	バラす	godan	4710
barasu	ばらす	godan	5177
baratsuku	ばらつく	godan	4678
baratsuku	バラつく	godan	4927
bareru	バレる	ichidan	3724
bareru	ばれる	ichidan	4616
baru	ばる	godan	4132
baru	貼る	godan	4763
baru	張る	godan	5127
bassu	罰す	godan	6338
bassuru	罰する	suru	3503
bassuru	ばっする	suru	6389
batatsukaseru	バタつかせる	ichidan	6436
batatsukaseru	ばたつかせる	ichidan	6556
batatsuku	バタつく	godan	4985
batatsuku	ばたつく	godan	5772
bateru	バテる	ichidan	5554
bateru	ばてる	ichidan	6601
batoru	バトる	godan	6403
bazuru	バズる	godan	4433
bengiwohakaru	便宜を図る	godan	5862
bengiwohakaru	便宜をはかる	godan	6419
bensuru	便する	suru	4994
bensuru	べんする	suru	6695
benzuru	弁ずる	zuru	5032
benzuru	べんずる	zuru	6955
benzuru	便ずる	zuru	6967
betatsuku	ベタつく	godan	4136
betatsuku	べたつく	godan	4435
betatsuku	べた付く	godan	5974
betotsuku	べとつく	godan	5491
betotsuku	ベトつく	godan	5757
bibiru	ビビる	godan	4238
bibiru	びびる	godan	5293
bikkowohiku	びっこを引く	godan	6088
bikutsuku	ビクつく	godan	5602
bikutsuku	びくつく	godan	6491
biniirisaiwougatsu	微に入り細を穿つ	godan	6633
bodaiwotomurau	菩提を弔う	godan	6148
bokasu	ぼかす	godan	4612
bokeru	ボケる	ichidan	4806
bokeru	ぼける	ichidan	5644
bokeru	呆ける	ichidan	6747
bokeru	惚ける	ichidan	6809
bokoru	ボコる	godan	5417
bokusuru	卜する	suru	6793
bokusuru	ぼくする	suru	6797
boru	ぼる	godan	4493
bossu	没す	godan	5998
bossuru	没する	suru	4087
bossuru	ぼっする	suru	6891
bottakuru	ぼったくる	godan	5888
bounifuru	棒に振る	godan	5473
bousuru	ぼうする	suru	5640
bousuru	忘する	suru	6490
boyakasu	ぼやかす	godan	6174
boyakeru	ぼやける	ichidan	4759
boyaku	ぼやく	godan	4564
boyaku	ボヤく	godan	5008
buchiataru	ぶち当たる	godan	5016
buchiataru	ぶちあたる	godan	6168
buchiataru	ブチ当たる	godan	6493
buchiateru	ぶち当てる	ichidan	6159
buchigireru	ブチギレる	ichidan	5266
buchigireru	ぶち切れる	ichidan	6645
buchikamasu	ぶちかます	godan	5460
buchikamasu	ブチかます	godan	6364
buchikireru	ブチ切れる	ichidan	5187
buchikireru	ブチキレる	ichidan	6508
buchikireru	ぶち切れる	ichidan	6645
buchikomu	ぶち込む	godan	4850
buchikomu	ぶちこむ	godan	5715
buchikomu	ブチ込む	godan	5819
buchikowasu	ぶち壊す	godan	5005
buchikowasu	ブチ壊す	godan	6281
buchikowasu	打ち壊す	godan	6375
buchikowasu	ぶちこわす	godan	6485
buchimakeru	ぶちまける	ichidan	4993
buchimakeru	ぶち撒ける	ichidan	6508
buchinomesu	ぶちのめす	godan	5790
buchinomesu	ブチのめす	godan	6606
buchinuku	ぶち抜く	godan	4655
buchinuku	打ち抜く	godan	4936
buchiyaburu	ぶち破る	godan	5815
buiikikaesu	ぶっ生き返す	godan	6459
bukkakeru	ぶっかける	ichidan	5278
bukkakeru	ぶっ掛ける	ichidan	5881
bukkoku	ぶっこく	godan	5782
bukkomu	ぶっこむ	godan	5653
bukkomu	ぶっ込む	godan	5759
bukkonuku	ぶっこ抜く	godan	5631
bukkonuku	ブッコ抜く	godan	6272
bukkonuku	ぶっこぬく	godan	6606
bukkorosu	ぶっ殺す	godan	5222
bukkowareru	ぶっ壊れる	ichidan	5089
bukkowareru	ぶっこわれる	ichidan	6930
bukkowasu	ぶっ壊す	godan	4747
bukkowasu	ブッ壊す	godan	6398
bukkowasu	ぶっこわす	godan	6553
bundoru	ぶんどる	godan	5791
bundoru	分捕る	godan	6681
bunmawasu	ぶん回す	godan	5452
bunmawasu	ブン回す	godan	6098
bunnageru	ぶん投げる	ichidan	5530
bunnaguru	ぶん殴る	godan	5281
bunnaguru	ぶんなぐる	godan	6658
buppanasu	ぶっ放す	godan	5134
buppanasu	ぶっぱなす	godan	5979
burasagareru	ぶら下がれる	ichidan	6309
burasagaru	ぶら下がる	godan	4869
burasagaru	ぶらさがる	godan	5913
burasageru	ぶら下げる	ichidan	4882
burasageru	ぶらさげる	ichidan	6057
buratsuku	ぶらつく	godan	4967
bureru	ブレる	ichidan	4523
bureru	ぶれる	ichidan	4858
burikaesu	ぶり返す	godan	5411
burikaesu	ぶりかえす	godan	6822
buroguru	ブログる	godan	6739
buru	ぶる	godan	3812
buru	振る	godan	4917
bussasaru	ぶっ刺さる	godan	5596
bussasaru	ぶっささる	godan	6883
bussasu	ぶっ刺す	godan	6081
bussasu	ぶっさす	godan	6624
busu	ぶす	godan	4822
butchakeru	ぶっちゃける	ichidan	5149
butchigiru	ぶっちぎる	godan	5752
butsu	ぶつ	godan	3853
butsu	打つ	godan	4555
butsugiwokamosu	物議を醸す	godan	5340
butsugiwokamosu	物議をかもす	godan	6331
butsukaru	ぶつかる	godan	3778
butsukeau	ぶつけ合う	godan	4393
butsukeru	ぶつける	ichidan	3926
buttagiru	ぶった切る	godan	5553
buttagiru	ぶった斬る	godan	5694
buttagiru	ぶったぎる	godan	6590
buttamageru	ぶったまげる	ichidan	6457
buttaoreru	ぶっ倒れる	ichidan	5546
buttaosu	ぶっ倒す	godan	5876
buttataku	ぶっ叩く	godan	5139
buttataku	ぶったたく	godan	5815
buttobasu	ぶっ飛ばす	godan	4933
buttobasu	ぶっとばす	godan	5798
buttobu	ぶっ飛ぶ	godan	5232
buttobu	ぶっとぶ	godan	6453
buttsubusu	ぶっ潰す	godan	5506
buttsubusu	ぶっつぶす	godan	6501
buttsukeru	ぶっつける	ichidan	6878
chachawoireru	茶々を入れる	ichidan	6521
chakasu	茶化す	godan	5303
chakasu	ちゃかす	godan	6539
chau	ちゃう	godan	2201
chauchau	ちゃうちゃう	godan	5302
chawonigosu	茶を濁す	godan	6941
chawotateru	茶を点てる	ichidan	6486
chawotateru	茶をたてる	ichidan	6961
chibashiru	血走る	godan	6658
chibiru	ちびる	ichidan	5789
chibiru	チビる	ichidan	6231
chichikuriau	乳繰り合う	godan	6353
chichikuriau	ちちくりあう	godan	6974
chidechiwoarau	血で血を洗う	godan	4874
chidikomaru	縮こまる	godan	5743
chidimaru	縮まる	godan	4559
chidimaru	ちぢまる	godan	6971
chidimeru	縮める	ichidan	4049
chidimeru	ちぢめる	ichidan	6760
chidimiagaru	縮み上がる	godan	6630
chidimu	縮む	godan	4409
chidimu	ちぢむ	godan	6456
chidireru	縮れる	ichidan	6372
chiewoshiboru	知恵を絞る	godan	6425
chigaeru	違える	ichidan	5778
chigaeru	ちがえる	ichidan	6307
chigakayou	血が通う	godan	6029
chigasawagu	血が騒ぐ	godan	6115
chigau	違う	godan	1164
chigau	ちがう	godan	3132
chigireru	ちぎれる	ichidan	5069
chigireru	千切れる	ichidan	5511
chigiriwomusubu	契りを結ぶ	godan	6940
chigiru	ちぎる	godan	4720
chigiru	千切る	godan	5972
chigiru	契る	godan	6191
chiisakuundeookikusodateru	小さく産んで大きく育てる	ichidan	6917
chijikomaru	縮こまる	godan	6894
chijimaru	縮まる	godan	5710
chijimeru	縮める	ichidan	5200
chijimu	縮む	godan	5560
chikanimoguru	地下に潜る	godan	6211
chikaratsukiru	力尽きる	ichidan	5094
chikarawoawaseru	力を合わせる	ichidan	5033
chikarawoireru	力を入れる	ichidan	3988
chikarawokariru	力を借りる	ichidan	4573
chikarawokasu	力を貸す	godan	5452
chikarawokomeru	力を込める	ichidan	5078
chikarawonuku	力を抜く	godan	4194
chikarawososogu	力を注ぐ	godan	4795
chikarawotsukusu	力を尽くす	godan	5394
chikarazukeru	力づける	ichidan	5943
chikau	誓う	godan	3298
chikau	ちかう	godan	5497
chikayoreru	近寄れる	ichidan	6171
chikayoru	近寄る	godan	4692
chikayoru	ちかよる	godan	6896
chikazukeru	近づける	ichidan	3551
chikazukeru	近付ける	ichidan	5117
chikazukeru	ちかづける	ichidan	6872
chikazuku	近づく	godan	2329
chikazuku	近付く	godan	3713
chikazuku	ちかづく	godan	5273
chikuru	チクる	godan	5681
chikuru	ちくる	godan	6382
chimatsuriniageru	血祭りにあげる	ichidan	6646
chimatsuriniageru	血祭りに上げる	ichidan	6820
chimayou	血迷う	godan	6074
chimichiwoageru	血道を上げる	ichidan	6651
chimichiwoageru	血道をあげる	ichidan	6840
chinamu	ちなむ	godan	4936
chinamu	因む	godan	5231
chiniochiru	地に落ちる	ichidan	5863
chinmokuwoyaburu	沈黙を破る	godan	6936
chinokayou	血の通う	godan	6285
chinokegahiku	血の気が引く	godan	5920
chinuru	ちぬる	godan	6933
chinzuru	陳ずる	zuru	6553
chirabaru	散らばる	godan	4657
chirabaru	ちらばる	godan	6287
chirakaru	散らかる	godan	5033
chirakaru	ちらかる	godan	6806
chirakasu	散らかす	godan	4924
chirakasu	ちらかす	godan	5936
chirasu	散らす	godan	4164
chirasu	ちらす	godan	5218
chiratsuku	ちらつく	godan	4003
chiratsuku	チラつく	godan	4480
chiribameru	散りばめる	ichidan	5342
chiribameru	ちりばめる	ichidan	5958
chiriisogu	散り急ぐ	godan	6638
chirimotsumorebayamatonaru	塵も積もれば山となる	godan	5573
chirishiku	散り敷く	godan	5867
chirishiku	ちりしく	godan	6471
chiriyuku	散りゆく	godan-iku	1763
chiriyuku	散り行く	godan-iku	2841
chiru	散る	godan	4023
chiru	ちる	godan	4464
chiwakinikuodoru	血湧き肉躍る	godan	5997
chiwakinikuodoru	血沸き肉踊る	godan	6848
chiwohiku	血を引く	godan	5604
chiwonagasu	血を流す	godan	5793
chochogireru	ちょちょぎれる	ichidan	6396
chongiru	ちょん切る	godan	6413
choromakasu	ちょろまかす	godan	6477
choujiriwoawaseru	帳尻を合わせる	ichidan	6014
choujiru	長じる	ichidan	6523
choushizuku	調子づく	godan	5967
choushizuku	調子付く	godan	6677
chousuru	徴する	suru	4506
chousuru	ちょうする	suru	5508
chousuru	朝する	suru	5688
chousuru	弔する	suru	6797
chousuru	寵する	suru	6902
chouzuru	長ずる	zuru	5208
chuuiwoharau	注意を払う	godan	4001
chuuiwoharau	注意をはらう	godan	5829
chuuniuku	宙に浮く	godan	4543
chuusuru	注する	suru	5262
chuusuru	誅する	suru	5568
chuusuru	冲する	suru	5913
chuusuru	ちゅうする	suru	5981
chuusuru	註する	suru	6483
chuusuru	沖する	suru	6528
daberu	だべる	godan	6365
daberu	駄弁る	godan	6422
daberu	ダベる	godan	6519
dabinifusu	荼毘に付す	godan	6659
daburu	ダブる	godan	5445
daburu	だぶる	godan	5512
dabutsuku	ダブつく	godan	5594
dabutsuku	だぶつく	godan	5742
dadawokoneru	駄々をこねる	ichidan	5508
dadawokoneru	だだをこねる	ichidan	6483
dafuru	ダフる	godan	6079
daihashouwokaneru	大は小を兼ねる	ichidan	5157
daihashouwokaneru	大は小をかねる	ichidan	6836
daijiniitaru	大事に至る	godan	6636
daisu	題す	godan	6188
daisuru	題する	suru	3465
daisuru	だいする	suru	6138
dakeru	抱ける	ichidan	5449
dakeru	だける	ichidan	5524
dakiaeru	抱き合える	ichidan	6666
dakiageru	抱き上げる	ichidan	5372
dakiau	抱き合う	godan	4114
dakiau	だきあう	godan	6996
dakiawaseru	抱き合わせる	ichidan	6582
dakikakaeru	抱きかかえる	ichidan	5324
dakikakaeru	抱き抱える	ichidan	6217
dakikomu	抱き込む	godan	6022
dakiokosu	抱き起こす	godan	6662
dakishimeru	抱きしめる	ichidan	4143
dakishimeru	抱き締める	ichidan	5596
dakishimeru	だきしめる	ichidan	6457
dakitomeru	抱きとめる	ichidan	6239
dakitomeru	抱き留める	ichidan	6885
dakitomeru	抱き止める	ichidan	6988
dakitsuku	抱きつく	godan	4074
dakitsuku	抱き着く	godan	5142
dakitsuku	だきつく	godan	6419
dakiyoseru	抱き寄せる	ichidan	5421
daku	抱く	godan	2952
daku	だく	godan	3803
dakusuru	だくする	suru	6584
damarikokuru	黙りこくる	godan	6776
damarikomu	黙り込む	godan	5532
damaru	黙る	godan	4839
damaru	だまる	godan	5811
damashitoru	だまし取る	godan	5312
damashitoru	騙し取る	godan	5387
damashitoru	だましとる	godan	6721
damasu	騙す	godan	4344
damasu	だます	godan	4874
daminwomusaboru	惰眠をむさぼる	godan	6860
danjiru	断じる	ichidan	5316
danmariwokimekomu	だんまりを決め込む	godan	6706
danwotoru	暖を取る	godan	5598
danzuru	断ずる	zuru	4659
danzuru	談ずる	zuru	5597
danzuru	弾ずる	zuru	6313
danzuru	だんずる	zuru	6859
darakeru	だらける	ichidan	5925
dareru	ダレる	ichidan	5304
dareru	だれる	ichidan	5729
daseru	出せる	ichidan	2961
daseru	だせる	ichidan	4664
dashiaeru	出し合える	ichidan	5746
dashiau	出し合う	godan	4204
dashiau	だしあう	godan	6951
dashikireru	出し切れる	ichidan	5380
dashikiru	出し切る	godan	4760
dashinukeru	出し抜ける	ichidan	6145
dashinuku	出し抜く	godan	4375
dashinuku	だしぬく	godan	6699
dashioshimu	出し惜しむ	godan	6582
dashishiburu	出し渋る	godan	6029
dasseru	脱せる	ichidan	6676
dassu	脱す	godan	6329
dassuru	脱する	suru	3593
dassuru	だっする	suru	6839
dasu	出す	godan	2262
dasu	だす	godan	4004
dasu	堕す	godan	6467
dasuru	堕する	suru	5239
dasuru	だする	suru	5547
datsu	立つ	godan	4402
deaeru	出会える	ichidan	3313
deaeru	出合える	ichidan	5162
deaeru	であえる	ichidan	6025
dearukeru	出歩ける	ichidan	5961
dearuku	出歩く	godan	4114
dearuku	であるく	godan	6056
deau	出会う	godan	2311
deau	出逢う	godan	3941
deau	出合う	godan	4247
deau	であう	godan	4761
deau	出遭う	godan	5448
deau	出あう	godan	5535
debanawokujiku	出鼻をくじく	godan	5826
debanawokujiku	出鼻を挫く	godan	5976
debaru	出張る	godan	6084
deburu	デブる	godan	6402
dehajimeru	ではじめる	ichidan	5552
deharau	出払う	godan	6285
dekakeru	出かける	ichidan	3328
dekakeru	出掛ける	ichidan	4299
dekakeru	でかける	ichidan	5039
dekasu	でかす	godan	6026
dekasu	出来す	godan	6445
dekeru	でける	ichidan	6034
dekiagaru	出来上がる	godan	4020
dekiagaru	できあがる	godan	4582
dekiagaru	でき上がる	godan	5626
dekiagaru	出来上る	godan	6716
dekiru	できる	ichidan	0
dekiru	出来る	ichidan	804
dekiru	デキる	ichidan	4492
dekiru	出切る	godan	6095
dekoru	デコる	godan	5468
dekuwasu	出くわす	godan	4552
dekuwasu	でくわす	godan	6452
dekuwasu	出会す	godan	6525
demawaru	出回る	godan	4221
demawaru	でまわる	godan	6070
demukaeru	出迎える	ichidan	4730
demukeru	出向ける	ichidan	6809
demuku	出向く	godan	3560
demuku	でむく	godan	6494
denaosu	出直す	godan	5428
deokureru	出遅れる	ichidan	5312
depparu	出っ張る	godan	5582
dereru	デレる	ichidan	5060
deru	出る	ichidan	41
deru	でる	ichidan	1269
deshabaru	出しゃばる	godan	5724
deshabaru	でしゃばる	godan	5877
desorou	出揃う	godan	4713
desorou	出そろう	godan	5127
desorou	でそろう	godan	5878
desugiru	出過ぎる	ichidan	5449
desugiru	ですぎる	ichidan	6850
detchiageru	でっち上げる	ichidan	5515
detchiageru	でっちあげる	ichidan	5866
detsukusu	出尽くす	godan	6720
dhisuru	ディスる	godan	5073
dhisuru	disる	godan	5705
dogasugiru	度が過ぎる	ichidan	5517
dogimowonukareru	度肝を抜かれる	ichidan	5373
dohatsutenwotsuku	怒髪天を衝く	godan	5746
dohatsutenwotsuku	怒髪天を突く	godan	6467
dokasu	どかす	godan	5393
dokasu	退かす	godan	6216
dokeru	どける	ichidan	5509
dokeru	退ける	ichidan	6777
doku	どく	godan	3091
doku	退く	godan	6138
dokusuru	毒する	suru	5398
dokusuru	どくする	suru	6258
dokuzuku	毒づく	godan	5047
domoru	どもる	godan	5630
domoru	吃る	godan	6463
donarichirasu	怒鳴り散らす	godan	5470
donarikomu	怒鳴り込む	godan	6374
donaritsukeru	怒鳴りつける	ichidan	5440
donaritsukeru	怒鳴り付ける	ichidan	6905
donaritsukeru	どなりつける	ichidan	6925
donaru	怒鳴る	godan	4548
donaru	どなる	godan	5931
donsuru	鈍する	suru	4899
donsuru	どんする	suru	6699
doosu	通す	godan	4911
dorowokaburu	泥をかぶる	godan	6861
dosuru	度する	suru	5404
dotsubonihamaru	ドツボにはまる	godan	6164
dotsuku	どつく	godan	5234
doujiru	動じる	ichidan	5231
doukizukeru	動機づける	ichidan	5914
doukizukeru	動機付ける	ichidan	6267
douzuru	動ずる	zuru	5541
douzuru	同ずる	zuru	5964
douzuru	どうずる	zuru	6730
dowokosu	度を越す	godan	6336
dowoushinau	度を失う	godan	6171
doyaru	ドヤる	godan	5492
doyasu	どやす	godan	6901
doyomeku	どよめく	godan	4738
ebaru	えばる	godan	6026
egakeru	描ける	ichidan	3916
egakidaseru	描き出せる	ichidan	6217
egakidasu	描き出す	godan	4258
egakidasu	描きだす	godan	5593
egaku	描く	godan	2106
egaku	えがく	godan	4649
egaku	画く	godan	5075
egaku	畫く	godan	6519
egureru	えぐれる	ichidan	6119
egureru	抉れる	ichidan	6717
eguridasu	えぐり出す	godan	6019
eguridasu	抉り出す	godan	6192
eguritoru	えぐり取る	godan	6556
eguritoru	抉り取る	godan	6682
eguru	えぐる	godan	5059
eguru	抉る	godan	6063
eijiru	詠じる	ichidan	6840
eikiwoyashinau	英気を養う	godan	5371
eikiwoyashinau	鋭気を養う	godan	6456
eiyuuirowokonomu	英雄色を好む	godan	6731
eizuru	えいずる	zuru	5469
eizuru	映ずる	zuru	5595
eizuru	詠ずる	zuru	5619
ekisuru	益する	suru	4908
ekisuru	役する	suru	5312
ekisuru	えきする	suru	6520
emu	えむ	godan	4632
emu	笑む	godan	5607
engiwokatsugu	縁起を担ぐ	godan	6339
engiwokatsugu	縁起をかつぐ	godan	6589
eninaru	絵になる	godan	4637
eninaru	画になる	godan	5764
enjiru	演じる	ichidan	2638
enjiru	えんじる	ichidan	6958
enjiwakeru	演じ分ける	ichidan	5173
ensuru	えんする	suru	5483
ensuru	怨する	suru	6880
enwoegaku	円を描く	godan	6641
enwokiru	縁を切る	godan	5132
enwomusubu	縁を結ぶ	godan	6275
enzuku	縁づく	godan	6793
enzuku	縁付く	godan	6793
enzuru	演ずる	zuru	3883
enzuru	えんずる	zuru	6864
eraberu	選べる	ichidan	2768
eraberu	えらべる	ichidan	4951
erabidaseru	選び出せる	ichidan	6754
erabidasu	選び出す	godan	5239
erabidasu	選びだす	godan	6825
erabitoreru	選び取れる	ichidan	6138
erabitoru	選び取る	godan	5109
erabiwakeru	選び分ける	ichidan	5995
erabu	選ぶ	godan	2053
erabu	えらぶ	godan	4718
erabu	択ぶ	godan	6649
erabu	撰ぶ	godan	6727
eraburu	偉ぶる	godan	6042
erinuku	選り抜く	godan	6847
erisuguru	選りすぐる	godan	6752
eriwakeru	選り分ける	ichidan	6372
eriwotadasu	襟を正す	godan	6415
eru	得る	ichidan	2299
eru	える	ichidan	3687
eru	獲る	ichidan	4263
eru	える	godan	5275
eru	彫る	godan	6165
essuru	閲する	suru	6058
essuru	えっする	suru	6640
etsunihitaru	悦に浸る	godan	6209
etsuniiru	悦に入る	godan	5870
ezuku	えづく	godan	5677
ezuku	餌付く	godan	5862
fabyoru	ファビョる	godan	5679
fubuku	吹雪く	godan	4972
fubuku	ふぶく	godan	5708
fuchidoru	縁取る	godan	5407
fuchidoru	縁どる	godan	6641
fuchidoru	ふちどる	godan	6646
fudewooku	筆を置く	godan	5496
fudewooku	筆を擱く	godan	6282
fudewooru	筆を折る	godan	6546
fudewotoru	筆を執る	godan	6247
fueru	増える	ichidan	2488
fueru	ふえる	ichidan	4860
fueru	殖える	ichidan	5858
fuhyouwokau	不評を買う	godan	6210
fuinisuru	ふいにする	suru	5745
fukamaru	深まる	godan	3620
fukamaru	ふかまる	godan	6537
fukameru	深める	ichidan	2985
fukameru	ふかめる	ichidan	6502
fukasu	蒸す	godan	4531
fukasu	吹かす	godan	5477
fukasu	ふかす	godan	5564
fukasu	蒸かす	godan	5634
fukasu	更かす	godan	6538
fukekomu	老け込む	godan	5991
fukeru	ふける	ichidan	4698
fukeru	吹ける	ichidan	4948
fukeru	老ける	ichidan	5122
fukeru	拭ける	ichidan	5139
fukeru	耽る	godan	5223
fukeru	更ける	ichidan	5475
fukeru	ふける	godan	6326
fukeru	フケる	ichidan	6886
fukeru	耽ける	ichidan	6996
fukeyuku	ふけゆく	godan-iku	3290
fukeyuku	更け行く	godan-iku	3362
fukeyuku	更けゆく	godan-iku	3596
fukiagaru	吹き上がる	godan	5499
fukiagaru	噴き上がる	godan	5957
fukiageru	拭き上げる	ichidan	5424
fukiageru	吹き上げる	ichidan	5518
fukiageru	噴き上げる	ichidan	5977
fukiageru	ふきあげる	ichidan	6865
fukiareru	吹き荒れる	ichidan	4760
fukidamaru	吹き溜まる	godan	6921
fukidasu	吹き出す	godan	4681
fukidasu	噴き出す	godan	4884
fukidasu	噴出す	godan	6111
fukidasu	吹きだす	godan	6491
fukidasu	ふきだす	godan	6565
fukidasu	吹出す	godan	6960
fukideru	吹き出る	ichidan	5468
fukiharau	吹き払う	godan	5911
fukikaeru	葺き替える	ichidan	5713
fukikaeru	吹き替える	ichidan	6050
fukikaesu	吹き返す	godan	6060
fukikakeru	吹きかける	ichidan	4667
fukikakeru	ふきかける	ichidan	6423
fukikakeru	吹き掛ける	ichidan	6496
fukikesu	吹き消す	godan	5695
fukikoboreru	吹きこぼれる	ichidan	5834
fukikoboreru	ふきこぼれる	ichidan	6665
fukikomeru	吹き込める	ichidan	6223
fukikomu	吹き込む	godan	4225
fukikomu	ふきこむ	godan	6756
fukimakuru	吹きまくる	godan	5978
fukinarasu	吹き鳴らす	godan	6206
fukinukeru	吹き抜ける	ichidan	4707
fukinukeru	ふきぬける	ichidan	6985
fukiorosu	吹き下ろす	godan	6069
fukiorosu	吹き降ろす	godan	6469
fukisusabu	吹きすさぶ	godan	5363
fukisusabu	吹き荒ぶ	godan	5833
fukisusabu	ふきすさぶ	godan	6973
fukitobaseru	吹き飛ばせる	ichidan	6287
fukitobasu	吹き飛ばす	godan	4152
fukitobasu	ふきとばす	godan	6189
fukitobasu	吹きとばす	godan	6781
fukitobu	吹き飛ぶ	godan	4648
fukitobu	ふきとぶ	godan	6899
fukitoreru	拭き取れる	ichidan	5339
fukitoru	拭き取る	godan	4105
fukitoru	ふき取る	godan	4834
fukitoru	ふきとる	godan	5707
fukitsukeru	吹き付ける	ichidan	4699
fukitsukeru	吹きつける	ichidan	5367
fukitsukeru	ふきつける	ichidan	6804
fukiwakeru	吹き分ける	ichidan	6833
fukiwataru	吹き渡る	godan	5883
fukiyoseru	吹き寄せる	ichidan	6532
fukkakeru	ふっかける	ichidan	5763
fukkakeru	吹っ掛ける	ichidan	6168
fukkakeru	吹っかける	ichidan	6354
fukkireru	吹っ切れる	ichidan	5816
fukkireru	ふっきれる	ichidan	6971
fukkiru	吹っ切る	godan	6020
fuku	吹く	godan	2693
fuku	拭く	godan	2998
fuku	ふく	godan	3431
fuku	噴く	godan	4374
fuku	葺く	godan	4678
fukufuku	ふくふく	godan	5481
fukumaru	ふくまる	godan	5587
fukumaru	含まる	godan	6650
fukumeru	含める	ichidan	3306
fukumeru	ふくめる	ichidan	6227
fukumu	含む	godan	1977
fukumu	ふくむ	godan	5034
fukuramaseru	ふくらませる	ichidan	5376
fukuramaseru	膨らませる	ichidan	5512
fukuramasu	膨らます	godan	5192
fukuramasu	ふくらます	godan	6158
fukuramu	膨らむ	godan	3982
fukuramu	ふくらむ	godan	4883
fukureagaru	膨れ上がる	godan	5176
fukureagaru	ふくれあがる	godan	6709
fukureru	膨れる	ichidan	5157
fukureru	ふくれる	ichidan	5845
fukusenwoharu	伏線を張る	godan	6830
fukusu	ふくす	godan	5653
fukusu	服す	godan	5802
fukusu	復す	godan	6207
fukusuru	復する	suru	3536
fukusuru	服する	suru	3913
fukusuru	ふくする	suru	5463
fukuwoyobu	福を呼ぶ	godan	6173
fukyouwokau	不興を買う	godan	6668
fumaeru	踏まえる	ichidan	3918
fumaeru	ふまえる	ichidan	5385
fumeru	踏める	ichidan	4930
fumeru	ふめる	ichidan	6331
fumiageru	踏み上げる	ichidan	6722
fumiarasu	踏み荒らす	godan	6371
fumidaseru	踏み出せる	ichidan	4577
fumidasu	踏み出す	godan	3629
fumidasu	踏みだす	godan	5915
fumidasu	ふみだす	godan	6353
fumihazusu	踏み外す	godan	5431
fumiireru	踏み入れる	ichidan	5280
fumiiru	踏み入る	godan	5743
fumikaeru	踏み変える	ichidan	6965
fumikireru	踏み切れる	ichidan	5949
fumikiru	踏み切る	godan	4582
fumikiru	踏みきる	godan	6858
fumikoeru	踏み越える	ichidan	5951
fumikomeru	踏み込める	ichidan	5492
fumikomu	踏み込む	godan	4181
fumikomu	踏みこむ	godan	6152
fumikomu	ふみこむ	godan	6859
fumimayou	踏み迷う	godan	6616
fuminarasu	踏み鳴らす	godan	5995
fuminarasu	踏みならす	godan	6806
fuminijiru	踏みにじる	godan	5012
fuminijiru	踏み躙る	godan	6217
fuminijiru	ふみにじる	godan	6672
fuminuku	踏み抜く	godan	5099
fumishidaku	踏みしだく	godan	6299
fumishimeru	踏みしめる	ichidan	5241
fumishimeru	踏み締める	ichidan	6392
fumitaoseru	踏み倒せる	ichidan	5578
fumitaosu	踏み倒す	godan	5264
fumitodomareru	踏みとどまれる	ichidan	6279
fumitodomaru	踏みとどまる	godan	5192
fumitodomaru	踏み止まる	godan	6360
fumitodomaru	踏み留まる	godan	6921
fumitsubusu	踏み潰す	godan	5610
fumitsubusu	踏みつぶす	godan	6063
fumitsukeru	踏みつける	ichidan	5002
fumitsukeru	踏み付ける	ichidan	6485
fumitsukeru	ふみつける	ichidan	6708
fumonnifusu	不問に付す	godan	6670
fumu	踏む	godan	3570
fumu	ふむ	godan	4529
funbareru	踏ん張れる	ichidan	5409
funbaru	踏ん張る	godan	4838
funbaru	ふんばる	godan	5493
funbaru	踏んばる	godan	6990
fundakuru	ふんだくる	godan	6378
funewokogu	船を漕ぐ	godan	6579
funewokogu	船をこぐ	godan	6755
funewokogu	舟を漕ぐ	godan	6762
funewokogu	舟をこぐ	godan	6898
fungiriwotsukeru	踏ん切りをつける	ichidan	6545
funiochiru	腑に落ちる	ichidan	4814
funsuru	扮する	suru	3473
funsuru	ふんする	suru	4273
funzorikaeru	ふんぞり返る	godan	6240
funzukeru	踏んづける	ichidan	6257
furaseru	降らせる	ichidan	4812
furaseru	ふらせる	ichidan	6712
furasu	降らす	godan	5282
furasu	ふらす	godan	6383
furatsuku	ふらつく	godan	4221
fureaeru	触れ合える	ichidan	4489
fureaeru	ふれあえる	ichidan	5036
fureau	触れ合う	godan	3336
fureau	ふれあう	godan	4044
fureau	触れあう	godan	4853
fureau	ふれ合う	godan	5133
furemawaru	触れ回る	godan	6421
fureru	触れる	ichidan	2750
fureru	ふれる	ichidan	4185
fureru	振れる	ichidan	4484
furiageru	振り上げる	ichidan	5073
furiaogu	振り仰ぐ	godan	6811
furiateru	振り当てる	ichidan	6957
furiau	触り合う	godan	6233
furiau	触合う	godan	6691
furiau	ふりあう	godan	6841
furidashinimodoru	ふりだしに戻る	godan	6432
furidashinimodoru	振り出しに戻る	godan	6474
furidasu	降り出す	godan	5265
furidasu	振り出す	godan	5605
furiharaeru	振り払える	ichidan	6766
furiharau	振り払う	godan	4406
furiharau	ふりはらう	godan	5659
furiharau	振りはらう	godan	6868
furihodoku	振りほどく	godan	5279
furihodoku	振り解く	godan	5985
furihodoku	ふりほどく	godan	6225
furiireru	振り入れる	ichidan	6322
furiireru	ふり入れる	ichidan	6672
furikaburu	振りかぶる	godan	5710
furikaerimiru	振り返り見る	ichidan	6307
furikaeru	振り返る	godan	2998
furikaeru	振り替える	ichidan	5111
furikaeru	ふりかえる	ichidan	5132
furikaeru	ふり返る	godan	5276
furikaeru	振替える	ichidan	6151
furikaeru	振返る	godan	6187
furikaeru	ふりかえる	godan	6204
furikaesu	振り返す	godan	6139
furikakaru	降りかかる	godan	5001
furikakaru	ふりかかる	godan	5659
furikakaru	降り掛かる	godan	6342
furikakeru	振りかける	ichidan	4722
furikakeru	ふりかける	ichidan	4889
furikakeru	振り掛ける	ichidan	5980
furikazasu	振りかざす	godan	4990
furikazasu	ふりかざす	godan	6120
furikazasu	振り翳す	godan	6798
furikireru	振り切れる	ichidan	5409
furikiru	振り切る	godan	4833
furikiru	ふりきる	godan	6885
furikomeru	振り込める	ichidan	6507
furikomu	振り込む	godan	4750
furikomu	振込む	godan	5915
furikomu	降り込む	godan	6583
furimakeru	振りまける	ichidan	6950
furimaku	振りまく	godan	4212
furimaku	ふりまく	godan	4967
furimaku	振り撒く	godan	5004
furimawaseru	振り回せる	ichidan	5677
furimawasu	振り回す	godan	4330
furimawasu	振りまわす	godan	6293
furimawasu	ふりまわす	godan	6304
furimidasu	振り乱す	godan	5858
furimukeru	振り向ける	ichidan	5258
furimuku	振り向く	godan	3606
furimuku	ふりむく	godan	5106
furimuku	ふり向く	godan	5499
furinuku	振り抜く	godan	4377
furiochiru	降り落ちる	ichidan	6995
furiorosu	振り下ろす	godan	4884
furiorosu	振り降ろす	godan	6994
furiotosu	振り落とす	godan	5786
furishiboru	振り絞る	godan	5461
furishiboru	ふりしぼる	godan	6694
furishikiru	降りしきる	godan	4928
furishikiru	ふりしきる	godan	6341
furishikiru	降り頻る	godan	6601
furishiku	ふりしく	godan	6309
furishiku	降り敷く	godan	6668
furisosogu	降り注ぐ	godan	4145
furisosogu	降りそそぐ	godan	5423
furisosogu	ふりそそぐ	godan	5597
furisosogu	ふり注ぐ	godan	6960
furisuteru	振り捨てる	ichidan	6796
furitsukeru	振り付ける	ichidan	6557
furitsumoru	降り積もる	godan	4988
furitsumoru	ふりつもる	godan	6578
furitsuzuku	降り続く	godan	4200
furiugokasu	振り動かす	godan	6897
furiwakeru	振り分ける	ichidan	4616
furiwakeru	ふりわける	ichidan	6839
furiyamu	降り止む	godan	6427
furoshikiwohirogeru	風呂敷を広げる	ichidan	6933
furu	降る	godan	3385
furu	振る	godan	3420
furu	ふる	godan	3425
furu	触る	godan	4960
furu	古る	godan	6614
furubiru	古びる	ichidan	5877
furueagaru	震え上がる	godan	5635
furueagaru	震えあがる	godan	6032
furueru	震える	ichidan	3753
furueru	ふるえる	ichidan	5047
furueru	振るえる	ichidan	5958
furuinikakeru	ふるいにかける	ichidan	5370
furuinikakeru	篩いにかける	ichidan	6842
furuiokosu	奮い起こす	godan	6473
furuiotosu	ふるい落とす	godan	6067
furuitatsu	奮い立つ	godan	5534
furuiwakeru	ふるい分ける	ichidan	6385
furumaeru	振る舞える	ichidan	5227
furumaeru	ふるまえる	ichidan	6133
furumau	振る舞う	godan	3319
furumau	ふるまう	godan	4153
furumau	振舞う	godan	4252
furuu	振るう	godan	3566
furuu	ふるう	godan	4079
furuu	奮う	godan	5085
furuu	揮う	godan	5640
furuu	震う	godan	6071
furuu	篩う	godan	6378
furuwaseru	震わせる	ichidan	4709
furuwaseru	ふるわせる	ichidan	6398
furuwasu	震わす	godan	5396
furuwasu	ふるわす	godan	6540
fusagaru	塞がる	godan	5299
fusagaru	ふさがる	godan	5534
fusageru	塞げる	ichidan	6218
fusageru	ふさげる	ichidan	6887
fusagikomu	ふさぎ込む	godan	6182
fusagikomu	塞ぎ込む	godan	6204
fusagikomu	ふさぎこむ	godan	6684
fusagu	塞ぐ	godan	4252
fusagu	ふさぐ	godan	4722
fusegeru	防げる	ichidan	3694
fusegeru	ふせげる	ichidan	6722
fusegu	防ぐ	godan	2487
fusegu	ふせぐ	godan	5425
fuseru	伏せる	ichidan	4735
fuseru	ふせる	ichidan	6149
fuseru	伏せる	godan	6286
fuseru	臥せる	godan	6395
fusu	付す	godan	4702
fusu	ふす	godan	5350
fusu	伏す	godan	5592
fusu	臥す	godan	5885
fusu	附す	godan	6260
fusuru	付する	suru	3503
fusuru	附する	suru	5046
fusuru	ふする	suru	5601
fusuru	賦する	suru	6730
futameku	ふためく	godan	6456
futekusareru	ふてくされる	ichidan	5874
futekusareru	不貞腐れる	ichidan	6019
futekusareru	ふて腐れる	ichidan	6863
futeru	ふてる	ichidan	6627
futoreru	太れる	ichidan	5965
futoru	太る	godan	4049
futoru	ふとる	godan	6207
futoru	肥る	godan	6635
futtewaku	降って湧く	godan	6451
futtobasu	ふっとばす	godan	5190
futtobasu	ふっ飛ばす	godan	6218
futtobu	吹っ飛ぶ	godan	4721
futtobu	ふっとぶ	godan	5979
futtobu	ふっ飛ぶ	godan	6728
fuu	ふう	godan	4244
fuujikomeru	封じ込める	ichidan	4850
fuujikomeru	封じこめる	ichidan	6777
fuujikomu	封じ込む	godan	6783
fuujiru	封じる	ichidan	4313
fuujiru	ふうじる	ichidan	6704
fuusuru	ふうする	suru	6490
fuusuru	諷する	suru	6637
fuuunkyuuwotsugeru	風雲急を告げる	ichidan	5965
fuuwokiru	封を切る	godan	6451
fuuzuru	封ずる	zuru	5654
fuyakasu	ふやかす	godan	5265
fuyakeru	ふやける	ichidan	5574
fuyaseru	増やせる	ichidan	3996
fuyaseru	ふやせる	ichidan	6631
fuyaseru	殖やせる	ichidan	6861
fuyasu	増やす	godan	2773
fuyasu	ふやす	godan	5114
fuyasu	殖やす	godan	5716
fuzakeru	ふざける	ichidan	4441
fuzakeru	巫山戯る	ichidan	6957
gaburu	がぶる	godan	6909
gacharu	ガチャる	godan	5663
gachiru	ガチる	godan	5739
gaenzuru	肯んずる	zuru	6555
gaisu	害す	godan	5695
gaisu	がいす	godan	6531
gaisuru	害する	suru	2650
gaisuru	がいする	suru	6391
gaisuru	慨する	suru	6750
gameru	がめる	godan	6502
ganaritateru	がなり立てる	ichidan	6670
ganaritateru	がなりたてる	ichidan	6781
ganbareru	頑張れる	ichidan	3920
ganbareru	がんばれる	ichidan	4994
ganbarinuku	頑張り抜く	godan	5650
ganbarinuku	がんばり抜く	godan	6570
ganbaru	頑張る	godan	3102
ganbaru	がんばる	godan	3844
ganbaru	ガンバる	godan	6226
garyoutenseiwokaku	画竜点睛を欠く	godan	6169
gasatsuku	ガサつく	godan	6392
gasatsuku	がさつく	godan	6599
gaseru	ガセる	godan	6612
gasu	賀す	godan	6767
gasuru	賀する	suru	6200
gasuru	臥する	suru	6207
gasuru	駕する	suru	6366
gasuru	がする	suru	6925
gatatsuku	ガタつく	godan	4829
gatatsuku	がたつく	godan	5440
gatengaiku	合点がいく	godan	5202
gattsuku	がっつく	godan	4892
gawotoosu	我を通す	godan	6384
gekirinnifureru	逆鱗に触れる	ichidan	6093
gekisuru	げきする	suru	4159
gekisuru	檄する	suru	6880
gekiwotobasu	檄を飛ばす	godan	6212
genjiru	減じる	ichidan	5475
genkizukeru	元気づける	ichidan	5005
genkizukeru	元気付ける	ichidan	5924
genzuru	減ずる	zuru	4200
genzuru	現ずる	zuru	5476
genzuru	げんずる	zuru	6844
geroru	ゲロる	godan	6761
geseru	解せる	ichidan	6666
gesuru	解する	suru	5053
gesuru	げする	suru	5543
getawohakaseru	下駄を履かせる	ichidan	6400
gimuzukeru	義務付ける	ichidan	4601
gimuzukeru	義務づける	ichidan	5064
ginjiru	吟じる	ichidan	6232
ginzuru	吟ずる	zuru	5260
giratsuku	ギラつく	godan	5232
giratsuku	ぎらつく	godan	5669
giru	切る	godan	4308
gisu	ぎす	godan	5164
gisu	議す	godan	6626
gisu	擬す	godan	6774
gisuru	ぎする	suru	5114
gisuru	議する	suru	5506
gisuru	擬する	suru	5576
giwoomonjiru	義を重んじる	ichidan	6768
gojiru	誤字る	godan	6864
gokaiwomaneku	誤解を招く	godan	4456
gokaiwomaneku	誤解をまねく	godan	5599
gomakaseru	ごまかせる	ichidan	5264
gomakasu	ごまかす	godan	4463
gomakasu	誤魔化す	godan	4538
gomawotaku	護摩を焚く	godan	6543
gomenkoumuru	御免被る	godan	6861
goneru	ゴネる	ichidan	5684
goneru	ごねる	ichidan	5743
goranniireru	ご覧に入れる	ichidan	6803
gorotsuku	ごろつく	godan	6318
gosuru	伍する	suru	5057
gosuru	ごする	suru	5381
gotakuwonaraberu	御託を並べる	ichidan	6979
gotatsuku	ごたつく	godan	6144
gotenimawaru	後手に回る	godan	5724
gottagaesu	ごった返す	godan	5242
gottagaesu	ごったがえす	godan	6349
gouniittehagounishitagau	郷に入っては郷に従う	godan	6057
gousuru	号する	suru	4532
gousuru	ごうする	suru	5844
gouwoniyasu	業を煮やす	godan	6986
gowasu	ごわす	godan	5379
gowatsuku	ごわつく	godan	5110
gowatsuku	ゴワつく	godan	5239
gozaru	ござる	godan	2553
gozaru	御座る	godan	3765
guchiru	愚痴る	godan	4989
guchiru	グチる	godan	6350
guchiru	ぐちる	godan	6880
gudaru	グダる	godan	5938
guguru	ググる	godan	4562
gunbaiwoageru	軍配を上げる	ichidan	6443
guratsuku	ぐらつく	godan	4428
guratsuku	グラつく	godan	4824
gureru	グレる	ichidan	5624
gureru	ぐれる	ichidan	5874
gurushimu	苦しむ	godan	6286
gusuru	具する	suru	5638
gusuru	ぐする	suru	5903
guusuru	遇する	suru	5385
guusuru	ぐうする	suru	6261
guzuru	ぐずる	godan	5343
guzuru	グズる	godan	5943
guzuru	愚図る	godan	6485
guzutsuku	ぐずつく	godan	5754
guzutsuku	愚図つく	godan	6897
gyosuru	御する	suru	4961
gyosuru	ぎょする	suru	6485
gyouzuru	行ずる	zuru	4827
gyouzuru	ぎょうずる	zuru	6762
gyuujiru	牛耳る	godan	4938
habakareru	憚れる	ichidan	5982
habakaru	はばかる	godan	5727
habakaru	憚る	godan	5791
habameru	阻める	ichidan	6944
habamu	阻む	godan	4381
habamu	はばむ	godan	6157
habatakeru	羽ばたける	ichidan	5441
habatakeru	はばたける	ichidan	6804
habataku	羽ばたく	godan	3521
habataku	はばたく	godan	4352
habataku	羽撃く	godan	5533
habawokikaseru	幅を利かせる	ichidan	5835
habawokikaseru	幅をきかせる	ichidan	6502
habawokikasu	幅を利かす	godan	6612
haberu	侍る	godan	5300
haberu	はべる	godan	5408
habikoru	はびこる	godan	4793
habikoru	蔓延る	godan	4930
habukeru	省ける	ichidan	4205
habukeru	はぶける	ichidan	6388
habuku	省く	godan	3248
habuku	はぶく	godan	5324
haburu	ハブる	godan	6196
hachikireru	はち切れる	ichidan	6089
hachikireru	はちきれる	ichidan	6503
hachougaau	波長が合う	godan	4824
hadadekanjiru	肌で感じる	ichidan	4514
hadakaru	はだかる	godan	6909
hadakeru	開ける	ichidan	4396
hadakeru	はだける	ichidan	6019
hadomewokakeru	歯止めをかける	ichidan	5244
hadomewokakeru	歯止めを掛ける	ichidan	6690
haekawaru	生え変わる	godan	5086
haekawaru	生え替わる	godan	6119
haekawaru	生え換わる	godan	6932
haeru	映える	ichidan	3385
haeru	生える	ichidan	3678
haeru	はえる	ichidan	5347
hafuru	葬る	godan	6473
hagareochiru	剥がれ落ちる	ichidan	5271
hagareochiru	はがれ落ちる	ichidan	6115
hagareru	剥がれる	ichidan	4293
hagareru	はがれる	ichidan	4995
hagareru	剝がれる	ichidan	6460
hagaseru	はがせる	ichidan	4702
hagaseru	剥がせる	ichidan	4851
hagaseru	剥せる	ichidan	6504
hagashitoru	剥がし取る	godan	6621
hagasu	剥がす	godan	4010
hagasu	はがす	godan	4542
hagasu	剝がす	godan	6091
hagasu	剥す	godan	6351
hagauku	歯が浮く	godan	6093
hageagaru	禿げ上がる	godan	6713
hagechirakasu	ハゲ散らかす	godan	6631
hagemaseru	励ませる	ichidan	6462
hagemasu	励ます	godan	4258
hagemasu	はげます	godan	6094
hagemu	励む	godan	3961
hagemu	はげむ	godan	5644
hageochiru	剥げ落ちる	ichidan	6771
hageru	ハゲる	godan	4962
hageru	剥げる	ichidan	5340
hageru	禿げる	ichidan	5415
hageru	はげる	ichidan	5601
hagiawaseru	接ぎ合わせる	ichidan	6871
hagitoru	剥ぎ取る	godan	5495
hagitoru	はぎ取る	godan	6140
hagitoru	はぎとる	godan	6722
hagu	はぐ	godan	4818
hagu	剥ぐ	godan	5166
hagu	矧ぐ	godan	6976
hagu	剝ぐ	godan	6997
hagukumeru	育める	ichidan	5279
hagukumu	育む	godan	3385
hagukumu	はぐくむ	godan	4844
hagukumu	育くむ	godan	6365
hagurakasu	はぐらかす	godan	5404
hagureru	逸れる	ichidan	4898
hagureru	はぐれる	ichidan	5745
haguru	はぐる	godan	5649
haiagaru	這い上がる	godan	4979
haiagaru	はい上がる	godan	6341
haidasu	這い出す	godan	6248
haideru	這い出る	ichidan	5968
haiiru	這い入る	godan	6722
haimawaru	這い回る	godan	5651
haimawaru	はい回る	godan	6688
hainoboru	這い登る	godan	6848
haireru	入れる	ichidan	2533
haireru	はいれる	ichidan	5707
hairikiru	入り切る	godan	6634
hairikomeru	入り込める	ichidan	4932
hairikomu	入り込む	godan	3990
hairikomu	入りこむ	godan	5626
hairikomu	はいりこむ	godan	6858
hairu	入る	godan	2172
hairu	はいる	godan	4714
hairu	這入る	godan	6607
haisu	配す	godan	5710
haisu	はいす	godan	5881
haisu	排す	godan	6398
haisuru	配する	suru	3919
haisuru	拝する	suru	4390
haisuru	排する	suru	4718
haisuru	廃する	suru	4889
haisuru	はいする	suru	5328
haisuru	敗する	suru	6097
haitsukubaru	這いつくばる	godan	5382
haiyoru	這い寄る	godan	5871
haizurimawaru	這いずり回る	godan	6185
haizuru	這いずる	godan	6039
hajiiru	恥じ入る	godan	5928
hajikaku	恥かく	godan	4931
hajikeru	弾ける	ichidan	3859
hajikeru	はじける	ichidan	4463
hajikidasu	弾き出す	godan	5790
hajikidasu	はじき出す	godan	5997
hajikidasu	はじきだす	godan	6271
hajikikaeseru	弾き返せる	ichidan	6688
hajikikaesu	弾き返す	godan	5567
hajikikaesu	はじき返す	godan	6049
hajikitobasu	弾き飛ばす	godan	5380
hajikitobasu	はじき飛ばす	godan	6510
hajiku	弾く	godan	2687
hajiku	はじく	godan	3911
hajiku	彈く	godan	6495
hajimaru	始まる	godan	2510
hajimaru	はじまる	godan	3746
hajimeru	始める	ichidan	2470
hajimeru	はじめる	ichidan	3720
hajimeru	初める	ichidan	5982
hajimeru	創める	ichidan	6888
hajirau	恥じらう	godan	4686
hajirau	はじらう	godan	6267
hajiru	恥じる	ichidan	4754
hajiru	はじる	ichidan	6547
hajiwokaku	恥をかく	godan	4347
hakadoru	捗る	godan	4494
hakadoru	はかどる	godan	4688
hakarau	計らう	godan	5757
hakarau	はからう	godan	6142
hakareru	図れる	ichidan	4260
hakareru	測れる	ichidan	4544
hakareru	計れる	ichidan	5343
hakareru	はかれる	ichidan	5421
hakareru	量れる	ichidan	5951
hakarikaneru	測りかねる	ichidan	6544
hakarikaneru	計りかねる	ichidan	6854
hakarinikakeru	秤にかける	ichidan	6536
hakarishiru	計り知る	godan	6394
hakarishiru	測り知る	godan	6532
hakaru	図る	godan	2775
hakaru	測る	godan	3496
hakaru	はかる	godan	4039
hakaru	計る	godan	4321
hakaru	量る	godan	4959
hakaru	諮る	godan	5663
hakaru	謀る	godan	5688
hakasu	はかす	godan	6542
hakeru	履ける	ichidan	4053
hakeru	はける	ichidan	4996
hakeru	捌ける	ichidan	5092
hakeru	吐ける	ichidan	5255
hakeru	掃ける	ichidan	6536
hakiatsumeru	掃き集める	ichidan	6616
hakichigaeru	履き違える	ichidan	6030
hakichigaeru	はき違える	ichidan	6498
hakichirasu	吐き散らす	godan	6166
hakidaseru	吐き出せる	ichidan	5458
hakidasu	吐き出す	godan	4171
hakidasu	はきだす	godan	6019
hakidasu	吐きだす	godan	6107
hakidasu	はき出す	godan	6159
hakidasu	掃き出す	godan	6315
hakikaeru	履き替える	ichidan	4967
hakikakeru	吐きかける	ichidan	6025
hakikewomoyoosu	吐き気を催す	godan	5973
hakikewomoyoosu	吐き気をもよおす	godan	6187
hakikiyomeru	掃き清める	ichidan	6498
hakikomu	履き込む	godan	5560
hakikomu	穿き込む	godan	6151
hakimodosu	吐き戻す	godan	6190
hakinarasu	履き慣らす	godan	6560
hakisuteru	吐き捨てる	ichidan	5124
hakitsubusu	履き潰す	godan	6324
hakitsubusu	履きつぶす	godan	6494
hakoberu	運べる	ichidan	4317
hakoberu	はこべる	ichidan	6605
hakobiageru	運び上げる	ichidan	6408
hakobidaseru	運び出せる	ichidan	6487
hakobidasu	運び出す	godan	4945
hakobikomeru	運び込める	ichidan	6816
hakobikomu	運び込む	godan	5317
hakobisaru	運び去る	godan	6522
hakobu	運ぶ	godan	3274
hakobu	はこぶ	godan	5177
haku	履く	godan	2731
haku	吐く	godan	2912
haku	はく	godan	3565
haku	穿く	godan	4151
haku	掃く	godan	4441
haku	佩く	godan	5548
haku	噴く	godan	5871
haku	刷く	godan	6344
hakugatsuku	箔が付く	godan	6004
hakuhyouwofumu	薄氷を踏む	godan	6538
hakushagakakaru	拍車が掛かる	godan	6595
hakushawokakeru	拍車をかける	ichidan	5068
hakushawokakeru	拍車を掛ける	ichidan	6333
hakushinimodosu	白紙に戻す	godan	5857
hakusu	博す	godan	4624
hakusu	はくす	godan	6113
hakusuru	博する	suru	4679
hakusuru	はくする	suru	6207
hamarikomu	はまり込む	godan	5926
hamarikomu	はまりこむ	godan	6754
hamaru	ハマる	godan	3558
hamaru	はまる	godan	4157
hamaru	嵌まる	godan	5338
hamaru	嵌る	godan	5635
hamaru	填まる	godan	6936
hamekomeru	はめ込める	ichidan	6314
hamekomu	はめ込む	godan	4655
hamekomu	嵌め込む	godan	5711
hamekomu	はめこむ	godan	5957
hamekomu	ハメ込む	godan	6418
hamekomu	填め込む	godan	6420
hamekorosu	ハメ殺す	godan	6602
hameru	はめる	ichidan	4314
hameru	ハメる	ichidan	5049
hameru	嵌める	ichidan	5161
hameru	填める	ichidan	6660
hamewohazusu	羽目を外す	godan	6530
hamewohazusu	ハメを外す	godan	6701
hamidasu	はみ出す	godan	4630
hamidasu	はみだす	godan	6086
hamideru	はみ出る	ichidan	4637
hamideru	はみでる	ichidan	6242
hamiru	はみる	godan	6854
hamonwoyobu	波紋を呼ぶ	godan	6335
hamoru	ハモる	godan	5573
hamu	はむ	godan	4565
hamu	食む	godan	5257
hamu	喰む	godan	6350
hamukau	歯向かう	godan	4872
hamukau	刃向かう	godan	5270
hamukau	はむかう	godan	5933
hanadeashirau	鼻であしらう	godan	6228
hanadewarau	鼻で笑う	godan	4809
hanahiraku	花開く	godan	3882
hanajiromu	鼻白む	godan	6339
hanamohajirau	花も恥じらう	godan	6150
hanamohajirau	花も恥らう	godan	6791
hananikakeru	鼻にかける	ichidan	6050
hananitsuku	鼻につく	godan	4149
hananitsuku	鼻に付く	godan	5467
hananoshitawonobasu	鼻の下を伸ばす	godan	6632
hanareru	離れる	ichidan	3219
hanareru	はなれる	ichidan	5684
hanareru	放れる	ichidan	6314
hanasaku	花咲く	godan	3579
hanaseru	話せる	ichidan	3184
hanaseru	離せる	ichidan	5704
hanaseru	放せる	ichidan	6013
hanaseru	はなせる	ichidan	6119
hanashiaeru	話し合える	ichidan	4793
hanashiau	話し合う	godan	3069
hanashiau	はなしあう	godan	6530
hanashidasu	話し出す	godan	5110
hanashigachigau	話が違う	godan	4340
hanashigahazumu	話が弾む	godan	5642
hanashigahazumu	話がはずむ	godan	6294
hanashikakeru	話しかける	ichidan	3483
hanashikakeru	話し掛ける	ichidan	5198
hanashikakeru	はなしかける	ichidan	6568
hanashikomu	話し込む	godan	5550
hanashinihanagasaku	話に花が咲く	godan	5040
hanashinihanawosakaseru	話に花を咲かせる	ichidan	5732
hanashinokoshiwooru	話の腰を折る	godan	6313
hanasu	話す	godan	2456
hanasu	離す	godan	3864
hanasu	放す	godan	5068
hanasu	はなす	godan	5108
hanatochiru	花と散る	godan	6557
hanatsu	放つ	godan	3180
hanatsu	はなつ	godan	5368
hanawomotaseru	花を持たせる	ichidan	6345
hanawomotaseru	華を持たせる	ichidan	6869
hanawonarasu	鼻を鳴らす	godan	6260
hanawosakaseru	花を咲かせる	ichidan	4738
hanawosoeru	華を添える	ichidan	5165
hanawosoeru	花を添える	ichidan	5511
hanawotsuku	鼻を突く	godan	5722
hanayagu	華やぐ	godan	4733
hanayagu	はなやぐ	godan	6455
haneagaru	跳ね上がる	godan	4468
haneagaru	はね上がる	godan	6437
haneagaru	ハネ上がる	godan	6456
haneagaru	はねあがる	godan	6710
haneagaru	跳ねあがる	godan	6749
haneageru	跳ね上げる	ichidan	5223
haneageru	はね上げる	ichidan	6497
hanekaeru	跳ね返る	godan	5006
hanekaeru	はね返る	godan	6482
hanekaeseru	跳ね返せる	ichidan	5744
hanekaesu	跳ね返す	godan	4718
hanekaesu	はね返す	godan	5562
hanekaesu	はねかえす	godan	6149
hanekaesu	撥ね返す	godan	6919
hanemawaru	跳ね回る	godan	5694
hanenokeru	はねのける	ichidan	5750
hanenokeru	跳ね除ける	ichidan	5822
hanenokeru	跳ねのける	ichidan	6371
haneokiru	跳ね起きる	ichidan	6788
haneru	跳ねる	ichidan	4192
haneru	はねる	ichidan	4744
haneru	ハネる	ichidan	5593
haneru	刎ねる	ichidan	6075
haneru	撥ねる	ichidan	6218
hanetobasu	跳ね飛ばす	godan	6158
hanetobasu	はね飛ばす	godan	6706
hanetsukeru	はねつける	ichidan	6186
hanikamu	はにかむ	godan	5110
hanjiru	判じる	ichidan	6953
hankiwohirugaesu	反旗を翻す	godan	5512
hansu	反す	godan	6657
hansuru	反する	suru	2370
hansuru	はんする	suru	5629
hanzuru	判ずる	zuru	5646
hanzuru	はんずる	zuru	6056
haoru	羽織る	godan	4197
haoru	はおる	godan	5597
happawokakeru	発破をかける	ichidan	6023
happawokakeru	はっぱをかける	ichidan	6773
haradatsu	腹立つ	godan	4396
haraeru	払える	ichidan	4447
haraeru	はらえる	ichidan	6876
haraidasu	払い出す	godan	5609
haraidasu	払出す	godan	6993
haraikiyomeru	祓い清める	ichidan	5730
haraikiyomeru	払い清める	ichidan	6875
haraikomu	払い込む	godan	5597
haraikomu	払込む	godan	6762
haraimodosu	払い戻す	godan	5514
haraimodosu	払戻す	godan	6797
harainokeru	払いのける	ichidan	6122
harainokeru	払い除ける	ichidan	6442
haraiotosu	払い落とす	godan	5900
haraisageru	払い下げる	ichidan	6490
haraiutsu	払い打つ	godan	6647
haramu	はらむ	godan	5132
haramu	孕む	godan	5196
haraniochiru	腹に落ちる	ichidan	6658
haranisuekaneru	腹に据えかねる	ichidan	6561
haraseru	晴らせる	ichidan	5975
haraseru	はらせる	ichidan	6954
harasu	晴らす	godan	4461
harasu	はらす	godan	5532
harasu	腫らす	godan	6714
haratateru	腹立てる	ichidan	6392
harau	払う	godan	2529
harau	祓う	godan	4107
harau	はらう	godan	4370
harau	拂う	godan	6794
harawasu	払わす	godan	6968
harawataganiekurikaeru	腸が煮えくり返る	godan	6975
harawomitasu	腹を満たす	godan	6194
hareagaru	腫れ上がる	godan	6007
hareagaru	晴れ上がる	godan	6933
hareru	晴れる	ichidan	3987
hareru	貼れる	ichidan	4409
hareru	張れる	ichidan	4476
hareru	腫れる	ichidan	4500
hareru	はれる	ichidan	5038
harewataru	晴れ渡る	godan	5306
harewataru	晴れわたる	godan	6128
harewataru	はれわたる	godan	6706
hariaeru	張り合える	ichidan	5489
hariageru	張り上げる	ichidan	5336
hariau	張り合う	godan	4477
hariau	はりあう	godan	6371
hariawaseru	張り合わせる	ichidan	6150
haridasu	張り出す	godan	5228
haridasu	貼り出す	godan	6053
harikaeru	張り替える	ichidan	4779
harikaeru	貼り替える	ichidan	5440
harikasaneru	貼り重ねる	ichidan	6825
harikiru	張り切る	godan	5207
harikiru	はりきる	godan	6155
harikiru	張りきる	godan	6983
harikomu	張り込む	godan	5871
harikomu	貼り込む	godan	6193
harimeguraseru	張り巡らせる	ichidan	5628
harimegurasu	張り巡らす	godan	6085
harisakeru	張り裂ける	ichidan	5564
haritaosu	張り倒す	godan	6421
haritsukeru	貼り付ける	ichidan	3737
haritsukeru	張り付ける	ichidan	4902
haritsukeru	貼りつける	ichidan	5168
haritsukeru	はりつける	ichidan	6031
haritsukeru	張りつける	ichidan	6445
haritsuku	張り付く	godan	3844
haritsuku	貼り付く	godan	4730
haritsuku	貼りつく	godan	4939
haritsuku	張りつく	godan	5124
haritsuku	はりつく	godan	5135
haritsumeru	張り詰める	ichidan	5803
haritsumeru	張りつめる	ichidan	6294
haru	貼る	godan	3266
haru	張る	godan	3631
haru	はる	godan	3840
harumeku	春めく	godan	4939
harumeku	はるめく	godan	6762
hasamaru	挟まる	godan	4759
hasamaru	はさまる	godan	5905
hasameru	挟める	ichidan	5099
hasameru	はさめる	ichidan	5888
hasamikomeru	挟み込める	ichidan	6278
hasamikomu	挟み込む	godan	4648
hasamikomu	はさみ込む	godan	6490
hasamikomu	はさみこむ	godan	6495
hasamu	挟む	godan	3717
hasamu	はさむ	godan	4511
hasamu	挿む	godan	6589
haseru	はせる	ichidan	4996
haseru	馳せる	ichidan	5097
hasesanjiru	馳せ参じる	ichidan	6094
hasesanzuru	馳せ参ずる	zuru	6144
hashagu	はしゃぐ	godan	4531
hashagu	燥ぐ	godan	6785
hashigowohazusareru	梯子を外される	ichidan	6616
hashirasu	走らす	godan	5629
hashirasu	はしらす	godan	6647
hashireru	走れる	ichidan	3573
hashireru	はしれる	ichidan	6730
hashiridaseru	走り出せる	ichidan	5860
hashiridasu	走り出す	godan	4301
hashirideru	走り出る	ichidan	6874
hashirikomeru	走り込める	ichidan	6723
hashirikomu	走り込む	godan	5289
hashirikuru	走りくる	kuru	3819
hashirimawareru	走り回れる	ichidan	5181
hashirimawaru	走り回る	godan	4267
hashirimawaru	走りまわる	godan	5783
hashirimawaru	走り廻る	godan	6752
hashirinukeru	走り抜ける	ichidan	4683
hashirinuku	走り抜く	godan	4908
hashirisaru	走り去る	godan	5088
hashiritoosu	走り通す	godan	6931
hashiriyoru	走り寄る	godan	6281
hashiru	走る	godan	2612
hashiru	はしる	godan	4998
hashiru	奔る	godan	5739
hashiru	疾走る	godan	6848
hashoru	端折る	godan	5806
hashoru	はしょる	godan	6415
hassu	発す	godan	5745
hassuru	発する	suru	2473
hassuru	はっする	suru	5509
hasunikamaeru	斜に構える	ichidan	6772
hasuru	はする	suru	4644
hasuru	覇する	suru	6435
hasuru	派する	suru	6567
hatakeru	叩ける	ichidan	4815
hatakiotosu	はたき落とす	godan	6137
hataku	叩く	godan	4131
hataku	はたく	godan	4348
hatameku	はためく	godan	4467
hatarakaseru	働かせる	ichidan	4415
hatarakaseru	はたらかせる	ichidan	6151
hatarakasu	働かす	godan	6041
hatarakeru	働ける	ichidan	3131
hatarakeru	はたらける	ichidan	5884
hatarakikakeru	働きかける	ichidan	4106
hatarakikakeru	はたらきかける	ichidan	5901
hatarakikakeru	働き掛ける	ichidan	6007
hataraku	働く	godan	1515
hataraku	はたらく	godan	3042
hataseru	果たせる	ichidan	4497
hataseru	はたせる	ichidan	6704
hatasu	果たす	godan	3073
hatasu	はたす	godan	5374
hatasu	果す	godan	5628
hatawofuru	旗を振る	godan	6585
hatchakeru	はっちゃける	ichidan	5975
hateru	果てる	ichidan	4803
hateru	はてる	ichidan	6048
hatsuru	削る	godan	5000
hatsuru	はつる	godan	5875
hattaosu	はっ倒す	godan	6983
hau	這う	godan	3781
hau	はう	godan	4036
hau	匍う	godan	6821
hauru	ハウる	godan	6886
hawokuishibaru	歯を食いしばる	godan	6007
hawotonaeru	覇を唱える	ichidan	6555
hayamaru	早まる	godan	4404
hayamaru	速まる	godan	5836
hayamaru	はやまる	godan	6290
hayameru	早める	ichidan	4153
hayameru	速める	ichidan	5185
hayameru	はやめる	ichidan	6464
hayaraseru	はやらせる	ichidan	6829
hayarasu	流行らす	godan	6704
hayaru	流行る	godan	4341
hayaru	はやる	godan	4454
hayaru	逸る	godan	5679
hayashitateru	囃し立てる	ichidan	6098
hayashitateru	はやし立てる	ichidan	6321
hayashitateru	はやしたてる	ichidan	6810
hayasu	生やす	godan	4897
hayasu	はやす	godan	5817
hayasu	囃す	godan	6218
hazeru	爆ぜる	ichidan	5298
hazeru	はぜる	ichidan	5652
hazukashimeru	辱める	ichidan	5719
hazukashimeru	はずかしめる	ichidan	6476
hazumaseru	弾ませる	ichidan	6550
hazumu	弾む	godan	4212
hazumu	はずむ	godan	5119
hazureru	外れる	ichidan	3525
hazureru	はずれる	ichidan	4967
hazureru	ハズレる	ichidan	5551
hazuseru	外せる	ichidan	4250
hazuseru	はずせる	ichidan	5615
hazusu	外す	godan	3034
hazusu	はずす	godan	4414
hebaritsuku	へばりつく	godan	4619
hebaritsuku	へばり付く	godan	5606
hebaru	へばる	godan	6462
hedataru	隔たる	godan	6284
hedateru	隔てる	ichidan	4739
hedateru	へだてる	ichidan	6422
hedogaderu	反吐が出る	ichidan	6067
hedogaderu	反吐がでる	ichidan	6843
hedogaderu	ヘドが出る	ichidan	6857
hegasu	剥がす	godan	5507
hegu	へぐ	godan	6337
hegu	剥ぐ	godan	6663
heisuru	へいする	suru	6572
heisuru	聘する	suru	6738
heiwoageru	兵を挙げる	ichidan	6413
hekisuru	僻する	suru	6973
hekomasu	凹ます	godan	6011
hekomasu	へこます	godan	6395
hekomu	凹む	godan	4720
hekomu	へこむ	godan	5083
hekomu	ヘコむ	godan	5825
hekotareru	へこたれる	ichidan	5898
henjiru	変じる	ichidan	6419
hensuru	偏する	suru	5297
hensuru	貶する	suru	6784
hensuru	へんする	suru	6880
henzuru	変ずる	zuru	5268
henzuru	へんずる	zuru	6902
herasu	減らす	godan	2846
herasu	へらす	godan	5519
herazuguchiwotataku	減らず口を叩く	godan	6930
herazuguchiwotataku	減らず口をたたく	godan	6991
herikudaru	へりくだる	godan	5518
herikudaru	謙る	godan	6781
heru	減る	godan	3058
heru	へる	ichidan	4177
heru	経る	ichidan	4182
heru	へる	godan	5872
heshioreru	へし折れる	ichidan	6444
heshioru	へし折る	godan	5543
hesowomageru	ヘソを曲げる	ichidan	6428
hesowomageru	へそを曲げる	ichidan	6699
hesu	へす	godan	5539
hesu	減す	godan	6854
hetabaru	へたばる	godan	6966
hetakoku	下手こく	godan	6446
hetarikomu	へたり込む	godan	6314
hetarikomu	へたりこむ	godan	6912
hetaru	へたる	godan	5599
hetaru	ヘタる	godan	5855
hetsurau	へつらう	godan	5265
hetsurau	諂う	godan	6216
hiagaru	干上がる	godan	5853
hibikaseru	響かせる	ichidan	4551
hibikasu	響かす	godan	6260
hibikiau	響き合う	godan	4203
hibikiwataru	響き渡る	godan	4331
hibikiwataru	響きわたる	godan	5391
hibikiwataru	ひびきわたる	godan	6896
hibiku	響く	godan	2482
hibiku	ひびく	godan	4349
hibiwareru	ひび割れる	ichidan	5590
hibutawokiru	火蓋を切る	godan	6678
hiekiru	冷え切る	godan	6452
hiekomu	冷え込む	godan	4487
hiekomu	冷えこむ	godan	6657
hieru	冷える	ichidan	3957
hieru	ひえる	ichidan	6649
higakureru	日が暮れる	ichidan	5222
higamu	僻む	godan	5898
higamu	ひがむ	godan	6202
higanoboru	日が昇る	godan	5448
higaochiru	日が落ちる	ichidan	6080
higashizumu	日が沈む	godan	5586
hiideru	秀でる	ichidan	5478
hiideru	ひいでる	ichidan	6745
hikaeru	控える	ichidan	3442
hikaeru	ひかえる	ichidan	5763
hikarabiru	干からびる	ichidan	5663
hikaraseru	光らせる	ichidan	4618
hikarasu	光らす	godan	6149
hikareau	惹かれ合う	godan	4252
hikareau	引かれ合う	godan	5525
hikareru	ひかれる	ichidan	5393
hikarikagayaku	光り輝く	godan	3494
hikariwoateru	光を当てる	ichidan	4677
hikaru	光る	godan	3097
hikaru	ひかる	godan	4584
hikasu	ひかす	godan	6626
hikerakasu	ひけらかす	godan	5292
hikeru	引ける	ichidan	3829
hikeru	弾ける	ichidan	4371
hikeru	ひける	ichidan	4667
hikeru	惹ける	ichidan	6688
hikeru	退ける	ichidan	6908
hikewotoru	引けを取る	ichidan	6263
hikiageru	引き上げる	ichidan	3640
hikiageru	引き揚げる	ichidan	5241
hikiageru	引きあげる	ichidan	6114
hikiageru	ひきあげる	ichidan	6439
hikiainidasu	引き合いに出す	godan	5310
hikiateru	引き当てる	ichidan	5072
hikiateru	引当てる	ichidan	6772
hikiau	引き合う	godan	4688
hikiau	ひきあう	godan	6781
hikichigireru	引きちぎれる	ichidan	6430
hikichigiru	引きちぎる	godan	5503
hikichigiru	引き千切る	godan	6652
hikichigiru	ひきちぎる	godan	6892
hikidaseru	引き出せる	ichidan	4092
hikidasu	引き出す	godan	3080
hikidasu	引きだす	godan	5768
hikidasu	ひきだす	godan	5814
hikidasu	引出す	godan	5951
hikiganewohiku	引き金を引く	godan	5042
hikigataru	弾き語る	godan	5881
hikihagasu	引き剥がす	godan	5526
hikihagasu	引きはがす	godan	5944
hikihanaseru	引き離せる	ichidan	6437
hikihanasu	引き離す	godan	4786
hikiharau	引き払う	godan	5346
hikiireru	引き入れる	ichidan	5247
hikiiru	率いる	ichidan	3318
hikiiru	ひきいる	ichidan	5935
hikikaeru	引き換える	ichidan	5069
hikikaeru	引き替える	ichidan	6993
hikikaeseru	引き返せる	ichidan	5915
hikikaesu	引き返す	godan	4454
hikikaesu	引返す	godan	6546
hikikomeru	引き込める	ichidan	5625
hikikomoru	引きこもる	godan	4997
hikikomoru	ひきこもる	godan	5843
hikikomoru	引き篭もる	godan	6412
hikikomoru	引き籠もる	godan	6499
hikikomoru	引き籠る	godan	6868
hikikomu	引き込む	godan	4287
hikikomu	惹き込む	godan	6177
hikikomu	弾き込む	godan	6510
hikikomu	引込む	godan	6559
hikikomu	ひきこむ	godan	6676
hikikoroseru	轢き殺せる	ichidan	6814
hikikorosu	轢き殺す	godan	6090
hikikorosu	ひき殺す	godan	6568
hikikuraberu	弾き比べる	ichidan	6779
hikimawasu	引き回す	godan	5884
hikimodoseru	引き戻せる	ichidan	6451
hikimodosu	引き戻す	godan	5108
hikinobaseru	引き延ばせる	ichidan	6557
hikinobaseru	引き伸ばせる	ichidan	6567
hikinobasu	引き延ばす	godan	5267
hikinobasu	引き伸ばす	godan	5296
hikinukeru	引き抜ける	ichidan	5778
hikinuku	引き抜く	godan	3612
hikinuku	引抜く	godan	5984
hikinuku	ひきぬく	godan	6443
hikiokoru	引き起こる	godan	6125
hikiokosu	引き起こす	godan	3054
hikiokosu	ひきおこす	godan	5825
hikiokosu	引きおこす	godan	6020
hikiokosu	引き起す	godan	6370
hikiokosu	惹き起こす	godan	6416
hikiorosu	引き下ろす	godan	6255
hikiotoseru	引き落とせる	ichidan	6948
hikiotosu	引き落とす	godan	5732
hikisagaru	引き下がる	godan	5169
hikisageru	引き下げる	ichidan	4514
hikisageru	引下げる	ichidan	6487
hikisakeru	引き裂ける	ichidan	6736
hikisaku	引き裂く	godan	4082
hikisaku	ひきさく	godan	5711
hikisaku	引きさく	godan	6434
hikisaku	引裂く	godan	6604
hikisaku	ひき裂く	godan	6795
hikishiboru	引き絞る	godan	6206
hikishimaru	引き締まる	godan	4319
hikishimaru	ひきしまる	godan	6049
hikishimeru	引き締める	ichidan	4237
hikishimeru	ひきしめる	ichidan	6069
hikishimeru	引きしめる	ichidan	6496
hikisoroeru	引き揃える	ichidan	6973
hikitaosu	引き倒す	godan	6287
hikitaosu	弾き倒す	godan	6513
hikitateru	引き立てる	ichidan	3739
hikitateru	ひきたてる	ichidan	6107
hikitateru	引きたてる	ichidan	6383
hikitateru	引立てる	ichidan	6954
hikitatsu	引き立つ	godan	4258
hikitatsu	ひきたつ	godan	6224
hikitomeru	引き止める	ichidan	5067
hikitomeru	引き留める	ichidan	5118
hikitomeru	ひきとめる	ichidan	6708
hikitoreru	引き取れる	ichidan	6083
hikitoru	引き取る	godan	4519
hikitoru	ひきとる	godan	6343
hikitoru	引取る	godan	6355
hikitsugeru	引き継げる	ichidan	4774
hikitsugu	引き継ぐ	godan	3727
hikitsugu	引継ぐ	godan	5620
hikitsugu	ひきつぐ	godan	6748
hikitsukeru	引きつける	ichidan	4396
hikitsukeru	引き付ける	ichidan	4408
hikitsukeru	ひきつける	ichidan	5076
hikitsukeru	惹き付ける	ichidan	5250
hikitsureru	引き連れる	ichidan	5950
hikitsureru	ひきつれる	ichidan	6894
hikitsuru	引きつる	godan	5959
hikitsuru	ひきつる	godan	5985
hikitsuru	引き攣る	godan	6539
hikitsuzukeru	引き続ける	ichidan	5442
hikitsuzuku	引き続く	godan	4627
hikitsuzuku	ひきつづく	godan	6506
hikiukeru	引き受ける	ichidan	3886
hikiukeru	引受ける	ichidan	6244
hikiukeru	ひきうける	ichidan	6569
hikiwakeru	引き分ける	ichidan	5701
hikiwakeru	弾き分ける	ichidan	6531
hikiwataseru	引き渡せる	ichidan	6219
hikiwatasu	引き渡す	godan	4498
hikiwatasu	引渡す	godan	6119
hikiyoseru	引き寄せる	ichidan	3703
hikiyoseru	引きよせる	ichidan	6341
hikiyoseru	惹き寄せる	ichidan	6360
hikiyoseru	ひきよせる	ichidan	6587
hikizuridaseru	引きずり出せる	ichidan	6760
hikizuridasu	引きずり出す	godan	5452
hikizuridasu	引き摺り出す	godan	6787
hikizuridasu	引きずりだす	godan	6972
hikizurikomeru	引きずり込める	ichidan	6974
hikizurikomu	引きずり込む	godan	5222
hikizurikomu	引きずりこむ	godan	6422
hikizurikomu	引き摺り込む	godan	6459
hikizurimawasu	引きずり回す	godan	6300
hikizuriorosu	引きずり下ろす	godan	5786
hikizuriorosu	引きずり降ろす	godan	6607
hikizuriorosu	引き摺り下ろす	godan	6708
hikizuriotosu	引きずり落とす	godan	6527
hikizuru	引きずる	godan	4471
hikizuru	ひきずる	godan	5859
hikizuru	引き摺る	godan	5929
hikkakaru	引っかかる	godan	3851
hikkakaru	引っ掛かる	godan	4706
hikkakaru	ひっかかる	godan	4726
hikkakaru	引っ掛る	godan	6929
hikkakeru	引っ掛ける	ichidan	4411
hikkakeru	引っかける	ichidan	4975
hikkakeru	ひっかける	ichidan	5003
hikkakimawasu	引っ掻き回す	godan	5856
hikkakimawasu	引っかき回す	godan	6589
hikkaku	ひっかく	godan	4426
hikkaku	引っ掻く	godan	4587
hikkaku	引っかく	godan	5077
hikkaku	引っ搔く	godan	6473
hikkaku	引掻く	godan	6628
hikkomeru	引っ込める	ichidan	5090
hikkomeru	ひっこめる	ichidan	6268
hikkomu	引っ込む	godan	5074
hikkomu	ひっこむ	godan	6456
hikkonuku	引っこ抜く	godan	4418
hikkonuku	ひっこぬく	godan	6282
hikkonuku	ひっこ抜く	godan	6455
hikkoseru	引っ越せる	ichidan	5856
hikkosu	引っ越す	godan	4047
hikkosu	引越す	godan	5570
hikkosu	ひっこす	godan	6982
hikkurikaeru	ひっくり返る	godan	4681
hikkurikaeru	ひっくりかえる	godan	6077
hikkurikaeru	引っくり返る	godan	6738
hikkurikaeru	引っ繰り返る	godan	6991
hikkurikaeseru	ひっくり返せる	ichidan	5393
hikkurikaesu	ひっくり返す	godan	4214
hikkurikaesu	ひっくりかえす	godan	6002
hikkurikaesu	引っくり返す	godan	6256
hikkurikaesu	引っ繰り返す	godan	6651
hikkurumeru	ひっくるめる	ichidan	6504
hiku	引く	godan	2069
hiku	ひく	godan	3193
hiku	惹く	godan	3503
hiku	挽く	godan	3931
hiku	弾く	godan	4184
hiku	曳く	godan	4607
hiku	牽く	godan	4688
hiku	轢く	godan	4941
hiku	退く	godan	6138
hiku	碾く	godan	6551
hiku	索く	godan	6708
hiku	曵く	godan	6816
hikumaru	低まる	godan	6819
hikumeru	低める	ichidan	6001
himawotsubusu	暇をつぶす	godan	6642
himeru	秘める	ichidan	4669
himeru	ひめる	ichidan	6379
himotokeru	紐解ける	ichidan	6455
himotoku	紐解く	godan	3407
himotoku	ひもとく	godan	4217
himotoku	繙く	godan	5493
himozukeru	紐づける	ichidan	4904
himozukeru	紐付ける	ichidan	5133
himozukeru	ひも付ける	ichidan	6382
himozukeru	ひもづける	ichidan	6556
himozuku	紐づく	godan	3874
himozuku	紐付く	godan	4884
himozuku	ひもづく	godan	5477
himozuku	ひも付く	godan	5851
himu	ひむ	godan	4946
hinekureru	ひねくれる	ichidan	6202
hinekuru	弄る	godan	6416
hinereru	ひねれる	ichidan	6785
hineridaseru	ひねり出せる	ichidan	6839
hineridasu	ひねり出す	godan	5680
hineridasu	捻り出す	godan	6003
hineritsubusu	捻り潰す	godan	6757
hineru	ひねる	ichidan	4432
hineru	捻る	godan	4871
hineru	ひねる	godan	6027
hineru	ヒネる	godan	6867
hiniaburawososogu	火に油を注ぐ	godan	5420
hinikuru	皮肉る	godan	5594
hinmagaru	ひん曲がる	godan	6616
hinmuku	ひん剥く	godan	6182
hinmuku	ひんむく	godan	6422
hinomewomiru	日の目を見る	ichidan	5161
hinshukuwokau	ひんしゅくを買う	godan	5429
hinshukuwokau	顰蹙を買う	godan	6368
hinsuru	瀕する	suru	4196
hinsuru	ひんする	suru	5857
hinsuru	貧する	suru	6103
hippagasu	引っ剥がす	godan	6781
hippareru	引っ張れる	ichidan	5189
hippareru	ひっぱれる	ichidan	6948
hippariageru	引っ張り上げる	ichidan	5454
hipparidasu	引っ張り出す	godan	4835
hipparidasu	ひっぱり出す	godan	6853
hipparikomu	引っ張り込む	godan	6156
hipparimawasu	引っ張り回す	godan	6880
hipparu	引っ張る	godan	3626
hipparu	ひっぱる	godan	5155
hipparu	引っぱる	godan	5560
hipparu	引張る	godan	6335
hippataku	ひっぱたく	godan	5159
hippataku	引っ叩く	godan	5711
hippataku	引っぱたく	godan	6059
hirakeru	開ける	ichidan	3625
hirakeru	拓ける	ichidan	5194
hirakeru	ひらける	ichidan	5662
hirakeyuku	開け行く	godan-iku	4440
hirakeyuku	開けゆく	godan-iku	4666
hirakinaoreru	開き直れる	ichidan	6120
hirakinaoru	開き直る	godan	4936
hiraku	開く	godan	1942
hiraku	ひらく	godan	3378
hiraku	拓く	godan	3405
hiraku	啓く	godan	5741
hirameku	閃く	godan	3954
hirameku	ひらめく	godan	4049
hiratsuku	ひらつく	godan	6790
hirefusu	ひれ伏す	godan	5348
hirefusu	平伏す	godan	6310
hiridasu	放り出す	godan	5687
hiridasu	ひり出す	godan	6901
hiritsuku	ひりつく	godan	5053
hiroeru	拾える	ichidan	4234
hiroeru	ひろえる	ichidan	6452
hirogaru	広がる	godan	2665
hirogaru	ひろがる	godan	4417
hirogaru	拡がる	godan	4669
hirogeru	広げる	ichidan	3011
hirogeru	拡げる	ichidan	4623
hirogeru	ひろげる	ichidan	5154
hiroiageru	拾い上げる	ichidan	5016
hiroiaruku	拾い歩く	godan	6750
hiroiatsumeru	拾い集める	ichidan	5404
hiroidasu	拾い出す	godan	6217
hiromaru	広まる	godan	4309
hiromaru	ひろまる	godan	5886
hiromeru	広める	ichidan	3747
hiromeru	ひろめる	ichidan	5904
hiromeru	弘める	ichidan	6084
hiromeru	拡める	ichidan	6618
hirou	拾う	godan	3037
hirou	ひろう	godan	4715
hiru	ひる	ichidan	4178
hiru	ひる	godan	5720
hiru	干る	ichidan	6796
hirugaeru	翻る	godan	5646
hirugaeru	ひるがえる	godan	6082
hirugaesu	翻す	godan	5473
hirugaesu	ひるがえす	godan	6102
hirumu	怯む	godan	5019
hirumu	ひるむ	godan	5219
hisagu	ひさぐ	godan	6528
hishageru	ひしゃげる	ichidan	6540
hishigu	ひしぐ	godan	6875
hishimekiau	ひしめき合う	godan	4767
hishimekiau	ひしめきあう	godan	5540
hishimekiau	犇めき合う	godan	6626
hishimeku	ひしめく	godan	3848
hishimeku	犇めく	godan	5538
hisomeru	ひそめる	ichidan	5788
hisomeru	潜める	ichidan	5841
hisomeru	顰める	ichidan	6807
hisomu	潜む	godan	3685
hisomu	ひそむ	godan	5065
hisshikoku	必死こく	godan	6519
hisu	ひす	godan	5262
hisu	比す	godan	6126
hisu	秘す	godan	6324
hisuru	比する	suru	4968
hisuru	ひする	suru	5103
hisuru	秘する	suru	5456
hitahashiru	ひた走る	godan	5221
hitannikureru	悲嘆に暮れる	ichidan	6376
hitannikureru	悲嘆にくれる	ichidan	6544
hitaru	浸る	godan	4049
hitaru	ひたる	godan	4964
hitasu	浸す	godan	4405
hitasu	ひたす	godan	5676
hitoajichigau	一味違う	godan	3695
hitoawafukaseru	一泡吹かせる	ichidan	6243
hitohadanugu	一肌脱ぐ	godan	6076
hitohadanugu	ひと肌脱ぐ	godan	6822
hitohanasakaseru	一花咲かせる	ichidan	6625
hitohataageru	一旗揚げる	ichidan	6665
hitoikiireru	一息入れる	ichidan	6019
hitoikiireru	一息いれる	ichidan	6843
hitoikitsuku	一息つく	godan	3990
hitoikitsuku	ひと息つく	godan	4837
hitoikitsuku	一息付く	godan	6188
hitokawamukeru	一皮むける	ichidan	6009
hitokawamukeru	一皮剥ける	ichidan	6307
hitokawamuku	一皮剥く	godan	6237
hitokawamuku	一皮むく	godan	6375
hitokotoiu	一言言う	godan	5775
hitomenitsuku	人目につく	godan	4770
hitomenitsuku	人目に付く	godan	5334
hitomewohabakaru	人目をはばかる	godan	6596
hitomewohabakaru	人目を憚る	godan	6975
hitomewohiku	人目を引く	godan	4441
hitomewohiku	人目をひく	godan	5453
hitomewoshinobu	人目を忍ぶ	godan	6478
hitonofundoshidesumouwotoru	人の褌で相撲を取る	godan	6380
hitonofundoshidesumouwotoru	人のふんどしで相撲を取る	godan	6798
hitorigochiru	独りごちる	ichidan	6603
hitorigochiru	ひとりごちる	ichidan	6660
hitorigotsu	ひとりごつ	godan	6169
hitoyakukau	一役買う	godan	4659
hitoyakukau	ひと役買う	godan	6149
hitoyamaateru	一山当てる	ichidan	7000
hitsuyounisemarareru	必要に迫られる	ichidan	6589
hittakuru	ひったくる	godan	5880
hittakuru	引ったくる	godan	6589
hittsukeru	引っ付ける	ichidan	6415
hittsukeru	ひっつける	ichidan	6602
hittsuku	ひっつく	godan	4988
hittsuku	引っ付く	godan	5036
hiwohanatsu	火を放つ	godan	5959
hiwoireru	火を入れる	ichidan	5287
hiwomitomeru	非を認める	ichidan	5877
hiwookosu	火を起こす	godan	5817
hiwookosu	火をおこす	godan	5914
hiwookosu	火を熾す	godan	6993
hiwotoosu	火を通す	godan	4632
hiyakasu	冷やかす	godan	5945
hiyakasu	ひやかす	godan	6476
hiyaseru	冷やせる	ichidan	5434
hiyashikatameru	冷やし固める	ichidan	4906
hiyasu	冷やす	godan	3706
hiyasu	冷す	godan	5880
hiyasu	ひやす	godan	6403
hiyoru	日和る	godan	6256
hiyoru	ひよる	godan	6489
hizagawarau	膝が笑う	godan	6789
hizamazuku	ひざまずく	godan	4540
hizamazuku	跪く	godan	4776
hizumu	歪む	godan	4970
hizumu	ひずむ	godan	6297
hochouwoawaseru	歩調を合わせる	ichidan	5946
hodasareru	絆される	ichidan	6305
hodasareru	ほだされる	ichidan	6424
hodokeru	ほどける	ichidan	4640
hodokeru	解ける	ichidan	5214
hodokoseru	施せる	ichidan	5556
hodokosu	施す	godan	3681
hodokosu	ほどこす	godan	5665
hodoku	解く	godan	3881
hodoku	ほどく	godan	3986
hoeru	吠える	ichidan	4145
hoeru	ほえる	ichidan	4980
hoeru	吼える	ichidan	5495
hoeru	咆える	ichidan	6639
hoetateru	吠え立てる	ichidan	6895
hoetsuku	吠えつく	godan	6923
hofuru	屠る	godan	5530
hofuru	ほふる	godan	6596
hogureru	ほぐれる	ichidan	4663
hogureru	解れる	ichidan	6210
hoguseru	ほぐせる	ichidan	5433
hoguseru	解せる	ichidan	6730
hogusu	ほぐす	godan	3924
hogusu	解す	godan	6509
hohoemikakeru	微笑みかける	ichidan	5720
hohoemu	微笑む	godan	4118
hohoemu	ほほ笑む	godan	5298
hohoemu	ほほえむ	godan	5353
hohogayurumu	頬が緩む	godan	6434
hojikuridasu	ほじくり出す	godan	6658
hojikurikaesu	ほじくり返す	godan	6385
hojikuru	ほじくる	godan	5819
hojiru	ほじる	godan	5764
hokasu	放す	godan	5073
hokasu	ほかす	godan	6507
hokidasu	吐き出す	godan	5668
hokoreru	誇れる	ichidan	4086
hokorobaseru	ほころばせる	ichidan	6092
hokorobiru	ほころびる	ichidan	6645
hokorobiru	綻びる	ichidan	6883
hokorobu	ほころぶ	godan	5367
hokorobu	綻ぶ	godan	6026
hokoru	誇る	godan	2817
hokoru	ほこる	godan	5337
hokowoosameru	矛を収める	ichidan	6822
hokusoemu	ほくそ笑む	godan	5479
hokusoemu	ほくそえむ	godan	6805
homechigiru	褒めちぎる	godan	5632
homechigiru	ほめちぎる	godan	6483
homeru	褒める	ichidan	3734
homeru	ほめる	ichidan	4483
homeru	誉める	ichidan	5223
homeru	ホメる	ichidan	6201
homesoyasu	褒めそやす	godan	6564
homesoyasu	ほめそやす	godan	6942
homesoyasu	誉めそやす	godan	6978
hometataeru	褒め称える	ichidan	5351
hometataeru	ほめたたえる	ichidan	5628
hometataeru	褒め讃える	ichidan	6863
honeminishimiru	骨身にしみる	ichidan	6724
honeminishimiru	骨身に染みる	ichidan	6900
honeoru	骨折る	godan	6627
honewohirou	骨を拾う	godan	6300
honewooru	骨を折る	godan	6449
honewouzumeru	骨を埋める	ichidan	5664
honkaiwotogeru	本懐を遂げる	ichidan	6689
honomekasu	ほのめかす	godan	4982
honomekasu	仄めかす	godan	5592
honomeku	ほのめく	godan	5855
honomeku	仄めく	godan	6477
hoobaru	頬張る	godan	4654
hoobaru	ほおばる	godan	5239
hoobaru	ほお張る	godan	6657
hoogayurumu	頬が緩む	godan	6720
hoogayurumu	頬がゆるむ	godan	6745
horawofuku	ホラを吹く	godan	5720
horawofuku	ほらを吹く	godan	6275
horawofuku	法螺を吹く	godan	6927
horekomu	惚れ込む	godan	5619
horekomu	ほれ込む	godan	6641
horekomu	惚れこむ	godan	6728
horenaosu	惚れ直す	godan	5917
horeru	惚れる	ichidan	4597
horeru	掘れる	ichidan	5078
horeru	彫れる	ichidan	5857
horeru	ほれる	ichidan	6074
horeru	ホレる	ichidan	6732
horiageru	掘り上げる	ichidan	6176
horiageru	彫り上げる	ichidan	6460
horiateru	掘り当てる	ichidan	5723
horidaseru	掘り出せる	ichidan	6387
horidasu	掘り出す	godan	5113
horidasu	彫り出す	godan	6416
horidasu	掘りだす	godan	6911
horikaesu	掘り返す	godan	5399
horikomu	彫り込む	godan	5993
horikomu	掘り込む	godan	6497
horikuzusu	掘り崩す	godan	6699
horinuku	彫り抜く	godan	6680
horiokoseru	掘り起こせる	ichidan	6221
horiokosu	掘り起こす	godan	4725
horiokosu	掘りおこす	godan	6848
horisageru	掘り下げる	ichidan	4106
horisusumeru	掘り進める	ichidan	5613
horisusumu	掘り進む	godan	5676
horobiru	滅びる	ichidan	4451
horobiru	亡びる	ichidan	6051
horobiru	ほろびる	ichidan	6412
horoboseru	滅ぼせる	ichidan	5837
horobosu	滅ぼす	godan	4306
horobosu	亡ぼす	godan	5930
horobosu	ほろぼす	godan	6239
horobu	滅ぶ	godan	4864
horobu	亡ぶ	godan	5941
horobu	ほろぶ	godan	6424
horu	掘る	godan	4002
horu	ほる	godan	4640
horu	彫る	godan	4668
hoseru	干せる	ichidan	4975
hoshigaru	欲しがる	godan	4296
hoshigaru	ほしがる	godan	5430
hosomeru	細める	ichidan	5053
hosoru	細る	godan	5972
hosoru	ほそる	godan	6863
hossu	欲す	godan	5479
hossuru	欲する	suru	3413
hossuru	ほっする	suru	5963
hosu	干す	godan	3966
hosu	ほす	godan	5105
hosu	乾す	godan	6557
hosuru	補する	suru	4061
hosuru	ほする	suru	4691
hosuru	保する	suru	5548
hoteru	ほてる	godan	5276
hoteru	火照る	godan	5550
hoteru	熱る	godan	6979
hotobashirideru	ほとばしり出る	ichidan	6692
hotobashiru	ほとばしる	godan	4887
hotobashiru	迸る	godan	5390
hotsureru	ほつれる	ichidan	5616
hottarakasu	ほったらかす	godan	6182
hottoku	ほっとく	godan	4265
hottsukiaruku	ほっつき歩く	godan	5918
hottsuku	ほっつく	godan	6965
houjiru	報じる	ichidan	4703
houjiru	奉じる	ichidan	5838
houjiru	焙じる	ichidan	6646
houkeru	ほうける	ichidan	6691
houkeru	呆ける	ichidan	6811
houkeru	惚ける	ichidan	6873
houkouzukeru	方向づける	ichidan	5841
houkouzukeru	方向付ける	ichidan	6093
houmureru	葬れる	ichidan	6262
houmurisaru	葬り去る	godan	5562
houmuru	葬る	godan	4976
houmuru	ほうむる	godan	6904
hounifureru	法に触れる	ichidan	5862
houriageru	放り上げる	ichidan	6761
houridasu	放り出す	godan	5745
hourikomeru	放り込める	ichidan	5902
hourikomu	放り込む	godan	4755
hourikomu	放りこむ	godan	6735
hourinageru	放り投げる	ichidan	5107
hourisuteru	放り捨てる	ichidan	6741
houru	放る	godan	5689
houru	ほうる	godan	6462
houzuru	報ずる	zuru	4923
houzuru	奉ずる	zuru	4948
houzuru	封ずる	zuru	5654
houzuru	崩ずる	zuru	6187
houzuru	ほうずる	zuru	6395
hozaku	ほざく	godan	4351
hyappoyuzuru	百歩譲る	godan	6856
hyousu	評す	godan	5884
hyousuru	表する	suru	3622
hyousuru	評する	suru	3786
hyousuru	ひょうする	suru	6051
iawaseru	居合わせる	ichidan	5527
ibareru	威張れる	ichidan	5940
ibareru	いばれる	ichidan	6945
ibarichirasu	威張り散らす	godan	6084
ibaru	いばる	godan	5014
ibaru	威張る	godan	5241
ibiru	いびる	godan	6017
ibiru	イビる	godan	6908
ibukaru	訝る	godan	6170
ibukaru	いぶかる	godan	6198
ibukashimu	訝しむ	godan	5814
ibukashimu	いぶかしむ	godan	6284
ibuku	息吹く	godan	5390
ibuku	いぶく	godan	6196
iburu	いぶる	godan	6075
iburu	燻る	godan	6158
ibusu	燻す	godan	5664
ibusu	いぶす	godan	5727
ichatsuku	いちゃつく	godan	4870
ichibiru	いちびる	godan	6846
ichikarayarinaosu	一からやり直す	godan	5907
ichimokuoku	一目置く	godan	4733
ichiwokiitejuuwoshiru	一を聞いて十を知る	godan	6190
ichiyokuwoninau	一翼を担う	godan	5940
ichizukeru	位置づける	ichidan	4513
ichizukeru	位置付ける	ichidan	4755
idakeru	抱ける	ichidan	5408
idakeru	いだける	ichidan	5806
idaku	抱く	godan	2779
idaku	いだく	godan	4500
idaku	懐く	godan	5806
idasu	出だす	godan	5585
idetatsu	出で立つ	godan	6582
idomikakaru	挑みかかる	godan	6661
idomu	挑む	godan	3149
idomu	いどむ	godan	5827
iejinitsuku	家路につく	godan	5057
iejinitsuku	家路に就く	godan	6531
ieru	言える	ichidan	2264
ieru	いえる	ichidan	2661
ieru	癒える	ichidan	5034
igaitamu	胃が痛む	godan	6806
igamiau	いがみ合う	godan	5024
igamiau	いがみあう	godan	6047
igamiau	啀み合う	godan	6696
igamu	歪む	godan	4970
igamu	いがむ	godan	6973
igiwotonaeru	異議を唱える	ichidan	4991
ihyouwotsuku	意表を突く	godan	5099
ihyouwotsuku	意表をつく	godan	5432
iiaeru	言い合える	ichidan	4873
iiarasou	言い争う	godan	4692
iiarawaseru	言い表せる	ichidan	6074
iiarawasu	言い表す	godan	4989
iiarawasu	言い表わす	godan	6477
iiaruku	言い歩く	godan	6635
iiateru	言い当てる	ichidan	5235
iiau	言い合う	godan	4213
iiau	言いあう	godan	5866
iiau	いいあう	godan	6574
iidaseru	言い出せる	ichidan	6333
iidasu	言い出す	godan	4084
iidasu	言いだす	godan	5568
iidasu	いいだす	godan	6473
iifukumeru	言い含める	ichidan	6521
iifurasu	言いふらす	godan	5501
iifurasu	言い触らす	godan	6928
iihanatsu	言い放つ	godan	4621
iihareru	言い張れる	ichidan	6691
iiharu	言い張る	godan	4578
iiharu	いいはる	godan	6831
iikaeru	言い換える	ichidan	3939
iikaeru	いいかえる	ichidan	6035
iikaeru	言い替える	ichidan	6454
iikaeseru	言い返せる	ichidan	5988
iikaesu	言い返す	godan	4840
iikikaseru	言い聞かせる	ichidan	4528
iikikasu	言い聞かす	godan	6077
iikireru	言い切れる	ichidan	5975
iikiru	言い切る	godan	4729
iikiru	言いきる	godan	5945
iikiru	いいきる	godan	6866
iikurumeru	言いくるめる	ichidan	6105
iimakasu	言い負かす	godan	6024
iimakuru	言いまくる	godan	5751
iinaosu	言い直す	godan	5633
iinaosu	いいなおす	godan	6727
iinogareru	言い逃れる	ichidan	6390
iinokosu	言い残す	godan	5690
iiowaru	言い終わる	godan	5792
iisen'iku	いい線いく	godan	5991
iisen'iku	いい線行く	godan	6273
iisugiru	言い過ぎる	ichidan	6229
iisuteru	言い捨てる	ichidan	6128
iitateru	言い立てる	ichidan	6151
iitsukeru	言いつける	ichidan	5776
iitsukeru	言い付ける	ichidan	6747
iitsukeru	いいつける	ichidan	6758
iitsukurou	言い繕う	godan	6230
iitsukusu	言い尽くす	godan	6797
iitsunoru	言い募る	godan	6209
iitsunoru	言いつのる	godan	6955
iitsutaeru	言い伝える	ichidan	6668
iiwatasu	言い渡す	godan	5352
iiyodomu	言い淀む	godan	6412
iiyodomu	言いよどむ	godan	6604
iiyoru	言い寄る	godan	5559
iiyoru	いいよる	godan	6757
ijibaru	意地張る	godan	6841
ijikeru	いじける	ichidan	5832
ijikurimawasu	いじくり回す	godan	5605
ijikuru	弄くる	godan	5302
ijikuru	いじくる	godan	5717
ijikuru	弄る	godan	6416
ijimenuku	いじめ抜く	godan	5772
ijimenuku	苛め抜く	godan	6310
ijimenuku	虐め抜く	godan	6395
ijimeru	いじめる	ichidan	4441
ijimeru	虐める	ichidan	5435
ijimeru	イジメる	ichidan	5591
ijimeru	苛める	ichidan	5989
ijirimawasu	弄り回す	godan	6972
ijiritaosu	弄り倒す	godan	6940
ijiru	いじる	godan	4023
ijiru	弄る	godan	4920
ijiru	イジる	godan	5034
ijiwoharu	意地を張る	godan	6214
ikakeru	いかける	ichidan	6753
ikakeru	射掛ける	ichidan	6987
ikanniomou	遺憾に思う	godan	6209
ikaraseru	怒らせる	ichidan	5195
ikarasu	怒らす	godan	6076
ikarasu	いからす	godan	6355
ikareru	いかれる	ichidan	5897
ikareru	イカれる	ichidan	6192
ikarikuruu	怒り狂う	godan	4706
ikarinifurueru	怒りに震える	ichidan	6423
ikarishintounihassuru	怒り心頭に発する	suru	5812
ikaru	怒る	godan	4112
ikaru	いかる	godan	6923
ikaseru	活かせる	ichidan	3298
ikaseru	生かせる	ichidan	4052
ikasu	活かす	godan	3166
ikasu	生かす	godan	3601
ikasu	いかす	godan	4986
ikasu	行かす	godan	6131
ikedoru	生け捕る	godan	6791
ikeru	行ける	ichidan	2929
ikeru	いける	ichidan	3166
ikeru	イケる	ichidan	4109
ikeru	生ける	ichidan	4233
ikeru	活ける	ichidan	5399
iketeru	イケてる	ichidan	3743
iketeru	いけてる	ichidan	4948
ikiagaku	生き足掻く	godan	6355
ikiataru	行き当たる	godan	6049
ikiataru	行きあたる	godan	6874
ikiau	行き合う	godan	6292
ikiau	行きあう	godan	6380
ikichigau	行き違う	godan	5753
ikidomaru	行き止まる	godan	6872
ikidooru	憤る	godan	5118
ikidooru	いきどおる	godan	6967
ikigahazumu	息が弾む	godan	6852
ikigaru	粋がる	godan	6250
ikigaru	いきがる	godan	6490
ikigomu	意気込む	godan	4552
ikikaereru	生き返れる	ichidan	6275
ikikaeru	生き返る	godan	4685
ikikaeru	生きかえる	godan	6708
ikikaeru	いきかえる	godan	6947
ikikaesu	生き返す	godan	6953
ikikau	行き交う	godan	3545
ikikau	いきかう	godan	6306
ikimaku	息巻く	godan	4882
ikimaku	いきまく	godan	6299
ikimaku	息まく	godan	6684
ikimu	いきむ	godan	5450
ikimu	息む	godan	6551
ikinagaraeru	生きながらえる	ichidan	5660
ikinagaraeru	生き長らえる	ichidan	6140
ikinagaraeru	生き永らえる	ichidan	6190
ikinobiru	生き延びる	ichidan	4181
ikinobiru	生きのびる	ichidan	5517
ikinokoreru	生き残れる	ichidan	4447
ikinokoru	生き残る	godan	3639
ikinukeru	生き抜ける	ichidan	5918
ikinuku	生き抜く	godan	3100
ikinuku	生きぬく	godan	4853
ikinuku	いきぬく	godan	6626
ikioizukeru	勢いづける	ichidan	6105
ikioizuku	勢いづく	godan	4893
ikioizuku	勢い付く	godan	6104
ikiritatsu	いきり立つ	godan	6160
ikiritatsu	いきりたつ	godan	6870
ikiru	生きる	ichidan	2431
ikiru	活きる	ichidan	4154
ikiru	いきる	ichidan	4875
ikiru	イキる	godan	5194
ikisugiru	行き過ぎる	ichidan	5464
ikisugiru	いきすぎる	ichidan	6235
ikitaeru	息絶える	ichidan	5338
ikitodoku	行き届く	godan	4229
ikitodoku	いき届く	godan	6680
ikitodoku	いきとどく	godan	6758
ikitsukeru	行き着ける	ichidan	6894
ikitsuku	行き着く	godan	3812
ikitsuku	行きつく	godan	4404
ikitsuku	いきつく	godan	4977
ikiumanomewonuku	生き馬の目を抜く	godan	5129
ikiwataru	いきわたる	godan	5489
ikiwataru	行き渡る	godan	5549
ikiwoawaseru	息を合わせる	ichidan	5823
ikiwofukikaesu	息を吹き返す	godan	5565
ikiwohaku	息を吐く	godan	3941
ikiwohikitoru	息を引き取る	godan	5425
ikiwohisomeru	息を潜める	ichidan	6131
ikiwohisomeru	息をひそめる	ichidan	6309
ikiwonomu	息を呑む	godan	4595
ikiwonomu	息を飲む	godan	5508
ikiwotsumeru	息を詰める	ichidan	6945
ikizuku	息づく	godan	3448
ikizuku	いきづく	godan	5795
ikizuku	息衝く	godan	5942
ikizumaru	行き詰まる	godan	5039
ikizumaru	息詰まる	godan	5369
ikizumaru	行き詰る	godan	6208
ikizumaru	息づまる	godan	6569
ikkeiwoanjiru	一計を案じる	ichidan	6451
ikkokuwoarasou	一刻を争う	godan	4732
ikomu	鋳込む	godan	6696
ikomu	いこむ	godan	6705
ikorosu	射殺す	godan	6401
ikou	いこう	godan	4263
ikou	憩う	godan	4698
iku	行く	godan-iku	119
iku	いく	godan-iku	807
iku	逝く	godan	4014
iku	往く	godan	4252
iku	いく	godan	4472
imashimeru	戒める	ichidan	5043
imashimeru	いましめる	ichidan	6466
imikirau	忌み嫌う	godan	4773
imizukeru	意味づける	ichidan	5931
imizukeru	意味付ける	ichidan	6758
imoru	芋る	godan	6145
imu	いむ	godan	4373
imu	忌む	godan	5182
inamu	いなむ	godan	6399
inamu	否む	godan	6598
inanaku	いななく	godan	5515
inanaku	嘶く	godan	5670
inaoru	居直る	godan	6038
inarabu	居並ぶ	godan	5436
inasu	いなす	godan	5272
indouwowatasu	引導を渡す	godan	6120
inikanau	意にかなう	godan	6515
inikanau	意に適う	godan	6710
inisuru	異にする	suru	3493
innenwotsukeru	因縁をつける	ichidan	6506
inochiwokakeru	命をかける	ichidan	5316
inochiwokakeru	命を懸ける	ichidan	5539
inochiwokakeru	命を賭ける	ichidan	5815
inochiwootosu	命を落とす	godan	4588
inochiwosasageru	命を捧げる	ichidan	5781
inochiwotsunagu	命をつなぐ	godan	5252
inochiwotsunagu	命を繋ぐ	godan	5827
inokoru	居残る	godan	5921
inoreru	祈れる	ichidan	6101
inoru	祈る	godan	3507
inoru	いのる	godan	5690
inshouzukeru	印象づける	ichidan	4823
inshouzukeru	印象付ける	ichidan	4843
insuru	印する	suru	5750
insuru	淫する	suru	5838
insuru	いんする	suru	5972
inu	いぬ	godan	5872
inu	往ぬ	godan	6445
inukeru	射抜ける	ichidan	6821
inuku	射抜く	godan	4355
inuku	射貫く	godan	5405
inuku	射ぬく	godan	6276
inwofumu	韻を踏む	godan	5592
inwomusubu	印を結ぶ	godan	6784
iotosu	射落とす	godan	6625
ippaiyaru	一杯やる	godan	5821
ippatsukamasu	一発かます	godan	6395
iradatsu	苛立つ	godan	5146
iradatsu	いらだつ	godan	6123
iradatsu	いら立つ	godan	6320
iradatsu	イラ立つ	godan	6766
iraserareru	いらせられる	ichidan	6956
irassharu	いらっしゃる	godan	248
iratsuku	苛つく	godan	4974
irau	いらう	godan	5866
ireageru	入れあげる	ichidan	6790
irechigau	入れ違う	godan	6105
irekaeru	入れ替える	ichidan	3801
irekaeru	入れ換える	ichidan	5622
irekaeru	入れかえる	ichidan	6016
irekaeru	入替える	ichidan	6384
irekaeru	いれかえる	ichidan	6521
irekawareru	入れ替われる	ichidan	6410
irekawaru	入れ替わる	godan	4060
irekawaru	入れ代わる	godan	6433
irekawaru	入れ替る	godan	6574
irekawaru	いれかわる	godan	6809
irekomu	入れ込む	godan	4748
irenaosu	入れ直す	godan	4953
ireru	いれる	ichidan	3740
ireru	入れる	ichidan	3969
ireru	淹れる	ichidan	4189
ireru	挿れる	ichidan	5937
ireru	容れる	ichidan	6035
ireru	煎れる	ichidan	6301
irewasureru	入れ忘れる	ichidan	5978
iribitaru	入り浸る	godan	5419
iribitaru	入りびたる	godan	6996
irikomu	入り込む	godan	5975
irikumu	入り組む	godan	5939
irimajiru	入り混じる	godan	5222
irimajiru	入り交じる	godan	5419
irimajiru	入りまじる	godan	6899
irimidareru	入り乱れる	ichidan	4926
iritsukeru	炒りつける	ichidan	6788
iroaseru	色褪せる	ichidan	4839
iroaseru	色あせる	ichidan	5121
irodoreru	彩れる	ichidan	5954
irodoru	彩る	godan	3370
irodoru	いろどる	godan	5927
iromeganedemiru	色眼鏡で見る	ichidan	6627
iromekitatsu	色めき立つ	godan	5878
iromeku	色めく	godan	5293
iromeku	いろめく	godan	6650
iromewotsukau	色目を使う	godan	5907
irowotsukeru	色を付ける	ichidan	5195
irowoushinau	色を失う	godan	6311
irozuku	色づく	godan	3668
irozuku	色付く	godan	4538
irozuku	いろづく	godan	5937
iru	いる	godan	0
iru	いる	ichidan	23
iru	居る	ichidan	1541
iru	入る	godan	3479
iru	要る	godan	4148
iru	射る	ichidan	4800
iru	炒る	godan	5484
iru	煎る	godan	5658
iru	鋳る	ichidan	6544
isaiwohanatsu	異彩を放つ	godan	5632
isakau	諍う	godan	6374
isameru	諌める	ichidan	5530
isameru	諫める	ichidan	5589
isameru	いさめる	ichidan	5897
isamitatsu	勇み立つ	godan	6839
isamu	いさむ	godan	6242
isamu	勇む	godan	6388
isayou	いさよう	godan	6708
ishibashiwotataitewataru	石橋を叩いて渡る	godan	5926
ishibashiwotataitewataru	石橋をたたいて渡る	godan	6260
ishokutaritereisetsuwoshiru	衣食足りて礼節を知る	godan	6416
isogasu	急がす	godan	6678
isogeru	急げる	ichidan	6993
isogu	急ぐ	godan	3929
isogu	いそぐ	godan	5767
isoshimu	勤しむ	godan	4761
isoshimu	いそしむ	godan	5220
issekiwotoujiru	一石を投じる	ichidan	5128
issenwokakusu	一線を画す	godan	6108
issenwokoeru	一線を越える	ichidan	5695
isshimukuiru	一矢報いる	ichidan	5554
isshiwomukuiru	一矢を報いる	ichidan	6730
isshounifusu	一笑に付す	godan	6347
issu	いっす	godan	5392
issuru	逸する	suru	4377
issuru	いっする	suru	5033
isuru	いする	suru	4171
isuru	委する	suru	6226
isuru	医する	suru	6302
isuru	慰する	suru	6488
isuwareru	居座れる	ichidan	6103
isuwaru	居座る	godan	4652
itaburu	いたぶる	godan	5623
itaburu	甚振る	godan	6850
itadakeru	いただける	ichidan	2062
itadakeru	頂ける	ichidan	2695
itadakeru	戴ける	ichidan	5166
itadaku	いただく	godan	1519
itadaku	頂く	godan	2294
itadaku	戴く	godan	4072
itaimeniau	痛い目に遭う	godan	4750
itaimeniau	痛い目にあう	godan	4936
itameawaseru	炒め合わせる	ichidan	4760
itameru	炒める	ichidan	3429
itameru	痛める	ichidan	4289
itameru	傷める	ichidan	4432
itameru	いためる	ichidan	5402
itametsukeru	痛めつける	ichidan	5176
itametsukeru	痛め付ける	ichidan	6757
itamiiru	痛み入る	godan	6767
itamu	痛む	godan	3788
itamu	傷む	godan	4534
itamu	悼む	godan	4859
itamu	いたむ	godan	5693
itanitsuku	板につく	godan	5977
itanitsuku	板に付く	godan	6664
itareru	到れる	ichidan	6786
itaru	至る	godan	2706
itaru	いたる	godan	3632
itaru	到る	godan	4926
itasu	いたす	godan	4903
itasu	致す	godan	4996
itawariau	いたわりあう	godan	6601
itawaru	いたわる	godan	4755
itawaru	労る	godan	5500
iteru	いてる	ichidan	4416
iteru	凍てる	ichidan	6725
itetsuku	凍てつく	godan	3958
itetsuku	いてつく	godan	4323
itetsuku	凍て付く	godan	5983
itomeru	射止める	ichidan	5220
itonamu	営む	godan	3464
itonamu	いとなむ	godan	6171
itooshimu	愛おしむ	godan	5790
itooshimu	いとおしむ	godan	6260
itoshimu	愛しむ	godan	6676
itou	いとう	godan	4113
itou	厭う	godan	5191
itsuku	いつく	godan	4325
itsuku	居着く	godan	5068
itsuku	居付く	godan	5875
itsuku	斎く	godan	6141
itsukushimu	慈しむ	godan	4935
itsukushimu	いつくしむ	godan	5513
itsukushimu	愛くしむ	godan	6411
itsukushimu	愛しむ	godan	6734
itsuwaru	偽る	godan	4901
itsuwaru	いつわる	godan	6212
itsuzukeru	居続ける	ichidan	4790
iu	いう	godan	2
iu	言う	godan	11
iu	云う	godan	3053
iu	謂う	godan	4762
iwaeru	祝える	ichidan	5644
iwasu	言わす	godan	5716
iwasu	いわす	godan	6182
iwau	祝う	godan	2903
iwau	いわう	godan	5622
iwokessuru	意を決する	suru	5561
iwomochiiru	意を用いる	ichidan	6965
iwotonaeru	異を唱える	ichidan	5265
iyagaru	嫌がる	godan	3782
iyagaru	いやがる	godan	5229
iyakegasasu	嫌気が差す	godan	6247
iyamasu	いや増す	godan	6498
iyaseru	癒せる	ichidan	4775
iyaseru	いやせる	ichidan	6308
iyashimeru	卑しめる	ichidan	6606
iyashimu	卑しむ	godan	6574
iyasu	癒す	godan	3749
iyasu	癒やす	godan	4649
iyasu	いやす	godan	5328
izanau	いざなう	godan	4448
izanau	誘う	godan	5174
jakusuru	寂する	suru	6260
jakusuru	じゃくする	suru	6830
jamuru	ジャムる	godan	6084
jarasu	じゃらす	godan	6079
jareau	じゃれ合う	godan	4976
jareru	じゃれる	ichidan	5750
jibarawokiru	自腹を切る	godan	6527
jidandafumu	地団駄踏む	godan	6885
jidandawofumu	地団駄を踏む	godan	6658
jideiku	地で行く	godan	4518
jigokunokamanofutagaaku	地獄の釜の蓋が開く	godan	6369
jikkouniutsusu	実行に移す	godan	4920
jikoru	事故る	godan	4926
jimetsuku	じめつく	godan	6682
jimiru	じみる	ichidan	6890
jimokuwoatsumeru	耳目を集める	ichidan	6084
jindoru	陣取る	godan	5012
jinjiwotsukushitetenmeiwomatsu	人事を尽くして天命を待つ	godan	5744
jinsuru	陣する	suru	5247
jinwoshiku	陣を敷く	godan	5965
jiraiwofumu	地雷を踏む	godan	6422
jirasu	焦らす	godan	5344
jirasu	じらす	godan	6111
jireru	じれる	ichidan	4863
jireru	焦れる	ichidan	6602
jisu	じす	godan	5384
jisu	辞す	godan	5988
jisu	持す	godan	6618
jisuru	辞する	suru	4589
jisuru	じする	suru	4734
jisuru	持する	suru	4947
jisuru	侍する	suru	5606
josuru	叙する	suru	4591
josuru	除する	suru	5074
josuru	じょする	suru	5872
josuru	序する	suru	6653
josuru	恕する	suru	6839
joujiru	乗じる	ichidan	5415
joukenzukeru	条件付ける	ichidan	6694
joukenzukeru	条件づける	ichidan	6857
jouzuru	乗ずる	zuru	4744
jouzuru	じょうずる	zuru	6534
jukusu	熟す	godan	4607
jukusu	じゅくす	godan	6777
jukusuru	熟する	suru	4605
jukusuru	じゅくする	suru	6544
junjiru	準じる	ichidan	4463
junjiru	殉じる	ichidan	5981
junjodateru	順序立てる	ichidan	6866
junjozukeru	順序付ける	ichidan	6842
junzuru	準ずる	zuru	2473
junzuru	殉ずる	zuru	5084
junzuru	准ずる	zuru	5479
junzuru	じゅんずる	zuru	6602
juubakonosumiwotsutsuku	重箱の隅をつつく	godan	4628
juubakonosumiwoyoujidehojikuru	重箱の隅を楊枝でほじくる	godan	6404
juujikawoseou	十字架を背負う	godan	6435
juujiwokiru	十字を切る	godan	6482
juusuru	住する	suru	4722
juutenwooku	重点を置く	godan	3716
juuyokugouwoseisu	柔よく剛を制す	godan	5987
kabau	かばう	godan	3808
kabau	庇う	godan	4138
kabiru	カビる	ichidan	5641
kabiru	かびる	ichidan	6679
kabuku	歌舞く	godan	6193
kabuku	傾く	godan	6485
kabureru	かぶれる	ichidan	4898
kabureru	被れる	ichidan	5311
kaburitsuku	かぶりつく	godan	4219
kaburitsuku	かぶり付く	godan	5922
kaburitsuku	齧り付く	godan	5982
kaburiwofuru	頭を振る	godan	5884
kaburu	被る	godan	3942
kaburu	かぶる	godan	3983
kaburu	カブる	godan	5824
kaburu	齧る	godan	6928
kabusaru	かぶさる	godan	5568
kabusaru	被さる	godan	5595
kabuseru	被せる	ichidan	4327
kabuseru	かぶせる	ichidan	4418
kabutonoowoshimeru	兜の緒を締める	ichidan	6847
kachiagaru	勝ち上がる	godan	5034
kachiau	かち合う	godan	5251
kachiau	かちあう	godan	5802
kachieru	勝ち得る	ichidan	5733
kachihokoru	勝ち誇る	godan	5722
kachikoseru	勝ち越せる	ichidan	6208
kachikosu	勝ち越す	godan	5551
kachinokoru	勝ち残る	godan	5167
kachinukeru	勝ち抜ける	ichidan	5771
kachinuku	勝ち抜く	godan	3796
kachinuku	勝ちぬく	godan	6223
kachinuku	かちぬく	godan	6917
kachisusumeru	勝ち進める	ichidan	6048
kachisusumu	勝ち進む	godan	5196
kachitoreru	勝ち取れる	ichidan	5479
kachitoru	勝ち取る	godan	4221
kachitoru	かちとる	godan	5982
kachitoru	勝ちとる	godan	6170
kachiwaru	かち割る	godan	6426
kachuunokuriwohirou	火中の栗を拾う	godan	5631
kadogatatsu	角が立つ	godan	5311
kadowakasu	かどわかす	godan	6976
kaereru	帰れる	ichidan	3909
kaereru	かえれる	ichidan	6145
kaerimiru	顧みる	ichidan	5084
kaerimiru	省みる	ichidan	5117
kaerimiru	かえりみる	ichidan	6076
kaeritsuku	帰り着く	godan	4942
kaerizakeru	返り咲ける	ichidan	6416
kaerizaku	返り咲く	godan	4350
kaeru	変える	ichidan	2332
kaeru	買える	ichidan	2848
kaeru	帰る	godan	2865
kaeru	かえる	ichidan	3901
kaeru	替える	ichidan	4132
kaeru	還る	godan	4469
kaeru	代える	ichidan	4623
kaeru	換える	ichidan	4628
kaeru	返る	godan	4758
kaeru	飼える	ichidan	4874
kaeru	かえる	godan	5190
kaeru	孵る	godan	5774
kaeru	歸る	godan	6039
kaeru	反る	godan	6489
kaeseru	返せる	ichidan	4499
kaeseru	帰せる	ichidan	6756
kaeseru	かえせる	ichidan	6816
kaesu	返す	godan	3215
kaesu	帰す	godan	4763
kaesu	かえす	godan	5075
kaesu	還す	godan	5115
kaesu	孵す	godan	6193
kaesu	反す	godan	6522
kagameru	かがめる	ichidan	6304
kagameru	屈める	ichidan	6778
kagamu	かがむ	godan	5313
kagamu	屈む	godan	5427
kagaru	かがる	godan	6091
kagasu	かがす	godan	6924
kagayakasu	輝かす	godan	5724
kagayaku	輝く	godan	2120
kagayaku	かがやく	godan	3795
kagayaku	耀く	godan	4716
kagayaku	赫く	godan	5726
kagayaku	煌く	godan	6028
kagedeitowohiku	陰で糸を引く	godan	6560
kageguchiwotataku	陰口を叩く	godan	5901
kageguchiwotataku	陰口をたたく	godan	6193
kageru	陰る	godan	5782
kageru	嗅げる	ichidan	6089
kageru	かげる	ichidan	6113
kageru	翳る	godan	6250
kagewohisomeru	影を潜める	ichidan	6468
kagewootosu	影を落とす	godan	5501
kagimawaru	嗅ぎ回る	godan	6382
kagiru	限る	godan	3097
kagiru	かぎる	godan	5703
kagitoreru	嗅ぎ取れる	ichidan	6973
kagitoru	嗅ぎ取る	godan	6127
kagitsukeru	嗅ぎつける	ichidan	6039
kagitsukeru	かぎつける	ichidan	6712
kagitsukeru	嗅ぎ付ける	ichidan	6855
kagiwakeru	嗅ぎ分ける	ichidan	5564
kagiwakeru	かぎわける	ichidan	6222
kagiwakeru	かぎ分ける	ichidan	6389
kagu	嗅ぐ	godan	4506
kagu	かぐ	godan	4741
kaiagaru	買い上がる	godan	6995
kaiageru	買い上げる	ichidan	5886
kaiasaru	買い漁る	godan	5648
kaiasaru	買いあさる	godan	6247
kaiataeru	買い与える	ichidan	5645
kaiatsumeru	買い集める	ichidan	5682
kaihikaeru	買い控える	ichidan	6430
kaihounimukau	快方に向かう	godan	5588
kaiinunitewokamareru	飼い犬に手を噛まれる	ichidan	6662
kaiireru	買い入れる	ichidan	5788
kaijinnikisu	灰燼に帰す	godan	6309
kaikaeru	買い替える	ichidan	4092
kaikaeru	買い換える	ichidan	4405
kaikiru	買い切る	godan	6894
kaikomu	買い込む	godan	5570
kaikomu	飼い込む	godan	6427
kaikuguru	かいくぐる	godan	5703
kaikuguru	掻い潜る	godan	6193
kaimakeru	買い負ける	ichidan	6909
kaimamieru	垣間見える	ichidan	4108
kaimamieru	垣間みえる	ichidan	6930
kaimamiru	垣間見る	ichidan	4081
kaimamiru	垣間みる	ichidan	6017
kaimamiru	かいま見る	ichidan	6192
kaimamiru	かいまみる	ichidan	6802
kaimasu	買い増す	godan	5770
kaimodoseru	買い戻せる	ichidan	6345
kaimodosu	買い戻す	godan	5190
kaimotomeru	買い求める	ichidan	4936
kainarasu	飼いならす	godan	5637
kainarasu	飼い慣らす	godan	5859
kainarasu	飼い馴らす	godan	6784
kainogasu	買い逃がす	godan	6033
kaisaiwosakebu	快哉を叫ぶ	godan	6881
kaisasaeru	買い支える	ichidan	6887
kaishimeru	買い占める	ichidan	5465
kaisoroeru	買い揃える	ichidan	5380
kaisu	解す	godan	5013
kaisu	会す	godan	5517
kaisu	介す	godan	5597
kaisu	かいす	godan	6075
kaisuru	解する	suru	3556
kaisuru	介する	suru	3700
kaisuru	かいする	suru	4941
kaisusumeru	買い進める	ichidan	6702
kaitasu	買い足す	godan	4828
kaitataku	買い叩く	godan	5334
kaitataku	買いたたく	godan	6102
kaitoreru	買い取れる	ichidan	5586
kaitoru	買い取る	godan	4496
kaitoru	買取る	godan	5641
kaitoru	かいとる	godan	6808
kaitsukeru	買い付ける	ichidan	5225
kaitsukeru	買いつける	ichidan	6811
kaitsumamu	かいつまむ	godan	6481
kaiukeru	買い受ける	ichidan	6123
kajikamu	かじかむ	godan	5565
kajikamu	悴む	godan	6291
kajiritsuku	かじりつく	godan	4651
kajiritsuku	齧りつく	godan	5954
kajiritsuku	齧り付く	godan	5982
kajiritsuku	かじり付く	godan	6463
kajiru	かじる	godan	4617
kajiru	齧る	godan	5431
kajiru	囓る	godan	6480
kajiru	噛じる	godan	6942
kajisuru	舵する	suru	6011
kakaekomu	抱え込む	godan	4608
kakaekomu	抱えこむ	godan	6492
kakaekomu	かかえこむ	godan	6995
kakaemotsu	抱え持つ	godan	6887
kakaeru	抱える	ichidan	2935
kakaeru	かかえる	ichidan	5027
kakageru	掲げる	ichidan	2438
kakageru	かかげる	ichidan	5480
kakareru	かかれる	ichidan	4713
kakareru	掛かれる	ichidan	5445
kakaru	かかる	godan	2065
kakaru	係る	godan	2941
kakaru	掛かる	godan	3463
kakaru	架かる	godan	4179
kakaru	懸かる	godan	5255
kakaru	掛る	godan	5267
kakaru	罹る	godan	5329
kakaru	懸る	godan	6165
kakaru	架る	godan	6634
kakaru	繋る	godan	6788
kakasu	欠かす	godan	4314
kakasu	かかす	godan	6100
kakattekuru	かかってくる	kuru	581
kakattekuru	掛かってくる	kuru	1543
kakawareru	関われる	ichidan	4140
kakawareru	かかわれる	ichidan	5764
kakawariau	関わり合う	godan	4775
kakawariau	かかわりあう	godan	5959
kakawariau	かかわり合う	godan	5990
kakawaru	関わる	godan	2561
kakawaru	係る	godan	2615
kakawaru	かかわる	godan	3526
kakawaru	係わる	godan	4420
kakawaru	拘る	godan	4689
kakawaru	拘わる	godan	5510
kakawaru	関る	godan	5690
kakazurau	かかずらう	godan	6292
kakeaeru	掛け合える	ichidan	6382
kakeaeru	かけあえる	ichidan	6711
kakeagaru	駆け上がる	godan	4687
kakeau	掛け合う	godan	4534
kakeau	かけ合う	godan	5099
kakeau	かけあう	godan	5252
kakeawaseru	かけ合わせる	ichidan	5621
kakeawaseru	かけあわせる	ichidan	6267
kakeawasu	掛け合わす	godan	6836
kakedasu	駆け出す	godan	5244
kakedasu	駆けだす	godan	6380
kakedasu	かけだす	godan	6631
kakehanareru	かけ離れる	ichidan	5960
kakekomeru	駆け込める	ichidan	6025
kakekomu	駆け込む	godan	4876
kakekomu	かけこむ	godan	6643
kakemawareru	駆け回れる	ichidan	6138
kakemawaru	駆け回る	godan	4734
kakemawaru	かけまわる	godan	6406
kakemeguru	駆け巡る	godan	4570
kakemeguru	かけめぐる	godan	5790
kakemeguru	駆けめぐる	godan	5813
kakemodoru	駆け戻る	godan	6792
kakemotsu	掛け持つ	godan	6333
kakenagasu	かけ流す	godan	6378
kakenagasu	掛け流す	godan	6901
kakenideru	賭けに出る	ichidan	6137
kakenoboru	駆け上る	godan	5788
kakenoboru	駆け登る	godan	6370
kakenukeru	駆け抜ける	ichidan	4021
kakenukeru	かけぬける	ichidan	6124
kakenukeru	駈け抜ける	ichidan	6924
kakeoriru	駆け下りる	ichidan	5643
kakeoriru	駆け降りる	ichidan	6114
kakeru	かける	ichidan	2470
kakeru	書ける	ichidan	3387
kakeru	掛ける	ichidan	3525
kakeru	欠ける	ichidan	3558
kakeru	賭ける	ichidan	4116
kakeru	駆ける	ichidan	4266
kakeru	描ける	ichidan	4323
kakeru	懸ける	ichidan	4667
kakeru	架ける	ichidan	4835
kakeru	駈ける	ichidan	5038
kakeru	翔ける	ichidan	5099
kakeru	駆ける	godan	5504
kakeru	翔る	godan	5709
kakeru	掻ける	ichidan	6278
kaketsukeru	駆けつける	ichidan	4287
kaketsukeru	駆け付ける	ichidan	4986
kaketsukeru	かけつける	ichidan	5575
kakewatasu	架け渡す	godan	6842
kakeyoru	駆け寄る	godan	4946
kakeyoru	かけよる	godan	6511
kakezurimawaru	駆けずり回る	godan	6042
kakiagaru	書き上がる	godan	6694
kakiageru	書き上げる	ichidan	4891
kakiageru	かき上げる	ichidan	5612
kakiageru	かきあげる	ichidan	5675
kakiageru	書きあげる	ichidan	6132
kakiageru	掻き上げる	ichidan	6674
kakiaratameru	書き改める	ichidan	6760
kakiarawaseru	書き表せる	ichidan	6857
kakiarawasu	書き表わす	godan	5639
kakiatsumeru	かき集める	ichidan	5253
kakiatsumeru	掻き集める	ichidan	6426
kakichirasu	書き散らす	godan	5995
kakidaseru	書き出せる	ichidan	5653
kakidasu	書き出す	godan	3998
kakidasu	かき出す	godan	5494
kakidasu	掻き出す	godan	5524
kakidasu	かきだす	godan	6323
kakidasu	書出す	godan	6381
kakiidaku	掻き抱く	godan	6554
kakiireru	書き入れる	ichidan	5589
kakiireru	描き入れる	ichidan	6363
kakikaeru	書き換える	ichidan	4085
kakikaeru	書換える	ichidan	6632
kakikawaru	書き換わる	godan	5646
kakikawaru	書き変わる	godan	6602
kakikeseru	かき消せる	ichidan	6713
kakikesu	かき消す	godan	5256
kakikesu	掻き消す	godan	6054
kakikieru	掻き消える	ichidan	6738
kakikieru	かき消える	ichidan	6937
kakikomeru	書き込める	ichidan	4516
kakikomeru	かきこめる	ichidan	6903
kakikomu	書き込む	godan	3630
kakikomu	書きこむ	godan	5375
kakikomu	描き込む	godan	5509
kakikomu	かきこむ	godan	5823
kakikomu	かき込む	godan	5910
kakikomu	描きこむ	godan	6185
kakikomu	掻き込む	godan	6255
kakikudasu	書き下す	godan	6080
kakikudoku	かき口説く	godan	6723
kakikudoku	かきくどく	godan	6870
kakikurasu	かきくらす	godan	6868
kakikuwaeru	書き加える	ichidan	5481
kakikuwaeru	描き加える	ichidan	6375
kakimawasu	かき回す	godan	5333
kakimawasu	掻き回す	godan	6080
kakimawasu	かきまわす	godan	6379
kakimazeru	かき混ぜる	ichidan	4408
kakimazeru	かきまぜる	ichidan	5798
kakimazeru	掻き混ぜる	ichidan	6458
kakimidasu	かき乱す	godan	5361
kakimidasu	掻き乱す	godan	6183
kakimushiru	かきむしる	godan	5841
kakimushiru	掻きむしる	godan	5921
kakimushiru	掻き毟る	godan	6583
kakinaguru	書き殴る	godan	5925
kakinaguru	書きなぐる	godan	6028
kakinaoseru	書き直せる	ichidan	6154
kakinaosu	書き直す	godan	4731
kakinarasu	かき鳴らす	godan	5481
kakinarasu	掻き鳴らす	godan	6010
kakinarasu	かきならす	godan	6850
kakinokoseru	書き残せる	ichidan	6763
kakinokosu	書き残す	godan	5353
kakinuku	書き抜く	godan	6024
kakinuku	書抜く	godan	6870
kakiokosu	書き起こす	godan	5392
kakiokosu	描き起こす	godan	6258
kakioku	書き置く	godan	6334
kakiokuru	書き送る	godan	6506
kakiokuru	書送る	godan	6909
kakiorosu	書き下ろす	godan	5616
kakiorosu	描き下ろす	godan	6194
kakiotosu	掻き落とす	godan	6709
kakiotosu	かき落とす	godan	6912
kakishirusu	書き記す	godan	5241
kakisoeru	書き添える	ichidan	5782
kakitameru	書き溜める	ichidan	6450
kakitameru	書きためる	ichidan	6901
kakitasu	書き足す	godan	5515
kakitasu	描き足す	godan	5688
kakitateru	掻き立てる	ichidan	4719
kakitateru	かき立てる	ichidan	5023
kakitateru	かきたてる	ichidan	5191
kakitateru	書き立てる	ichidan	6343
kakitateru	搔き立てる	ichidan	6693
kakitomeru	書き留める	ichidan	4876
kakitomeru	書きとめる	ichidan	6081
kakitoru	書き取る	godan	5801
kakitoru	かき取る	godan	6442
kakitoru	掻き取る	godan	6514
kakitoru	書きとる	godan	6527
kakitoru	かきとる	godan	6585
kakitsugu	書き継ぐ	godan	6980
kakitsukeru	書きつける	ichidan	6138
kakitsukeru	書き付ける	ichidan	6554
kakitsuraneru	書き連ねる	ichidan	5340
kakitsuzuru	書き綴る	godan	5451
kakitsuzuru	書きつづる	godan	6454
kakiutsusu	書き写す	godan	5006
kakiutsusu	描き写す	godan	6507
kakiwakeru	かき分ける	ichidan	5604
kakiwakeru	書き分ける	ichidan	5840
kakiwakeru	掻き分ける	ichidan	6230
kakiwakeru	かきわける	ichidan	6504
kakiyoseru	かき寄せる	ichidan	6841
kakkiru	掻っ切る	godan	6806
kakkizuku	活気づく	godan	4572
kakkizuku	活気付く	godan	5591
kakkomu	かっこむ	godan	6429
kakkomu	かっ込む	godan	6728
kakkomu	掻っ込む	godan	6899
kakkotsukeru	カッコつける	ichidan	5527
kakkotsukeru	かっこつける	ichidan	5858
kakkoutsukeru	格好つける	ichidan	6100
kakkurau	かっ食らう	godan	6390
kakkurau	かっくらう	godan	6504
kakkurau	かっ喰らう	godan	6508
kakoeru	囲える	ichidan	6384
kakoikomu	囲い込む	godan	5302
kakoikomu	囲いこむ	godan	6843
kakomeru	囲める	ichidan	5579
kakomu	囲む	godan	3684
kakomu	かこむ	godan	5836
kakotsu	かこつ	godan	6153
kakotsukeru	かこつける	ichidan	6771
kakou	囲う	godan	3895
kakou	かこう	godan	4290
kaku	書く	godan	1451
kaku	描く	godan	2018
kaku	かく	godan	2918
kaku	欠く	godan	3221
kaku	掻く	godan	4139
kaku	搔く	godan	5913
kaku	舁く	godan	6040
kakubaru	角ばる	godan	6740
kakubaru	かくばる	godan	6887
kakugowokimeru	覚悟を決める	ichidan	5538
kakumau	匿う	godan	4882
kakumau	かくまう	godan	5171
kakureru	隠れる	ichidan	3655
kakureru	潜れる	ichidan	5085
kakureru	かくれる	ichidan	5271
kakuresumu	隠れ住む	godan	6062
kakuru	隠る	godan	6521
kakuseru	隠せる	ichidan	4419
kakuseru	かくせる	ichidan	6709
kakushimoteru	隠し持てる	ichidan	6804
kakushimotsu	隠し持つ	godan	5526
kakushinwotsuku	核心を突く	godan	5358
kakushinwotsuku	核心をつく	godan	5678
kakusu	隠す	godan	3294
kakusu	画す	godan	4149
kakusu	かくす	godan	5046
kakusuru	画する	suru	3927
kakusuru	かくする	suru	5157
kakusuru	劃する	suru	6457
kakutsuku	カクつく	godan	4340
kamaeru	構える	ichidan	3463
kamaeru	かまえる	ichidan	5330
kamakeru	かまける	ichidan	6489
kamau	構う	godan	4279
kamau	かまう	godan	4888
kamawokakeru	カマをかける	ichidan	6984
kameru	噛める	ichidan	4771
kameru	かめる	ichidan	5621
kameru	咬める	ichidan	5965
kamiau	噛み合う	godan	4089
kamiau	かみ合う	godan	4708
kamiau	かみあう	godan	6173
kamiau	嚙み合う	godan	6254
kamichigiru	噛みちぎる	godan	5954
kamichigiru	噛み千切る	godan	6760
kamichigiru	かみちぎる	godan	6792
kamigakaru	神がかる	godan	6885
kamikireru	噛み切れる	ichidan	6027
kamikiru	噛み切る	godan	5590
kamikiru	かみ切る	godan	6511
kamikomu	噛み込む	godan	6305
kamikorosu	噛み殺す	godan	6332
kamikorosu	かみ殺す	godan	6709
kamikudakeru	噛み砕ける	ichidan	6451
kamikudaku	かみくだく	godan	4238
kamikudaku	噛み砕く	godan	4259
kamikudaku	かみ砕く	godan	4938
kamikudaku	嚙み砕く	godan	5968
kamikudaku	噛みくだく	godan	6225
kamikudaku	咬み砕く	godan	6894
kamishimeru	噛みしめる	ichidan	4728
kamishimeru	噛み締める	ichidan	4917
kamishimeru	かみしめる	ichidan	5192
kamishimeru	かみ締める	ichidan	6283
kamishimeru	嚙みしめる	ichidan	6632
kamitsubusu	噛み潰す	godan	6843
kamitsuku	噛みつく	godan	4102
kamitsuku	噛み付く	godan	4238
kamitsuku	かみつく	godan	4241
kamitsuku	嚙みつく	godan	6101
kamitsuku	咬み付く	godan	6668
kamiwoorosu	髪を下ろす	godan	6591
kamiwosuku	髪をすく	godan	5730
kamiwosuku	髪を梳く	godan	6041
kamoru	カモる	godan	6577
kamoseru	醸せる	ichidan	6606
kamoshidaseru	醸し出せる	ichidan	5704
kamoshidasu	醸し出す	godan	4121
kamoshidasu	かもし出す	godan	5582
kamoshidasu	かもしだす	godan	5983
kamoshideru	醸し出る	ichidan	6930
kamosu	醸す	godan	4448
kamosu	かもす	godan	5820
kamosuru	かもする	suru	5266
kamu	噛む	godan	3513
kamu	かむ	godan	4241
kamu	咬む	godan	5024
kamu	嚙む	godan	5878
kamuru	被る	godan	5232
kamuru	かむる	godan	6534
kanaderu	奏でる	ichidan	3741
kanaderu	かなでる	ichidan	5917
kanaenokeichouwotou	鼎の軽重を問う	godan	2899
kanaeru	叶える	ichidan	3186
kanaeru	かなえる	ichidan	4194
kanaeru	適える	ichidan	6558
kanagurisuteru	かなぐり捨てる	ichidan	6493
kanashimeru	悲しめる	ichidan	6593
kanashiminikureru	悲しみに暮れる	ichidan	5849
kanashiminikureru	悲しみにくれる	ichidan	6503
kanashiminishizumu	悲しみに沈む	godan	6839
kanashimu	悲しむ	godan	4277
kanashimu	哀しむ	godan	6158
kanashimu	かなしむ	godan	6160
kanau	叶う	godan	2823
kanau	かなう	godan	3623
kanau	適う	godan	4502
kanau	敵う	godan	4559
kanau	称う	godan	6658
kandefukumeru	噛んで含める	ichidan	6733
kanegamonowoiu	金が物を言う	godan	6285
kanegamonowoiu	金がものを言う	godan	6450
kaneru	兼ねる	ichidan	4284
kaneru	かねる	ichidan	5837
kanesonaeru	兼ね備える	ichidan	4701
kangaeawaseru	考え合わせる	ichidan	5586
kangaeawaseru	考え併せる	ichidan	6887
kangaedaseru	考え出せる	ichidan	6738
kangaedasu	考え出す	godan	4987
kangaekomu	考え込む	godan	5030
kangaenaosu	考え直す	godan	4541
kangaenuku	考え抜く	godan	4246
kangaeru	考える	ichidan	1806
kangaeru	かんがえる	ichidan	5003
kangaetsuku	考えつく	godan	4563
kangaetsuku	考え付く	godan	5152
kangaheru	考へる	ichidan	5590
kangamiru	鑑みる	ichidan	4580
kangamiru	かんがみる	ichidan	6127
kanguru	勘ぐる	godan	5894
kanguru	勘繰る	godan	6058
kanjiiru	感じ入る	godan	5618
kanjiru	感じる	ichidan	1838
kanjiru	かんじる	ichidan	5201
kanjiru	観じる	ichidan	6436
kanjitoreru	感じ取れる	ichidan	4386
kanjitoreru	感じとれる	ichidan	5447
kanjitoru	感じ取る	godan	4125
kanjitoru	感じとる	godan	5054
kankeizukeru	関係づける	ichidan	6118
kankeizukeru	関係付ける	ichidan	6528
kankiwamaru	感極まる	godan	5473
kankodoriganaku	閑古鳥が鳴く	godan	6141
kanninbukuronoogakireru	堪忍袋の緒が切れる	ichidan	6378
kannisawaru	癇に障る	godan	6191
kanrenzukeru	関連付ける	ichidan	4483
kanrenzukeru	関連づける	ichidan	5257
kanruinimusebu	感涙にむせぶ	godan	6777
kansu	関す	godan	5291
kansu	冠す	godan	6372
kansuru	関する	suru	340
kansuru	冠する	suru	3527
kansuru	かんする	suru	3999
kansuru	観する	suru	5689
kansuru	管する	suru	5700
kansuru	緘する	suru	6993
kantan'aiterasu	肝胆相照らす	godan	6729
kanzuku	感づく	godan	5607
kanzuku	勘づく	godan	5721
kanzuku	勘付く	godan	5857
kanzuku	感付く	godan	6673
kanzuru	感ずる	zuru	3834
kanzuru	観ずる	zuru	5054
kanzuru	かんずる	zuru	5845
kaogakiku	顔が利く	godan	5391
kaoirowoukagau	顔色をうかがう	godan	5089
kaoirowoukagau	顔色を窺う	godan	6639
kaokarahigaderu	顔から火が出る	ichidan	6145
kaonidorowonuru	顔に泥を塗る	godan	5913
kaoritatsu	香り立つ	godan	5205
kaoru	香る	godan	3605
kaoru	薫る	godan	4486
kaoru	かおる	godan	4729
kaowoawaseru	顔を合わせる	ichidan	4540
kaowoawasu	顔を合わす	godan	6244
kaowomiseru	顔を見せる	ichidan	5529
kaowoshikameru	顔をしかめる	ichidan	5453
kaowoshikameru	顔を顰める	ichidan	6602
kaowosomukeru	顔を背ける	ichidan	5928
kaowotsukiawaseru	顔を突き合わせる	ichidan	6742
kapparau	かっぱらう	godan	6108
karaburu	空振る	godan	6287
karadadeoboeru	体で覚える	ichidan	5469
karadadeoboeru	身体で覚える	ichidan	6198
karadawoharu	体を張る	godan	5630
karadawokowasu	体を壊す	godan	5789
karageru	からげる	ichidan	6763
karakau	からかう	godan	3882
karamaru	絡まる	godan	4772
karamaru	からまる	godan	5646
karamaseru	絡ませる	ichidan	6019
karameru	絡める	ichidan	4264
karameru	からめる	ichidan	4715
karametoru	絡め取る	godan	5858
karametoru	からめとる	godan	6480
karametoru	からめ取る	godan	6849
karamiau	絡み合う	godan	3608
karamiau	からみあう	godan	5694
karamitsukeru	絡みつける	ichidan	6778
karamitsuku	絡みつく	godan	4151
karamitsuku	からみつく	godan	4881
karamitsuku	絡み付く	godan	5141
karamu	絡む	godan	3665
karamu	からむ	godan	4743
karareru	かられる	ichidan	5196
karasu	枯らす	godan	5004
karasu	からす	godan	5401
karawoyaburu	殻を破る	godan	5617
karehateru	枯れ果てる	ichidan	6238
karekinihanagasaku	枯れ木に花が咲く	godan	6723
karekomu	枯れ込む	godan	6449
kareochiru	枯れ落ちる	ichidan	6255
kareru	枯れる	ichidan	4108
kareru	かれる	ichidan	4520
kareru	涸れる	ichidan	5897
kareyuku	枯れゆく	godan-iku	3229
kareyuku	枯れ行く	godan-iku	3419
kariageru	刈り上げる	ichidan	5610
kariageru	借り上げる	ichidan	6187
karidasu	駆り出す	godan	6442
karidasu	借り出す	godan	6778
kariireru	借り入れる	ichidan	5265
kariireru	刈り入れる	ichidan	6466
kariireru	借入れる	ichidan	6571
karikaeru	借り換える	ichidan	5767
karikiru	借り切る	godan	6806
karikomu	刈り込む	godan	5605
kariru	借りる	ichidan	3449
kariru	かりる	ichidan	5542
karitateru	駆り立てる	ichidan	4951
karitateru	かりたてる	ichidan	6692
karitateru	駆りたてる	ichidan	6929
karitoreru	刈り取れる	ichidan	6357
karitoru	刈り取る	godan	4913
karitoru	刈りとる	godan	6861
karitoru	かりとる	godan	6920
kariukeru	借り受ける	ichidan	5678
karonjiru	軽んじる	ichidan	5221
karonzuru	軽んずる	zuru	5152
karonzuru	かろんずる	zuru	6707
karu	かる	godan	4029
karu	狩る	godan	4213
karu	刈る	godan	4691
karu	駆る	godan	4884
karu	借る	godan	5445
karu	穫る	godan	6523
karukuchiwotataku	軽口を叩く	godan	5698
karukuchiwotataku	軽口をたたく	godan	6152
kasabaru	かさばる	godan	4333
kasabaru	嵩張る	godan	5115
kasabaru	かさ張る	godan	5954
kasamu	かさむ	godan	4524
kasamu	嵩む	godan	5261
kasanariau	重なり合う	godan	3855
kasanariau	かさなりあう	godan	6585
kasanaru	重なる	godan	3390
kasanaru	かさなる	godan	5715
kasaneau	重ね合う	godan	5486
kasaneawasu	重ね合わす	godan	6833
kasaneru	重ねる	ichidan	3009
kasaneru	かさねる	ichidan	5706
kasatsuku	カサつく	godan	5091
kasegeru	稼げる	ichidan	3239
kasegeru	かせげる	ichidan	6167
kasegidasu	稼ぎ出す	godan	5624
kasegu	稼ぐ	godan	3105
kasegu	かせぐ	godan	5583
kaseru	かせる	ichidan	5286
kaseru	貸せる	ichidan	5542
kashiataeru	貸し与える	ichidan	6454
kashidaseru	貸し出せる	ichidan	6098
kashidasu	貸し出す	godan	4644
kashidasu	貸出す	godan	6343
kashigeru	かしげる	ichidan	4943
kashigeru	傾げる	ichidan	6075
kashigu	傾ぐ	godan	6563
kashigu	かしぐ	godan	6605
kashikireru	貸し切れる	ichidan	6392
kashikiru	貸し切る	godan	5841
kashikiru	貸切る	godan	6358
kashikomaru	かしこまる	godan	6021
kashikomaru	畏まる	godan	6384
kashimeru	かしめる	ichidan	5911
kashimeru	カシメる	ichidan	6144
kashitsukeru	貸し付ける	ichidan	5092
kashizuku	かしずく	godan	5390
kashizuku	傅く	godan	5869
kasoru	過疎る	godan	5439
kassabaku	掻っ捌く	godan	6565
kassabaku	かっさばく	godan	6582
kassarau	かっさらう	godan	5057
kassarau	掻っ攫う	godan	5672
kassuru	渇する	suru	6327
kasu	課す	godan	4124
kasu	貸す	godan	4198
kasu	化す	godan	4406
kasu	かす	godan	4687
kasu	科す	godan	4973
kasumeru	かすめる	ichidan	5117
kasumeru	掠める	ichidan	5790
kasumetoru	かすめ取る	godan	6313
kasumetoru	掠め取る	godan	6344
kasumetoru	かすめとる	godan	6789
kasumitatsu	霞立つ	godan	6494
kasumu	霞む	godan	4940
kasumu	かすむ	godan	5071
kasureru	かすれる	ichidan	5318
kasureru	掠れる	ichidan	6227
kasuru	かする	suru	3725
kasuru	課する	suru	3774
kasuru	科する	suru	4115
kasuru	かする	godan	5044
kasuru	架する	suru	5683
kasuru	掠る	godan	6562
kasuru	呵する	suru	6925
katabukeru	傾ける	ichidan	5650
katabuku	傾く	godan	4988
katabuku	かたぶく	godan	5673
katachizukureru	形作れる	ichidan	6571
katachizukuru	形作る	godan	4320
katachizukuru	形づくる	godan	5003
katachizukuru	かたちづくる	godan	5847
katachizukuru	形造る	godan	6629
katadekazewokiru	肩で風を切る	godan	6907
katadoru	象る	godan	5795
katadoru	かたどる	godan	5905
katadoru	模る	godan	6761
katadoru	形どる	godan	6867
katagatsuku	片がつく	godan	5817
katagatsuku	片が付く	godan	5884
katahijiharu	肩肘張る	godan	6782
katamaru	固まる	godan	3965
katamaru	かたまる	godan	5793
katameru	固める	ichidan	3718
katameru	かためる	ichidan	5789
katamukeru	傾ける	ichidan	4153
katamukeru	かたむける	ichidan	5620
katamuku	傾く	godan	3491
katamuku	かたむく	godan	5398
katanihamaru	型にはまる	godan	5952
katanihameru	型にはめる	ichidan	5779
katanochikarawonuku	肩の力を抜く	godan	4808
katanonigaoriru	肩の荷が下りる	ichidan	6474
kataraiau	語らい合う	godan	6211
katarau	語らう	godan	4302
katarau	かたらう	godan	6578
katareru	語れる	ichidan	4031
katariaeru	語り合える	ichidan	4878
katariakasu	語り明かす	godan	6391
katariau	語り合う	godan	3383
katariau	語りあう	godan	5016
katariau	かたりあう	godan	6621
katarikakeru	語りかける	ichidan	4213
katarikakeru	語り掛ける	ichidan	5309
kataritaosu	語り倒す	godan	6693
kataritsugu	語り継ぐ	godan	4832
kataritsugu	語りつぐ	godan	5980
kataru	語る	godan	2529
kataru	騙る	godan	4786
kataru	かたる	godan	4917
kataruniochiru	語るに落ちる	ichidan	6248
katasu	かたす	godan	5790
katasu	片す	godan	6575
katawonaraberu	肩を並べる	ichidan	4702
katawootosu	肩を落とす	godan	6483
katawotataku	肩を叩く	godan	5841
katawotataku	肩をたたく	godan	6157
katawotsukeru	かたをつける	ichidan	6861
katayoru	偏る	godan	4369
katayoru	片寄る	godan	6007
katayoru	かたよる	godan	6175
katazukeru	片付ける	ichidan	3966
katazukeru	片づける	ichidan	4717
katazukeru	かたづける	ichidan	5979
katazuku	片付く	godan	4125
katazuku	片づく	godan	4780
katazuku	かたづく	godan	6086
katazuwonomu	固唾をのむ	godan	6982
kateru	勝てる	ichidan	3160
kateru	かてる	ichidan	6009
katsu	勝つ	godan	2988
katsu	かつ	godan	5025
katsu	克つ	godan	5876
katsugeru	担げる	ichidan	5973
katsugiageru	担ぎ上げる	ichidan	5813
katsugidasu	担ぎ出す	godan	6588
katsugu	担ぐ	godan	4616
katsugu	かつぐ	godan	5627
katsuwoireru	活を入れる	ichidan	6272
kattobasu	かっ飛ばす	godan	5849
kattobasu	かっとばす	godan	6870
kattobu	かっ飛ぶ	godan	6799
kau	買う	godan	1751
kau	飼う	godan	3107
kau	かう	godan	3662
kau	交う	godan	5809
kau	支う	godan	6304
kawaigareru	可愛がれる	ichidan	6429
kawaigaru	可愛がる	godan	5123
kawaigaru	かわいがる	godan	5372
kawakasu	乾かす	godan	3837
kawakasu	かわかす	godan	6417
kawaku	乾く	godan	3036
kawaku	渇く	godan	4057
kawaku	かわく	godan	4492
kawareru	代われる	ichidan	5921
kawareru	かわれる	ichidan	6405
kawareru	替われる	ichidan	6862
kawarihateru	変わり果てる	ichidan	6655
kawaru	変わる	godan	2251
kawaru	代わる	godan	3657
kawaru	かわる	godan	4265
kawaru	替わる	godan	4751
kawaru	変る	godan	5028
kawaru	代る	godan	5899
kawaru	替る	godan	6004
kawaru	換わる	godan	6112
kawaseru	交わせる	ichidan	5379
kawaseru	かわせる	ichidan	5426
kawasu	交わす	godan	3930
kawasu	かわす	godan	4342
kawasu	躱す	godan	5507
kawasu	交す	godan	6017
kawasu	買わす	godan	6772
kayoeru	通える	ichidan	3772
kayoiau	通い合う	godan	4918
kayoitsumeru	通い詰める	ichidan	5632
kayoitsumeru	通いつめる	ichidan	6171
kayou	通う	godan	2358
kayou	かよう	godan	4149
kayowasu	通わす	godan	5671
kayuitokoronitegatodoku	かゆいところに手が届く	godan	4234
kayuitokoronitegatodoku	痒いところに手が届く	godan	4429
kayuitokoronitegatodoku	痒い所に手が届く	godan	4560
kayuitokoronitegatodoku	かゆい所に手が届く	godan	5054
kazaanawoakeru	風穴を開ける	ichidan	5761
kazaanawoakeru	風穴をあける	ichidan	6429
kazaanawoakeru	風穴を空ける	ichidan	6918
kazareru	飾れる	ichidan	4337
kazareru	かざれる	ichidan	6760
kazaritateru	飾り立てる	ichidan	5744
kazaritateru	飾りたてる	ichidan	6942
kazaritsukeru	飾り付ける	ichidan	5358
kazaritsukeru	飾りつける	ichidan	5908
kazaru	飾る	godan	3198
kazaru	かざる	godan	5473
kazasu	かざす	godan	4240
kazasu	翳す	godan	6137
kazegafukebaokeyagamoukaru	風が吹けば桶屋が儲かる	godan	5909
kazoeageru	数え上げる	ichidan	5849
kazoekireru	数え切れる	ichidan	6944
kazoeru	数える	ichidan	3639
kazoeru	かぞえる	ichidan	5718
kazuku	かずく	godan	5418
kazuwokonasu	数をこなす	godan	5325
kebadatsu	毛羽立つ	godan	6046
keburu	けぶる	godan	5974
keburu	烟る	godan	6839
kechirasu	蹴散らす	godan	5122
kechiru	ケチる	godan	5003
kechiru	けちる	godan	6368
kedasu	けだす	godan	6332
kedoru	気取る	godan	5661
kegahaeru	毛が生える	ichidan	5631
kegareru	穢れる	ichidan	6187
kegareru	汚れる	ichidan	6654
kegareru	けがれる	ichidan	6688
kegarewoharau	穢れを祓う	godan	5517
kegarewoharau	けがれをはらう	godan	6757
kegasu	汚す	godan	4743
kegasu	穢す	godan	6065
kegasu	けがす	godan	6224
keiiwoharau	敬意を払う	godan	4663
keishouwonarasu	警鐘を鳴らす	godan	5077
keisuru	けいする	suru	5423
keisuru	敬する	suru	5625
keisuru	刑する	suru	6118
keisuru	啓する	suru	6806
keisuru	慶する	suru	6891
kemisuru	閲する	suru	6120
kemisuru	けみする	suru	6674
kemunimaku	煙に巻く	godan	5024
kemunimaku	けむにまく	godan	6296
kemuru	煙る	godan	5422
kemuru	けむる	godan	6057
kemutagaru	煙たがる	godan	6296
kenasu	けなす	godan	4928
kenasu	貶す	godan	5081
kenbunwohiromeru	見聞を広める	ichidan	6893
kenjiru	献じる	ichidan	6219
kenkawouru	喧嘩を売る	godan	5691
kenkawouru	ケンカを売る	godan	6312
kensuru	けんする	suru	5335
kensuru	検する	suru	5684
kensuru	験する	suru	6088
kentougatsuku	見当がつく	godan	6104
kenzuru	献ずる	zuru	5234
keosareru	気圧される	ichidan	6124
keotosu	蹴落とす	godan	5458
keriageru	蹴り上げる	ichidan	5360
keridasu	蹴り出す	godan	5515
kerikomu	蹴り込む	godan	5394
kerikorosu	蹴り殺す	godan	6850
keriotosu	蹴り落とす	godan	6384
keritaosu	蹴り倒す	godan	6422
keritobasu	蹴り飛ばす	godan	5513
keru	蹴る	godan	4035
keru	ける	godan	4039
keseru	消せる	ichidan	4210
keseru	けせる	ichidan	6776
keshikakeru	けしかける	ichidan	5298
keshikibamu	気色ばむ	godan	6810
keshikomu	消し込む	godan	6143
keshisaru	消し去る	godan	4899
keshitobasu	消し飛ばす	godan	5702
keshitobu	消し飛ぶ	godan	5534
keshitomeru	消し止める	ichidan	6469
kessu	決す	godan	5778
kessuru	決する	suru	3412
kessuru	結する	suru	5209
kessuru	けっする	suru	6469
kesu	消す	godan	3222
kesu	けす	godan	5340
ketagachigau	桁が違う	godan	5312
ketateru	蹴立てる	ichidan	6995
ketobasu	蹴飛ばす	godan	5676
ketobasu	けとばす	godan	6968
ketsumazuku	蹴躓く	godan	6444
ketsumazuku	けつまずく	godan	6464
ketsuronzukeru	結論づける	ichidan	5238
ketsuronzukeru	結論付ける	ichidan	5309
ketteizukeru	決定づける	ichidan	4461
ketteizukeru	決定付ける	ichidan	5513
kettobasu	蹴っ飛ばす	godan	6072
keyaburu	蹴破る	godan	6342
kezureru	削れる	ichidan	4376
kezureru	けずれる	ichidan	6986
kezuridasu	削り出す	godan	5457
kezurikomu	削り込む	godan	6350
kezuriotosu	削り落とす	godan	5615
kezuritaosu	削り倒す	godan	6815
kezuritoreru	削り取れる	ichidan	6632
kezuritoru	削り取る	godan	5074
kezuru	削る	godan	3503
kezuru	けずる	godan	5778
kiaiwoireru	気合を入れる	ichidan	5515
kiaiwoireru	気合いを入れる	ichidan	5760
kibaeru	着映える	ichidan	5793
kibamu	黄ばむ	godan	5557
kibamu	きばむ	godan	6436
kibaru	きばる	godan	6061
kibaru	気張る	godan	6125
kibisuwokaesu	踵を返す	godan	6660
kichinitomu	機知に富む	godan	6942
kidoru	気取る	godan	5661
kidoru	きどる	godan	6672
kidouninoru	軌道に乗る	godan	5207
kidouninoseru	軌道に乗せる	godan	6042
kieiru	消え入る	godan	5898
kienokoru	消え残る	godan	6587
kieru	消える	ichidan	3078
kieru	きえる	ichidan	5699
kiesaru	消え去る	godan	4864
kieuseru	消え失せる	ichidan	5705
kieuseru	消えうせる	ichidan	6495
kieyuku	消えゆく	godan-iku	1869
kieyuku	消え行く	godan-iku	2374
kieyuku	消え逝く	godan-iku	3440
kigaau	気が合う	godan	3985
kigachiru	気が散る	godan	5322
kigaeru	着替える	ichidan	4210
kigaeru	きがえる	ichidan	6576
kigajukusu	機が熟す	godan	6487
kigakiku	気が利く	godan	5165
kigakiku	気がきく	godan	5557
kigakuruu	気が狂う	godan	4971
kigamaeru	気構える	ichidan	6770
kigamagireru	気が紛れる	ichidan	6682
kigamuku	気が向く	godan	5387
kigaseku	気が急く	godan	6451
kigasumu	気が済む	godan	5166
kigasumu	気がすむ	godan	5960
kigatookunaru	気が遠くなる	godan	5048
kigatsuku	気がつく	godan	3630
kigatsuku	気が付く	godan	3861
kigayurumu	気が緩む	godan	6308
kigusu	危惧す	godan	6407
kiiteakireru	聞いて呆れる	ichidan	6169
kiiteakireru	聞いてあきれる	ichidan	6661
kikaeru	着替える	ichidan	6094
kikaseru	きかせる	ichidan	5311
kikasu	利かす	godan	5978
kikasu	きかす	godan	6022
kikasu	聞かす	godan	6164
kikazareru	着飾れる	ichidan	6697
kikazaru	着飾る	godan	4887
kikazaru	きかざる	godan	6926
kikeru	聞ける	ichidan	3522
kikeru	聴ける	ichidan	3762
kikeru	きける	ichidan	5408
kikiakiru	聞き飽きる	ichidan	6673
kikiasaru	聴き漁る	godan	6999
kikidaseru	聞き出せる	ichidan	5854
kikidasu	聞き出す	godan	4592
kikidasu	聞きだす	godan	5998
kikihoreru	聞き惚れる	ichidan	6190
kikihoreru	聴き惚れる	ichidan	6372
kikihoreru	聞きほれる	ichidan	6944
kikiireru	聞き入れる	ichidan	5246
kikiiru	聞き入る	godan	5260
kikiiru	聴き入る	godan	5641
kikikaeseru	聞き返せる	ichidan	6803
kikikaesu	聞き返す	godan	4957
kikikaesu	聴き返す	godan	5701
kikikaesu	訊き返す	godan	6764
kikikomu	聴き込む	godan	5737
kikikomu	聞き込む	godan	6237
kikikuraberu	聴き比べる	ichidan	5412
kikimawaru	聞き回る	godan	6856
kikimimiwotateru	聞き耳を立てる	ichidan	6364
kikimorasu	聞き漏らす	godan	6261
kikinagaseru	聞き流せる	ichidan	6113
kikinagasu	聞き流す	godan	5046
kikinagasu	聴き流す	godan	6428
kikinareru	聞き慣れる	ichidan	6987
kikinogasu	聞き逃す	godan	5538
kikinogasu	聴き逃がす	godan	6506
kikioku	聞き置く	godan	6164
kikioku	ききおく	godan	6907
kikioyobu	聞き及ぶ	godan	6436
kikisemaru	鬼気迫る	godan	4844
kikishiru	聞き知る	godan	6919
kikitodokeru	聞き届ける	ichidan	6421
kikitoosu	聴き通す	godan	6752
kikitoreru	聞き取れる	ichidan	4562
kikitoreru	聴き取れる	ichidan	5535
kikitoru	聞き取る	godan	4620
kikitoru	聴き取る	godan	5578
kikitoru	聞きとる	godan	6242
kikitsukeru	聞きつける	ichidan	6044
kikiwakeru	聞き分ける	ichidan	5109
kikiwakeru	聴き分ける	ichidan	5850
kikiwakeru	聞きわける	ichidan	6967
kikoeru	聞こえる	ichidan	2996
kikoeru	聴こえる	ichidan	4104
kikoeru	きこえる	ichidan	4871
kikoeru	聞える	ichidan	5398
kikokunotonitsuku	帰国の途につく	godan	5753
kikokunotonitsuku	帰国の途に就く	godan	6069
kikomu	着込む	godan	5048
kikonaseru	着こなせる	ichidan	4376
kikonaseru	きこなせる	ichidan	6867
kikonasu	着こなす	godan	4148
kikonasu	きこなす	godan	6384
kikoshimesu	きこしめす	godan	6817
kikosu	聞す	godan	6782
kiku	聞く	godan	1490
kiku	聴く	godan	2116
kiku	効く	godan	2410
kiku	きく	godan	2938
kiku	利く	godan	3237
kiku	訊く	godan	3684
kiku	聽く	godan	5748
kikusuru	きくする	suru	6442
kikuzusu	着崩す	godan	5949
kimaru	決まる	godan	3088
kimaru	きまる	godan	4861
kimaru	キマる	godan	4940
kimaru	極まる	godan	6364
kimaru	決る	godan	6442
kimaru	極る	godan	6853
kimawasu	着回す	godan	5695
kimekomu	決め込む	godan	5363
kimekomu	きめこむ	godan	6938
kimekomu	決めこむ	godan	6998
kimeru	決める	ichidan	2537
kimeru	キメる	ichidan	4848
kimeru	きめる	ichidan	5000
kimeru	極める	ichidan	6461
kimetsukeru	決めつける	ichidan	4337
kimetsukeru	決め付ける	ichidan	5692
kimetsukeru	きめつける	ichidan	6783
kimonimeijiru	肝に銘じる	ichidan	5770
kimowohiyasu	肝を冷やす	godan	6580
kiniiru	気に入る	godan	4102
kiniiru	気にいる	godan	5324
kinikakaru	気にかかる	godan	6047
kininaru	気になる	godan	2515
kinisawaru	気に障る	godan	6509
kinisuru	気にする	suru	3857
kinitomeru	気に留める	ichidan	5824
kiniyamu	気に病む	godan	5752
kinjiru	禁じる	ichidan	4770
kinoau	気の合う	godan	3905
kinokiku	気の利く	godan	4789
kinsennifureru	琴線に触れる	ichidan	5320
kinzuru	禁ずる	zuru	4098
kinzuru	きんずる	zuru	6875
kiou	気負う	godan	4703
kiou	きおう	godan	4904
kirameku	きらめく	godan	3278
kirameku	煌めく	godan	3503
kirameku	煌く	godan	4531
kirameku	燦めく	godan	5907
kirameku	燦く	godan	6569
kirasu	切らす	godan	5248
kirasu	きらす	godan	6405
kirau	嫌う	godan	3083
kirau	きらう	godan	5330
kirawareru	嫌われる	ichidan	4993
kirawareru	きらわれる	ichidan	6973
kireagaru	切れ上がる	godan	6870
kirekomu	切れ込む	godan	5707
kireru	切れる	ichidan	3329
kireru	キレる	ichidan	4073
kireru	きれる	ichidan	5137
kiriagaru	切り上がる	godan	6330
kiriageru	切り上げる	ichidan	4668
kiriageru	斬り上げる	ichidan	6035
kiriau	切り合う	godan	6025
kiridaseru	切り出せる	ichidan	5897
kiridasu	切り出す	godan	4340
kirifuseru	斬り伏せる	ichidan	6237
kirifuseru	切り伏せる	ichidan	6393
kirihanaseru	切り離せる	ichidan	5460
kirihanasu	切り離す	godan	4364
kirihanasu	切離す	godan	6571
kiriharau	切り払う	godan	5676
kirihirakeru	切り開ける	ichidan	5642
kirihiraku	切り開く	godan	3220
kirihiraku	切り拓く	godan	3335
kirihiraku	きりひらく	godan	5595
kirihiraku	切開く	godan	6491
kirikaeru	切り替える	ichidan	3090
kirikaeru	切り換える	ichidan	4966
kirikaeru	切替える	ichidan	5400
kirikaeru	切りかえる	ichidan	5602
kirikaeru	切換える	ichidan	6127
kirikaeru	きりかえる	ichidan	6423
kirikaesu	切り返す	godan	5030
kirikakaru	斬りかかる	godan	5682
kirikakaru	切りかかる	godan	6180
kirikakaru	斬り掛かる	godan	6976
kirikaku	切り欠く	godan	5735
kirikawaru	切り替わる	godan	3862
kirikawaru	切り換わる	godan	6125
kirikawaru	切り替る	godan	6776
kirikizamu	切り刻む	godan	5152
kirikizamu	斬り刻む	godan	6242
kirikomeru	切り込める	ichidan	6292
kirikomu	切り込む	godan	4770
kirikomu	斬り込む	godan	5779
kirikomu	切りこむ	godan	6954
kirikorosu	斬り殺す	godan	6254
kirikorosu	切り殺す	godan	6756
kirikuzuseru	切り崩せる	ichidan	6996
kirikuzusu	切り崩す	godan	5631
kirimawasu	切り回す	godan	6807
kirimazeru	切り混ぜる	ichidan	6298
kirimodosu	切り戻す	godan	5389
kirimusubu	切り結ぶ	godan	6241
kirimusubu	斬り結ぶ	godan	6749
kirinukeru	切り抜ける	ichidan	4747
kirinuku	切り抜く	godan	4092
kirinuku	切りぬく	godan	6201
kirinuku	きりぬく	godan	6870
kiriorosu	切り下ろす	godan	6848
kiriotoseru	切り落とせる	ichidan	6446
kiriotosu	切り落とす	godan	4628
kiriotosu	斬り落とす	godan	6213
kirisageru	切り下げる	ichidan	5904
kirisakeru	切り裂ける	ichidan	6357
kirisaku	切り裂く	godan	3688
kirisaku	きりさく	godan	4725
kirisaku	斬り裂く	godan	5012
kirisaku	切裂く	godan	6443
kirisoroeru	切りそろえる	ichidan	5899
kirisoroeru	切り揃える	ichidan	6039
kirisuteru	切り捨てる	ichidan	4285
kirisuteru	斬り捨てる	ichidan	5832
kirisuteru	切捨てる	ichidan	6748
kiritaoseru	切り倒せる	ichidan	6860
kiritaosu	切り倒す	godan	5506
kiritaosu	斬り倒す	godan	6581
kiritaosu	伐り倒す	godan	6907
kiritatsu	切り立つ	godan	5836
kiritoosu	切り通す	godan	6812
kiritoreru	切り取れる	ichidan	5653
kiritoru	切り取る	godan	4184
kiritoru	切りとる	godan	6082
kiritoru	切り撮る	godan	6340
kiritoru	切取る	godan	6889
kiritoru	きりとる	godan	6977
kiritsukeru	斬りつける	ichidan	5165
kiritsukeru	切りつける	ichidan	5458
kiritsukeru	斬り付ける	ichidan	6244
kiritsukeru	切り付ける	ichidan	6298
kiritsukeru	きりつける	ichidan	6775
kiritsumeru	切り詰める	ichidan	5324
kiritsumeru	切りつめる	ichidan	6871
kiriwakeru	切り分ける	ichidan	4406
kiriwasureru	切り忘れる	ichidan	6524
kironitsuku	帰路につく	godan	4282
kironitsuku	帰路に着く	godan	4941
kironitsuku	帰路に就く	godan	5274
kiru	着る	ichidan	14
kiru	切る	godan	2811
kiru	きる	ichidan	3664
kiru	斬る	godan	4232
kiru	伐る	godan	5548
kiru	きる	godan	5633
kiru	剪る	godan	6601
kiru	斫る	godan	6935
kiseiwoageru	気勢を上げる	ichidan	6417
kisekaeru	着せ替える	ichidan	5636
kisekiniiru	鬼籍に入る	godan	6965
kiseru	着せる	ichidan	4461
kiseru	きせる	ichidan	6258
kisetsukeru	着せ付ける	ichidan	6654
kishimeku	きしめく	godan	6849
kishimeku	軋めく	godan	6972
kishimu	軋む	godan	5096
kishimu	きしむ	godan	5128
kishiru	きしる	godan	6690
kishiru	軋る	godan	6855
kisoeru	競える	ichidan	5520
kisoiau	競い合う	godan	3583
kisou	競う	godan	3064
kisou	きそう	godan	4486
kissu	喫す	godan	6374
kissuru	喫する	suru	3944
kissuru	きっする	suru	6354
kisu	期す	godan	4600
kisu	帰す	godan	4908
kisuru	期する	suru	3786
kisuru	きする	suru	4350
kitaeageru	鍛え上げる	ichidan	5459
kitaenuku	鍛え抜く	godan	6121
kitaeru	鍛える	ichidan	3342
kitaeru	きたえる	ichidan	5565
kitaosu	着倒す	godan	6493
kitaru	来たる	godan	4688
kitasu	きたす	godan	4399
kitasu	来す	godan	4903
kitasu	来たす	godan	5681
kitengakiku	機転が利く	godan	6177
kitenwokikaseru	機転を利かせる	ichidan	6612
kiteru	キテる	ichidan	5496
kitsukeru	着付ける	ichidan	5915
kitsukeru	きつける	ichidan	6319
kitsunenibakasareru	狐に化かされる	ichidan	6832
kiwadatsu	際立つ	godan	3671
kiwadatsu	きわだつ	godan	5886
kiwadatsu	際だつ	godan	6323
kiwadatsu	きわ立つ	godan	6970
kiwamaru	極まる	godan	4867
kiwamaru	きわまる	godan	5716
kiwamaru	窮まる	godan	6615
kiwameru	極める	ichidan	3882
kiwameru	究める	ichidan	5085
kiwameru	きわめる	ichidan	5693
kiwameru	窮める	ichidan	6724
kiwohaku	気を吐く	godan	5649
kiwohikishimeru	気を引き締める	ichidan	5682
kiwohiku	気を引く	godan	5304
kiwokikaseru	気を利かせる	ichidan	6600
kiwokubaru	気を配る	godan	4355
kiwomawasu	気を回す	godan	6709
kiwomomu	気をもむ	godan	6053
kiwomomu	気を揉む	godan	6262
kiwomotaseru	気を持たせる	ichidan	6599
kiwonuku	気を抜く	godan	4378
kiwoterau	奇をてらう	godan	5124
kiwoterau	奇を衒う	godan	5732
kiwotorareru	気を取られる	ichidan	5333
kiwotorinaosu	気を取り直す	godan	6854
kiwotsukau	気を使う	godan	3676
kiwotsukau	気を遣う	godan	3790
kiwotsukeru	気をつける	ichidan	3578
kiwotsukeru	気を付ける	ichidan	3908
kiwoushinau	気を失う	godan	5056
kiwoyurusu	気を許す	godan	6689
kiyomaru	清まる	godan	6669
kiyomaru	きよまる	godan	6822
kiyomeru	清める	ichidan	4599
kiyomeru	浄める	ichidan	5900
kiyomeru	きよめる	ichidan	6219
kiyomizunobutaikaratobioriru	清水の舞台から飛び降りる	ichidan	5947
kizameru	刻める	ichidan	5485
kizamikomu	刻み込む	godan	5306
kizamitsukeru	刻みつける	ichidan	5957
kizamitsukeru	刻み付ける	ichidan	6325
kizamu	刻む	godan	3806
kizamu	きざむ	godan	5592
kizasu	きざす	godan	6255
kizasu	兆す	godan	6298
kizukau	気遣う	godan	3707
kizukau	気づかう	godan	4982
kizukau	きづかう	godan	6941
kizukeru	築ける	ichidan	4023
kizukiageru	築き上げる	ichidan	4805
kizuku	気づく	godan	2279
kizuku	築く	godan	2338
kizuku	気付く	godan	2825
kizuku	きづく	godan	5034
kizuku	きずく	godan	5138
kizutsukeru	傷つける	ichidan	3587
kizutsukeru	傷付ける	ichidan	4993
kizutsukeru	きずつける	ichidan	6565
kizutsuku	傷つく	godan	3070
kizutsuku	傷付く	godan	4325
kizutsuku	きずつく	godan	5877
kobameru	拒める	ichidan	6430
kobamu	拒む	godan	4337
kobamu	こばむ	godan	6442
kobaragasuku	小腹が空く	godan	6061
kobaragasuku	小腹がすく	godan	6360
kobihetsurau	媚びへつらう	godan	5177
kobihetsurau	こびへつらう	godan	5848
kobihetsurau	媚び諂う	godan	6056
kobiritsuku	こびりつく	godan	4597
kobiritsuku	こびり付く	godan	5365
kobiru	媚びる	ichidan	4848
kobiru	こびる	ichidan	6020
koborederu	こぼれ出る	ichidan	6189
koboreochiru	こぼれ落ちる	ichidan	5145
koboreochiru	零れ落ちる	ichidan	5670
koboreochiru	こぼれおちる	ichidan	6510
koboreru	こぼれる	ichidan	4243
koboreru	溢れる	ichidan	4485
koboreru	零れる	ichidan	5385
koboseru	こぼせる	ichidan	6530
kobosu	こぼす	godan	4499
kobosu	零す	godan	5696
kobosu	溢す	godan	6144
kodawarinuku	こだわり抜く	godan	5063
kodawarinuku	拘り抜く	godan	6658
kodawaru	こだわる	godan	3336
kodawaru	拘る	godan	4815
koefutoru	肥え太る	godan	6729
koegakareru	声がかれる	ichidan	6830
koeru	超える	ichidan	2360
koeru	越える	ichidan	3426
koeru	こえる	ichidan	4489
koeru	肥える	ichidan	5727
koewoageru	声を上げる	ichidan	4616
koewoararageru	声を荒らげる	ichidan	6237
kogareru	焦がれる	ichidan	5466
kogareru	こがれる	ichidan	6151
kogareru	焦れる	ichidan	6712
kogasu	焦がす	godan	4935
kogasu	こがす	godan	6209
kogeru	焦げる	ichidan	4790
kogeru	漕げる	ichidan	5570
kogeru	こげる	ichidan	5886
kogetsuku	焦げ付く	godan	4791
kogetsuku	こげつく	godan	5576
kogetsuku	焦げつく	godan	5610
kogidasu	漕ぎ出す	godan	5565
kogidasu	こぎ出す	godan	6677
kogisusumu	漕ぎ進む	godan	6536
kogitsukeru	こぎつける	ichidan	5271
kogitsukeru	漕ぎ着ける	ichidan	5848
kogitsukeru	漕ぎつける	ichidan	5973
kogitsukeru	こぎ着ける	ichidan	6117
kogitsuku	こぎつく	godan	6522
kogitsuku	漕ぎ着く	godan	6580
kogoeru	凍える	ichidan	4588
kogoeru	こごえる	ichidan	4983
kogoeshinu	凍え死ぬ	godan	6398
kogomeru	屈める	ichidan	6778
kogoru	凝る	godan	5436
kogu	漕ぐ	godan	4497
kogu	こぐ	godan	4811
koikogareru	恋い焦がれる	ichidan	5756
koikogareru	恋焦がれる	ichidan	5846
koinegau	希う	godan	5298
koinegau	こいねがう	godan	5903
koinegau	乞い願う	godan	6110
koinegau	冀う	godan	6636
koiniochiru	恋に落ちる	ichidan	4497
koiniochiru	恋に堕ちる	ichidan	6736
koishitau	恋い慕う	godan	5446
koisuru	恋する	suru	2731
koisuru	こいする	suru	5563
kojiakeru	こじ開ける	ichidan	5028
kojiakeru	こじあける	ichidan	6466
kojiraseru	こじらせる	ichidan	5526
kojiraseru	拗らせる	ichidan	6134
kojirasu	こじらす	godan	6767
kojireru	こじれる	ichidan	5223
kojireru	拗れる	ichidan	5889
kojiru	こじる	godan	5271
kojiru	抉る	godan	5833
kojitsukeru	こじつける	ichidan	5821
kokasu	こかす	godan	6510
kokemusu	苔むす	godan	5643
kokemusu	苔生す	godan	6908
kokennikakawaru	沽券に関わる	godan	6744
kokennikakawaru	沽券にかかわる	godan	6933
kokeru	コケる	ichidan	4903
kokeru	こける	ichidan	5254
kokeru	転ける	ichidan	6074
kokiorosu	こき下ろす	godan	5589
kokiorosu	こきおろす	godan	6361
kokiorosu	扱き下ろす	godan	6722
kokitsukaeru	こき使える	ichidan	6635
kokitsukau	こき使う	godan	4976
kokitsukau	こきつかう	godan	6372
kokitsukau	扱き使う	godan	6688
kokoroatatamaru	心温まる	godan	3770
kokoroeru	心得る	ichidan	5397
kokorogaarawareru	心が洗われる	ichidan	5334
kokorogahazumu	心が弾む	godan	5923
kokorogakayou	心が通う	godan	5914
kokorogakeru	心がける	ichidan	3577
kokorogakeru	心掛ける	ichidan	4312
kokorogakeru	こころがける	ichidan	6180
kokorogaoreru	心が折れる	ichidan	6390
kokorogasawagu	心が騒ぐ	godan	6909
kokorogashizumu	心が沈む	godan	6935
kokorogaugoku	心が動く	godan	4987
kokorohikareru	心惹かれる	ichidan	4745
kokorohikareru	心引かれる	ichidan	6346
kokoromidareru	心乱れる	ichidan	6521
kokoromiru	試みる	ichidan	3618
kokoromiru	こころみる	ichidan	6281
kokoronihibiku	心に響く	godan	3684
kokoronikizamu	心に刻む	godan	5619
kokoroninokoru	心に残る	godan	4208
kokoronitodomeru	心に留める	ichidan	6022
kokoronokinsennifureru	心の琴線に触れる	ichidan	5596
kokoroodoru	心躍る	godan	4487
kokoroodoru	心踊る	godan	5406
kokorooreru	心折れる	ichidan	5458
kokorosuru	心する	suru	5323
kokoroubawareru	心奪われる	ichidan	5142
kokoroutareru	心打たれる	ichidan	5296
kokorowoirekaeru	心を入れ替える	ichidan	6317
kokorowokomeru	心を込める	ichidan	6098
kokorowokomeru	心をこめる	ichidan	6953
kokorowokubaru	心を配る	godan	6241
kokorowokudaku	心を砕く	godan	5341
kokorowotoraeru	心を捉える	ichidan	5708
kokorowotsukamu	心をつかむ	godan	4845
kokorowotsukamu	心を掴む	godan	5904
kokorowougokasu	心を動かす	godan	6098
kokorowoutareru	心を打たれる	ichidan	5613
kokorowoyurusu	心を許す	godan	6141
kokoroyamu	心病む	godan	6771
kokoroyuku	心ゆく	godan-iku	902
kokoroyuku	心行く	godan-iku	1863
kokoroyuku	こころゆく	godan-iku	2482
kokorozashiwotateru	志を立てる	ichidan	6824
kokorozasu	志す	godan	4092
kokorozasu	こころざす	godan	6297
kokorozuku	心づく	godan	6488
kokorozuku	心付く	godan	6685
kokouwoshinogu	糊口をしのぐ	godan	6532
koku	こく	godan	3449
koku	扱く	godan	5945
koku	放く	godan	6363
kokubiwokashigeru	小首をかしげる	ichidan	6645
kokubiwokashigeru	小首を傾げる	ichidan	6665
kokuru	告る	godan	6056
kokusuru	刻する	suru	5559
kokusuru	こくする	suru	5733
kokusuru	哭する	suru	6227
kokyouninishikiwokazaru	故郷に錦を飾る	godan	6610
komaneku	こまねく	godan	6110
komaneku	拱く	godan	6772
komanuku	こまぬく	godan	6480
komanuku	拱く	godan	6772
komarihateru	困り果てる	ichidan	5885
komaru	困る	godan	2972
komaru	こまる	godan	4734
komawarigakiku	小回りがきく	godan	5795
komawarigakiku	小回りが利く	godan	6160
komawosusumeru	駒を進める	ichidan	5326
komawosusumeru	コマを進める	ichidan	6269
komeru	込める	ichidan	3996
komeru	こめる	ichidan	4873
komeru	籠める	ichidan	6411
komiageru	こみ上げる	ichidan	5164
komiageru	込み上げる	ichidan	5197
komiageru	こみあげる	ichidan	5771
komiau	混み合う	godan	3803
komiau	込み合う	godan	4593
komiau	こみあう	godan	6644
komoreru	こもれる	ichidan	5999
komoreru	籠もれる	ichidan	6862
komoru	こもる	godan	4445
komoru	籠る	godan	5059
komoru	籠もる	godan	5515
komoru	篭もる	godan	5787
komoru	隠る	godan	6521
komoru	篭る	godan	6533
komu	混む	godan	4246
komu	こむ	godan	4440
komu	込む	godan	4897
konareru	こなれる	ichidan	5914
konareru	熟れる	ichidan	6461
konaseru	こなせる	ichidan	3815
konasu	こなす	godan	3332
konasu	熟す	godan	6104
konekurimawasu	こねくり回す	godan	5955
konekurimawasu	こねくりまわす	godan	6773
koneru	こねる	ichidan	4521
koneru	捏ねる	ichidan	5207
kongaragaru	こんがらがる	godan	5735
konjiru	混じる	ichidan	4207
konomigawakareru	好みが分かれる	ichidan	5797
konominowakareru	好みの分かれる	ichidan	5898
konomu	好む	godan	3276
konomu	このむ	godan	6058
konsuru	婚する	suru	4989
konwotsumeru	根を詰める	ichidan	6765
konzuru	混ずる	zuru	6057
kooritsuku	凍りつく	godan	4247
kooritsuku	凍り付く	godan	4836
kooritsuku	こおりつく	godan	6048
kooru	凍る	godan	4364
kooru	こおる	godan	6030
kooru	氷る	godan	6048
kooru	涸る	godan	6618
kopiru	コピる	godan	6866
koraeru	こらえる	ichidan	4590
korashimeru	懲らしめる	ichidan	5114
korashimeru	こらしめる	ichidan	5891
korasu	凝らす	godan	4985
korasu	こらす	godan	5664
korasu	懲らす	godan	6890
koreru	来れる	ichidan	4269
korikatamaru	凝り固まる	godan	5989
koriru	懲りる	ichidan	6037
koriru	こりる	ichidan	6927
korobasu	転ばす	godan	6544
koroberu	転べる	ichidan	6746
korobu	転ぶ	godan	4412
korobu	ころぶ	godan	5944
korogareru	転がれる	ichidan	5944
korogarikomu	転がり込む	godan	5575
korogariochiru	転がり落ちる	ichidan	5436
korogaru	転がる	godan	4224
korogaru	ころがる	godan	5302
korogaseru	転がせる	ichidan	5791
korogasu	転がす	godan	4446
korogasu	ころがす	godan	6106
korogemawaru	転げ回る	godan	6194
korogeochiru	転げ落ちる	ichidan	5338
korogeru	転げる	ichidan	6196
korogeru	ころげる	ichidan	6953
koroseru	殺せる	ichidan	4450
koroshiau	殺し合う	godan	4607
korosu	殺す	godan	3213
korosu	ころす	godan	5331
korosu	頃す	godan	6175
koru	こる	godan	4582
koru	凝る	godan	5200
kosaeru	こさえる	ichidan	6171
koseru	越せる	ichidan	5276
koseru	こせる	ichidan	6478
kosetsuku	こせつく	godan	6995
koshigahikeru	腰が引ける	ichidan	6643
koshikakeru	腰掛ける	ichidan	4998
koshikakeru	腰かける	ichidan	5568
koshiraeru	こしらえる	ichidan	5575
koshiraeru	拵える	ichidan	6115
koshitoru	濾し取る	godan	6813
koshiwoageru	腰を上げる	ichidan	6204
koshiwokagameru	腰をかがめる	ichidan	6264
koshiwokakeru	腰を掛ける	ichidan	6535
koshiwomageru	腰を曲げる	ichidan	6476
koshiwoochitsukeru	腰を落ち着ける	ichidan	6373
koshiwoorosu	腰を下ろす	godan	5485
koshiwosueru	腰を据える	ichidan	6247
kosogeru	こそげる	ichidan	6259
kosogetoru	こそげ取る	godan	6339
kosogiotosu	こそぎ落とす	godan	6249
kosu	こす	godan	4447
kosu	越す	godan	4497
kosu	超す	godan	4504
kosu	濾す	godan	5331
kosu	漉す	godan	5722
kosureru	こすれる	ichidan	5303
kosureru	擦れる	ichidan	6132
kosuriageru	擦り上げる	ichidan	6044
kosuriageru	こすり上げる	ichidan	6978
kosuriawaseru	こすり合わせる	ichidan	5649
kosuriawaseru	擦り合わせる	ichidan	5842
kosuriotosu	擦り落とす	godan	6580
kosuritoru	こすり取る	godan	6428
kosuritoru	擦り取る	godan	6824
kosuritsukeru	こすりつける	ichidan	5301
kosuritsukeru	擦り付ける	ichidan	5769
kosuritsukeru	こすり付ける	ichidan	6371
kosuritsukeru	擦りつける	ichidan	6462
kosuru	こする	suru	3564
kosuru	擦る	godan	4429
kosuru	こする	godan	4489
kosuru	鼓する	suru	6420
kosuru	コスる	godan	6988
kotaeru	答える	ichidan	2981
kotaeru	応える	ichidan	3142
kotaeru	こたえる	ichidan	4555
kotaeru	堪える	ichidan	5090
kotobanitsumaru	言葉に詰まる	godan	6354
kotobawokawasu	言葉をかわす	godan	6948
kotobawoushinau	言葉を失う	godan	4312
kotobuku	寿く	godan	6308
kotogatariru	事が足りる	ichidan	6703
kotohogu	寿ぐ	godan	5565
kotohogu	ことほぐ	godan	6154
kotohogu	言祝ぐ	godan	6327
kotohogu	祝ぐ	godan	6880
kotokaku	事欠く	godan	4955
kotokaku	ことかく	godan	6250
kotokireru	事切れる	ichidan	6313
kotokireru	こと切れる	ichidan	6800
kotonakiwoeru	事なきを得る	ichidan	5802
kotonakiwoeru	事無きを得る	ichidan	6949
kotonaru	異なる	godan	1886
kotonaru	ことなる	godan	5105
kotonaru	異る	godan	5563
kototariru	事足りる	ichidan	4636
kototariru	こと足りる	ichidan	6192
kototariru	ことたりる	ichidan	6957
kotowareru	断れる	ichidan	5133
kotowaru	断る	godan	3619
kotowaru	断わる	godan	5809
kotowaru	ことわる	godan	6078
kotowohakobu	事を運ぶ	godan	6263
kotowokamaeru	事を構える	ichidan	6469
kotowookosu	事を起こす	godan	5917
kou	乞う	godan	114
kou	買う	godan	2902
kou	請う	godan	4246
kou	こう	godan	4613
kou	恋う	godan	5186
koubewotareru	頭を垂れる	ichidan	5601
koujinwohaisu	後塵を拝す	godan	6658
koujinwohaisuru	後塵を拝する	suru	5065
koujiru	講じる	ichidan	3461
koujiru	高じる	ichidan	6203
koujiru	こうじる	ichidan	6828
koukagaagaru	効果が上がる	godan	5747
koumuru	被る	godan	4276
koumuru	こうむる	godan	5597
koumuru	蒙る	godan	5801
kouru	こうる	godan	6600
kousuru	抗する	suru	4499
kousuru	校する	suru	5404
kousuru	稿する	suru	6190
kouwosousu	功を奏す	godan	6239
kouzuru	講ずる	zuru	2819
kouzuru	薨ずる	zuru	6292
kouzuru	こうずる	zuru	6422
kouzuru	高ずる	zuru	6478
kowabaru	こわばる	godan	5419
kowabaru	強張る	godan	6150
kowabaru	強ばる	godan	6896
kowagaru	怖がる	godan	4342
kowagaru	こわがる	godan	6048
kowagaru	恐がる	godan	6168
kowareru	壊れる	ichidan	3430
kowareru	こわれる	ichidan	5816
kowaseru	壊せる	ichidan	4691
kowasu	壊す	godan	3597
kowasu	こわす	godan	5302
kowasu	毀す	godan	6803
kowoegaku	弧を描く	godan	4841
koyasu	肥やす	godan	5354
koyasu	こやす	godan	5717
kozoru	こぞる	godan	6841
kozuku	小突く	godan	5102
kozuku	こづく	godan	5639
kubareru	配れる	ichidan	5039
kubariaruku	配り歩く	godan	5753
kubaru	配る	godan	4032
kubaru	くばる	godan	5969
kuberu	くべる	ichidan	5430
kuberu	焚べる	ichidan	6386
kuberu	焼べる	ichidan	6975
kubireru	くびれる	ichidan	6011
kubireru	括れる	ichidan	6399
kubiru	括る	godan	6642
kubiwohineru	首をひねる	godan	5890
kubiwokashigeru	首を傾げる	ichidan	5024
kubiwoshimeru	首を絞める	ichidan	4967
kubiwotatenifuru	首を縦に振る	godan	5990
kubiwotsukkomu	首を突っ込む	godan	5520
kubiwotsukkomu	首をつっこむ	godan	6701
kubiwoyokonifuru	首を横に振る	godan	5485
kubomu	くぼむ	godan	5987
kubomu	凹む	godan	6217
kubomu	窪む	godan	6372
kuchibashiru	口走る	godan	5591
kuchibiruwokamu	唇を噛む	godan	6363
kuchibiwokiru	口火を切る	godan	6159
kuchigasuppakunaru	口が酸っぱくなる	godan	6759
kuchigomoru	口ごもる	godan	5941
kuchigomoru	口籠る	godan	6973
kuchihateru	朽ち果てる	ichidan	5472
kuchiru	朽ちる	ichidan	5171
kuchiru	くちる	ichidan	6559
kuchiurawoawaseru	口裏を合わせる	ichidan	6895
kuchiwoawaseru	口を合わせる	ichidan	6969
kuchiwofusagu	口をふさぐ	godan	6095
kuchiwofusagu	口を塞ぐ	godan	6186
kuchiwofuujiru	口を封じる	ichidan	6583
kuchiwohasamu	口を挟む	godan	5453
kuchiwokiku	口を利く	godan	5903
kuchiwokiru	口を切る	godan	6978
kuchiwonorisuru	口を糊する	suru	6393
kuchiwonuguu	口を拭う	godan	6505
kuchiwosuberaseru	口を滑らせる	ichidan	6614
kuchiwotozasu	口を閉ざす	godan	5958
kuchiwotsugumu	口をつぐむ	godan	5876
kuchiwotsugumu	口を噤む	godan	6630
kuchiwowaru	口を割る	godan	6514
kuchizukeru	口づける	ichidan	6416
kuchizukeru	口付ける	ichidan	6717
kuchizusamu	口ずさむ	godan	4832
kuchizusamu	くちずさむ	godan	6448
kudakechiru	砕け散る	godan	5289
kudakeru	砕ける	ichidan	4843
kudakeru	くだける	ichidan	5555
kudaku	砕く	godan	3675
kudaku	くだく	godan	5078
kudaku	碎く	godan	6569
kudaru	下る	godan	3786
kudaru	降る	godan	4012
kudaru	くだる	godan	5208
kudasareru	くだされる	ichidan	6160
kudasaru	くださる	godan	1239
kudasaru	下さる	godan	2574
kudaseru	下せる	ichidan	4852
kudaseru	くだせる	ichidan	6795
kudasu	下す	godan	3811
kudasu	くだす	godan	5463
kudasu	降す	godan	6080
kudokeru	口説ける	ichidan	6221
kudokiotoseru	口説き落とせる	ichidan	6986
kudokiotosu	口説き落とす	godan	5913
kudoku	口説く	godan	4178
kudoku	くどく	godan	5583
kueru	食える	ichidan	4300
kueru	喰える	ichidan	5660
kueru	くえる	ichidan	6394
kufuuwokorasu	工夫をこらす	godan	6963
kugireru	区切れる	ichidan	5956
kugiriwotsukeru	区切りをつける	ichidan	5248
kugiriwotsukeru	区切りを付ける	ichidan	6536
kugiru	区切る	godan	4328
kugumoru	くぐもる	godan	6824
kugureru	くぐれる	ichidan	5857
kugurinukeru	くぐり抜ける	ichidan	5285
kugurinukeru	潜り抜ける	ichidan	5675
kugurinukeru	くぐりぬける	ichidan	6255
kuguru	くぐる	godan	4121
kuguru	潜る	godan	5691
kuiarasu	食い荒らす	godan	5511
kuiaratameru	悔い改める	ichidan	5244
kuiasaru	食い漁る	godan	6689
kuiasaru	喰い漁る	godan	6857
kuiau	食い合う	godan	5386
kuichigau	食い違う	godan	4356
kuichigau	くいちがう	godan	6240
kuichigiru	食いちぎる	godan	6059
kuichirakasu	食い散らかす	godan	6067
kuichirakasu	喰い散らかす	godan	6996
kuidaoreru	食い倒れる	ichidan	6782
kuiiru	食い入る	godan	4928
kuikiru	食い切る	godan	6966
kuikomeru	食い込める	ichidan	5584
kuikomu	食い込む	godan	4596
kuikomu	喰い込む	godan	6389
kuikomu	くい込む	godan	6577
kuikomu	くいこむ	godan	6687
kuikorosu	食い殺す	godan	6085
kuikorosu	喰い殺す	godan	6821
kuiru	くいる	ichidan	5178
kuiru	悔いる	ichidan	5376
kuisagareru	食い下がれる	ichidan	6672
kuisagaru	食い下がる	godan	5268
kuishibaru	食いしばる	godan	5560
kuishibaru	くいしばる	godan	6504
kuishiburu	食い渋る	godan	6467
kuishiburu	喰い渋る	godan	6974
kuitomeru	食い止める	ichidan	4399
kuitomeru	くい止める	ichidan	5788
kuitomeru	くいとめる	ichidan	6236
kuitsubusu	食い潰す	godan	5705
kuitsubusu	食いつぶす	godan	5852
kuitsuku	食いつく	godan	4115
kuitsuku	食い付く	godan	5158
kuitsuku	くいつく	godan	5919
kuitsuku	喰い付く	godan	6017
kuitsukusu	食い尽くす	godan	5794
kuitsunagu	食いつなぐ	godan	5898
kuiyaburu	食い破る	godan	6283
kujikeru	くじける	ichidan	5487
kujikeru	挫ける	ichidan	5710
kujiku	くじく	godan	4807
kujiku	挫く	godan	4916
kujiru	抉る	godan	5833
kujiru	くじる	godan	6342
kukeru	くける	ichidan	6773
kukureru	くくれる	ichidan	5689
kukureru	括れる	ichidan	6399
kukuritsukeru	くくりつける	ichidan	5820
kukuritsukeru	括り付ける	ichidan	6025
kukuritsukeru	くくり付ける	ichidan	6683
kukuru	くくる	godan	4746
kukuru	括る	godan	5145
kumeru	組める	ichidan	4145
kumeru	汲める	ichidan	5671
kumeru	くめる	ichidan	6135
kumiagaru	組み上がる	godan	5924
kumiageru	組み上げる	ichidan	4834
kumiageru	汲み上げる	ichidan	5340
kumiageru	くみ上げる	ichidan	5608
kumiageru	組上げる	ichidan	6574
kumiageru	汲みあげる	ichidan	6788
kumiageru	組みあげる	ichidan	6944
kumiageru	くみあげる	ichidan	6979
kumiau	組み合う	godan	5162
kumiau	組みあう	godan	6874
kumiau	組合う	godan	6926
kumiawaseru	組み合わせる	ichidan	2941
kumiawaseru	組み合せる	ichidan	5473
kumiawaseru	組合せる	ichidan	5735
kumiawaseru	組みあわせる	ichidan	6141
kumiawaseru	くみあわせる	ichidan	6912
kumiawasu	組み合わす	godan	6443
kumidasu	汲み出す	godan	6174
kumidasu	くみ出す	godan	6577
kumifuseru	組み伏せる	ichidan	6686
kumiireru	組み入れる	ichidan	4964
kumiireru	組入れる	ichidan	6589
kumikaeru	組み替える	ichidan	5008
kumikaeru	組み換える	ichidan	6044
kumikaeru	組みかえる	ichidan	6733
kumikaeru	組み変える	ichidan	6822
kumikawasu	酌み交わす	godan	5534
kumikawasu	酌み交す	godan	6336
kumikomeru	組み込める	ichidan	4776
kumikomu	組み込む	godan	3665
kumikomu	組込む	godan	5939
kumikomu	組みこむ	godan	6532
kuminaoseru	組み直せる	ichidan	6879
kuminaosu	組み直す	godan	5323
kuminaosu	組みなおす	godan	6105
kumioku	汲み置く	godan	6885
kumishiku	組み敷く	godan	6326
kumisu	与す	godan	6963
kumisuru	与する	suru	4453
kumisuru	組する	suru	5223
kumisuru	くみする	suru	5443
kumisuru	與する	suru	6101
kumitateru	組み立てる	ichidan	3692
kumitateru	組み立る	ichidan	5630
kumitateru	組みたてる	ichidan	6696
kumitateru	くみたてる	ichidan	6949
kumitoreru	汲み取れる	ichidan	5576
kumitoreru	くみ取れる	ichidan	6186
kumitoru	汲み取る	godan	4835
kumitoru	くみ取る	godan	5475
kumitoru	くみとる	godan	6548
kumitsukeru	組み付ける	ichidan	5168
kumitsukeru	組付ける	ichidan	6095
kumitsukeru	組みつける	ichidan	6940
kumitsuku	組み付く	godan	5306
kumitsuku	組みつく	godan	5682
kumitsuku	くみつく	godan	6995
kumoraseru	曇らせる	ichidan	5380
kumoraseru	くもらせる	ichidan	6990
kumorasu	曇らす	godan	6650
kumoru	曇る	godan	4765
kumoru	くもる	godan	5702
kumu	組む	godan	3282
kumu	汲む	godan	4559
kumu	くむ	godan	4808
kumu	酌む	godan	5813
kuneru	くねる	godan	6101
kunzuru	訓ずる	zuru	5881
kunzuru	薫ずる	zuru	6495
kunzuru	くんずる	zuru	6839
kuraberu	比べる	ichidan	2644
kuraberu	くらべる	ichidan	4795
kuraberu	較べる	ichidan	5238
kuraisuru	位する	suru	4411
kuraisuru	くらいする	suru	6495
kuraitsuku	食らいつく	godan	4273
kuraitsuku	喰らいつく	godan	4954
kuraitsuku	くらいつく	godan	5306
kuramasu	くらます	godan	5500
kuramasu	晦ます	godan	6913
kuramu	くらむ	godan	4995
kuramu	眩む	godan	5351
kuraseru	暮らせる	ichidan	3589
kuraseru	くらせる	ichidan	5796
kurasu	暮らす	godan	2963
kurasu	くらす	godan	4761
kurasu	暮す	godan	5515
kurau	食らう	godan	3469
kurau	喰らう	godan	3629
kurau	くらう	godan	4038
kurawaseru	食らわせる	ichidan	5624
kurawaseru	くらわせる	ichidan	6555
kurawasu	食らわす	godan	5863
kurawasu	くらわす	godan	6244
kurenazumu	暮れなずむ	godan	6321
kurenokoru	暮れ残る	godan	6922
kureru	くれる	ichidan	5
kureru	呉れる	ichidan	2245
kureru	暮れる	ichidan	4414
kureyuku	暮れゆく	godan-iku	2307
kureyuku	暮れ行く	godan-iku	4166
kuriagaru	繰り上がる	godan	5673
kuriageru	繰り上げる	ichidan	5386
kuriageru	繰上げる	ichidan	6975
kuridaseru	繰り出せる	ichidan	5040
kuridasu	繰り出す	godan	3934
kuridasu	くり出す	godan	5796
kuridasu	くりだす	godan	5945
kuridasu	繰出す	godan	6660
kurihirogeru	繰り広げる	ichidan	3585
kurihirogeru	くり広げる	ichidan	5786
kurihirogeru	くりひろげる	ichidan	6087
kuriireru	繰り入れる	ichidan	5551
kurikaeseru	繰り返せる	ichidan	5305
kurikaesu	繰り返す	godan	2884
kurikaesu	くり返す	godan	4863
kurikaesu	くりかえす	godan	5223
kurikaesu	繰返す	godan	5801
kurikaesu	繰りかえす	godan	6086
kurikomu	繰り込む	godan	6966
kurikoseru	繰り越せる	ichidan	5927
kurikosu	繰り越す	godan	5289
kurikosu	繰越す	godan	6627
kurinoberu	繰り延べる	ichidan	6146
kurinuku	くり抜く	godan	4470
kurinuku	くりぬく	godan	5041
kurinuku	くり貫く	godan	6281
kurinuku	刳り貫く	godan	6543
kurinuku	刳り抜く	godan	6808
kurisagaru	繰り下がる	godan	6567
kurisageru	繰り下げる	ichidan	5723
kurisageru	繰下げる	ichidan	6869
kurozumu	黒ずむ	godan	5457
kuru	くる	kuru	0
kuru	来る	kuru	7
kuru	くる	godan	4722
kuru	繰る	godan	5573
kurumaru	くるまる	godan	5975
kurumaru	包まる	godan	6346
kurumeku	くるめく	godan	6288
kurumeku	眩く	godan	6328
kurumeru	包める	ichidan	5884
kurumeru	くるめる	ichidan	6533
kurumikomu	包み込む	godan	5771
kurumu	くるむ	godan	5207
kurumu	包む	godan	5211
kurushimeru	苦しめる	ichidan	4296
kurushimimodaeru	苦しみ悶える	ichidan	6923
kurushimu	苦しむ	godan	3555
kurushimu	くるしむ	godan	6289
kuruu	狂う	godan	3547
kuruu	くるう	godan	5328
kuruwaseru	狂わせる	ichidan	4713
kuruwasu	狂わす	godan	5453
kusabiwouchikomu	楔を打ち込む	godan	6772
kusabiwouchikomu	くさびを打ち込む	godan	6829
kusamusu	くさむす	godan	6646
kusarasu	腐らす	godan	6390
kusareru	腐れる	ichidan	6553
kusareru	くされる	ichidan	6594
kusariochiru	腐り落ちる	ichidan	6705
kusaru	腐る	godan	4122
kusaru	くさる	godan	5920
kusasu	腐す	godan	5983
kusasu	くさす	godan	6210
kushikezuru	梳る	godan	6912
kussu	屈す	godan	6569
kussuru	屈する	suru	3723
kussuru	くっする	suru	6442
kusuburu	くすぶる	godan	5323
kusuburu	燻る	godan	6008
kusuguru	くすぐる	godan	4110
kusuguru	擽る	godan	5963
kusumu	くすむ	godan	5586
kusuneru	くすねる	ichidan	6192
kusuru	苦する	suru	6343
kutabaru	くたばる	godan	5568
kutabireru	くたびれる	ichidan	5871
kutabireru	草臥れる	ichidan	6964
kutchaberu	くっちゃべる	godan	6763
kutsugaeru	覆る	godan	5060
kutsugaeru	くつがえる	godan	6488
kutsugaeseru	覆せる	ichidan	5559
kutsugaesu	覆す	godan	3887
kutsugaesu	くつがえす	godan	5370
kutsurogeru	くつろげる	ichidan	4054
kutsurogeru	寛げる	ichidan	4786
kutsurogu	くつろぐ	godan	4129
kutsurogu	寛ぐ	godan	4949
kuttekakaru	食って掛かる	godan	6150
kuttekakaru	食ってかかる	godan	6532
kuttsukeru	くっつける	ichidan	4307
kuttsuku	くっつく	godan	3278
kuu	食う	godan	3000
kuu	くう	godan	3504
kuu	喰う	godan	3922
kuukiwoyomu	空気を読む	godan	6349
kuuneru	くうねる	godan	5816
kuwadateru	企てる	ichidan	4807
kuwadateru	くわだてる	ichidan	6679
kuwaekomu	咥え込む	godan	5833
kuwaekomu	くわえ込む	godan	6886
kuwaeru	加える	ichidan	2784
kuwaeru	くわえる	ichidan	5014
kuwaeru	咥える	ichidan	5138
kuwaeru	銜える	ichidan	6840
kuwaseru	食わせる	ichidan	5280
kuwasu	食わす	godan	5543
kuwasu	くわす	godan	6607
kuwawareru	加われる	ichidan	5847
kuwawaru	加わる	godan	3447
kuwawaru	くわわる	godan	6387
kuyamu	悔やむ	godan	4890
kuyamu	悔む	godan	6686
kuyamu	くやむ	godan	6804
kuyuraseru	くゆらせる	ichidan	6365
kuyurasu	くゆらす	godan	6427
kuyurasu	燻らす	godan	6711
kuzuoreru	くずおれる	ichidan	6782
kuzureochiru	崩れ落ちる	ichidan	4802
kuzureru	崩れる	ichidan	3598
kuzureru	くずれる	ichidan	5399
kuzuresaru	崩れ去る	godan	5610
kuzureyuku	崩れ行く	godan-iku	3094
kuzureyuku	崩れゆく	godan-iku	3156
kuzuseru	崩せる	ichidan	5280
kuzusu	崩す	godan	3840
kuzusu	くずす	godan	5683
kyakkouwoabiru	脚光を浴びる	ichidan	4886
kyodoru	キョドる	godan	6561
kyohiru	拒否る	godan	5902
kyoseiwoharu	虚勢を張る	godan	6209
kyoubenwotoru	教鞭をとる	godan	5416
kyoubenwotoru	教鞭を執る	godan	5683
kyoubenwotoru	教鞭を取る	godan	6220
kyoujiru	興じる	ichidan	4868
kyoumiwohiku	興味を引く	godan	4556
kyoumiwohiku	興味をひく	godan	5335
kyoumiwohiku	興味を惹く	godan	5466
kyousuru	供する	suru	2696
kyousuru	きょうする	suru	5160
kyousuru	饗する	suru	6203
kyousuru	狂する	suru	6750
kyouzuru	興ずる	zuru	5156
kyowokamaeru	居を構える	ichidan	5552
kyuubawoshinogu	急場をしのぐ	godan	6554
kyuukouwoatatameru	旧交を温める	ichidan	6270
kyuushiniisshouwoeru	九死に一生を得る	ichidan	5957
kyuushowotsuku	急所を突く	godan	6319
kyuusonekowokamu	窮鼠猫を噛む	godan	6221
kyuusuru	窮する	suru	4397
kyuusuru	給する	suru	4775
kyuusuru	きゅうする	suru	5695
kyuusuru	休する	suru	5942
mabataku	瞬く	godan	4654
mabataku	まばたく	godan	5915
mabiku	間引く	godan	4276
mabiku	まびく	godan	6923
mabusu	まぶす	godan	4353
machiau	待ち合う	godan	6917
machiawaseru	待ち合わせる	ichidan	5534
machibuseru	待ち伏せる	ichidan	5951
machigaeru	間違える	ichidan	3554
machigaeru	まちがえる	ichidan	5613
machigau	間違う	godan	3646
machigau	まちがう	godan	5538
machikamaeru	待ち構える	ichidan	4900
machikamaeru	待ちかまえる	ichidan	6567
machikaneru	待ちかねる	ichidan	6872
machikogareru	待ち焦がれる	ichidan	5868
machikogareru	待ちこがれる	ichidan	6967
machikutabireru	待ちくたびれる	ichidan	6674
machinozomu	待ち望む	godan	4945
machinozomu	まちのぞむ	godan	7000
machiukeru	待ち受ける	ichidan	4187
machiwabiru	待ちわびる	ichidan	5164
machiwabiru	待ち侘びる	ichidan	6319
madoromu	まどろむ	godan	5401
madoromu	微睡む	godan	5970
madou	まどう	godan	4462
madou	惑う	godan	4696
madowasu	惑わす	godan	4885
madowasu	まどわす	godan	6421
maeru	まえる	ichidan	4449
maeru	舞える	ichidan	5842
magaeru	まがえる	ichidan	6560
magareru	曲がれる	ichidan	5326
magarikiru	曲がり切る	godan	6984
magarikuneru	曲がりくねる	godan	6202
magaru	曲がる	godan	3676
magaru	まがる	godan	5864
magaru	曲る	godan	5911
magasasu	魔が差す	godan	6818
magau	紛う	godan	5069
magau	まがう	godan	6057
mageru	曲げる	ichidan	3955
mageru	まげる	ichidan	6073
magiraseru	紛らせる	ichidan	6891
magirasu	紛らす	godan	6076
magirasu	まぎらす	godan	6581
magirawaseru	紛らわせる	ichidan	5166
magirawaseru	まぎらわせる	ichidan	6744
magirawasu	紛らわす	godan	5070
magirawasu	まぎらわす	godan	6392
magirekomu	紛れ込む	godan	5323
magirekomu	まぎれこむ	godan	6937
magireru	紛れる	ichidan	5105
magireru	まぎれる	ichidan	5806
magiru	まぎる	godan	6637
magotsuku	まごつく	godan	5245
magou	まごう	godan	4380
magou	紛う	godan	5228
maguwau	まぐわう	godan	5697
mahiru	麻痺る	godan	6868
maiagaru	舞い上がる	godan	4702
maiagaru	舞いあがる	godan	6184
maiageru	舞い上げる	ichidan	6974
maichiru	舞い散る	godan	4828
maifuru	舞い降る	godan	6417
maikomu	舞い込む	godan	4750
maikomu	舞いこむ	godan	6798
maikuruu	舞い狂う	godan	6552
maimodoru	舞い戻る	godan	5403
maiochiru	舞い落ちる	ichidan	5462
maiodoru	舞い踊る	godan	5270
maioriru	舞い降りる	ichidan	5461
mairaseru	参らせる	ichidan	6970
mairasu	参らす	godan	6706
mairasu	まいらす	godan	6758
maireru	参れる	ichidan	6750
mairu	参る	godan	4895
mairu	まいる	godan	5167
mairu	詣る	godan	6403
mairu	參る	godan	6984
maitobu	舞い飛ぶ	godan	6327
majieru	交える	ichidan	4670
majieru	まじえる	ichidan	6504
majinau	呪う	godan	5740
majinau	まじなう	godan	6554
majiriau	混じり合う	godan	4609
majiru	交じる	godan	5505
majiru	まじる	godan	5565
majiru	交る	godan	6115
majiru	混じる	godan	6157
majiwareru	交われる	ichidan	6481
majiwaru	交わる	godan	3993
majiwaru	まじわる	godan	6100
makanaeru	賄える	ichidan	4730
makanaeru	まかなえる	ichidan	5015
makanau	賄う	godan	3798
makanau	まかなう	godan	4170
makareru	まかれる	ichidan	5864
makarimachigau	まかり間違う	godan	6794
makaritooru	まかり通る	godan	5224
makaritooru	まかりとおる	godan	6028
makaritooru	罷り通る	godan	6153
makaru	まかる	godan	6271
makaseru	任せる	ichidan	3456
makaseru	まかせる	ichidan	4932
makaseru	負かせる	ichidan	6260
makaseru	委せる	ichidan	6994
makasu	任す	godan	5464
makasu	負かす	godan	5595
makasu	まかす	godan	5833
makekosu	負け越す	godan	6194
makeru	負ける	ichidan	3234
makeru	巻ける	ichidan	4897
makeru	まける	ichidan	5218
makeru	撒ける	ichidan	5279
makeru	敗ける	ichidan	6179
makeru	蒔ける	ichidan	6483
makiagaru	巻き上がる	godan	5713
makiageru	巻き上げる	ichidan	4617
makiageru	まきあげる	ichidan	6698
makiageru	巻上げる	ichidan	6848
makichirasu	撒き散らす	godan	4948
makichirasu	まき散らす	godan	5137
makichirasu	まきちらす	godan	6447
makikaeseru	巻き返せる	ichidan	5585
makikaesu	巻き返す	godan	5257
makikomeru	巻き込める	ichidan	5319
makikomu	巻き込む	godan	3946
makikomu	巻きこむ	godan	6314
makikomu	まきこむ	godan	6479
makimodosu	巻き戻す	godan	5060
makiokoseru	巻き起こせる	ichidan	6380
makiokosu	巻き起こす	godan	4434
makiokosu	まきおこす	godan	6608
makitoru	巻き取る	godan	5141
makitsukeru	巻き付ける	ichidan	4784
makitsukeru	巻きつける	ichidan	4901
makitsukeru	まきつける	ichidan	6505
makitsuku	巻き付く	godan	4662
makitsuku	まきつく	godan	5046
makotowotsukusu	誠を尽くす	godan	6788
maku	巻く	godan	2817
maku	まく	godan	3133
maku	撒く	godan	3592
maku	蒔く	godan	4021
maku	播く	godan	4880
maku	捲く	godan	5393
maku	卷く	godan	6387
makugaoriru	幕が下りる	ichidan	6679
makurasuru	枕する	suru	5542
makurasuru	まくらする	suru	6569
makurawonurasu	枕を濡らす	godan	6666
makureru	まくれる	ichidan	5015
makureru	捲れる	ichidan	5957
makuru	まくる	godan	4126
makuru	捲る	godan	5382
makuru	捲くる	godan	5403
makushitateru	まくしたてる	ichidan	5538
makushitateru	まくし立てる	ichidan	5595
makushitateru	捲し立てる	ichidan	5932
makuwohiku	幕を引く	godan	5475
makuwoorosu	幕を下ろす	godan	5302
makuwotojiru	幕を閉じる	ichidan	4807
mamieru	見える	ichidan	3446
mamieru	まみえる	ichidan	5969
mamireru	塗れる	ichidan	4606
mamireru	まみれる	ichidan	5529
mamiru	塗る	ichidan	3934
mamiru	マミる	godan	6750
mamoreru	守れる	ichidan	3874
mamoreru	護れる	ichidan	6172
mamoreru	まもれる	ichidan	6725
mamorikatsu	守り勝つ	godan	6313
mamorinihairu	守りに入る	godan	6179
mamorinukeru	守り抜ける	ichidan	6354
mamorinuku	守り抜く	godan	3844
mamorisodateru	守り育てる	ichidan	5308
mamoru	守る	godan	2372
mamoru	まもる	godan	4413
mamoru	護る	godan	4447
man'ensuru	まん延する	ichidan	6026
manaberu	学べる	ichidan	2914
manaberu	まなべる	ichidan	5785
manabishiru	学び知る	godan	6767
manabitoreru	学び取れる	ichidan	6394
manabitoru	学び取る	godan	5663
manabitoru	学びとる	godan	6179
manabu	学ぶ	godan	2363
manabu	まなぶ	godan	4999
manabu	學ぶ	godan	6242
manebu	まねぶ	godan	6214
manekiireru	招き入れる	ichidan	5029
manekiyoseru	招き寄せる	ichidan	6004
maneku	招く	godan	2595
maneku	まねく	godan	4512
maneru	真似る	ichidan	4551
maneru	まねる	ichidan	5250
maniau	間に合う	godan	3024
maniau	まにあう	godan	5594
maniau	間にあう	godan	5688
maniukeru	真に受ける	ichidan	5280
manugareru	免れる	ichidan	4742
manugareru	まぬがれる	ichidan	6115
manukareru	免れる	ichidan	4742
manukareru	まぬかれる	ichidan	6828
manwojisu	満を持す	godan	6876
manzuru	慢ずる	zuru	6973
maru	混る	ichidan	6995
marukuosamaru	丸く収まる	ichidan	5330
marumaru	丸まる	godan	5277
marumekomeru	丸め込める	ichidan	6934
marumekomu	丸め込む	godan	5504
marumeru	丸める	ichidan	4396
marumeru	まるめる	ichidan	6072
masaguru	まさぐる	godan	6068
masaguru	弄る	godan	6416
masaru	まさる	godan	4813
masaru	勝る	godan	5527
masaru	優る	godan	6102
maseru	ませる	ichidan	5489
maseru	増せる	ichidan	6286
mashimasu	在す	godan	5703
mashimasu	まします	godan	6067
mashimasu	坐す	godan	6953
masu	増す	godan	3302
masu	ます	godan	4662
masu	益す	godan	6403
masuru	まする	suru	3579
masuru	摩する	suru	6128
matagaru	またがる	godan	4057
matagaru	跨る	godan	4992
matagaru	跨がる	godan	5744
matagaru	股がる	godan	6912
matageru	またげる	ichidan	6474
matageru	跨げる	ichidan	6553
matagu	またぐ	godan	4364
matagu	跨ぐ	godan	4639
matanikakeru	股にかける	ichidan	5588
matanikakeru	股に掛ける	ichidan	6506
matasu	またす	godan	6147
matasu	待たす	godan	6352
matataku	瞬く	godan	3558
matataku	またたく	godan	4864
materu	待てる	ichidan	4603
materu	まてる	ichidan	6570
matoeru	纏える	ichidan	5556
matoeru	まとえる	ichidan	5578
matoitsuku	まといつく	godan	5884
matoitsuku	纏い付く	godan	6758
matomaru	まとまる	godan	4129
matomaru	纏まる	godan	5872
matomeageru	まとめ上げる	ichidan	5121
matomeageru	まとめあげる	ichidan	5501
matomeageru	纏め上げる	ichidan	6377
matomeru	まとめる	ichidan	2901
matomeru	纏める	ichidan	4902
matou	纏う	godan	3586
matou	まとう	godan	3686
matou	纒う	godan	6944
matowaritsuku	まとわりつく	godan	3987
matowaritsuku	纏わりつく	godan	5286
matowaritsuku	まとわり付く	godan	5671
matowaritsuku	纏わり付く	godan	5727
matowoshiboru	的を絞る	godan	5962
matsu	待つ	godan	2729
matsu	まつ	godan	4019
matsu	俟つ	godan	6413
matsureru	祭れる	ichidan	6656
matsureru	まつれる	ichidan	6723
matsuriageru	祭り上げる	ichidan	6141
matsuriageru	祀り上げる	ichidan	6831
matsuru	祀る	godan	3860
matsuru	祭る	godan	4794
matsuru	まつる	godan	4868
matsuru	奉る	godan	5178
matsuwaritsuku	纏わりつく	godan	5286
matsuwaritsuku	纏わり付く	godan	5727
matsuwaritsuku	まつわりつく	godan	5961
matsuwaru	まつわる	godan	3143
matsuwaru	纏わる	godan	4880
mattawokakeru	待ったをかける	ichidan	5894
mattousuru	まっとうする	suru	4515
mattousuru	全うする	suru	5580
mau	舞う	godan	3037
mau	まう	godan	3561
mawareru	回れる	ichidan	4367
mawareru	まわれる	ichidan	5520
mawareru	廻れる	ichidan	6152
mawarikomeru	回り込める	ichidan	6421
mawarikomu	回り込む	godan	4769
mawarikomu	まわりこむ	godan	6770
mawarikomu	廻り込む	godan	6839
mawarikomu	周り込む	godan	6981
mawarimawaru	回り回る	godan	6833
mawaru	回る	godan	3246
mawaru	まわる	godan	4117
mawaru	周る	godan	4758
mawaru	廻る	godan	4780
mawaseru	回せる	ichidan	3960
mawaseru	まわせる	ichidan	4858
mawaseru	廻せる	ichidan	6562
mawashiireru	回し入れる	ichidan	5623
mawashiireru	まわし入れる	ichidan	6493
mawashikakeru	回しかける	ichidan	5124
mawashikomu	回し込む	godan	6982
mawasu	回す	godan	3177
mawasu	まわす	godan	4332
mawasu	廻す	godan	5376
mawatadekubiwoshimeru	真綿で首を絞める	ichidan	6496
mayoiaruku	迷い歩く	godan	6516
mayoikomu	迷い込む	godan	5034
mayoinimayou	迷いに迷う	godan	6567
mayou	迷う	godan	2606
mayou	まよう	godan	3412
mayowasu	迷わす	godan	6099
mayuwoageru	眉を上げる	ichidan	6689
mayuwohisomeru	眉をひそめる	ichidan	5459
mayuwohisomeru	眉を顰める	ichidan	6218
mazarikomu	混ざり込む	godan	6830
mazaru	混ざる	godan	4221
mazaru	まざる	godan	5951
mazaru	交ざる	godan	6283
mazeau	混ぜ合う	godan	6861
mazeawaseru	まぜあわせる	ichidan	6605
mazeawasu	混ぜ合わす	godan	6407
mazekomu	混ぜ込む	godan	4869
mazekomu	混ぜこむ	godan	6667
mazeru	混ぜる	ichidan	3139
mazeru	まぜる	ichidan	4853
mazeru	交ぜる	ichidan	6299
mebaeru	芽生える	ichidan	4379
mebaeru	めばえる	ichidan	6569
meboshigatsuku	目星がつく	godan	6684
meboshiwotsukeru	目星をつける	ichidan	6143
meboshiwotsukeru	目星を付ける	ichidan	6828
mebuku	芽吹く	godan	4034
mebuku	めぶく	godan	5280
mebuku	芽ぶく	godan	6133
medatsu	目立つ	godan	2859
medatsu	めだつ	godan	5953
medatsu	目だつ	godan	6303
mederu	愛でる	ichidan	4243
mederu	めでる	ichidan	5818
megakiku	目が利く	godan	6305
meganenikanau	眼鏡にかなう	godan	6666
megasaeru	目が冴える	ichidan	6954
megashiragaatsukunaru	目頭が熱くなる	godan	5811
megashirawoosaeru	目頭を押さえる	ichidan	6735
megatenninaru	目が点になる	godan	6256
megatobideru	目が飛び出る	ichidan	6384
megatodoku	目が届く	godan	5045
megeru	めげる	ichidan	5446
megumareru	恵まれる	ichidan	4198
megumareru	めぐまれる	ichidan	6666
megumu	恵む	godan	5658
megumu	めぐむ	godan	5762
megumu	芽ぐむ	godan	6675
meguraseru	巡らせる	ichidan	4692
meguraseru	めぐらせる	ichidan	5512
megurasu	巡らす	godan	5207
megurasu	めぐらす	godan	5374
megurasu	廻らす	godan	6504
megureru	巡れる	ichidan	5384
megureru	めぐれる	ichidan	6584
meguriaeru	巡り会える	ichidan	5059
meguriaeru	めぐりあえる	ichidan	6123
meguriaruku	巡り歩く	godan	5467
meguriau	巡り合う	godan	4283
meguriau	巡り会う	godan	4569
meguriau	めぐり逢う	godan	4966
meguriau	めぐりあう	godan	5085
meguriau	めぐり合う	godan	5209
meguriau	めぐり会う	godan	5482
meguriau	巡り逢う	godan	5619
megurikuru	巡りくる	kuru	3237
megurimeguru	巡り巡る	godan	5906
meguriyuku	巡りゆく	godan-iku	3021
meguriyuku	巡り行く	godan-iku	3803
meguru	巡る	godan	3146
meguru	めぐる	godan	3220
meguru	回る	godan	4743
meguru	廻る	godan	5091
meguru	周る	godan	6255
mehakuchihodonimonowoiu	目は口ほどに物を言う	godan	5445
mehakuchihodonimonowoiu	目は口ほどにものを言う	godan	5737
mehashigakiku	目端が利く	godan	6816
meianwowakeru	明暗を分ける	ichidan	5959
meijiru	命じる	ichidan	4133
meijiru	銘じる	ichidan	6424
meiru	滅入る	godan	4884
meiru	めいる	godan	5716
meisuru	めいする	suru	5345
meisuru	銘する	suru	6078
meisuru	瞑する	suru	6650
meiutsu	銘打つ	godan	5576
meizuru	命ずる	zuru	2815
meizuru	銘ずる	zuru	5650
meizuru	めいずる	zuru	6674
mekaraurokogaochiru	目から鱗が落ちる	ichidan	5692
mekaraurokogaochiru	目からウロコが落ちる	ichidan	6115
mekaraurokogaochiru	目からうろこが落ちる	ichidan	6428
mekasu	めかす	godan	6271
mekujirawotateru	目くじらを立てる	ichidan	6001
mekureru	めくれる	ichidan	5044
mekureru	捲れる	ichidan	5808
mekuru	めくる	godan	4048
mekuru	捲る	godan	6879
mekurumeku	めくるめく	godan	4100
mekurumeku	目くるめく	godan	5379
mekusohanakusowowarau	目糞鼻糞を笑う	godan	6204
memoru	メモる	godan	5659
mendouwomiru	面倒を見る	ichidan	4573
meniamaru	目に余る	godan	5260
menifureru	目に触れる	ichidan	4642
menimieru	目に見える	ichidan	4097
menishimiru	目に染みる	ichidan	6202
meniukabu	目に浮かぶ	godan	4736
meniukabu	眼に浮かぶ	godan	6664
meniyakitsukeru	目に焼き付ける	ichidan	5806
menjiru	免じる	ichidan	6860
menkurau	面食らう	godan	4761
menkurau	面くらう	godan	6727
menkurau	めんくらう	godan	6883
menoirowokaeru	目の色を変える	ichidan	6309
menomaegakurakunaru	目の前が暗くなる	godan	6527
mensu	面す	godan	6074
mensuru	面する	suru	3218
mensuru	めんする	suru	6677
mentomukau	面と向かう	godan	5495
menzuru	免ずる	zuru	4681
merikomu	めり込む	godan	5466
merikomu	めりこむ	godan	6556
mesaru	めさる	godan	6549
meshiagareru	召し上がれる	ichidan	5360
meshiagaru	召し上がる	godan	4709
meshiagaru	召しあがる	godan	6457
meshiageru	召し上げる	ichidan	6593
meshidasu	召し出す	godan	6849
meshikakaeru	召し抱える	ichidan	6535
messuru	滅する	suru	4143
messuru	めっする	suru	6707
mesu	めす	godan	5018
mesu	召す	godan	5160
metaru	メタる	godan	5862
metoru	娶る	godan	5564
metoru	めとる	godan	6154
mewoawaseru	目を合わせる	ichidan	5189
mewoawasu	目を合わす	godan	6729
mewofuseru	目を伏せる	ichidan	6076
mewohiku	目を引く	godan	3027
mewohiku	眼を引く	godan	6517
mewokorasu	目を凝らす	godan	5568
mewomihiraku	目を見開く	godan	4915
mewomukeru	目を向ける	ichidan	3839
mewomuku	目を剥く	godan	5928
mewomuku	目をむく	godan	5985
mewooou	目を覆う	godan	5166
mewoshirokurosaseru	目を白黒させる	ichidan	6611
mewosomukeru	目を背ける	ichidan	5177
mewosorasu	目をそらす	godan	5132
mewosorasu	目を逸らす	godan	5444
mewotomeru	目を留める	ichidan	5980
mewotomeru	目を止める	ichidan	6507
mewotoosu	目を通す	godan	4743
mewotsukeru	目をつける	ichidan	5112
mewotsukeru	目を付ける	ichidan	5882
mewoubawareru	目を奪われる	ichidan	4680
mewoutagau	目を疑う	godan	4481
mezameru	目覚める	ichidan	3832
mezameru	めざめる	ichidan	4704
mezameru	目ざめる	ichidan	6509
mezasu	目指す	godan	2297
mezasu	めざす	godan	3777
mezasu	目ざす	godan	5573
mezasu	目差す	godan	6659
miageru	見上げる	ichidan	3714
miageru	みあげる	ichidan	6265
miakiru	見飽きる	ichidan	5594
miasaru	見漁る	godan	6690
miataru	見当たる	godan	6440
miau	見合う	godan	3323
miau	みあう	godan	5814
miawaseru	見合わせる	ichidan	4898
miawasu	見合わす	godan	6726
miayamaru	見誤る	godan	5150
michiafureru	満ち溢れる	ichidan	5153
michiafureru	満ちあふれる	ichidan	5627
michibikeru	導ける	ichidan	4755
michibikidaseru	導き出せる	ichidan	5049
michibikidasu	導き出す	godan	4206
michibikidasu	導きだす	godan	5856
michibiku	導く	godan	2300
michibiku	みちびく	godan	4991
michigaeru	見違える	ichidan	4296
michigaeru	みちがえる	ichidan	6674
michikusawokuu	道草を食う	godan	6644
michiru	満ちる	ichidan	4544
michiru	みちる	ichidan	5041
michiru	充ちる	ichidan	6589
michitariru	満ち足りる	ichidan	5848
michiyuku	道行く	godan-iku	1188
michiyuku	みちゆく	godan-iku	3617
midarekuruu	乱れ狂う	godan	5739
midareru	乱れる	ichidan	3971
midareru	みだれる	ichidan	6121
midaresaku	乱れ咲く	godan	5512
midaretobu	乱れ飛ぶ	godan	6047
midareutsu	乱れ撃つ	godan	6982
midaseru	見出せる	ichidan	4680
midaseru	乱せる	ichidan	6783
midasu	乱す	godan	4314
midasu	見出す	godan	5081
midasu	みだす	godan	6130
mieru	見える	ichidan	1949
mieru	みえる	ichidan	3667
mieru	視える	ichidan	4872
mieru	観える	ichidan	5557
miesuku	見え透く	godan	6361
miesuku	見えすく	godan	6727
miesuku	みえすく	godan	6920
migahairu	身が入る	godan	6257
migakeru	磨ける	ichidan	4656
migakeru	みがける	ichidan	6519
migakiageru	磨き上げる	ichidan	4846
migakiageru	磨きあげる	ichidan	6015
migakikomu	磨き込む	godan	6240
migakinuku	磨き抜く	godan	6148
migakiwokakeru	磨きをかける	ichidan	5058
migakiwokakeru	磨きを掛ける	ichidan	6806
migaku	磨く	godan	2605
migaku	みがく	godan	4325
migaku	研く	godan	5868
migamaeru	身構える	ichidan	5015
miginideru	右に出る	ichidan	5330
migomoru	身ごもる	godan	6047
migomoru	身籠る	godan	6452
migomoru	みごもる	godan	6969
mihakarau	見計らう	godan	4864
mihanasu	見放す	godan	5817
miharaseru	見晴らせる	ichidan	6193
miharasu	見晴らす	godan	5764
mihareru	見張れる	ichidan	6988
miharu	見張る	godan	4233
miharu	みはる	godan	5237
miharu	瞠る	godan	6172
miharukasu	みはるかす	godan	6917
mihiraku	見開く	godan	4775
mihiraku	みひらく	godan	6412
mihoreru	見惚れる	ichidan	5418
miidaseru	見いだせる	ichidan	5018
miidaseru	見出だせる	ichidan	6266
miidasu	見出す	godan	3817
miidasu	見いだす	godan	4627
miidasu	見い出す	godan	5530
miidasu	見出だす	godan	6134
miidasu	みいだす	godan	6462
miiratorigamiiraninaru	ミイラ取りがミイラになる	godan	6278
miiru	見入る	godan	5266
miiru	みいる	godan	6277
miiru	魅入る	godan	6460
mikaeru	見返る	godan	6522
mikaeru	みかえる	godan	6767
mikaeseru	見返せる	ichidan	5013
mikaesu	見返す	godan	4114
mikagiru	見限る	godan	5551
mikakeru	見かける	ichidan	3039
mikakeru	みかける	ichidan	4861
mikakeru	見掛ける	ichidan	4919
mikiku	見聞く	godan	6424
mikireru	見切れる	ichidan	5279
mikiritsukeru	見切りつける	ichidan	6478
mikiriwotsukeru	見切りをつける	ichidan	5383
mikiriwotsukeru	見切りを付ける	ichidan	6638
mikiru	見切る	godan	5239
mikiru	みきる	godan	6659
mikiwameru	見極める	ichidan	3304
mikiwameru	見きわめる	ichidan	5833
mikiwameru	みきわめる	ichidan	6652
mikomeru	見込める	ichidan	3772
mikomeru	みこめる	ichidan	6873
mikomu	見込む	godan	4481
mikomu	みこむ	godan	6473
mikosu	見越す	godan	6034
mikosu	みこす	godan	6642
mikubiru	見くびる	godan	6046
mikubiru	みくびる	godan	6780
mikudaseru	見下せる	ichidan	6144
mikudasu	見下す	godan	4448
mikudasu	みくだす	godan	6956
mikuraberu	見比べる	ichidan	4341
mimagau	見紛う	godan	4385
mimagau	見まがう	godan	5025
mimagau	みまがう	godan	6239
mimamoreru	見守れる	ichidan	5148
mimamoru	見守る	godan	3438
mimamoru	みまもる	godan	5885
mimau	見舞う	godan	4505
mimau	みまう	godan	6440
mimawaru	見回る	godan	5659
mimawaseru	見回せる	ichidan	6572
mimawasu	見回す	godan	4802
mimawasu	見廻す	godan	6812
miminihairu	耳に入る	godan	5735
mimininokoru	耳に残る	godan	4989
miminisakarau	耳に逆らう	godan	6317
mimiwoarau	耳を洗う	godan	6665
mimiwofusagu	耳をふさぐ	godan	6332
mimiwofusagu	耳を塞ぐ	godan	6451
mimiwokatamukeru	耳を傾ける	ichidan	4076
mimiwosobadateru	耳をそばだてる	ichidan	6594
mimiwosumasu	耳を澄ます	godan	5612
mimiwoutagau	耳を疑う	godan	5201
mimodaeru	身悶える	ichidan	6000
mimuku	みむく	godan	6670
mimuku	見向く	godan	6805
minagiru	みなぎる	godan	4703
minagiru	漲る	godan	5351
minaoseru	見直せる	ichidan	5309
minaosu	見直す	godan	3270
minaosu	みなおす	godan	6519
minarau	見習う	godan	4132
minarau	見倣う	godan	5801
minarau	みならう	godan	6714
minareru	見慣れる	ichidan	5600
minaseru	みなせる	ichidan	5247
minaseru	見なせる	ichidan	5413
minasu	みなす	godan	3571
minasu	見なす	godan	4347
minasu	見做す	godan	5676
minasu	看做す	godan	6419
minimatou	身にまとう	godan	4328
minimatou	身に纏う	godan	4540
minishimiru	身にしみる	ichidan	5403
minishimiru	身に沁みる	ichidan	5926
minitsukeru	身につける	godan	3233
minitsukeru	身に着ける	ichidan	4022
minitsukeru	みにつける	ichidan	6158
minogaseru	見逃せる	ichidan	6344
minogasu	見逃す	godan	3959
minogasu	みのがす	godan	6497
minogasu	見のがす	godan	6680
minokegayodatsu	身の毛がよだつ	godan	5943
minoru	実る	godan	4413
minoru	みのる	godan	5187
minoru	稔る	godan	6161
minukeru	見抜ける	ichidan	4847
minuku	見抜く	godan	3121
minuku	みぬく	godan	5738
miokureru	見送れる	ichidan	6210
miokuru	見送る	godan	4012
miokuru	みおくる	godan	6975
mioroseru	見下ろせる	ichidan	4928
mioroseru	見おろせる	ichidan	6907
miorosu	見下ろす	godan	3911
miorosu	見おろす	godan	5670
miorosu	見下す	godan	5945
miorosu	みおろす	godan	6466
miotoru	見劣る	godan	6316
miotosu	見落とす	godan	4657
miotosu	見落す	godan	6751
mireru	見れる	ichidan	3068
mireru	みれる	ichidan	4651
miru	見る	ichidan	1496
miru	みる	ichidan	2722
miru	観る	ichidan	2992
miru	診る	ichidan	4342
miru	視る	ichidan	4708
miru	看る	ichidan	5377
miru	觀る	ichidan	6569
misadameru	見定める	ichidan	4887
misageru	見下げる	ichidan	6237
misageru	みさげる	ichidan	6938
misebirakasu	見せびらかす	godan	5102
misebirakasu	みせびらかす	godan	6981
misekakeru	見せかける	ichidan	4817
misekakeru	みせかける	ichidan	6472
misekakeru	見せ掛ける	ichidan	6862
miseru	見せる	ichidan	2586
miseru	魅せる	ichidan	3730
miseru	みせる	ichidan	4110
misetsukeru	見せつける	ichidan	4296
misetsukeru	見せ付ける	ichidan	5666
misetsukeru	みせつける	ichidan	6313
misewotatamu	店を畳む	godan	6541
mishiru	見知る	godan	6737
mishiru	みしる	godan	6761
misokonau	見損なう	godan	6045
misomeru	見初める	ichidan	6537
misueru	見据える	ichidan	4294
misueru	見すえる	ichidan	6440
misugoseru	見過ごせる	ichidan	6324
misugosu	見過ごす	godan	4852
misukaseru	見透かせる	ichidan	6965
misukasu	見透かす	godan	5583
misuru	みする	suru	4779
misuru	ミスる	godan	4964
misuru	魅する	suru	5844
misusumeru	見進める	ichidan	6549
misuteru	見捨てる	ichidan	4649
mitaseru	満たせる	ichidan	4433
mitasu	満たす	godan	2896
mitasu	みたす	godan	5297
mitasu	充たす	godan	5629
mitateru	見立てる	ichidan	4939
mitateru	みたてる	ichidan	6699
mitemawaru	見て回る	godan	4506
mitemawaru	見て廻る	godan	6466
mitetoreru	見て取れる	ichidan	4361
mitetoreru	みてとれる	ichidan	5776
mitetoru	見て取る	godan	5462
mitetoru	みてとる	godan	6739
mitodokeru	見届ける	ichidan	4530
mitomeru	認める	ichidan	2814
mitomeru	みとめる	ichidan	5787
mitooseru	見通せる	ichidan	4906
mitoosu	見通す	godan	4587
mitoosu	見透す	godan	6749
mitoreru	見惚れる	ichidan	5296
mitoreru	見とれる	ichidan	5328
mitoreru	みとれる	ichidan	6487
mitoreru	看取れる	ichidan	6911
mitoru	看取る	godan	5133
mitoru	みとる	godan	6112
mitoru	見取る	godan	6226
mitsu	みつ	godan	4697
mitsu	満つ	godan	5662
mitsu	充つ	godan	6480
mitsugeru	貢げる	ichidan	6784
mitsugu	貢ぐ	godan	5184
mitsugu	みつぐ	godan	6326
mitsukaru	見つかる	godan	3035
mitsukaru	みつかる	godan	4715
mitsukaru	見付かる	godan	5713
mitsukedaseru	見つけ出せる	ichidan	5455
mitsukedasu	見つけ出す	godan	4126
mitsukedasu	見つけだす	godan	5677
mitsukedasu	見付け出す	godan	6674
mitsukedasu	みつけだす	godan	6767
mitsukeru	見つける	ichidan	2502
mitsukeru	みつける	ichidan	4555
mitsukeru	見付ける	ichidan	5048
mitsukurou	見繕う	godan	5607
mitsukurou	みつくろう	godan	6964
mitsumeau	見つめ合う	godan	4356
mitsumeau	見つめあう	godan	5267
mitsumeau	みつめあう	godan	6170
mitsumeau	見詰め合う	godan	6450
mitsumekaesu	見つめ返す	godan	5949
mitsumenaosu	見つめ直す	godan	4046
mitsumeru	見つめる	ichidan	3464
mitsumeru	みつめる	ichidan	5138
mitsumeru	見詰める	ichidan	5873
mitsumoreru	見積もれる	ichidan	5997
mitsumoru	見積もる	godan	4564
mitsumoru	見積る	godan	5944
miukeru	見受ける	ichidan	5702
miushinau	見失う	godan	3810
miushinau	みうしなう	godan	6792
miwakeru	見分ける	ichidan	3694
miwakeru	みわける	ichidan	6679
miwataseru	見渡せる	ichidan	3983
miwatasu	見渡す	godan	3855
miwatasu	みわたす	godan	6458
miwohikishimeru	身を引き締める	ichidan	6642
miwohiku	身を引く	godan	4332
miwohirugaesu	身を翻す	godan	6946
miwohisomeru	身を潜める	ichidan	5766
miwohisomeru	身をひそめる	ichidan	6470
miwohorobosu	身を滅ぼす	godan	5676
miwoireru	身を入れる	ichidan	6709
miwokagameru	身をかがめる	ichidan	6282
miwokagameru	身を屈める	ichidan	6958
miwokakusu	身を隠す	godan	5083
miwokatameru	身を固める	ichidan	6261
miwokezuru	身を削る	godan	5956
miwokiyomeru	身を清める	ichidan	5544
miwokogasu	身を焦がす	godan	5969
miwokudaku	身を砕く	godan	6693
miwomakaseru	身を任せる	ichidan	4845
miwomakasu	身を任す	godan	6574
miwomochikuzusu	身を持ち崩す	godan	6783
miwomusubu	実を結ぶ	godan	4744
miwonageru	身を投げる	ichidan	5774
miwonoridasu	身を乗り出す	godan	5660
miwookosu	身を起こす	godan	6590
miwotateru	身を立てる	ichidan	5864
miwoteisuru	身を挺する	suru	5931
miwoyatsusu	身をやつす	godan	6547
miwoyoseau	身を寄せ合う	godan	5395
miwoyoseru	身を寄せる	ichidan	5195
miwoyudaneru	身を委ねる	ichidan	4930
miyabureru	見破れる	ichidan	5641
miyaburu	見破る	godan	4905
miyaburu	みやぶる	godan	5758
miyaru	見やる	godan	5522
miyaru	見遣る	godan	6437
miyaru	みやる	godan	6571
mizukewokiru	水気をきる	godan	4945
mizukewokiru	水気を切る	godan	5095
mizuku	みづく	godan	5753
mizuku	水漬く	godan	5944
mizuninagasu	水に流す	godan	5743
mizusumu	水澄む	godan	6602
mizuwomukeru	水を向ける	ichidan	6128
mochiagaru	持ち上がる	godan	4912
mochiagaru	もちあがる	godan	6924
mochiageru	持ち上げる	ichidan	3705
mochiageru	もちあげる	ichidan	6233
mochiageru	持上げる	ichidan	6859
mochiarukeru	持ち歩ける	ichidan	4557
mochiaruku	持ち歩く	godan	2974
mochiaruku	もちあるく	godan	6336
mochiau	持ち合う	godan	5614
mochiawaseru	持ち合わせる	ichidan	4924
mochiawasu	持ち合わす	godan	6343
mochidaseru	持ち出せる	ichidan	5135
mochidasu	持ち出す	godan	4193
mochidasu	もちだす	godan	6656
mochidasu	持出す	godan	6953
mochihakoberu	持ち運べる	ichidan	4197
mochihakobu	持ち運ぶ	godan	4031
mochiiru	用いる	ichidan	2824
mochiiru	もちいる	ichidan	5742
mochikaereru	持ち帰れる	ichidan	4915
mochikaeru	持ち帰る	godan	3884
mochikaeru	持ち替える	ichidan	5117
mochikaeru	持ちかえる	godan	6143
mochikaeru	持ち換える	ichidan	6868
mochikaeru	もちかえる	godan	6894
mochikakeru	持ちかける	ichidan	4705
mochikakeru	持ち掛ける	ichidan	5302
mochikakeru	もちかける	ichidan	5907
mochikomeru	持ち込める	ichidan	4553
mochikomu	持ち込む	godan	3667
mochikomu	持ちこむ	godan	5974
mochikomu	持込む	godan	6110
mochikomu	もちこむ	godan	6196
mochikoseru	持ち越せる	ichidan	5685
mochikosu	持ち越す	godan	5104
mochikotaeru	持ちこたえる	ichidan	5299
mochikotaeru	持ち堪える	ichidan	6133
mochikotaeru	もちこたえる	ichidan	6691
mochimawaru	持ち回る	godan	6863
mochinaosu	持ち直す	godan	5306
mochisaru	持ち去る	godan	5579
mochiyoreru	持ち寄れる	ichidan	6769
mochiyoru	持ち寄る	godan	5235
modaekurushimu	悶え苦しむ	godan	6250
modaekurushimu	もだえ苦しむ	godan	6633
modaeru	悶える	ichidan	5036
modaeru	もだえる	ichidan	5915
modasu	もだす	godan	6647
modasu	黙す	godan	6903
modoku	もどく	godan	6057
modoreru	戻れる	ichidan	3909
modoreru	もどれる	ichidan	6161
modorikuru	戻りくる	kuru	4073
modoru	戻る	godan	2613
modoru	もどる	godan	4335
modoseru	戻せる	ichidan	4245
modoseru	もどせる	ichidan	6388
modosu	戻す	godan	2996
modosu	もどす	godan	4874
moeagaru	燃え上がる	godan	4512
moeagaru	もえあがる	godan	6474
moeagaru	燃え上る	godan	6771
moederu	萌え出る	ichidan	6416
moehirogaru	燃え広がる	godan	5609
moenokoru	燃え残る	godan	6667
moeochiru	燃え落ちる	ichidan	6407
moeru	燃える	ichidan	3409
moeru	萌える	ichidan	4569
moeru	もえる	ichidan	5127
moesakaru	燃え盛る	godan	4716
moesakaru	燃えさかる	godan	5408
moesakaru	もえさかる	godan	6399
moeshinu	萌え死ぬ	godan	6611
moetagiru	燃えたぎる	godan	5758
moetagiru	燃え滾る	godan	6320
moetatsu	燃え立つ	godan	5750
moetatsu	燃えたつ	godan	6456
moetatsu	もえたつ	godan	6964
moetsukiru	燃え尽きる	ichidan	4751
moetsukiru	燃えつきる	ichidan	6058
moetsukiru	もえつきる	ichidan	6637
moetsuku	燃えつく	godan	6519
moeutsuru	燃え移る	godan	5949
mofuru	モフる	godan	6798
mogaku	もがく	godan	3944
mogaku	藻掻く	godan	5515
mogeru	もげる	ichidan	5500
mogiru	もぎる	godan	6462
mogitoreru	もぎ取れる	ichidan	6436
mogitoru	もぎ取る	godan	5352
mogitoru	もぎとる	godan	6323
mogu	もぐ	godan	4583
mogurikomeru	潜り込める	ichidan	6115
mogurikomu	潜り込む	godan	4971
mogurikomu	もぐりこむ	godan	6069
mogurikomu	もぐり込む	godan	6384
moguru	潜る	godan	4194
moguru	もぐる	godan	5420
mojiru	もじる	godan	6401
mojiru	捩る	godan	6974
mokuromu	目論む	godan	4636
mokuromu	もくろむ	godan	5331
mokusu	目す	godan	6434
mokusu	黙す	godan	6998
mokusuru	目する	suru	4978
mokusuru	黙する	suru	5317
mokusuru	もくする	suru	6409
momeru	揉める	ichidan	4503
momeru	もめる	ichidan	5033
momeru	モメる	ichidan	5799
momiau	もみ合う	godan	5360
momiau	揉み合う	godan	5705
momiau	もみあう	godan	6495
momihogusu	もみほぐす	godan	5654
momihogusu	揉みほぐす	godan	5657
momihogusu	揉み解す	godan	6763
momikeseru	揉み消せる	ichidan	6847
momikeseru	もみ消せる	ichidan	6972
momikesu	もみ消す	godan	5759
momikesu	揉み消す	godan	6035
momikomu	もみ込む	godan	5261
momikomu	揉み込む	godan	5285
momikomu	もみこむ	godan	5773
momikomu	揉みこむ	godan	5876
momishidaku	揉みしだく	godan	4914
momishidaku	もみしだく	godan	6674
momu	揉む	godan	4639
momu	もむ	godan	4947
monifukusu	喪に服す	godan	5781
monkuwotsukeru	文句をつける	ichidan	5581
monkuwotsukeru	文句を付ける	ichidan	6527
monogataru	物語る	godan	4230
monogataru	ものがたる	godan	6330
monoiu	物言う	godan	4921
monoiu	ものいう	godan	6157
monomousu	物申す	godan	4989
monomousu	もの申す	godan	6336
monoomou	物思う	godan	5939
monowoiu	物を言う	godan	4501
monowoiu	物をいう	godan	5663
monoyuu	物言う	godan	5351
monyoru	もにょる	godan	6306
moraeru	もらえる	ichidan	2816
moraeru	貰える	ichidan	3238
moraiaruku	もらい歩く	godan	6637
moraiukeru	貰い受ける	ichidan	6229
moraiukeru	もらい受ける	ichidan	6334
morasu	漏らす	godan	4421
morasu	もらす	godan	5390
morasu	洩らす	godan	6124
morau	もらう	godan	2596
morau	貰う	godan	3027
moredasu	漏れ出す	godan	5212
morederu	漏れ出る	ichidan	5420
morekikoeru	漏れ聞こえる	ichidan	5898
morekiku	漏れ聞く	godan	5807
moreru	漏れる	ichidan	3917
moreru	盛れる	ichidan	4450
moreru	もれる	ichidan	5166
moreru	洩れる	ichidan	5815
moriagareru	盛り上がれる	ichidan	4609
moriagaru	盛り上がる	godan	3398
moriagaru	盛りあがる	godan	5847
moriagaru	もりあがる	godan	6134
moriagaru	盛あがる	godan	6986
moriageru	盛り上げる	ichidan	3494
moriageru	もりあげる	ichidan	6394
moriageru	盛上げる	ichidan	6714
moriawaseru	盛り合わせる	ichidan	5905
morikaeseru	盛り返せる	ichidan	6469
morikaesu	盛り返す	godan	5482
morikomeru	盛り込める	ichidan	5665
morikomu	盛り込む	godan	4157
morisagaru	盛り下がる	godan	6025
morisageru	盛り下げる	ichidan	6701
moritateru	もり立てる	ichidan	6691
moritsukeru	盛り付ける	ichidan	4298
moritsukeru	盛りつける	ichidan	4942
moritsukeru	もりつける	ichidan	6776
moriwakeru	盛り分ける	ichidan	6688
moru	守る	godan	3869
moru	盛る	godan	4031
moru	もる	godan	4678
moru	漏る	godan	6027
moru	洩る	godan	6498
moseru	燃せる	ichidan	6897
mosu	もす	godan	4671
mosu	燃す	godan	6421
mosuru	模する	suru	5630
mosuru	摸する	suru	6742
motageru	もたげる	ichidan	6253
motarasu	もたらす	godan	2838
motarasu	齎す	godan	5436
motarekakaru	もたれかかる	godan	5755
motarekakaru	もたれ掛かる	godan	6685
motareru	もたれる	ichidan	4983
motareru	凭れる	ichidan	6871
motasekakeru	もたせかける	ichidan	6927
motaseru	もたせる	ichidan	4686
motasu	持たす	godan	5565
motasu	もたす	godan	6228
motatsuku	もたつく	godan	4277
moteamasu	持て余す	godan	4834
moteamasu	もてあます	godan	5883
moteamasu	もて余す	godan	6330
moteasobu	弄ぶ	godan	5032
moteasobu	もてあそぶ	godan	5500
moteasobu	もて遊ぶ	godan	6584
moteasobu	玩ぶ	godan	6923
motehayasu	もてはやす	godan	6064
motehayasu	持て囃す	godan	6346
motenasu	もてなす	godan	4531
motenasu	持て成す	godan	6774
moteru	持てる	ichidan	3166
moteru	モテる	godan	3649
moteru	もてる	ichidan	4266
motomaru	求まる	godan	5312
motomaru	もとまる	godan	6452
motomeru	求める	ichidan	2288
motomeru	もとめる	ichidan	5176
motomeyuku	求め行く	godan-iku	3899
motomu	求む	godan	4506
motomu	もとむ	godan	5821
motonosayaniosamaru	元の鞘に収まる	godan	6801
motooru	廻る	godan	6062
motoru	悖る	godan	6246
motoru	もとる	godan	6755
motozuku	基づく	godan	1760
motozuku	もとづく	godan	3596
motozuku	基く	godan	4362
motsu	持つ	godan	1770
motsu	もつ	godan	2770
motsu	保つ	godan	4249
motsureau	もつれ合う	godan	5938
motsureau	もつれあう	godan	6160
motsurekomu	もつれ込む	godan	5845
motsurekomu	もつれこむ	godan	6389
motsureru	もつれる	ichidan	5200
motsureru	縺れる	ichidan	6472
mottaiburu	もったいぶる	godan	6022
mottaiburu	勿体ぶる	godan	6500
mouderu	詣でる	ichidan	5519
moukaru	儲かる	godan	3824
moukaru	もうかる	godan	5391
moukeru	設ける	ichidan	3151
moukeru	儲ける	ichidan	4387
moukeru	もうける	ichidan	5093
moushiageru	申し上げる	ichidan	3972
moushiageru	申しあげる	ichidan	5834
moushiageru	もうしあげる	ichidan	6979
moushiawaseru	申し合わせる	ichidan	6823
moushideru	申し出る	ichidan	4162
moushideru	申し出でる	ichidan	6332
moushiireru	申し入れる	ichidan	5260
moushikomeru	申し込める	ichidan	4791
moushikomu	申し込む	godan	3657
moushikomu	申込む	godan	5002
moushinoberu	申し述べる	ichidan	6149
moushiokuru	申し送る	godan	6678
moushisoeru	申し添える	ichidan	5954
moushitateru	申し立てる	ichidan	4517
moushitsukeru	申し付ける	ichidan	6178
moushitsukeru	申しつける	ichidan	6728
moushitsutaeru	申し伝える	ichidan	6487
moushiukeru	申し受ける	ichidan	5819
moushiwatasu	申し渡す	godan	6357
mousu	申す	godan	4303
mousu	もうす	godan	5282
mousu	白す	godan	6221
mouwohiraku	蒙を啓く	godan	6594
moyaseru	燃やせる	ichidan	4590
moyaseru	もやせる	ichidan	5634
moyasu	燃やす	godan	3898
moyasu	もやす	godan	5105
moyau	もやう	godan	5857
moyoosu	催す	godan	4785
moyoosu	もよおす	godan	5870
muchiutsu	鞭打つ	godan	5807
muchiutsu	むち打つ	godan	6801
mudaguchiwotataku	無駄口を叩く	godan	6920
mukaeireru	迎え入れる	ichidan	4307
mukaeru	迎える	ichidan	2677
mukaeru	向かえる	ichidan	4856
mukaeru	むかえる	ichidan	4914
mukaeru	逢える	ichidan	5986
mukaeutsu	迎え撃つ	godan	4605
mukaeutsu	迎え討つ	godan	6481
mukaiaeru	向かい合える	ichidan	6431
mukaiau	向かい合う	godan	3964
mukaiau	向かいあう	godan	5441
mukaiau	むかいあう	godan	6640
mukaiawaseru	向かい合わせる	ichidan	6616
mukatsuku	ムカつく	godan	3075
mukatsuku	むかつく	godan	3840
mukau	向かう	godan	1962
mukau	向う	godan	4103
mukau	むかう	godan	4402
mukau	対う	godan	6996
mukeru	向ける	ichidan	3473
mukeru	むける	ichidan	4867
mukeru	剥ける	ichidan	5149
mukiaeru	向き合える	ichidan	4219
mukiau	向き合う	godan	2419
mukiau	むきあう	godan	5656
mukidasu	むき出す	godan	6621
mukidasu	剥き出す	godan	6825
mukinaoru	向き直る	godan	5618
mukininaru	ムキになる	godan	5462
mukininaru	むきになる	godan	6682
muku	向く	godan	2731
muku	むく	godan	3271
muku	剥く	godan	3680
muku	剝く	godan	5547
mukuiru	報いる	ichidan	4618
mukuiru	むくいる	ichidan	6581
mukumu	むくむ	godan	5114
mukumu	浮腫む	godan	5803
mukureru	むくれる	ichidan	6404
mukuu	報う	godan	5937
mukuu	むくう	godan	6617
munagurawotsukamu	胸ぐらをつかむ	godan	6485
munegashimetsukerareru	胸が締め付けられる	ichidan	5006
munegashimetsukerareru	胸が締めつけられる	ichidan	5794
munegashimetsukerareru	胸がしめつけられる	ichidan	6294
munegasuku	胸がすく	godan	5563
munenikizamu	胸に刻む	godan	5940
munenisemaru	胸に迫る	godan	5430
munenitewoateru	胸に手を当てる	ichidan	6225
muneniukabu	胸に浮かぶ	godan	6842
munewofukuramaseru	胸を膨らませる	ichidan	5857
munewofukuramaseru	胸をふくらませる	ichidan	6666
munewoharu	胸を張る	godan	5051
munewohazumaseru	胸を弾ませる	ichidan	6716
munewokariru	胸を借りる	ichidan	6417
munewokasu	胸を貸す	godan	6950
munewokogasu	胸を焦がす	godan	6442
munewonadeorosu	胸をなでおろす	godan	5882
munewonadeorosu	胸を撫で下ろす	godan	6024
munewonadeorosu	胸をなで下ろす	godan	6354
munewonadeorosu	胸を撫でおろす	godan	6719
munewoodoraseru	胸を躍らせる	ichidan	5801
munewotataku	胸を叩く	godan	5803
munewotataku	胸をたたく	godan	6302
munewotsuku	胸を突く	godan	6050
munikisu	無に帰す	godan	5678
muragaru	群がる	godan	4603
muragaru	むらがる	godan	6206
murasu	蒸らす	godan	4919
murasu	むらす	godan	6347
mureoyogu	群れ泳ぐ	godan	6970
mureru	群れる	ichidan	4915
mureru	蒸れる	ichidan	4941
mureru	ムレる	ichidan	6219
mureru	むれる	ichidan	6430
muresaku	群れ咲く	godan	5906
muretsudou	群れ集う	godan	6266
musaborikuu	むさぼり食う	godan	5218
musaborikuu	貪り食う	godan	5411
musaboru	貪る	godan	4793
musaboru	むさぼる	godan	5265
musebinaku	咽び泣く	godan	4618
musebinaku	むせび泣く	godan	4974
musebinaku	むせびなく	godan	6390
musebu	むせぶ	godan	5872
musebu	咽ぶ	godan	6337
musekaeru	むせ返る	godan	5888
musekaeru	むせかえる	godan	5995
musekaeru	噎せ返る	godan	6731
museru	むせる	ichidan	5005
museru	蒸せる	ichidan	6197
museru	咽る	ichidan	6662
museru	噎せる	ichidan	6895
mushaburitsuku	むしゃぶりつく	godan	5328
mushiageru	蒸し上げる	ichidan	6040
mushibamu	蝕む	godan	4847
mushibamu	むしばむ	godan	5815
mushikaesu	蒸し返す	godan	5418
mushiritoru	むしり取る	godan	5729
mushiritoru	毟り取る	godan	6471
mushiru	むしる	godan	5505
mushiru	毟る	godan	6363
mushiyaku	蒸し焼く	godan	6444
musu	むす	godan	4397
musu	蒸す	godan	4496
musu	生す	godan	6192
musu	産す	godan	6363
musuberu	結べる	ichidan	4855
musubitsukeru	結びつける	ichidan	3816
musubitsukeru	結び付ける	ichidan	4614
musubitsukeru	むすびつける	ichidan	6285
musubitsuku	結びつく	godan	3162
musubitsuku	結び付く	godan	4168
musubitsuku	むすびつく	godan	5632
musubu	結ぶ	godan	3087
musubu	むすぶ	godan	5024
mutsukaru	憤る	godan	6615
mutsumiau	睦み合う	godan	6098
mutsumu	むつむ	godan	6582
mutsumu	睦む	godan	6911
muzukaru	憤る	godan	6615
muzukaru	むずかる	godan	6831
myakuutsu	脈打つ	godan	5137
myourinitsukiru	冥利に尽きる	ichidan	5674
myourinitsukiru	冥利につきる	ichidan	5928
nabiku	なびく	godan	3923
nabiku	靡く	godan	4809
naburu	なぶる	godan	6046
naburu	嬲る	godan	6326
nadameru	なだめる	ichidan	4872
nadameru	宥める	ichidan	5624
nadarekomu	なだれ込む	godan	5502
nadarekomu	なだれこむ	godan	6618
nadareru	雪崩れる	ichidan	6758
nademawasu	撫で回す	godan	6164
nadeorosu	なでおろす	godan	6731
nadeorosu	撫で下ろす	godan	6858
naderu	撫でる	ichidan	4233
naderu	なでる	ichidan	4482
nadetsukeru	なでつける	ichidan	6374
nadetsukeru	撫でつける	ichidan	6790
nadetsukeru	撫で付ける	ichidan	6916
naeru	萎える	ichidan	4316
naeru	なえる	ichidan	4685
nagabiku	長引く	godan	3136
nagabiku	長びく	godan	5483
nagabiku	ながびく	godan	6422
nagaimedemiru	長い目で見る	ichidan	4823
nagaimedemiru	長い目でみる	ichidan	5986
nagameru	眺める	ichidan	3191
nagameru	ながめる	ichidan	5283
nagaraeru	長らえる	ichidan	6388
nagaraeru	永らえる	ichidan	6434
nagarearuku	流れ歩く	godan	6513
nagaredasu	流れ出す	godan	4904
nagarederu	流れ出る	ichidan	4547
nagareiru	流れ入る	godan	6826
nagarekomu	流れ込む	godan	4315
nagareochiru	流れ落ちる	ichidan	4523
nagareru	流れる	ichidan	2745
nagareru	流る	ichidan	5120
nagareru	ながれる	ichidan	5345
nagaresaru	流れ去る	godan	6431
nagaretsuku	流れ着く	godan	4480
nagarewokumu	流れをくむ	godan	5268
nagarewokumu	流れを汲む	godan	6891
nagareyoru	流れ寄る	godan	6934
nagareyuku	流れ行く	godan-iku	2678
nagareyuku	流れゆく	godan-iku	2977
nagaseru	流せる	ichidan	4441
nagaseru	ながせる	ichidan	6804
nagashiireru	流し入れる	ichidan	5032
nagashikomeru	流し込める	ichidan	6247
nagashikomu	流し込む	godan	4445
nagashimiru	流し見る	ichidan	6870
nagashiotosu	流し落とす	godan	6750
nagasu	流す	godan	3269
nagasu	ながす	godan	5366
nagasugiru	長過ぎる	ichidan	5209
nageageru	投げ上げる	ichidan	6287
nagedaseru	投げ出せる	ichidan	6482
nagedasu	投げ出す	godan	4828
nagedasu	投げだす	godan	6732
nageireru	投げ入れる	ichidan	5011
nagekakeru	投げかける	ichidan	4235
nagekakeru	投げ掛ける	ichidan	6016
nagekakeru	なげかける	ichidan	6541
nagekikanashimu	嘆き悲しむ	godan	5544
nagekomeru	投げ込める	ichidan	6240
nagekomu	投げ込む	godan	4799
nagekomu	投げこむ	godan	6744
nageku	嘆く	godan	3324
nageku	なげく	godan	5034
nageku	歎く	godan	5487
nageorosu	投げ下ろす	godan	5904
nageotosu	投げ落とす	godan	6073
nageru	投げる	ichidan	3342
nageru	なげる	ichidan	5467
nagesuteru	投げ捨てる	ichidan	5019
nagetaosu	投げ倒す	godan	6518
nagetobaseru	投げ飛ばせる	ichidan	6686
nagetobasu	投げ飛ばす	godan	5343
nagetsukeru	投げつける	ichidan	4546
nagetsukeru	なげつける	ichidan	5349
nagetsukeru	投げ付ける	ichidan	6462
nageutsu	なげうつ	godan	6468
nageutsu	擲つ	godan	6874
nagewakeru	投げ分ける	ichidan	6074
nagewatasu	投げ渡す	godan	6391
nagiharaeru	薙ぎ払える	ichidan	6718
nagiharau	薙ぎ払う	godan	4586
nagiharau	なぎ払う	godan	5099
nagiharau	なぎはらう	godan	5998
nagitaosu	なぎ倒す	godan	5257
nagitaosu	薙ぎ倒す	godan	6131
nagomeru	和める	ichidan	5841
nagomeru	なごめる	ichidan	6217
nagomu	和む	godan	4579
nagomu	なごむ	godan	5294
nagu	なぐ	godan	4913
nagu	凪ぐ	godan	6224
nagu	薙ぐ	godan	6244
nagu	和ぐ	godan	6891
nagureru	殴れる	ichidan	4857
naguriau	殴り合う	godan	4494
nagurikatsu	殴り勝つ	godan	6206
nagurikomu	殴り込む	godan	6111
nagurikorosu	殴り殺す	godan	5949
naguritaosu	殴り倒す	godan	5635
naguritobasu	殴り飛ばす	godan	6029
naguritsukeru	殴りつける	ichidan	5433
naguritsukeru	殴り付ける	ichidan	6817
naguru	殴る	godan	3856
naguru	なぐる	godan	5551
nagusameru	慰める	ichidan	4446
nagusameru	なぐさめる	ichidan	5655
nagusamu	慰む	godan	6026
nagusamu	なぐさむ	godan	6639
nahataiwoarawasu	名は体を表す	godan	5617
najimeru	馴染める	ichidan	4729
najimeru	なじめる	ichidan	5472
najimu	馴染む	godan	3718
najimu	なじむ	godan	4088
najiru	なじる	godan	5671
najiru	詰る	godan	6120
nakaseru	泣かせる	ichidan	4786
nakaseru	鳴かせる	ichidan	6495
nakasu	泣かす	godan	5375
nakasu	なかす	godan	5903
nakeru	泣ける	ichidan	3783
nakeru	鳴ける	ichidan	6095
nakeru	なける	ichidan	6384
nakidasu	泣き出す	godan	4861
nakidasu	泣きだす	godan	6043
nakigotowoiu	泣き言を言う	godan	5573
nakigotowoiu	泣き言をいう	godan	6475
nakijakuru	泣きじゃくる	godan	5309
nakikanashimu	泣き悲しむ	godan	6894
nakikurasu	泣き暮らす	godan	6839
nakikuruu	泣き狂う	godan	6778
nakikuzureru	泣き崩れる	ichidan	5094
nakinureru	泣きぬれる	ichidan	6749
nakinureru	泣き濡れる	ichidan	6961
nakisakebu	泣き叫ぶ	godan	4764
nakisakebu	鳴き叫ぶ	godan	6674
nakitsuku	泣きつく	godan	4635
nakitsuku	泣き付く	godan	5994
nakitsuku	なきつく	godan	6891
nakiwameku	泣きわめく	godan	4499
nakiwameku	泣き喚く	godan	4591
nakiwameku	なきわめく	godan	6940
nakiyamu	泣き止む	godan	5256
nakiyamu	泣きやむ	godan	6160
naku	泣く	godan	2586
naku	鳴く	godan	3078
naku	啼く	godan	4495
naku	なく	godan	4879
naku	哭く	godan	4920
nakukomodamaru	泣く子も黙る	godan	5342
nakunaru	なくなる	godan	3009
nakunaru	無くなる	godan	3571
nakunaru	亡くなる	godan	3738
nakunaru	失くなる	godan	6285
nakusu	なくす	godan	3542
nakusu	無くす	godan	4062
nakusu	失くす	godan	4959
nakusu	亡くす	godan	5215
nakusuru	無くする	suru	5123
nakusuru	なくする	suru	5693
nakusuru	亡くする	suru	6802
namakeru	怠ける	ichidan	5177
namakeru	なまける	ichidan	5731
namameku	艶めく	godan	6035
namameku	なまめく	godan	6097
namaru	なまる	godan	5136
namaru	鈍る	godan	6426
namaru	訛る	godan	6481
namemawasu	舐め回す	godan	5462
namemawasu	嘗め回す	godan	6578
namemawasu	なめ回す	godan	6860
nameru	舐める	ichidan	4094
nameru	なめる	ichidan	4544
nameru	滑る	godan	4651
nameru	ナメる	ichidan	5720
nameru	嘗める	ichidan	6368
namesu	なめす	godan	5969
namesu	鞣す	godan	6213
nametoru	舐め取る	godan	6720
nametsukusu	舐め尽くす	godan	6317
namidagumu	涙ぐむ	godan	5004
namidanikureru	涙にくれる	ichidan	6674
namidanikureru	涙に暮れる	ichidan	6707
namidasuru	涙する	suru	3384
namidasuru	なみだする	suru	6633
namidatsu	波立つ	godan	5623
namidawonomu	涙をのむ	godan	6605
namidawonomu	涙を呑む	godan	6809
namiiru	並み居る	ichidan	5850
namiiru	並みいる	ichidan	6247
namiiru	なみいる	ichidan	6715
namiiru	並居る	ichidan	6923
namisuru	蔑する	suru	6418
namisuru	なみする	suru	6587
namiutsu	波打つ	godan	4655
namiutsu	波うつ	godan	6377
nanameuewoiku	斜め上を行く	godan	5036
nankusewotsukeru	難癖をつける	ichidan	5940
nankusewotsukeru	難癖を付ける	ichidan	6963
nannantosuru	なんなんとする	suru	5656
nannantosuru	垂んとする	suru	6553
nanorideru	名乗り出る	ichidan	5399
nanoriwoageru	名乗りを上げる	ichidan	5531
nanoriwoageru	名乗りをあげる	ichidan	6174
nanoru	名乗る	godan	3436
nanoru	名のる	godan	5669
nanoru	なのる	godan	5974
nanwonogareru	難を逃れる	ichidan	5588
nanzuru	難ずる	zuru	6062
nanzuru	なんずる	zuru	6692
naoru	治る	godan	3586
naoru	直る	godan	4003
naoru	なおる	godan	5244
naoseru	直せる	ichidan	4070
naoseru	治せる	ichidan	4507
naoseru	なおせる	ichidan	5426
naosu	直す	godan	3582
naosu	治す	godan	3646
naosu	なおす	godan	4991
narabekaeru	並べ替える	ichidan	4614
naraberu	並べる	ichidan	3434
naraberu	ならべる	ichidan	5524
narabetateru	並べ立てる	ichidan	5876
narabetateru	並べたてる	ichidan	6913
narabikaeru	並び替える	ichidan	4895
narabishousuru	並び称する	suru	6771
narabitateru	並び立てる	ichidan	6512
narabitatsu	並び立つ	godan	5206
narabu	並ぶ	godan	2920
narabu	ならぶ	godan	4820
narabu	列ぶ	godan	6537
naraeru	習える	ichidan	5103
naraseru	鳴らせる	ichidan	5030
naraseru	ならせる	ichidan	6232
naraseru	慣らせる	ichidan	6452
narasu	鳴らす	godan	3766
narasu	ならす	godan	4841
narasu	慣らす	godan	4915
narasu	均す	godan	5492
narasu	馴らす	godan	6245
narau	習う	godan	3210
narau	倣う	godan	4540
narau	ならう	godan	4794
narawaseru	習わせる	ichidan	6589
nareau	馴れ合う	godan	5262
nareau	なれ合う	godan	6447
nareru	なれる	ichidan	2547
nareru	慣れる	ichidan	3225
nareru	成れる	ichidan	5429
nareru	馴れる	ichidan	5592
nareru	熟れる	ichidan	6396
nareshitashimu	慣れ親しむ	godan	5475
nariagaru	成り上がる	godan	5037
naridasu	鳴り出す	godan	5687
naridasu	鳴りだす	godan	6394
narihateru	成り果てる	ichidan	6083
narihateru	なり果てる	ichidan	6528
narihibiku	鳴り響く	godan	3518
narihibiku	鳴りひびく	godan	5717
narihibiku	なりひびく	godan	6053
narikawaru	成り代わる	godan	5966
narikawaru	なりかわる	godan	6820
narikiru	なりきる	godan	4781
narikiru	なり切る	godan	5925
narikiru	成り切る	godan	6531
narisagaru	成り下がる	godan	5558
narisagaru	なりさがる	godan	6885
narisumasu	なりすます	godan	4971
narisumasu	成りすます	godan	5199
narisumasu	成り済ます	godan	6335
naritatsu	成り立つ	godan	3748
naritatsu	なりたつ	godan	6009
naritatsu	成立つ	godan	6539
naritatsu	成りたつ	godan	6749
nariwataru	鳴り渡る	godan	6284
nariwataru	鳴りわたる	godan	6795
nariwohisomeru	鳴りを潜める	ichidan	6635
nariyamu	鳴り止む	godan	6026
nariyamu	鳴りやむ	godan	6525
nariyukinimakaseru	成り行きに任せる	ichidan	6786
nariyuku	成り行く	godan	6465
naru	なる	godan	0
naru	鳴る	godan	3509
naru	成る	godan	3792
naru	生る	godan	5280
naru	為る	godan	5441
narunaru	なるなる	godan	4741
naruyouninaru	成るように成る	godan	6984
nasaru	なさる	godan	1267
nasaru	為さる	godan	4944
nasebanaru	為せば成る	godan	5586
nashitogeru	成し遂げる	ichidan	4138
nashitogeru	なしとげる	ichidan	6053
nashitogeru	なし遂げる	ichidan	6554
nasu	なす	godan	3539
nasu	成す	godan	4135
nasu	為す	godan	4398
nasu	作す	godan	6098
nasu	生す	godan	6142
nasu	済す	godan	6620
nasuritsukeru	なすりつける	ichidan	5376
nasuritsukeru	擦り付ける	ichidan	5769
nasuritsukeru	なすり付ける	ichidan	6686
nasuru	擦る	godan	5925
nasuru	なする	godan	6163
natsukashimu	懐かしむ	godan	4631
natsukashimu	なつかしむ	godan	6260
natsuku	懐く	godan	4309
natsuku	なつく	godan	4413
natsumeku	夏めく	godan	5475
natsumeku	なつめく	godan	6468
nattokugaiku	納得がいく	godan	4297
nattokugaiku	納得が行く	godan	6566
nau	なう	godan	4157
nau	綯う	godan	5782
nawoageru	名を挙げる	ichidan	5858
nawoageru	名を上げる	ichidan	5980
nawohaseru	名を馳せる	ichidan	4999
nawohaseru	名をはせる	ichidan	6084
nawokegasu	名を汚す	godan	6388
nawonasu	名を成す	godan	6219
nawonokosu	名を残す	godan	4820
nawotsuraneru	名を連ねる	ichidan	4515
nayamasu	悩ます	godan	5161
nayamasu	なやます	godan	6686
nayaminuku	悩み抜く	godan	6084
nayamu	悩む	godan	2990
nayamu	なやむ	godan	5741
nazasu	なざす	godan	6467
nazasu	名指す	godan	6467
nazeru	撫ぜる	ichidan	6564
nazeru	なぜる	ichidan	6675
nazomeku	謎めく	godan	5054
nazoraeru	なぞらえる	ichidan	5480
nazoraeru	擬える	ichidan	6899
nazoraeru	準える	ichidan	6984
nazoru	なぞる	godan	4233
nazukeru	名付ける	ichidan	4883
nazukeru	名づける	ichidan	5422
nazukeru	なづける	ichidan	6288
nazumu	なずむ	godan	5963
nazumu	泥む	godan	6919
nazuraeru	準える	ichidan	6984
nebarikomu	粘り込む	godan	6455
nebarinuku	粘り抜く	godan	6360
nebaritsuku	粘りつく	godan	5647
nebaritsuku	粘り付く	godan	6782
nebaru	粘る	godan	4435
nebaru	ねばる	godan	6035
nebatsuku	粘つく	godan	5478
nebatsuku	粘着く	godan	5504
nebatsuku	ねばつく	godan	5637
nebatsuku	ネバつく	godan	5875
nebiku	値引く	godan	5564
nebokeru	寝ぼける	ichidan	6723
neburu	ねぶる	godan	6049
neburu	舐る	godan	6994
nechigaeru	寝違える	ichidan	6453
nechigaeru	ねちがえる	ichidan	6847
nedaru	ねだる	godan	4960
nedaru	強請る	godan	6356
negaeru	寝返る	godan	5316
negaeru	願える	ichidan	5641
negaideru	願い出る	ichidan	5232
negaru	ネガる	godan	6465
negau	願う	godan	2579
negau	ねがう	godan	5210
negirau	労う	godan	4583
negirau	ねぎらう	godan	4625
negireru	値切れる	ichidan	6526
negiru	値切る	godan	5538
negotowoiu	寝言を言う	godan	5743
negu	ねぐ	godan	5963
neiru	ねいる	godan	5238
neiru	寝入る	godan	5927
nejifuseru	ねじ伏せる	ichidan	5101
nejifuseru	捻じ伏せる	ichidan	6520
nejifuseru	捩じ伏せる	ichidan	6775
nejifuseru	ねじふせる	ichidan	6822
nejikiru	ねじ切る	godan	6619
nejikomeru	ねじ込める	ichidan	6163
nejikomu	ねじ込む	godan	4899
nejikomu	ねじこむ	godan	6224
nejikomu	捩じ込む	godan	6622
nejikureru	捻じくれる	ichidan	6825
nejimageru	捻じ曲げる	ichidan	5613
nejimageru	ねじ曲げる	ichidan	5785
nejireru	ねじれる	ichidan	5270
nejireru	捻れる	ichidan	5927
nejireru	捩れる	ichidan	6538
nejiru	ねじる	godan	4888
nejiru	捻じる	godan	6266
nejiru	捩じる	godan	6346
nejiru	捻る	godan	6368
nejiru	捩る	godan	6974
nekaseru	寝かせる	ichidan	4242
nekaseru	ねかせる	ichidan	5927
nekashitsukeru	寝かしつける	ichidan	5245
nekasu	寝かす	godan	5138
nekasu	ねかす	godan	6329
nekkorogaru	寝っ転がる	godan	5897
nekomu	寝込む	godan	5170
nekomu	ねこむ	godan	5859
nekoroberu	寝転べる	ichidan	6239
nekoroberu	寝ころべる	ichidan	6935
nekorobu	寝転ぶ	godan	5226
nekorobu	寝ころぶ	godan	6331
nekorobu	ねころぶ	godan	6866
nekorogaru	寝転がる	godan	5244
nekubiwokaku	寝首をかく	godan	6443
nemuraseru	眠らせる	ichidan	4888
nemuraseru	ねむらせる	ichidan	6426
nemurasu	眠らす	godan	6651
nemureru	眠れる	ichidan	3762
nemureru	ねむれる	ichidan	5863
nemurikokeru	眠りこける	ichidan	6444
nemurikomu	眠り込む	godan	6570
nemuru	眠る	godan	3394
nemuru	ねむる	godan	4739
nemuru	睡る	godan	6366
nenimotsu	根に持つ	godan	5408
nenjiru	念じる	ichidan	5341
nennihanenwoireru	念には念を入れる	ichidan	6654
nentounioku	念頭に置く	godan	4269
nentounioku	念頭におく	godan	5157
nenwoireru	念を入れる	ichidan	6963
nenzuru	念ずる	zuru	4860
nenzuru	ねんずる	zuru	6839
neochiru	寝落ちる	ichidan	6624
neraeru	狙える	ichidan	3505
neraeru	ねらえる	ichidan	5967
neraiutsu	狙い撃つ	godan	5348
neraiutsu	狙い打つ	godan	6316
nerau	狙う	godan	2209
nerau	ねらう	godan	4293
nerawareru	狙われる	ichidan	5653
nereru	練れる	ichidan	6201
nereru	ねれる	ichidan	6700
neriageru	練り上げる	ichidan	5312
neriageru	ねりあげる	ichidan	6476
neriaruku	練り歩く	godan	3955
neriaruku	ねりあるく	godan	6824
neriawaseru	練り合わせる	ichidan	6183
nerikomu	練り込む	godan	5485
nerikomu	練りこむ	godan	6132
nerimazeru	練り混ぜる	ichidan	5630
nerinaosu	練り直す	godan	5660
neru	寝る	ichidan	2808
neru	ねる	ichidan	4065
neru	練る	godan	4200
neru	ねる	godan	4578
neru	錬る	godan	6898
neru	寐る	godan	6951
neru	寢る	godan	6969
neru	煉る	godan	6999
nerukohasodatsu	寝る子は育つ	godan	5855
neseru	寝せる	ichidan	6442
neshizumaru	寝静まる	godan	5993
nesoberu	寝そべる	godan	5178
nessu	熱す	godan	5959
nessuru	熱する	suru	3809
nessuru	ねっする	suru	6575
nesugosu	寝過ごす	godan	6066
netakowookosu	寝た子を起こす	godan	6197
netamu	妬む	godan	5198
netamu	ねたむ	godan	5940
netoru	寝取る	godan	5596
netsubenwofuruu	熱弁を振るう	godan	6031
netsugahairu	熱が入る	godan	5592
netsugasameru	熱が冷める	ichidan	6755
netsukeru	寝付ける	ichidan	6456
netsukeru	寝つける	ichidan	6917
netsuku	寝付く	godan	4720
netsuku	根付く	godan	5063
netsuku	寝つく	godan	5269
netsuku	ねつく	godan	6835
netsuwoageru	熱を上げる	ichidan	6159
newoageru	音を上げる	ichidan	5952
newoorosu	根を下ろす	godan	5920
nezasu	根ざす	godan	5223
nezasu	根差す	godan	5496
nezuku	根付く	godan	3761
nezuku	根づく	godan	4642
nezuku	ねづく	godan	6217
niagaru	煮上がる	godan	6737
niageru	煮上げる	ichidan	6671
niau	似合う	godan	2390
niau	にあう	godan	5066
niburu	鈍る	godan	4929
niburu	にぶる	godan	6647
nidasu	煮出す	godan	5303
niekurikaeru	煮えくり返る	godan	5941
niekurikaeru	煮えくりかえる	godan	6398
niekurikaeru	煮え繰り返る	godan	6850
nieru	煮える	ichidan	5482
nieru	にえる	ichidan	6674
nietagiru	煮えたぎる	godan	5546
nietagiru	煮え滾る	godan	6773
nietatsu	煮え立つ	godan	6496
nieyuwonomasareru	煮え湯を飲まされる	ichidan	6979
nifukumeru	煮含める	ichidan	6089
nigaru	苦る	godan	6729
nigasu	逃がす	godan	4230
nigasu	逃す	godan	5410
nigasu	にがす	godan	6436
nigedaseru	逃げ出せる	ichidan	5954
nigedasu	逃げ出す	godan	4244
nigedasu	逃げだす	godan	5838
nigedasu	にげだす	godan	6838
nigekaeru	逃げ帰る	godan	5633
nigekireru	逃げ切れる	ichidan	5152
nigekiru	逃げ切る	godan	4888
nigekiru	逃げきる	godan	6275
nigekomeru	逃げ込める	ichidan	5935
nigekomu	逃げ込む	godan	4931
nigemadou	逃げ惑う	godan	4355
nigemadou	逃げまどう	godan	5289
nigemadou	にげまどう	godan	6912
nigemawaru	逃げ回る	godan	4726
nigenobiru	逃げ延びる	ichidan	5860
nigenobiru	逃げのびる	ichidan	6653
nigeooseru	逃げおおせる	ichidan	6101
nigeru	逃げる	ichidan	3102
nigeru	にげる	ichidan	4814
nigesaru	逃げ去る	godan	5890
nigireru	握れる	ichidan	4921
nigireru	にぎれる	ichidan	6979
nigirikomu	握り込む	godan	5846
nigirishimeru	握りしめる	ichidan	5150
nigirishimeru	握り締める	ichidan	5817
nigirishimeru	にぎりしめる	ichidan	6896
nigiritsubuseru	握りつぶせる	ichidan	6989
nigiritsubusu	握りつぶす	godan	5772
nigiritsubusu	握り潰す	godan	6055
nigiritsubusu	にぎりつぶす	godan	6574
nigiru	握る	godan	3447
nigiru	にぎる	godan	5216
nigiwaseru	賑わせる	ichidan	5741
nigiwaseru	にぎわせる	ichidan	6471
nigiwasu	賑わす	godan	5421
nigiwasu	にぎわす	godan	5908
nigiwau	賑わう	godan	3438
nigiwau	にぎわう	godan	3886
nigiyakasu	賑やかす	godan	6655
nigoraseru	濁らせる	ichidan	6087
nigoru	濁る	godan	4847
nigoru	にごる	godan	6086
nigosu	濁す	godan	5207
nigosu	にごす	godan	6009
nijimidasu	滲み出す	godan	5767
nijimidasu	にじみ出す	godan	6650
nijimideru	滲み出る	ichidan	4705
nijimideru	にじみ出る	ichidan	4717
nijimideru	にじみでる	ichidan	6172
nijimu	滲む	godan	4555
nijimu	にじむ	godan	4618
nijiriyoru	にじり寄る	godan	6240
nijiru	にじる	godan	6917
nikayou	似通う	godan	5377
nikomeru	煮込める	ichidan	6732
nikomu	煮込む	godan	4021
nikomu	和む	godan	6076
nikoru	ニコる	godan	6480
nikumareru	憎まれる	ichidan	5718
nikumeru	憎める	ichidan	6628
nikumiau	憎み合う	godan	5430
nikumu	憎む	godan	4429
nikumu	にくむ	godan	6431
nikumu	悪む	godan	6502
nikushimiau	憎しみ合う	godan	5566
nikuwokirasetehonewotatsu	肉を切らせて骨を断つ	godan	6247
nikuzureru	煮崩れる	ichidan	6218
nikuzureru	煮くずれる	ichidan	6971
ninaeru	担える	ichidan	4605
ninau	担う	godan	2305
ninau	になう	godan	4836
ninau	荷なう	godan	6851
ninjiru	任じる	ichidan	6168
ninniataru	任に当たる	godan	6409
ninoashiwofumu	二の足を踏む	godan	5771
ninzuru	任ずる	zuru	4525
nioitatsu	匂い立つ	godan	5575
niou	臭う	godan	4137
niou	匂う	godan	4348
niou	におう	godan	4469
niowaseru	匂わせる	ichidan	4846
niowaseru	におわせる	ichidan	5843
niowaseru	臭わせる	ichidan	6684
niowasu	匂わす	godan	5455
niowasu	におわす	godan	6390
niramiau	睨み合う	godan	5188
niramiau	にらみ合う	godan	5283
niramiau	睨みあう	godan	6239
niramiau	にらみあう	godan	6499
niramikaesu	睨み返す	godan	6596
niramitsukeru	睨みつける	ichidan	5191
niramitsukeru	にらみつける	ichidan	5216
niramitsukeru	睨み付ける	ichidan	5982
niramu	睨む	godan	4967
niramu	にらむ	godan	5400
niru	煮る	ichidan	3619
niru	似る	ichidan	4467
niru	にる	ichidan	4945
niseru	似せる	ichidan	5066
niseru	にせる	ichidan	6861
nishikiwokazaru	錦を飾る	godan	6542
nishimeru	にしめる	ichidan	6851
nisokunowarajiwohaku	二足の草鞋を履く	godan	5231
nisokunowarajiwohaku	二足のわらじを履く	godan	5347
nisokunowarajiwohaku	二足のわらじをはく	godan	6551
nitateru	煮立てる	ichidan	5481
nitatsu	煮立つ	godan	5794
nitowoou	二兎を追う	godan	6094
nitsukeru	につける	ichidan	4946
nitsukeru	煮付ける	ichidan	6226
nitsukeru	煮つける	ichidan	6900
nitsuku	につく	godan	5674
nitsumaru	煮詰まる	godan	5648
nitsumeru	煮詰める	ichidan	4506
nitsumeru	煮つめる	ichidan	6009
niyakeru	ニヤける	ichidan	5754
niyakeru	にやける	ichidan	5980
niyatsuku	ニヤつく	godan	5324
niyatsuku	にやつく	godan	6116
nobaseru	伸ばせる	ichidan	4095
nobaseru	延ばせる	ichidan	5318
nobaseru	のばせる	ichidan	5997
nobasu	伸ばす	godan	3135
nobasu	延ばす	godan	3981
nobasu	のばす	godan	4581
nobasu	伸す	godan	6865
nobasu	延す	godan	6926
noberu	述べる	ichidan	3335
noberu	のべる	ichidan	5469
noberu	延べる	ichidan	6783
noberu	伸べる	ichidan	6893
nobetateru	述べ立てる	ichidan	6872
nobetsutaeru	述べ伝える	ichidan	6809
nobiagaru	伸び上がる	godan	5950
nobihirogaru	伸び広がる	godan	6568
nobikiru	伸び切る	godan	6266
nobinayamu	伸び悩む	godan	4758
nobiru	伸びる	ichidan	3035
nobiru	延びる	ichidan	4075
nobiru	のびる	ichidan	4531
nobiyuku	伸びゆく	godan-iku	2191
nobiyuku	のびゆく	godan-iku	2926
nobiyuku	伸び行く	godan-iku	3353
noboreru	登れる	ichidan	4207
noboreru	上れる	ichidan	5425
noboreru	のぼれる	ichidan	5985
noboreru	昇れる	ichidan	6174
noborikaesu	登り返す	godan	5542
noboritsumeru	上り詰める	ichidan	5123
noboritsumeru	登り詰める	ichidan	5717
noboritsumeru	登りつめる	ichidan	5789
noboritsumeru	昇り詰める	ichidan	6210
noboritsumeru	上りつめる	ichidan	6291
noboritsumeru	昇りつめる	ichidan	6342
noboritsumeru	のぼりつめる	ichidan	6486
noboru	登る	godan	3275
noboru	上る	godan	3786
noboru	昇る	godan	4070
noboru	のぼる	godan	4079
noboseru	のぼせる	ichidan	5640
nodogakawaku	喉が渇く	godan	5230
nodogakawaku	のどが渇く	godan	5249
nodogakawaku	のどが乾く	godan	6535
nodokarategaderu	喉から手が出る	ichidan	5108
nodokarategaderu	のどから手が出る	ichidan	6419
nodowonarasu	喉を鳴らす	godan	6018
nodowouruosu	喉を潤す	godan	5937
nogareru	逃れる	ichidan	3901
nogareru	のがれる	ichidan	5817
nogareru	遁れる	ichidan	6897
nogaseru	逃せる	ichidan	6767
nogasu	逃す	godan	3913
nogasu	のがす	godan	6132
nokeru	除ける	ichidan	6132
nokeru	のける	ichidan	6283
nokeru	退ける	ichidan	6908
nokezoru	のけぞる	godan	5595
nokezoru	仰け反る	godan	5664
nokezoru	のけ反る	godan	6318
nokkaru	乗っかる	godan	4745
nokkaru	のっかる	godan	5894
nokkaru	載っかる	godan	6954
nokkeru	乗っける	ichidan	5317
nokkeru	のっける	ichidan	5587
nokkeru	載っける	ichidan	6197
nokoreru	残れる	ichidan	4992
nokoreru	のこれる	ichidan	6225
nokoru	残る	godan	2523
nokoru	のこる	godan	4967
nokoru	遺る	godan	5637
nokoseru	残せる	ichidan	3924
nokoseru	のこせる	ichidan	6717
nokoshioku	残し置く	godan	6800
nokosu	残す	godan	2803
nokosu	遺す	godan	5050
nokosu	のこす	godan	5411
noku	のく	godan	3886
noku	退く	godan	6138
nomasu	飲ます	godan	5811
nomasu	のます	godan	6721
nomerikomu	のめり込む	godan	4750
nomerikomu	のめりこむ	godan	5605
nomeru	飲める	ichidan	3451
nomeru	呑める	ichidan	5280
nomeru	のめる	ichidan	5651
nomesu	のめす	godan	6935
nomiakasu	飲み明かす	godan	6228
nomiaruku	飲み歩く	godan	5030
nomiaruku	呑み歩く	godan	6382
nomihoseru	飲み干せる	ichidan	5916
nomihosu	飲み干す	godan	4829
nomihosu	飲みほす	godan	6513
nomikawasu	飲み交わす	godan	6383
nomikomeru	飲み込める	ichidan	5674
nomikomeru	呑み込める	ichidan	6707
nomikomu	飲み込む	godan	4141
nomikomu	呑み込む	godan	5427
nomikomu	飲みこむ	godan	5891
nomikomu	のみこむ	godan	5922
nomikomu	のみ込む	godan	6181
nomikomu	呑みこむ	godan	6396
nomikudasu	飲み下す	godan	6376
nomu	飲む	godan	2696
nomu	のむ	godan	3951
nomu	呑む	godan	4250
nonoshiru	罵る	godan	5052
nonoshiru	ののしる	godan	5605
noreru	乗れる	ichidan	3510
noreru	のれる	ichidan	5408
noriageru	乗り上げる	ichidan	5519
noriawaseru	乗り合わせる	ichidan	5949
noridaseru	乗り出せる	ichidan	6212
noridasu	乗り出す	godan	4347
noridasu	乗りだす	godan	6470
noridasu	のりだす	godan	6635
noriireru	乗り入れる	ichidan	4541
noriireru	乗入れる	ichidan	6625
norikaeru	乗り換える	ichidan	3907
norikaeru	乗り替える	ichidan	6072
norikaeru	乗換える	ichidan	6221
norikaeru	乗りかえる	ichidan	6249
norikaeru	のりかえる	ichidan	6496
norikakaru	乗りかかる	godan	6942
norikireru	乗り切れる	ichidan	4761
norikireru	のりきれる	ichidan	6951
norikiru	乗り切る	godan	3978
norikiru	乗りきる	godan	5833
norikiru	のりきる	godan	6094
norikoeru	乗り越える	ichidan	3416
norikoeru	のりこえる	ichidan	6052
norikoeru	乗りこえる	ichidan	6169
norikoeru	乗越える	ichidan	6994
norikomeru	乗り込める	ichidan	5764
norikomu	乗り込む	godan	4003
norikomu	乗りこむ	godan	5869
norikomu	のりこむ	godan	6739
norikomu	乗込む	godan	6861
norikonaseru	乗りこなせる	ichidan	5365
norikonasu	乗りこなす	godan	4896
norikosu	乗り越す	godan	6454
norikumu	乗り組む	godan	5982
norikuraberu	乗り比べる	ichidan	5962
norimawaseru	乗り回せる	ichidan	6274
norimawasu	乗り回す	godan	5371
norimawasu	乗りまわす	godan	6926
noriokureru	乗り遅れる	ichidan	4942
norisugosu	乗り過ごす	godan	6041
norisuru	のりする	suru	5891
norisuru	糊する	suru	6302
norisuteru	乗り捨てる	ichidan	6344
noritaosu	乗り倒す	godan	6946
noritoosu	乗り通す	godan	5981
noritsubusu	乗り潰す	godan	5733
noritsubusu	乗りつぶす	godan	6155
noritsugeru	乗り継げる	ichidan	6061
noritsugu	乗り継ぐ	godan	4911
noritsugu	のりつぐ	godan	6702
noritsukeru	乗り付ける	ichidan	5986
noritsukeru	乗りつける	ichidan	6417
noriutsuru	乗り移る	godan	5484
noriutsuru	のりうつる	godan	6930
noroikorosu	呪い殺す	godan	6041
norokeru	のろける	ichidan	6541
norokeru	惚気ける	ichidan	6676
norou	呪う	godan	4243
norou	のろう	godan	5127
noru	乗る	godan	2736
noru	のる	godan	4099
noru	載る	godan	4157
noru	乘る	godan	6443
noru	宣る	godan	6988
nosabaru	のさばる	godan	5691
nosekaeru	載せ替える	ichidan	5588
nosekaeru	乗せ換える	ichidan	6232
nosekaeru	載せ換える	ichidan	6476
nosekaeru	のせ替える	ichidan	6500
nosekaeru	乗せ替える	ichidan	6816
noseru	乗せる	ichidan	3426
noseru	載せる	ichidan	3563
noseru	のせる	ichidan	3682
noseru	ノセる	ichidan	6438
noshiagareru	のし上がれる	ichidan	6594
noshiagaru	のし上がる	godan	5489
noshiagaru	のしあがる	godan	6443
noshiaruku	のし歩く	godan	5972
noshikakaru	のしかかる	godan	4917
noshiwotsukeru	のしをつける	ichidan	6921
noshiwotsukeru	熨斗をつける	ichidan	6985
nosu	のす	godan	4379
notamau	のたまう	godan	4768
notamau	宣う	godan	4911
notamau	曰う	godan	5318
notamawaku	宣わく	godan	6976
notarejinu	野垂れ死ぬ	godan	6160
notarejinu	のたれ死ぬ	godan	6854
notauchimawaru	のたうち回る	godan	5718
notauchimawaru	のたうちまわる	godan	6317
notauchimawaru	のた打ち回る	godan	6717
notautsu	のたうつ	godan	6106
nottoreru	乗っ取れる	ichidan	5994
nottoru	乗っ取る	godan	4807
nottoru	則る	godan	5471
nottoru	のっとる	godan	5992
nouarutakahatsumewokakusu	能ある鷹は爪を隠す	godan	5895
nozokaseru	のぞかせる	ichidan	4878
nozokaseru	覗かせる	ichidan	4897
nozokeru	覗ける	ichidan	5027
nozokeru	のぞける	ichidan	5585
nozokeru	除ける	ichidan	6197
nozokikomeru	覗き込める	ichidan	6536
nozokikomu	覗き込む	godan	4545
nozokikomu	のぞき込む	godan	5146
nozokikomu	のぞきこむ	godan	5873
nozokimiru	覗き見る	ichidan	5166
nozokimiru	のぞき見る	ichidan	5770
nozokisaru	除き去る	godan	6594
nozoku	除く	godan	1600
nozoku	覗く	godan	3035
nozoku	のぞく	godan	3331
nozomeru	望める	ichidan	4178
nozomeru	臨める	ichidan	4450
nozomeru	挑める	ichidan	4775
nozomeru	のぞめる	ichidan	5638
nozomu	望む	godan	2977
nozomu	臨む	godan	3473
nozomu	のぞむ	godan	4660
nueru	縫える	ichidan	5289
nueru	ぬえる	ichidan	6000
nugaseru	脱がせる	ichidan	5461
nugasu	脱がす	godan	5391
nugeru	脱げる	ichidan	5027
nugiotosu	脱ぎ落とす	godan	6879
nugisuteru	脱ぎ捨てる	ichidan	5447
nugu	脱ぐ	godan	4008
nugu	ぬぐ	godan	5385
nugueru	拭える	ichidan	6250
nugueru	ぬぐえる	ichidan	6965
nuguisaru	拭い去る	godan	5838
nuguisaru	ぬぐい去る	godan	6627
nuguitoru	拭い取る	godan	6709
nuguu	拭う	godan	4265
nuguu	ぬぐう	godan	4775
nuiageru	縫い上げる	ichidan	6031
nuiawaseru	縫い合わせる	ichidan	4972
nuichidimeru	縫い縮める	ichidan	6334
nuikomu	縫い込む	godan	6348
nuitojiru	縫い閉じる	ichidan	6817
nuitomeru	縫い止める	ichidan	6433
nuitomeru	縫い留める	ichidan	6479
nuitsukeru	縫い付ける	ichidan	4960
nuitsukeru	縫いつける	ichidan	5904
nukaru	ぬかる	godan	6297
nukaru	抜かる	godan	6820
nukarumu	ぬかるむ	godan	5969
nukasu	抜かす	godan	4938
nukasu	ぬかす	godan	5577
nukasu	吐かす	godan	6760
nukazuku	ぬかずく	godan	6160
nukazuku	ぬかづく	godan	6230
nukazuku	額づく	godan	6270
nukazuku	額ずく	godan	6532
nukedaseru	抜け出せる	ichidan	4803
nukedasu	抜け出す	godan	3904
nukedasu	ぬけだす	godan	6811
nukederu	抜け出る	ichidan	5464
nukekawaru	抜け替わる	godan	6773
nukeochiru	抜け落ちる	ichidan	4959
nukeru	抜ける	ichidan	3198
nukeru	ぬける	ichidan	4917
nukiageru	抜き上げる	ichidan	6037
nukidaseru	抜き出せる	ichidan	6314
nukidasu	抜き出す	godan	4915
nukideru	抜き出る	ichidan	6645
nukihanatsu	抜き放つ	godan	6663
nukinderu	抜きん出る	ichidan	5848
nukinderu	抜きんでる	ichidan	6275
nukisaru	抜き去る	godan	5540
nukitoreru	抜き取れる	ichidan	6406
nukitoru	抜き取る	godan	4860
nukitoru	抜きとる	godan	6653
nuku	抜く	godan	2527
nuku	ぬく	godan	4154
nuku	拔く	godan	6351
nukumaru	温まる	godan	6796
nukumeru	温める	ichidan	6195
nukumoru	温もる	godan	6501
nukumoru	ぬくもる	godan	6690
numeru	滑る	godan	5303
numeru	ぬめる	godan	6378
numeru	ヌメる	godan	6886
nurasu	濡らす	godan	4554
nurasu	ぬらす	godan	5606
nureginuwokiseru	濡れ衣を着せる	ichidan	6574
nureru	濡れる	ichidan	3906
nureru	ぬれる	ichidan	5290
nureru	濡る	ichidan	6357
nureru	塗れる	ichidan	6886
nuriageru	塗り上げる	ichidan	6467
nurihirogeru	塗り拡げる	ichidan	6942
nurikaeru	塗り替える	ichidan	4546
nurikaeru	塗り変える	ichidan	6501
nurikasaneru	塗り重ねる	ichidan	5249
nurikawaru	塗り替わる	godan	6478
nurikomeru	塗り込める	ichidan	6531
nurikomu	塗り込む	godan	5257
nurinobasu	塗り伸ばす	godan	6501
nuritakuru	塗りたくる	godan	5767
nuritasu	塗り足す	godan	6796
nuritsubuseru	塗りつぶせる	ichidan	6573
nuritsubusu	塗りつぶす	godan	4855
nuritsubusu	塗り潰す	godan	5839
nuritsubusu	ぬりつぶす	godan	6867
nuritsukeru	塗りつける	ichidan	5764
nuritsukeru	塗り付ける	ichidan	6088
nuriwakeru	塗り分ける	ichidan	5421
nuru	塗る	godan	3374
nuru	ぬる	godan	4166
nurumu	温む	godan	5957
nurumu	ぬるむ	godan	6388
nusumeru	盗める	ichidan	4746
nusumidasu	盗み出す	godan	5225
nusumimiru	盗み見る	ichidan	5682
nusumitoru	盗み取る	godan	5660
nusumu	盗む	godan	3920
nusumu	ぬすむ	godan	5325
nuu	縫う	godan	3437
nuu	ぬう	godan	4730
obieru	怯える	ichidan	4415
obieru	おびえる	ichidan	5172
obieru	脅える	ichidan	6072
obikidasu	おびき出す	godan	5632
obikidasu	誘き出す	godan	6145
obikiyoseru	おびき寄せる	ichidan	5156
obikiyoseru	誘き寄せる	ichidan	6010
obikiyoseru	おびきよせる	ichidan	6551
obiku	おびく	godan	6797
obiru	帯びる	ichidan	4408
obiru	おびる	ichidan	6042
obiwoshimeru	帯を締める	ichidan	6305
obiyakasu	脅かす	godan	5534
obiyakasu	おびやかす	godan	5654
oboekomu	覚え込む	godan	6641
oboeru	覚える	ichidan	2805
oboeru	おぼえる	ichidan	4485
oboeru	憶える	ichidan	5348
obomeku	おぼめく	godan	6619
oboreru	溺れる	ichidan	4272
oboreru	おぼれる	ichidan	5512
oboreshinu	溺れ死ぬ	godan	6191
oboshimesu	思し召す	godan	6651
oboshimesu	おぼしめす	godan	6671
oboshimesu	思召す	godan	6950
obosu	思す	godan	5662
obosu	おぼす	godan	6426
oburaatonitsutsumu	オブラートに包む	godan	6439
oburu	おぶる	godan	6927
obuu	おぶう	godan	6105
ochanigosu	お茶濁す	godan	6830
ocharakeru	おちゃらける	ichidan	6406
ochawonigosu	お茶を濁す	godan	5627
ochawotateru	お茶を点てる	ichidan	6136
ochiau	落ち合う	godan	4823
ochiau	落合う	godan	6800
ochiau	おちあう	godan	6865
ochibureru	落ちぶれる	ichidan	5533
ochibureru	おちぶれる	ichidan	6983
ochiiru	陥る	godan	3608
ochiiru	おちいる	godan	5725
ochikoboreru	落ちこぼれる	ichidan	5898
ochikomu	落ち込む	godan	3753
ochikomu	落ちこむ	godan	6091
ochikomu	おちこむ	godan	6773
ochinobiru	落ち延びる	ichidan	6049
ochinobiru	落ちのびる	ichidan	6561
ochiru	落ちる	ichidan	2791
ochiru	堕ちる	ichidan	4616
ochiru	おちる	ichidan	4961
ochiru	墜ちる	ichidan	5674
ochiru	落る	godan	6257
ochitsukeru	落ち着ける	ichidan	4207
ochitsukeru	落ちつける	ichidan	6328
ochitsukeru	おちつける	ichidan	6883
ochitsuku	落ち着く	godan	2582
ochitsuku	落ちつく	godan	4709
ochitsuku	おちつく	godan	4920
ochitsuku	落着く	godan	5726
ochiyuku	落ち行く	godan-iku	3072
ochiyuku	おちゆく	godan-iku	4005
ochiyuku	落行く	godan-iku	4405
ochokuru	おちょくる	godan	5728
odateru	おだてる	ichidan	5903
odateru	煽てる	ichidan	6690
odokasu	脅かす	godan	4037
odokasu	おどかす	godan	6194
odokeru	おどける	ichidan	5790
odoreru	踊れる	ichidan	4206
odoreru	おどれる	ichidan	6740
odoriagaru	躍り上がる	godan	6862
odoriakasu	踊り明かす	godan	6185
odorideru	躍り出る	ichidan	5174
odorikuruu	踊り狂う	godan	4920
odorimawaru	踊り回る	godan	6907
odorokasu	驚かす	godan	5076
odorokasu	おどろかす	godan	5510
odoroku	驚く	godan	1969
odoroku	おどろく	godan	4226
odoru	踊る	godan	3119
odoru	躍る	godan	4550
odoru	おどる	godan	4695
odoshitoru	脅し取る	godan	6255
odosu	脅す	godan	4614
odosu	おどす	godan	6098
odosu	威す	godan	6664
oeru	終える	ichidan	3414
oeru	追える	ichidan	4804
oeru	負える	ichidan	5492
oeru	おえる	ichidan	5855
ofuru	オフる	godan	6907
ogameru	拝める	ichidan	4790
ogamu	拝む	godan	4457
ogamu	おがむ	godan	6291
oginaeru	補える	ichidan	4389
oginaiau	補い合う	godan	4554
oginau	補う	godan	2851
oginau	おぎなう	godan	5489
ogoritakaburu	驕り高ぶる	godan	6535
ogoritakaburu	おごり高ぶる	godan	6642
ogoru	奢る	godan	4846
ogoru	おごる	godan	5048
ogoru	驕る	godan	5602
ogoru	傲る	godan	6913
oiageru	追い上げる	ichidan	5287
oichirasu	追い散らす	godan	6822
oidaseru	追い出せる	ichidan	5951
oidasu	追い出す	godan	4333
oideninaru	おいでになる	godan	5504
oideninaru	お出でになる	godan	6638
oiharaeru	追い払える	ichidan	6045
oiharau	追い払う	godan	3855
oiharau	追いはらう	godan	6243
oiharau	おいはらう	godan	6360
oiharau	追払う	godan	6790
oikaeseru	追い返せる	ichidan	6848
oikaesu	追い返す	godan	5322
oikakemawasu	追いかけ回す	godan	5668
oikakemawasu	追い掛け回す	godan	6340
oikakeru	追いかける	ichidan	3577
oikakeru	追い掛ける	ichidan	5602
oikakeru	おいかける	ichidan	6113
oikakeru	追い駆ける	ichidan	6625
oikomeru	追い込める	ichidan	5410
oikomu	追い込む	godan	4138
oikomu	追いこむ	godan	6489
oikoseru	追い越せる	ichidan	5813
oikosu	追い越す	godan	4834
oimawasu	追い回す	godan	5494
oimawasu	追いまわす	godan	6800
oimotomeru	追い求める	ichidan	4099
oinukeru	追い抜ける	ichidan	6233
oinuku	追い抜く	godan	4158
oinuku	追抜く	godan	6864
oiotosu	追い落とす	godan	6107
oiru	老いる	ichidan	4857
oiru	おいる	ichidan	6017
oishigeru	生い茂る	godan	4594
oishigeru	おいしげる	godan	6579
oishigeru	生茂る	godan	6722
oisugaru	追いすがる	godan	5670
oisugaru	追い縋る	godan	6823
oitateru	追い立てる	ichidan	5735
oitateru	追いたてる	ichidan	6979
oitsukau	追い使う	godan	6669
oitsukeru	追いつける	ichidan	4837
oitsukeru	追い付ける	ichidan	6130
oitsukioikosu	追いつき追い越す	godan	6613
oitsuku	追いつく	godan	3306
oitsuku	追い付く	godan	4479
oitsuku	おいつく	godan	5867
oitsumeru	追い詰める	ichidan	4229
oitsumeru	追いつめる	ichidan	5338
oitsumeru	おいつめる	ichidan	6692
oiyaru	追いやる	godan	5028
oiyaru	おいやる	godan	6858
ojaru	おじゃる	godan	4793
ojikezuku	怖気づく	godan	5187
ojikezuku	怖じ気付く	godan	5769
ojikezuku	おじけづく	godan	6011
ojikezuku	怖気付く	godan	6980
ojiru	おじる	ichidan	6392
ojiru	怖じる	ichidan	6963
okabuwoubau	お株を奪う	godan	5597
okangahashiru	悪寒が走る	godan	6919
okaseru	犯せる	ichidan	6341
okaseru	おかせる	ichidan	6993
okasu	犯す	godan	4157
okasu	冒す	godan	4828
okasu	侵す	godan	5023
okasu	おかす	godan	5366
okeru	おける	ichidan	0
okeru	置ける	ichidan	3774
okiagareru	起き上がれる	ichidan	5834
okiagaru	起き上がる	godan	4527
okiagaru	起きあがる	godan	6208
okiagaru	おきあがる	godan	6962
okidasu	起き出す	godan	6252
okikaeru	置き換える	ichidan	3607
okikaeru	置きかえる	ichidan	5938
okikaeru	おきかえる	ichidan	6276
okikaeru	置き替える	ichidan	6337
okikaeru	置換える	ichidan	6352
okikawaru	置き換わる	godan	4791
okiru	起きる	ichidan	2827
okiru	おきる	ichidan	4613
okiwasureru	置き忘れる	ichidan	5794
okkabuseru	おっかぶせる	ichidan	6950
okkakeru	追っかける	ichidan	5262
okkakeru	おっかける	ichidan	6704
okkochiru	落っこちる	ichidan	5756
okkochiru	おっこちる	ichidan	6891
okkotosu	落っことす	godan	6488
okonaeru	行える	ichidan	2980
okonaeru	おこなえる	ichidan	4880
okonau	行う	godan	23
okonau	行なう	godan	1818
okonau	おこなう	godan	1949
okoreru	怒れる	ichidan	5155
okoridasu	怒り出す	godan	5130
okoridasu	怒りだす	godan	5940
okoru	起こる	godan	2610
okoru	怒る	godan	3811
okoru	おこる	godan	4225
okoru	起る	godan	4964
okoru	煽る	godan	5478
okoru	興る	godan	5996
okoseru	起こせる	ichidan	4464
okoseru	おこせる	ichidan	6280
okoseru	興せる	ichidan	6867
okosu	起こす	godan	2969
okosu	おこす	godan	4578
okosu	興す	godan	5202
okosu	起す	godan	5215
okosu	熾す	godan	6391
okotaru	怠る	godan	4070
okotaru	おこたる	godan	6422
oku	置く	godan	1761
oku	おく	godan	2859
oku	措く	godan	5125
oku	於く	godan	5553
oku	擱く	godan	6672
okujouokuwokasu	屋上屋を架す	godan	6682
okuraseru	遅らせる	ichidan	3941
okuraseru	おくらせる	ichidan	6766
okurasu	遅らす	godan	6185
okureru	遅れる	ichidan	3246
okureru	送れる	ichidan	3618
okureru	贈れる	ichidan	4919
okureru	おくれる	ichidan	5225
okureru	後れる	ichidan	6231
okurewotoru	遅れを取る	godan	5778
okurewotoru	後れを取る	godan	5815
okuridaseru	送り出せる	ichidan	5352
okuridasu	送り出す	godan	4061
okuridasu	送りだす	godan	5882
okurikaeseru	送り返せる	ichidan	6856
okurikaesu	送り返す	godan	5026
okurikomeru	送り込める	ichidan	5804
okurikomu	送り込む	godan	4353
okurikomu	送りこむ	godan	5988
okuritodokeru	送り届ける	ichidan	4830
okuritsukeru	送りつける	ichidan	5186
okuritsukeru	送り付ける	ichidan	5610
okuru	送る	godan	2646
okuru	贈る	godan	3262
okuru	おくる	godan	4410
okusu	臆す	godan	6733
okusuru	臆する	suru	3849
okusuru	おくする	suru	6067
okyuuwosueru	お灸をすえる	ichidan	6321
okyuuwosueru	お灸を据える	ichidan	6620
omasu	おます	godan	5447
omenikakaru	お目にかかる	godan	4859
omenikakeru	お目にかける	ichidan	6282
omieninaru	お見えになる	godan	5798
omoeru	思える	ichidan	2668
omoeru	想える	ichidan	5628
omoeru	おもえる	ichidan	5700
omoheru	思へる	ichidan	5968
omohosu	思ほす	godan	6642
omoiagaru	思い上がる	godan	6022
omoiataru	思い当たる	godan	4214
omoiataru	思いあたる	godan	5824
omoiataru	思い当る	godan	6438
omoidaseru	思い出せる	ichidan	4325
omoidasu	思い出す	godan	3114
omoidasu	思いだす	godan	5247
omoidasu	おもいだす	godan	5919
omoiegaku	思い描く	godan	3415
omoihaseru	思い馳せる	ichidan	6350
omoiitaru	思い至る	godan	5581
omoikaesu	思い返す	godan	4409
omoikaesu	思いかえす	godan	6909
omoikireru	思い切れる	ichidan	6957
omoikiru	思い切る	godan	6078
omoikiru	思いきる	godan	6929
omoikogareru	思い焦がれる	ichidan	6683
omoikomeru	思い込める	ichidan	6138
omoikomu	思い込む	godan	4459
omoikomu	思いこむ	godan	5687
omoikoshiwoageru	重い腰を上げる	ichidan	5903
omoimeguraseru	思い巡らせる	ichidan	6700
omoimegurasu	思い巡らす	godan	6096
omoimegurasu	思いめぐらす	godan	6385
omoinaosu	思い直す	godan	5666
omoinaosu	思いなおす	godan	6790
omoinayamu	思い悩む	godan	4794
omoinifukeru	思いにふける	godan	6766
omoinokosu	思い残す	godan	5169
omoiokoseru	思い起こせる	ichidan	6499
omoiokosu	思い起こす	godan	4863
omoiokosu	想い起こす	godan	6775
omoiokosu	思いおこす	godan	6790
omoiokosu	思い起す	godan	6904
omoishiraseru	思い知らせる	ichidan	5902
omoishiru	思い知る	godan	4959
omoitatsu	思い立つ	godan	5395
omoitatsu	思いたつ	godan	6941
omoitodomaru	思いとどまる	godan	5507
omoitodomaru	思い留まる	godan	6404
omoitodomaru	思い止まる	godan	6580
omoitsuku	思いつく	godan	2904
omoitsuku	思い付く	godan	4246
omoitsuku	おもいつく	godan	5654
omoitsumeru	思い詰める	ichidan	5760
omoitsumeru	思いつめる	ichidan	6157
omoiukaberu	思い浮かべる	ichidan	3775
omoiukabu	思い浮かぶ	godan	4033
omoiwazurau	思い煩う	godan	5425
omoiwazurau	思いわずらう	godan	5648
omoiwohaseru	思いを馳せる	ichidan	4536
omoiwohaseru	想いを馳せる	ichidan	5055
omoiwoitasu	思いを致す	godan	6409
omoiwomegurasu	思いを巡らす	godan	6262
omoiwoyoseru	思いを寄せる	ichidan	5028
omoiwoyoseru	想いを寄せる	ichidan	5035
omoiyaru	思いやる	godan	4129
omoiyaru	思い遣る	godan	6202
omoiyaru	おもいやる	godan	6593
omomuku	赴く	godan	3325
omomuku	おもむく	godan	4445
omomuku	趣く	godan	5452
omomuku	趨く	godan	6615
omonbakaru	慮る	godan	5788
omonbakaru	おもんばかる	godan	6540
omoneru	おもねる	godan	5815
omoneru	阿る	godan	6067
omonjiru	重んじる	ichidan	4092
omonpakaru	慮る	godan	5788
omonpakaru	おもんぱかる	godan	6422
omonzuru	重んずる	zuru	4558
omonzuru	おもんずる	zuru	6806
omoru	重る	godan	6702
omoshirogaru	面白がる	godan	5113
omotedatsu	表立つ	godan	6796
omou	思う	godan	662
omou	おもう	godan	3195
omou	想う	godan	3211
omou	謂う	godan	6211
omou	懐う	godan	6230
omowasu	思わす	godan	5518
omukaegakuru	お迎えがくる	kuru	3392
onajikamanomeshiwokuu	同じ釜の飯を食う	godan	5475
onajitetsuwofumu	同じ轍を踏む	godan	6697
onakagasuku	お腹が空く	godan	4559
onakawokowasu	お腹を壊す	godan	5594
onakawokowasu	おなかを壊す	godan	6830
onakunarininaru	お亡くなりになる	godan	5558
onaru	オナる	godan	6444
ondowotoru	音頭を取る	godan	6779
onnikiru	恩に着る	ichidan	6510
ononoku	おののく	godan	4777
ononoku	慄く	godan	5015
ononoku	戦く	godan	5481
onwoadadekaesu	恩を仇で返す	godan	5652
onwokaesu	恩を返す	godan	6221
ooburoshikiwohirogeru	大風呂敷を広げる	ichidan	6618
ooeru	覆える	ichidan	5236
ooguchiwotataku	大口を叩く	godan	6867
ooguchiwotataku	大口をたたく	godan	6891
ooikabusaru	覆いかぶさる	godan	5399
ooikabusaru	覆い被さる	godan	5637
ooikabuseru	覆いかぶせる	ichidan	6422
ooikabuseru	覆い被せる	ichidan	6560
ooikakusu	覆い隠す	godan	4969
ooitsukusu	覆い尽くす	godan	5331
ooitsukusu	覆いつくす	godan	5709
ookikuderu	大きく出る	ichidan	5557
oomedamawokurau	大目玉を食らう	godan	6387
oomenimiru	大目に見る	ichidan	5953
oonatawofuruu	大鉈を振るう	godan	6671
oonatawofuruu	大なたを振るう	godan	6769
ooseru	果せる	ichidan	6497
ooseru	おおせる	ichidan	6603
oosetsukaru	仰せつかる	godan	6399
oosugiru	多すぎる	ichidan	3359
oosugiru	多過ぎる	ichidan	4784
oou	覆う	godan	2893
oou	おおう	godan	4385
oou	被う	godan	5220
oou	庇う	godan	5635
oou	蔽う	godan	5951
oou	掩う	godan	6251
oowareru	おおわれる	ichidan	6738
oozonkoku	大損こく	godan	6044
oppajimeru	おっぱじめる	ichidan	6279
oppajimeru	おっ始める	ichidan	6755
opparau	追っ払う	godan	5568
opparau	おっぱらう	godan	6903
oremagaru	折れ曲がる	godan	5392
oreru	折れる	ichidan	3878
oreru	織れる	ichidan	4681
oreru	おれる	ichidan	5642
oriaeru	折り合える	ichidan	6359
oriageru	織り上げる	ichidan	5428
oriageru	折り上げる	ichidan	6400
oriageru	織りあげる	ichidan	6472
oriau	折り合う	godan	5214
oriawaseru	織り合わせる	ichidan	6969
orikaeseru	折り返せる	ichidan	6177
orikaesu	折り返す	godan	4413
orikaesu	折返す	godan	6758
orikasanaru	折り重なる	godan	5381
orikasaneru	折り重ねる	ichidan	6515
orikomeru	織り込める	ichidan	6571
orikomu	織り込む	godan	4938
orikomu	折り込む	godan	5449
orikomu	折りこむ	godan	6738
orimagaru	折り曲がる	godan	6684
orimageru	折り曲げる	ichidan	5037
orimazeru	織り交ぜる	ichidan	5030
orimazeru	織り混ぜる	ichidan	6801
orinasu	織りなす	godan	3713
orinasu	織り成す	godan	4450
orinasu	おりなす	godan	5457
oriru	降りる	ichidan	3365
oriru	下りる	ichidan	4130
oriru	おりる	ichidan	4820
oritatameru	折り畳める	ichidan	5075
oritatamu	折りたたむ	godan	4370
oritatamu	折り畳む	godan	5074
oritatamu	おりたたむ	godan	6978
oritatsu	降り立つ	godan	4656
oritatsu	下り立つ	godan	6664
oritatsu	おりたつ	godan	6906
oritoru	折り取る	godan	6651
oritsuku	降り着く	godan	6656
oroseru	下ろせる	ichidan	5548
oroseru	おろせる	ichidan	5780
oroseru	降ろせる	ichidan	5851
orosu	下ろす	godan	4213
orosu	降ろす	godan	4465
orosu	おろす	godan	4524
orosu	卸す	godan	5144
orosu	堕ろす	godan	6207
oru	おる	godan	3405
oru	折る	godan	4078
oru	織る	godan	4599
oru	居る	godan	5788
oru	処る	godan	6895
osaekomeru	抑え込める	ichidan	5936
osaekomeru	押さえ込める	ichidan	6688
osaekomu	抑え込む	godan	4827
osaekomu	押さえ込む	godan	5281
osaeru	抑える	ichidan	2723
osaeru	押さえる	ichidan	3626
osaeru	おさえる	ichidan	4363
osaeru	押える	ichidan	5603
osaetsukeru	押さえつける	ichidan	4933
osaetsukeru	抑えつける	ichidan	5832
osaetsukeru	押さえ付ける	ichidan	6335
osaetsukeru	おさえつける	ichidan	6550
osamaru	収まる	godan	3505
osamaru	おさまる	godan	4478
osamaru	治まる	godan	4763
osamaru	納まる	godan	4776
osameru	収める	ichidan	3564
osameru	納める	ichidan	3940
osameru	治める	ichidan	4363
osameru	おさめる	ichidan	4590
osameru	修める	ichidan	5115
osatogashireru	お里が知れる	ichidan	6505
oseru	押せる	ichidan	4364
oseru	推せる	ichidan	4709
oseru	おせる	ichidan	6387
oshiageru	押し上げる	ichidan	4235
oshiakeru	押し開ける	ichidan	6262
oshiaruku	押し歩く	godan	6065
oshiateru	押し当てる	ichidan	5116
oshidamaru	押し黙る	godan	6224
oshidaseru	押し出せる	ichidan	5957
oshidasu	押し出す	godan	4261
oshidasu	押しだす	godan	6641
oshiekomu	教え込む	godan	5274
oshieru	教える	ichidan	2884
oshieru	おしえる	ichidan	5437
oshiesatosu	教え諭す	godan	6303
oshiewokou	教えを請う	godan	2498
oshihakareru	推し量れる	ichidan	6129
oshihakaru	推し量る	godan	5094
oshihakaru	推し測る	godan	6477
oshihakaru	おしはかる	godan	6503
oshihiraku	押し開く	godan	5637
oshihirogeru	押し広げる	ichidan	5239
oshiireru	押し入れる	ichidan	6518
oshiiru	押し入る	godan	5884
oshikaeseru	押し返せる	ichidan	6396
oshikaesu	押し返す	godan	5205
oshikakeru	押しかける	ichidan	5382
oshikakeru	押し掛ける	ichidan	5913
oshikakeru	おしかける	ichidan	6773
oshikakusu	押し隠す	godan	6925
oshikatsu	押し勝つ	godan	6725
oshikireru	押し切れる	ichidan	5539
oshikiru	押し切る	godan	4901
oshikiru	押しきる	godan	6505
oshikomeru	押し込める	ichidan	5223
oshikomu	押し込む	godan	4092
oshikorosu	押し殺す	godan	5419
oshimakeru	押し負ける	ichidan	5930
oshimakuru	押しまくる	godan	5799
oshimodosu	押し戻す	godan	5425
oshimu	惜しむ	godan	4375
oshimu	おしむ	godan	5876
oshinagasu	押し流す	godan	5668
oshinokeru	押しのける	ichidan	5545
oshinokeru	押し退ける	ichidan	6398
oshisageru	押し下げる	ichidan	5042
oshisemaru	押し迫る	godan	6392
oshisusumeru	推し進める	ichidan	4570
oshisusumeru	押し進める	ichidan	5562
oshisusumeru	おしすすめる	ichidan	6965
oshitaosu	押し倒す	godan	5496
oshitodomeru	押し留める	ichidan	6514
oshitodomeru	押し止める	ichidan	6662
oshitooru	押し通る	godan	6553
oshitooseru	押し通せる	ichidan	6243
oshitoosu	押し通す	godan	4933
oshitsubuseru	押しつぶせる	ichidan	6658
oshitsubusu	押しつぶす	godan	5208
oshitsubusu	押し潰す	godan	5689
oshitsubusu	圧し潰す	godan	6815
oshitsubusu	おしつぶす	godan	6867
oshitsukeru	押し付ける	ichidan	3886
oshitsukeru	押しつける	ichidan	4663
oshitsukeru	おしつける	ichidan	6060
oshiwakeru	押し分ける	ichidan	6744
oshiyaru	押しやる	godan	5935
oshiyoseru	押し寄せる	ichidan	4223
oshiyoseru	おしよせる	ichidan	6557
osoikakaru	襲いかかる	godan	4466
osoikakaru	襲い掛かる	godan	4656
osoikakaru	おそいかかる	godan	6433
osoreiru	恐れ入る	godan	5423
osoreononoku	恐れおののく	godan	5074
osoreononoku	恐れ慄く	godan	5865
osoreononoku	恐れ戦く	godan	6341
osoreru	恐れる	ichidan	3754
osoreru	怖れる	ichidan	5466
osoreru	畏れる	ichidan	5544
osoreru	おそれる	ichidan	5623
osoreru	恐る	ichidan	6016
osoreuyamau	畏れ敬う	godan	5811
osoreuyamau	恐れ敬う	godan	6441
osoru	恐る	ichidan	4320
osou	襲う	godan	3249
osou	おそう	godan	4970
osowaru	教わる	godan	4140
osowaru	おそわる	godan	6829
ossharu	おっしゃる	godan	822
ossharu	仰る	godan	4083
ossharu	仰有る	godan	6593
ossharu	仰っしゃる	godan	6965
osu	押す	godan	2716
osu	推す	godan	4209
osu	おす	godan	4639
osu	捺す	godan	5883
osu	圧す	godan	6279
otokogasutaru	男がすたる	godan	6876
otokogasutaru	男が廃る	godan	6973
otokomyourinitsukiru	男冥利に尽きる	ichidan	6427
otokowomigaku	男を磨く	godan	5806
otonabiru	大人びる	ichidan	6910
otonaburu	大人ぶる	godan	6558
otonau	訪う	godan	5889
otonau	おとなう	godan	6825
otonikiku	音に聞く	godan	6758
otoroeru	衰える	ichidan	4333
otoroeru	おとろえる	ichidan	6282
otoru	劣る	godan	3597
otoru	おとる	godan	6219
otoseru	落とせる	ichidan	4091
otoseru	おとせる	ichidan	6402
otoshiireru	陥れる	ichidan	4584
otoshiireru	落とし入れる	ichidan	6234
otoshiireru	おとしいれる	ichidan	6297
otoshikomeru	落とし込める	ichidan	5101
otoshikomu	落とし込む	godan	4080
otoshikomu	落し込む	godan	6970
otoshimaewotsukeru	落とし前をつける	ichidan	6392
otoshimeru	貶める	ichidan	4547
otoshimeru	おとしめる	ichidan	5690
otosu	落とす	godan	3007
otosu	おとす	godan	4883
otosu	落す	godan	5204
otosu	貶す	godan	6522
otozureru	訪れる	ichidan	2657
otozureru	おとずれる	ichidan	5422
otsu	落つ	godan	5276
ottamageru	おったまげる	ichidan	6646
ou	追う	godan	2615
ou	負う	godan	2681
ou	おう	godan	2925
ou	逐う	godan	5786
oujiru	応じる	ichidan	3552
oukagaiwotateru	お伺いを立てる	ichidan	5987
outewokakeru	王手をかける	ichidan	6042
ouzuru	応ずる	zuru	3773
ouzuru	おうずる	zuru	6811
owaraseru	終わらせる	ichidan	5371
owaraseru	おわらせる	ichidan	6653
owarasu	終わらす	godan	5220
owariwotsugeru	終わりを告げる	ichidan	4983
owaru	終わる	godan	2657
owaru	終る	godan	4758
owaru	おわる	godan	4958
owasu	おわす	godan	5647
owasu	負わす	godan	6199
owohiku	尾を引く	godan	4665
oyakunitateru	お役に立てる	ichidan	3927
oyakunitatsu	お役に立つ	godan	4470
oyobigakakaru	お呼びがかかる	godan	6596
oyoboseru	及ぼせる	ichidan	6023
oyobosu	及ぼす	godan	2981
oyobosu	およぼす	godan	4869
oyobu	及ぶ	godan	3288
oyobu	およぶ	godan	4176
oyogaseru	泳がせる	ichidan	5235
oyogeru	泳げる	ichidan	4288
oyogeru	およげる	ichidan	6581
oyogimawaru	泳ぎ回る	godan	5441
oyogitsuku	泳ぎ着く	godan	6353
oyogu	泳ぐ	godan	3601
oyogu	およぐ	godan	5715
oyogu	游ぐ	godan	6924
pakiru	パキる	godan	6899
pakuru	パクる	godan	4904
pakuru	ぱくる	godan	6775
pakutsuku	ぱくつく	godan	5784
panasu	放す	godan	6221
panikuru	パニクる	godan	6160
paratsuku	ぱらつく	godan	4797
pasatsuku	ぱさつく	godan	5772
pekaru	ペカる	godan	6147
pintokuru	ピンとくる	kuru	1106
pintokuru	ぴんとくる	kuru	3124
piyoru	ピヨる	godan	6619
pochiru	ポチる	godan	5225
pojiru	ポジる	godan	6542
posharu	ポシャる	godan	6402
rachiru	拉致る	godan	6767
raguru	ラグる	godan	5818
rariru	ラリる	godan	6532
rassuru	らっする	suru	6677
reeruwoshiku	レールを敷く	godan	6419
reinitoru	例に取る	godan	5768
reisuru	令する	suru	5724
reisuru	れいする	suru	6053
reiwotsukusu	礼を尽くす	godan	6405
ressuru	列する	suru	4950
ressuru	れっする	suru	7000
retteruwoharu	レッテルを貼る	godan	6730
rikaishiaeru	理解し合える	ichidan	5116
rikaishiau	理解し合う	godan	4279
rikimu	力む	godan	5340
rikimu	りきむ	godan	6823
rimuru	リムる	godan	6318
rinikanau	理にかなう	godan	5478
rinikanau	理に適う	godan	5923
ripiru	リピる	godan	6363
rissuru	律する	suru	3834
rissuru	りっする	suru	6830
risu	利す	godan	6471
risuru	利する	suru	4165
rokusuru	録する	suru	5347
rokusuru	ろくする	suru	5802
romuru	ROMる	godan	6548
ronjiru	論じる	ichidan	4287
ronzuru	論ずる	zuru	3905
ronzuru	ろんずる	zuru	6670
rotounimayou	路頭に迷う	godan	4916
rousu	弄す	godan	6973
rousuru	弄する	suru	4846
rousuru	労する	suru	5218
rousuru	ろうする	suru	5450
rousuru	聾する	suru	6000
rousuru	勞する	suru	6464
rouwonegirau	労をねぎらう	godan	5149
rouwonegirau	労を労う	godan	6449
ruihatomowoyobu	類は友を呼ぶ	godan	5097
ruisuru	類する	suru	2742
ruisuru	るいする	suru	6561
ryakusu	略す	godan	4936
ryakusuru	略する	suru	4918
ryakusuru	りゃくする	suru	6485
ryousuru	領する	suru	4741
ryousuru	了する	suru	5501
ryousuru	りょうする	suru	5665
ryouwotoru	涼を取る	godan	6420
ryuuingasagaru	溜飲が下がる	godan	6485
ryuuinwosageru	溜飲を下げる	ichidan	6114
sabakeru	さばける	ichidan	5365
sabakeru	裁ける	ichidan	6021
sabakeru	捌ける	ichidan	6589
sabakikiru	捌き切る	godan	6710
sabaku	裁く	godan	3744
sabaku	さばく	godan	3776
sabaku	捌く	godan	3824
sabireru	寂れる	ichidan	6303
sabireru	さびれる	ichidan	6789
sabiru	錆びる	ichidan	4747
sabiru	さびる	ichidan	5987
sabitsuku	錆びつく	godan	5644
sabitsuku	錆び付く	godan	5955
sabitsuku	さび付く	godan	6375
sabitsuku	さびつく	godan	6584
sabitsuku	錆付く	godan	6723
saboru	サボる	godan	4524
saboru	さぼる	godan	5376
sachiru	サチる	godan	6879
sadamaru	定まる	godan	4753
sadamaru	さだまる	godan	6478
sadameru	定める	ichidan	2191
sadameru	さだめる	ichidan	6261
saegireru	遮れる	ichidan	6197
saegiru	遮る	godan	4040
saegiru	さえぎる	godan	5099
saekaeru	冴え返る	godan	6420
saeru	冴える	ichidan	4867
saeru	さえる	ichidan	5544
saewataru	冴えわたる	godan	5490
saewataru	冴え渡る	godan	5526
saewataru	さえわたる	godan	6592
saezuru	さえずる	godan	5427
saezuru	囀る	godan	5595
sagaderu	差が出る	ichidan	4115
sagaru	下がる	godan	3018
sagaru	下る	godan	5199
sagaru	さがる	godan	5371
sagaseru	探せる	ichidan	4020
sagaseru	さがせる	ichidan	6166
sagashiaruku	探し歩く	godan	5371
sagashiaruku	捜し歩く	godan	6149
sagashiateru	探し当てる	ichidan	5254
sagashiateru	探しあてる	ichidan	6468
sagashiateru	捜し当てる	ichidan	6885
sagashidaseru	探し出せる	ichidan	5520
sagashidasu	探し出す	godan	4386
sagashidasu	捜し出す	godan	5984
sagashimawaru	探し回る	godan	4887
sagashimawaru	捜し回る	godan	6542
sagashimotomeru	探し求める	ichidan	4893
sagashimotomeru	捜し求める	ichidan	6088
sagashimotomeru	さがしもとめる	ichidan	6990
sagasu	探す	godan	2331
sagasu	さがす	godan	3999
sagasu	捜す	godan	4679
sagedomaru	下げ止まる	godan	6193
sageru	下げる	ichidan	2992
sageru	さげる	ichidan	4873
sageru	提げる	ichidan	6062
sageshiburu	下げ渋る	godan	6179
sagesumu	蔑む	godan	5280
sagesumu	さげすむ	godan	6115
sagiru	詐欺る	godan	6554
sagureru	探れる	ichidan	5380
sagureru	さぐれる	ichidan	6278
saguriateru	探り当てる	ichidan	5741
saguriau	探り合う	godan	5344
saguridasu	探り出す	godan	5870
saguru	探る	godan	3335
saguru	さぐる	godan	5045
sainamu	苛む	godan	6060
sainamu	さいなむ	godan	6441
sajesutosuru	サジェストする	suru	5636
sajiwonageru	匙を投げる	ichidan	6437
sajiwonageru	さじを投げる	ichidan	6987
sakadateru	逆立てる	ichidan	6152
sakadatsu	逆立つ	godan	5735
sakaeru	栄える	ichidan	4747
sakaeru	さかえる	ichidan	6377
sakaisuru	境する	suru	5574
sakamaku	逆巻く	godan	5032
sakamaku	さかまく	godan	5871
sakanaderu	逆撫でる	ichidan	6865
sakanoboreru	遡れる	ichidan	5446
sakanoboreru	さかのぼれる	ichidan	5999
sakanoboru	遡る	godan	4000
sakanoboru	さかのぼる	godan	4341
sakanoboru	溯る	godan	6374
sakaraeru	逆らえる	ichidan	5949
sakarau	逆らう	godan	3713
sakarau	さからう	godan	5488
sakaru	盛る	godan	6679
sakaseru	咲かせる	ichidan	3939
sakaseru	さかせる	ichidan	6327
sakasu	咲かす	godan	5183
sakasu	さかす	godan	6340
sakatenitoru	逆手に取る	godan	5600
sakatenitoru	逆手にとる	godan	6308
sakeberu	叫べる	ichidan	5818
sakebu	叫ぶ	godan	3657
sakebu	さけぶ	godan	5213
sakeru	避ける	ichidan	2874
sakeru	さける	ichidan	4671
sakeru	割ける	ichidan	4776
sakeru	裂ける	ichidan	4905
sakibashiru	先走る	godan	5800
sakibosoru	先細る	godan	6337
sakichiru	咲き散る	godan	6851
sakidatsu	先立つ	godan	4646
sakidatsu	先だつ	godan	6250
sakidatsu	さきだつ	godan	6752
sakigakeru	先駆ける	ichidan	5708
sakihokoreru	咲き誇れる	ichidan	6890
sakihokoru	咲き誇る	godan	4196
sakihokoru	咲きほこる	godan	5875
sakikoboreru	咲きこぼれる	ichidan	6593
sakimidareru	咲き乱れる	ichidan	4732
sakimidareru	咲きみだれる	ichidan	6775
sakiniou	咲き匂う	godan	6111
sakinjiru	先んじる	ichidan	5742
sakinzuru	先んずる	zuru	5628
sakinzuru	さきんずる	zuru	6913
sakisorou	咲きそろう	godan	5615
sakisorou	咲き揃う	godan	5715
sakisusumu	咲き進む	godan	5541
sakiwakeru	咲き分ける	ichidan	6870
sakiwau	さきわう	godan	6835
sakkidatsu	殺気立つ	godan	6321
saku	咲く	godan	2329
saku	割く	godan	3337
saku	さく	godan	3538
saku	裂く	godan	3995
sakusuru	作する	suru	5041
sakusuru	さくする	suru	5618
sakusuru	策する	suru	5848
samaninaru	様になる	godan	4965
samaninaru	サマになる	godan	5177
samaninaru	さまになる	godan	6135
samaseru	覚ませる	ichidan	6711
samasu	覚ます	godan	4202
samasu	冷ます	godan	4287
samasu	さます	godan	5345
samasu	醒ます	godan	6052
samasu	覚す	godan	6862
samasu	醒す	godan	6959
samatageru	妨げる	ichidan	3639
samatageru	さまたげる	ichidan	5806
samayoeru	さまよえる	ichidan	5947
samayoiaruku	さまよい歩く	godan	5210
samayoiaruku	彷徨い歩く	godan	5429
samayoiaruku	さ迷い歩く	godan	6050
samayou	さまよう	godan	3771
samayou	彷徨う	godan	3795
samayou	さ迷う	godan	5204
sameru	覚める	ichidan	3963
sameru	冷める	ichidan	4164
sameru	醒める	ichidan	5194
sameru	さめる	ichidan	5233
sanjiru	参じる	ichidan	6539
sankezuku	産気づく	godan	5936
sanposusundenihosagaru	三歩進んで二歩下がる	godan	6489
sansuru	産する	suru	4088
sansuru	算する	suru	5395
sansuru	さんする	suru	5760
sansuru	参する	suru	5776
sansuru	賛する	suru	6667
sanzameku	さんざめく	godan	5331
sanzuru	散ずる	zuru	5766
sanzuru	参ずる	zuru	5848
sanzuru	さんずる	zuru	6534
saosasu	棹さす	godan	6721
sappiku	差っ引く	godan	6204
sappiku	さっぴく	godan	6937
saraeru	さらえる	ichidan	6512
sarakedasu	さらけ出す	godan	4764
sarakedasu	曝け出す	godan	5611
sarakedasu	さらけだす	godan	6069
saraseru	晒せる	ichidan	5983
saraseru	さらせる	ichidan	6667
sarashiageru	晒し上げる	ichidan	6280
sarasu	晒す	godan	4121
sarasu	さらす	godan	4194
sarasu	曝す	godan	5891
sarau	さらう	godan	4542
sarau	攫う	godan	5255
sarau	浚う	godan	5999
sarau	拐う	godan	6182
sariyuku	去りゆく	godan-iku	2663
sariyuku	去り行く	godan-iku	3178
saru	去る	godan	3745
saru	さる	godan	5200
sasaeau	支え合う	godan	4084
sasaeru	支える	ichidan	2633
sasaeru	ささえる	ichidan	5027
sasagemotsu	捧げ持つ	godan	6587
sasageru	捧げる	ichidan	3708
sasageru	ささげる	ichidan	4699
sasakureru	ささくれる	ichidan	6674
sasameku	ささめく	godan	5990
sasareru	さされる	ichidan	5995
sasaru	刺さる	godan	3611
sasaru	ささる	godan	5465
sasayakiau	ささやきあう	godan	6733
sasayaku	囁く	godan	3764
sasayaku	ささやく	godan	3846
sasayaku	囁やく	godan	6858
saseru	指せる	ichidan	3819
saseru	刺せる	ichidan	5266
saseru	挿せる	ichidan	5464
saseru	させる	ichidan	5636
saseru	差せる	ichidan	5805
sashiageru	差し上げる	ichidan	4327
sashiageru	さしあげる	ichidan	4954
sashiageru	差しあげる	ichidan	6203
sashiageru	差上げる	ichidan	6831
sashiau	差し合う	godan	6473
sashichigaeru	刺し違える	ichidan	6137
sashichigaeru	差し違える	ichidan	6866
sashidaseru	差し出せる	ichidan	5877
sashidasu	差し出す	godan	4226
sashidasu	さしだす	godan	6437
sashidasu	差しだす	godan	6439
sashidasu	差出す	godan	6503
sashideru	差し出る	ichidan	6520
sashihasamu	挟む	godan	5214
sashihasamu	差し挟む	godan	6058
sashihasamu	さしはさむ	godan	6485
sashihikaeru	差し控える	ichidan	5320
sashihiku	差し引く	godan	3902
sashihiku	差引く	godan	5854
sashihiku	さしひく	godan	6951
sashiireru	差し入れる	ichidan	5418
sashikaeru	差し替える	ichidan	4565
sashikaeru	挿し替える	ichidan	6675
sashikaeru	差し換える	ichidan	6747
sashikaeru	差替える	ichidan	6793
sashikaesu	差し返す	godan	6397
sashikakaru	差し掛かる	godan	4717
sashikakaru	さしかかる	godan	5204
sashikakaru	差しかかる	godan	5685
sashikakeru	さしかける	ichidan	6786
sashikawaru	差し替わる	godan	6423
sashikiru	差し切る	godan	5915
sashikomeru	差し込める	ichidan	5136
sashikomu	差し込む	godan	3658
sashikomu	挿し込む	godan	5444
sashikomu	射し込む	godan	5491
sashikomu	さしこむ	godan	5939
sashikomu	差込む	godan	6062
sashikorosu	刺し殺す	godan	5878
sashimaneku	さしまねく	godan	6538
sashimaneku	差し招く	godan	6811
sashimodosu	差し戻す	godan	5876
sashimukau	差し向かう	godan	6982
sashimukeru	差し向ける	ichidan	5633
sashinoberu	差し伸べる	ichidan	5266
sashinoberu	さしのべる	ichidan	6047
sashinoberu	差しのべる	ichidan	6188
sashinoberu	差し延べる	ichidan	6933
sashioku	差し置く	godan	5922
sashioku	さしおく	godan	6507
sashiosaeru	差し押さえる	ichidan	5235
sashiosaeru	差し押える	ichidan	6321
sashiosaeru	差押える	ichidan	6691
sashisawaru	差し障る	godan	6149
sashisemaru	差し迫る	godan	5865
sashishimeseru	指し示せる	ichidan	6917
sashishimesu	指し示す	godan	4550
sashishimesu	さし示す	godan	6849
sashitomeru	差し止める	ichidan	5296
sashitomeru	差止める	ichidan	6918
sashitoosu	刺し通す	godan	6963
sashitsukaeru	差し支える	ichidan	5497
sashitsukaeru	さしつかえる	ichidan	6909
sashitsuranuku	刺し貫く	godan	5548
sashiugatsu	刺し穿つ	godan	6872
sasoeru	誘える	ichidan	5194
sasoiau	誘い合う	godan	6138
sasoidasu	誘い出す	godan	5330
sasoiireru	誘い入れる	ichidan	6991
sasoikakeru	誘いかける	ichidan	6395
sasoikomu	誘い込む	godan	5295
sasoiyoseru	誘い寄せる	ichidan	6983
sasou	誘う	godan	2927
sasou	さそう	godan	4808
sassu	察す	godan	6434
sassuru	察する	suru	3339
sassuru	さっする	suru	6041
sasu	指す	godan	3056
sasu	刺す	godan	3822
sasu	さす	godan	3884
sasu	差す	godan	4235
sasu	挿す	godan	4372
sasu	射す	godan	4916
sasu	注す	godan	5605
sasurau	さすらう	godan	4811
sasurau	流離う	godan	5763
sasuru	さする	godan	5212
sasuru	擦る	godan	5925
sateoku	さておく	godan	5311
satoreru	悟れる	ichidan	6152
satoru	悟る	godan	4584
satoru	さとる	godan	5532
satoru	覚る	godan	6267
satosu	諭す	godan	4756
satosu	さとす	godan	6101
sauzoku	さうぞく	godan	6262
sawagaseru	騒がせる	ichidan	5385
sawagasu	騒がす	godan	5587
sawageru	騒げる	ichidan	5857
sawagidasu	騒ぎ出す	godan	5407
sawagidasu	騒ぎだす	godan	6216
sawagitateru	騒ぎ立てる	ichidan	5150
sawagu	騒ぐ	godan	4046
sawagu	さわぐ	godan	5321
sawaru	触る	godan	3463
sawaru	さわる	godan	4646
sawaru	障る	godan	5222
sawasu	さわす	godan	6964
sayaniosameru	鞘に納める	ichidan	6690
sayaniosameru	鞘に収める	ichidan	6715
sazameku	さざめく	godan	5109
sazukaru	授かる	godan	4385
sazukaru	さずかる	godan	6621
sazukeru	授ける	ichidan	4495
sazukeru	さずける	ichidan	6086
sebamaru	狭まる	godan	4884
sebamaru	せばまる	godan	6951
sebameru	狭める	ichidan	4714
sebameru	せばめる	ichidan	6767
sebiru	せびる	godan	5759
segamu	せがむ	godan	5294
seidakuawasenomu	清濁併せ呑む	godan	6127
seidasu	精出す	godan	6749
seikeiwotateru	生計を立てる	ichidan	5085
seisaiwokaku	精彩を欠く	godan	5470
seisu	制す	godan	4558
seisu	せいす	godan	5877
seisuru	制する	suru	3111
seisuru	製する	suru	4737
seisuru	征する	suru	4890
seisuru	せいする	suru	5162
seiwoukeru	生を受ける	ichidan	5804
sekaseru	急かせる	ichidan	6675
sekasu	急かす	godan	4912
sekasu	せかす	godan	5933
sekikomu	咳き込む	godan	5376
sekikomu	せき込む	godan	6369
sekikomu	咳込む	godan	6392
sekikomu	せきこむ	godan	6996
sekikomu	咳きこむ	godan	6997
sekitateru	急き立てる	ichidan	6434
sekitateru	せきたてる	ichidan	6741
sekitomeru	せき止める	ichidan	5673
sekitomeru	堰き止める	ichidan	6117
sekitomeru	せきとめる	ichidan	6694
sekitomeru	塞き止める	ichidan	6885
sekiwohazusu	席を外す	godan	5727
sekiwoireru	籍を入れる	ichidan	6217
sekiwomoukeru	席を設ける	ichidan	5672
seku	せく	godan	4442
seku	急く	godan	5311
seku	堰く	godan	6115
seku	咳く	godan	6281
seku	塞く	godan	6660
semareru	迫れる	ichidan	5347
semarikuru	迫りくる	kuru	1060
semaru	迫る	godan	3169
semaru	せまる	godan	4919
semeaguneru	攻めあぐねる	ichidan	6144
semeau	責め合う	godan	5755
semegiau	せめぎ合う	godan	4938
semegu	せめぐ	godan	6696
semeiru	攻め入る	godan	5466
semekomu	攻め込む	godan	4849
semekuru	攻めくる	kuru	4091
semenideru	攻めに出る	ichidan	6842
semenikisu	責めに帰す	godan	4919
semenoboru	攻め上る	godan	6650
semeotosu	攻め落とす	godan	5750
semeru	攻める	ichidan	3609
semeru	責める	ichidan	3684
semeru	せめる	ichidan	5390
semetateru	責め立てる	ichidan	5217
semetateru	攻め立てる	ichidan	5408
semetateru	責めたてる	ichidan	6422
semetateru	攻めたてる	ichidan	6618
semetoru	攻め取る	godan	6669
semeyoseru	攻め寄せる	ichidan	6064
senbenwotsukeru	先鞭をつける	ichidan	6519
senjiru	煎じる	ichidan	5756
senjitsumeru	煎じ詰める	ichidan	6859
senpaikazewofukaseru	先輩風を吹かせる	ichidan	6857
sensuru	せんする	suru	5256
sensuru	宣する	suru	5681
sensuru	選する	suru	5939
sensuru	撰する	suru	6373
sentewotoru	先手を取る	godan	5852
sentounitatsu	先頭に立つ	godan	5067
senzuru	詮ずる	zuru	5563
seoeru	背負える	ichidan	5028
seou	背負う	godan	3225
seou	せおう	godan	5976
seppatsumaru	切羽詰まる	godan	6285
seriaeru	競り合える	ichidan	6805
seriagaru	せり上がる	godan	5907
seriagaru	競り上がる	godan	6892
seriagaru	迫り上がる	godan	6994
seriau	競り合う	godan	4605
seridasu	せり出す	godan	5644
seridasu	迫り出す	godan	6167
seridasu	せりだす	godan	6863
serikateru	競り勝てる	ichidan	6626
serikatsu	競り勝つ	godan	5607
serimakeru	競り負ける	ichidan	6032
seriotosu	競り落とす	godan	6092
seru	せる	godan	5098
seru	競る	godan	5657
seserawarau	せせら笑う	godan	5604
seseru	せせる	godan	6779
seshimeru	せしめる	ichidan	5100
sessu	接す	godan	6111
sessuru	接する	suru	2170
sessuru	せっする	suru	5768
sessuru	節する	suru	5829
sessuru	摂する	suru	5999
sesujigasamukunaru	背筋が寒くなる	godan	6105
setsujokuwohatasu	雪辱を果たす	godan	6816
setsuku	せつく	godan	5905
setsuninegau	切に願う	godan	4588
settsuku	せっつく	godan	5651
sewawoyaku	世話を焼く	godan	4657
sewomukeru	背を向ける	ichidan	5067
shabereru	喋れる	ichidan	4494
shabereru	しゃべれる	ichidan	4931
shaberitaosu	喋り倒す	godan	6448
shaberitaosu	しゃべり倒す	godan	6573
shaberu	喋る	godan	3756
shaberu	しゃべる	godan	4004
shaburitsuku	しゃぶりつく	godan	4859
shaburu	しゃぶる	godan	5296
shagameru	しゃがめる	ichidan	6126
shagamikomu	しゃがみ込む	godan	5763
shagamikomu	しゃがみこむ	godan	6124
shagamu	しゃがむ	godan	4649
shakunisawaru	癪に障る	godan	6109
shakunisawaru	しゃくにさわる	godan	6868
shakureru	しゃくれる	ichidan	6576
shakuriageru	しゃくりあげる	ichidan	6213
shakuriageru	しゃくり上げる	ichidan	6543
shakuru	しゃくる	godan	5756
shakuru	シャクる	godan	5888
shameru	写メる	godan	6676
shamisenwohiku	三味線を弾く	godan	6603
shanikamaeru	斜に構える	ichidan	6786
sharekomu	洒落込む	godan	6629
shareru	洒落る	ichidan	6242
shareru	しゃれる	ichidan	6583
shasharideru	しゃしゃり出る	ichidan	6091
shasharu	しゃしゃる	godan	6588
shasuru	しゃする	suru	5632
shasuru	謝する	suru	5635
shiagaru	仕上がる	godan	3799
shiagaru	仕上る	godan	6231
shiagaru	しあがる	godan	6264
shiageru	仕上げる	ichidan	3270
shiageru	しあげる	ichidan	6108
shibakitaosu	しばき倒す	godan	6563
shibaku	しばく	godan	4485
shibareru	縛れる	ichidan	5633
shibareru	しばれる	ichidan	5936
shibariageru	縛り上げる	ichidan	6127
shibaritsukeru	縛り付ける	ichidan	5238
shibaritsukeru	縛りつける	ichidan	5763
shibaritsukeru	しばりつける	ichidan	6635
shibaru	縛る	godan	4341
shibaru	しばる	godan	5432
shibataku	瞬く	godan	4654
shibataku	しばたく	godan	6424
shibatataku	瞬く	godan	3455
shibatataku	しばたたく	godan	6559
shibireru	痺れる	ichidan	4467
shibireru	しびれる	ichidan	4526
shibomeru	しぼめる	ichidan	6735
shibomu	しぼむ	godan	5371
shibomu	萎む	godan	5910
shiboreru	絞れる	ichidan	4807
shiboreru	搾れる	ichidan	6241
shiboreru	しぼれる	ichidan	6333
shiboriageru	絞り上げる	ichidan	6277
shiboridaseru	絞り出せる	ichidan	6350
shiboridasu	絞り出す	godan	4885
shiboridasu	搾り出す	godan	5950
shiboridasu	しぼり出す	godan	6450
shiboridasu	しぼりだす	godan	6770
shiborikomu	絞り込む	godan	3347
shiboritoreru	搾り取れる	ichidan	6358
shiboritoru	搾り取る	godan	5079
shiboritoru	絞り取る	godan	6434
shiboritoru	しぼりとる	godan	6498
shiboru	絞る	godan	3579
shiboru	しぼる	godan	4966
shiboru	搾る	godan	5167
shibuku	しぶく	godan	6350
shiburu	渋る	godan	5044
shiburu	しぶる	godan	6028
shichiniireru	質に入れる	ichidan	6866
shidaku	しだく	godan	6315
shidareru	枝垂れる	ichidan	5676
shidareru	垂れる	ichidan	5916
shidareru	しだれる	ichidan	6468
shidasu	しだす	godan	5312
shidekasu	しでかす	godan	5240
shidekasu	仕出かす	godan	6542
shifukuwokoyasu	私腹を肥やす	godan	6146
shigamitsukeru	しがみつける	ichidan	6597
shigamitsuku	しがみつく	godan	3756
shigeru	茂る	godan	4695
shigeru	しげる	godan	5194
shigeru	繁る	godan	5634
shigoku	しごく	godan	4965
shigoku	扱く	godan	5988
shigureru	しぐれる	ichidan	6902
shiharaeru	支払える	ichidan	4787
shiharau	支払う	godan	2452
shiharau	しはらう	godan	6212
shiireru	仕入れる	ichidan	4115
shiiru	強いる	ichidan	4345
shiiru	しいる	ichidan	5918
shiisuru	弑する	suru	6047
shiisuru	しいする	suru	6646
shiitageru	虐げる	ichidan	5633
shiitageru	しいたげる	ichidan	6959
shikakeru	仕掛ける	ichidan	3784
shikakeru	しかける	ichidan	4965
shikameru	しかめる	ichidan	5795
shikameru	顰める	ichidan	6807
shikareru	叱れる	ichidan	6237
shikareru	しかれる	ichidan	6606
shikaritobasu	叱り飛ばす	godan	6437
shikaritsukeru	叱りつける	ichidan	5645
shikaritsukeru	しかりつける	ichidan	6613
shikaritsukeru	叱り付ける	ichidan	6898
shikaru	叱る	godan	4217
shikaru	しかる	godan	4441
shikaru	𠮟る	godan	6966
shikeru	しける	ichidan	5061
shikeru	敷ける	ichidan	5543
shikeru	湿気る	ichidan	6135
shikeru	時化る	ichidan	6440
shikiiwomatagu	敷居をまたぐ	godan	6677
shikikomu	敷き込む	godan	6092
shikirinaosu	仕切り直す	godan	5821
shikiru	仕切る	godan	4400
shikiru	しきる	godan	4997
shikitsumeru	敷き詰める	ichidan	4840
shikitsumeru	敷きつめる	ichidan	6182
shikitsumeru	しきつめる	ichidan	6751
shikkeru	湿気る	ichidan	6298
shikomeru	仕込める	ichidan	5506
shikomu	仕込む	godan	4326
shikomu	しこむ	godan	6512
shikoru	シコる	godan	5645
shikoru	しこる	godan	6443
shikoru	凝る	godan	6455
shiku	敷く	godan	3040
shiku	如く	godan	3216
shiku	しく	godan	3242
shiku	布く	godan	5475
shiku	若く	godan	6986
shikujiru	しくじる	godan	5558
shikumu	仕組む	godan	5933
shikuru	しくる	godan	6202
shimaikomu	しまい込む	godan	5718
shimaikomu	しまいこむ	godan	6317
shimaikomu	仕舞い込む	godan	6442
shimaru	閉まる	godan	4233
shimaru	締まる	godan	4814
shimaru	しまる	godan	4951
shimaru	絞まる	godan	6320
shimaru	締る	godan	6963
shimau	しまう	godan	3332
shimau	仕舞う	godan	4477
shimeageru	締め上げる	ichidan	5238
shimeageru	絞め上げる	ichidan	6321
shimedasu	締め出す	godan	5452
shimedasu	閉め出す	godan	6470
shimekatameru	締め固める	ichidan	6042
shimekiru	締め切る	godan	5040
shimekiru	閉め切る	godan	6091
shimekiru	締切る	godan	6243
shimekomu	締め込む	godan	5404
shimekomu	締めこむ	godan	5951
shimekorosu	絞め殺す	godan	6017
shimekukuru	締めくくる	godan	4216
shimekukuru	締め括る	godan	5645
shimekukuru	しめくくる	godan	5860
shimeotosu	絞め落とす	godan	6831
shimerasu	湿らす	godan	5985
shimeru	占める	ichidan	3125
shimeru	締める	ichidan	3819
shimeru	閉める	ichidan	3865
shimeru	しめる	ichidan	4441
shimeru	〆る	ichidan	5116
shimeru	絞める	ichidan	5318
shimeru	湿る	godan	5351
shimeru	シメる	ichidan	5886
shimeru	しめる	godan	5953
shimeseru	示せる	ichidan	4510
shimeshiau	示し合う	godan	6295
shimesu	示す	godan	2328
shimesu	しめす	godan	5133
shimesu	湿す	godan	6516
shimetsukeru	締め付ける	ichidan	4536
shimetsukeru	締めつける	ichidan	5465
shimetsukeru	しめつける	ichidan	5715
shimetsukeru	締付ける	ichidan	6059
shimetsukeru	絞めつける	ichidan	6961
shimidasu	染み出す	godan	5549
shimidasu	しみ出す	godan	6244
shimideru	染み出る	ichidan	5660
shimideru	しみ出る	ichidan	6229
shimideru	滲み出る	ichidan	6927
shimiiru	染み入る	godan	5135
shimiiru	しみ入る	godan	5979
shimiiru	沁み入る	godan	6015
shimikomu	染み込む	godan	4739
shimikomu	しみ込む	godan	5572
shimikomu	しみこむ	godan	5642
shimikomu	沁み込む	godan	6402
shimiru	しみる	ichidan	4220
shimiru	染みる	ichidan	4505
shimiru	沁みる	ichidan	4596
shimiru	滲みる	ichidan	6048
shimiru	凍みる	ichidan	6335
shimitooru	しみとおる	godan	6760
shimitsuku	染み付く	godan	5216
shimitsuku	染みつく	godan	5343
shimitsuku	しみつく	godan	5872
shimiwataru	染み渡る	godan	4893
shimiwataru	染みわたる	godan	5583
shimiwataru	しみわたる	godan	5785
shimiwataru	沁み渡る	godan	6207
shimiwataru	沁みわたる	godan	6287
shimiwataru	しみ渡る	godan	6858
shimu	しむ	godan	4443
shimu	染む	godan	5904
shimu	沁む	godan	6368
shimukeru	仕向ける	ichidan	4926
shimukeru	しむける	ichidan	6383
shinabiru	しなびる	ichidan	6770
shinabiru	萎びる	ichidan	6961
shinadareru	しなだれる	ichidan	6930
shinaosu	し直す	godan	5294
shinaru	しなる	godan	4995
shinaru	撓る	godan	6807
shinasu	死なす	godan	5986
shinasu	しなす	godan	6464
shinau	しなう	godan	5622
shinau	撓う	godan	6811
shineru	死ねる	ichidan	4589
shineru	しねる	ichidan	6513
shinikakeru	死にかける	ichidan	5503
shininozomu	死に臨む	godan	6801
shinisokonau	死に損なう	godan	6804
shinitaeru	死に絶える	ichidan	5904
shiniwakareru	死に別れる	ichidan	6737
shinjiaeru	信じ合える	ichidan	6129
shinjikiru	信じ切る	godan	6036
shinjikomeru	信じ込める	ichidan	6762
shinjikomu	信じ込む	godan	5518
shinjiru	信じる	ichidan	3122
shinjiru	しんじる	ichidan	6052
shinjirumonohasukuwareru	信じる者は救われる	ichidan	5910
shinkagatowareru	真価が問われる	ichidan	5546
shinkeiwotogaraseru	神経を尖らせる	ichidan	6564
shinkeiwotogaraseru	神経をとがらせる	ichidan	6770
shinketsuwososogu	心血を注ぐ	godan	5923
shinnisemaru	真に迫る	godan	6439
shinobaseru	忍ばせる	ichidan	6188
shinobaseru	しのばせる	ichidan	6932
shinobasu	忍ばす	godan	6946
shinoberu	偲べる	ichidan	6462
shinobikomeru	忍び込める	ichidan	6879
shinobikomu	忍び込む	godan	5151
shinobikomu	しのびこむ	godan	6789
shinobinaku	しのびなく	godan	5982
shinobinaku	忍び泣く	godan	6223
shinobiyoru	忍び寄る	godan	4693
shinobiyoru	しのびよる	godan	6266
shinobiyoru	しのび寄る	godan	6622
shinobu	偲ぶ	godan	4354
shinobu	しのぶ	godan	4775
shinobu	忍ぶ	godan	5227
shinogeru	しのげる	ichidan	5100
shinogeru	凌げる	ichidan	5347
shinogonoiu	四の五の言う	godan	6427
shinogu	凌ぐ	godan	4365
shinogu	しのぐ	godan	4468
shinpaiwokakeru	心配をかける	ichidan	6136
shinrainookeru	信頼の置ける	ichidan	5899
shinraiwoyoseru	信頼を寄せる	ichidan	5324
shinshokuwowasureru	寝食を忘れる	ichidan	6880
shintaikiwamaru	進退窮まる	godan	6951
shinu	死ぬ	godan	2720
shinwotou	信を問う	godan	2258
shinzounikegahaeteiru	心臓に毛が生えている	ichidan	6913
shinzuru	信ずる	zuru	3689
shinzuru	しんずる	zuru	6171
shinzuru	進ずる	zuru	6602
shiogahiku	潮が引く	godan	5893
shioreru	しおれる	ichidan	5425
shioreru	萎れる	ichidan	5784
shioru	しおる	godan	6322
shirabakkureru	しらばっくれる	ichidan	5974
shirabeageru	調べ上げる	ichidan	5909
shiraberu	調べる	ichidan	2724
shiraberu	しらべる	ichidan	5206
shirahanoyagatatsu	白羽の矢が立つ	godan	6204
shirahanoyawotateru	白羽の矢を立てる	ichidan	6690
shirakeru	白ける	ichidan	5566
shirakeru	しらける	ichidan	5745
shirakeru	シラケる	ichidan	6082
shiramu	白む	godan	6117
shiramu	しらむ	godan	6551
shiraseru	知らせる	ichidan	3562
shiraseru	報せる	ichidan	5897
shiraseru	しらせる	ichidan	5924
shirasu	しらす	godan	4782
shirasu	知らす	godan	5885
shireru	知れる	ichidan	4057
shireru	しれる	ichidan	5897
shireru	痴れる	ichidan	6631
shirewataru	知れ渡る	godan	5090
shiriaeru	知り合える	ichidan	5413
shiriau	知り合う	godan	3818
shiriau	しりあう	godan	6740
shiriau	知合う	godan	6974
shirimochiwotsuku	尻餅をつく	godan	5719
shirimochiwotsuku	しりもちをつく	godan	6141
shirinihigatsuku	尻に火がつく	godan	6467
shirinihigatsuku	尻に火が付く	godan	6693
shirinishiku	尻に敷く	godan	5773
shirinuku	知り抜く	godan	6398
shiriwotataku	尻を叩く	godan	6192
shiriwotataku	尻をたたく	godan	6947
shirizokeru	退ける	ichidan	4811
shirizokeru	しりぞける	ichidan	6334
shirizokeru	斥ける	ichidan	6521
shirizoku	退く	godan	3838
shirizoku	しりぞく	godan	5660
shirizoku	却く	godan	6241
shiroimedemiru	白い目で見る	ichidan	6579
shiromewomuku	白目をむく	godan	5820
shiromewomuku	白目を剥く	godan	6242
shiroshimesu	しろしめす	godan	6518
shiroshimesu	知ろしめす	godan	6984
shiru	知る	godan	2280
shiru	しる	godan	4174
shiru	識る	godan	5559
shiruhitozoshiru	知る人ぞ知る	godan	4073
shiruseru	記せる	ichidan	6232
shirusu	記す	godan	4091
shirusu	しるす	godan	5598
shirusu	印す	godan	6361
shirusu	標す	godan	6707
shiryokuwotsukusu	死力を尽くす	godan	6792
shisanitomu	示唆に富む	godan	5494
shiseiwotadasu	姿勢を正す	godan	6841
shishouwokitasu	支障をきたす	godan	4128
shishouwokitasu	支障を来す	godan	5167
shishouwokitasu	支障を来たす	godan	5833
shisokonau	しそこなう	godan	6066
shisonjiru	仕損じる	ichidan	6089
shisshouwokau	失笑を買う	godan	6967
shissu	失す	godan	6342
shissuru	失する	suru	4450
shissuru	しっする	suru	6885
shisu	しす	godan	4270
shisu	死す	godan	4553
shisu	資す	godan	6600
shisuru	資する	suru	2484
shisuru	しする	suru	4148
shisuru	死する	suru	4154
shitagaeru	従える	ichidan	4928
shitagaeru	したがえる	ichidan	6977
shitagau	従う	godan	2581
shitagau	したがう	godan	4644
shitagau	從う	godan	6176
shitagau	遵う	godan	6949
shitamawaru	下回る	godan	3736
shitaosu	下押す	godan	6831
shitashimeru	親しめる	ichidan	5022
shitashimu	親しむ	godan	4303
shitashimu	したしむ	godan	6497
shitatameru	したためる	ichidan	5393
shitatameru	認める	ichidan	5808
shitatariochiru	滴り落ちる	ichidan	5220
shitatariochiru	したたり落ちる	ichidan	5717
shitataru	滴る	godan	4804
shitataru	したたる	godan	5384
shitateageru	仕立て上げる	ichidan	5190
shitatenaosu	仕立て直す	godan	5976
shitateru	仕立てる	ichidan	4455
shitateru	したてる	ichidan	6217
shitatsuzumiwoutsu	舌鼓をうつ	godan	6709
shitau	慕う	godan	3825
shitau	したう	godan	5204
shitawomaku	舌を巻く	godan	4580
shiteyaru	してやる	godan	4375
shitoaogu	師と仰ぐ	godan	5619
shitomeru	仕留める	ichidan	4485
shitomeru	しとめる	ichidan	5824
shitoru	しとる	godan	4007
shitsukeru	しつける	ichidan	5332
shitsukeru	躾ける	ichidan	5753
shitsukusu	しつくす	godan	6749
shitsuraeru	設える	ichidan	6010
shitsuraeru	しつらえる	ichidan	6136
shiwakeru	仕分ける	ichidan	5186
shiwaru	撓る	godan	6807
shizumarikaeru	静まり返る	godan	5497
shizumarikaeru	静まりかえる	godan	6340
shizumaru	静まる	godan	5256
shizumaru	鎮まる	godan	5374
shizumaru	しずまる	godan	6399
shizumeru	鎮める	ichidan	4381
shizumeru	沈める	ichidan	4442
shizumeru	静める	ichidan	5268
shizumeru	しずめる	ichidan	5645
shizumikomu	沈み込む	godan	4923
shizumikomu	沈みこむ	godan	6274
shizumu	沈む	godan	3680
shizumu	しずむ	godan	5780
shobokureru	しょぼくれる	ichidan	6900
shobotsuku	しょぼつく	godan	6556
shogeru	しょげる	ichidan	6213
shoikomu	背負い込む	godan	5724
shoikomu	背負いこむ	godan	6804
shokushigaugoku	食指が動く	godan	5827
shokushuwonobasu	触手を伸ばす	godan	6761
shokusu	食す	godan	4329
shokusu	属す	godan	6450
shokusuru	属する	suru	3521
shokusuru	食する	suru	3562
shokusuru	嘱する	suru	5405
shokusuru	しょくする	suru	5615
shokusuru	蝕する	suru	6360
shonitsuku	緒につく	godan	6910
shonitsuku	緒に就く	godan	6978
shoppiku	しょっぴく	godan	5975
shoppiku	しょっ引く	godan	6594
shosu	処す	godan	5228
shosuru	処する	suru	3242
shosuru	書する	suru	5214
shosuru	署する	suru	5968
shosuru	しょする	suru	6140
shotaiwomotsu	所帯を持つ	godan	6887
shottetatsu	背負って立つ	godan	5443
shottetatsu	しょって立つ	godan	6769
shou	しょう	godan	4644
shou	背負う	godan	4722
shoudotokasu	焦土と化す	godan	6573
shougaau	性が合う	godan	6591
shouiwosutetedaidounitsuku	小異を捨てて大同につく	godan	6540
shoujikimonogabakawomiru	正直者が馬鹿を見る	ichidan	5982
shoujiru	生じる	ichidan	2622
shoujiru	しょうじる	ichidan	6675
shoujunwoawaseru	照準を合わせる	ichidan	5624
shoukodateru	証拠立てる	ichidan	6847
shouniau	性に合う	godan	5199
shousokuwotatsu	消息を絶つ	godan	6107
shousu	称す	godan	4899
shousuru	称する	suru	2988
shousuru	証する	suru	3010
shousuru	賞する	suru	5052
shousuru	しょうする	suru	5283
shousuru	誦する	suru	5594
shousuru	請する	suru	5689
shousuru	頌する	suru	6460
shouzuru	生ずる	zuru	2756
shouzuru	しょうずる	zuru	6044
shouzuru	招ずる	zuru	6839
shuchuuniosameru	手中に収める	ichidan	5745
shukouwokorasu	趣向を凝らす	godan	6906
shukusu	祝す	godan	5939
shukusu	宿す	godan	5948
shukusuru	祝する	suru	5186
shukusuru	宿する	suru	6135
shukusuru	しゅくする	suru	6416
shunimajiwarebaakakunaru	朱に交われば赤くなる	godan	6173
shunisomaru	朱に染まる	godan	6898
shuukanzukeru	習慣づける	ichidan	5247
shuukanzukeru	習慣付ける	ichidan	6131
shuusuru	修する	suru	4739
shuusuru	しゅうする	suru	5413
sobadateru	そばだてる	ichidan	6800
sobadatsu	そばだつ	godan	6955
sobieru	そびえる	ichidan	4261
sobieru	聳える	ichidan	5011
sobietatsu	そびえ立つ	godan	4435
sobietatsu	聳え立つ	godan	5331
sobietatsu	そびえたつ	godan	5342
sobofuru	そぼ降る	godan	6003
sobofuru	そぼふる	godan	6812
sodateageru	育て上げる	ichidan	4978
sodateageru	育てあげる	ichidan	5972
sodateru	育てる	ichidan	2795
sodateru	そだてる	ichidan	5554
sodatsu	育つ	godan	3318
sodatsu	そだつ	godan	5870
sodefuru	袖振る	godan	6488
sodewotoosu	袖を通す	godan	5554
soeru	添える	ichidan	3456
soeru	そえる	ichidan	5240
soeru	副える	ichidan	6769
sogareru	そがれる	ichidan	5893
sogeru	削げる	ichidan	6512
sogiotosu	削ぎ落とす	godan	5324
sogiotosu	そぎ落とす	godan	5622
sogiotosu	削ぎ落す	godan	6373
sogitoru	そぎ取る	godan	6281
sogitoru	削ぎ取る	godan	6641
sogu	削ぐ	godan	4873
sogu	そぐ	godan	5403
sogu	殺ぐ	godan	6684
soguu	そぐう	godan	5704
soitogeru	添い遂げる	ichidan	5325
sojouninoseru	俎上に載せる	ichidan	6645
sokonau	損なう	godan	3037
sokonau	そこなう	godan	5046
sokonau	害う	godan	6336
sokoneru	損ねる	ichidan	4394
sokoneru	そこねる	ichidan	6667
sokowotsuku	底をつく	godan	5067
sokowotsuku	底を突く	godan	6095
sokusu	即す	godan	6373
sokusu	則す	godan	6929
sokusuru	即する	suru	5175
sokusuru	そくする	suru	5537
sokusuru	則する	suru	5883
somaru	染まる	godan	3923
somaru	そまる	godan	5589
somaru	染る	godan	6809
someagaru	染め上がる	godan	6711
someageru	染め上げる	ichidan	5153
someageru	染めあげる	ichidan	6539
somedasu	染め出す	godan	6552
somenaosu	染め直す	godan	5922
somenuku	染め抜く	godan	6160
someru	染める	ichidan	3870
someru	初める	ichidan	5966
someru	そめる	ichidan	6101
somewakeru	染め分ける	ichidan	6654
somu	そむ	godan	5351
somu	初む	godan	6488
somukeru	背ける	ichidan	5662
somukeru	そむける	ichidan	5853
somuku	背く	godan	4129
somuku	そむく	godan	4938
somuku	叛く	godan	5679
somuku	乖く	godan	6940
sonaeoku	備え置く	godan	4989
sonaeru	備える	ichidan	3273
sonaeru	供える	ichidan	4661
sonaeru	そなえる	ichidan	5340
sonaeru	具える	ichidan	6316
sonaetsukeru	備え付ける	ichidan	5352
sonaetsukeru	備えつける	ichidan	6831
sonawaru	備わる	godan	4560
sonawaru	そなわる	godan	6276
sonawaru	具わる	godan	6403
sonemu	嫉む	godan	6627
sonemu	そねむ	godan	6846
sonjiru	損じる	ichidan	6383
sonsuru	損する	suru	3035
sonsuru	存する	suru	3243
sonsuru	そんする	suru	6145
sonzuru	損ずる	zuru	5314
sonzuru	そんずる	zuru	6360
soranjiru	そらんじる	ichidan	6372
soranjiru	諳んじる	ichidan	6456
soranzuru	そらんずる	zuru	6513
soranzuru	諳んずる	zuru	6581
soraseru	反らせる	ichidan	5508
soraseru	そらせる	ichidan	5899
soraseru	逸らせる	ichidan	6338
sorasu	そらす	godan	4646
sorasu	逸らす	godan	4942
sorasu	反らす	godan	5190
sorasu	逸す	godan	6793
soreru	それる	ichidan	4950
soreru	反れる	ichidan	6251
soriagaru	反り上がる	godan	6545
soriageru	剃り上げる	ichidan	6697
sorikaeru	反り返る	godan	5481
sorikaeru	そり返る	godan	6813
soriotosu	剃り落とす	godan	6743
soritatsu	反り立つ	godan	6507
soroeru	揃える	ichidan	3423
soroeru	そろえる	ichidan	4026
sorou	揃う	godan	2871
sorou	そろう	godan	3587
sorou	斉う	godan	6722
soru	剃る	godan	4536
soru	そる	godan	4847
soru	反る	godan	4992
soshiru	そしる	godan	5653
soshiru	謗る	godan	6373
soshiru	誹る	godan	6994
sosogeru	注げる	ichidan	5282
sosogeru	そそげる	ichidan	6948
sosogiireru	注ぎ入れる	ichidan	5565
sosogikomu	注ぎ込む	godan	4830
sosogu	注ぐ	godan	3644
sosogu	そそぐ	godan	4967
sosogu	濯ぐ	godan	6425
sosogu	灌ぐ	godan	6859
sosonokasu	そそのかす	godan	5805
sosonokasu	唆す	godan	6059
sosoritatsu	そそり立つ	godan	5351
sosoritatsu	そそりたつ	godan	6555
sosoru	そそる	godan	4035
sosoru	ソソる	godan	6006
sosoru	唆る	godan	6238
sossuru	卒する	suru	5644
sossuru	そっする	suru	6925
sotoboriwoumeru	外堀を埋める	ichidan	6833
sou	沿う	godan	3369
sou	添う	godan	4341
sou	そう	godan	5350
soukedatsu	総毛立つ	godan	6616
sourou	そうろう	godan	4803
sourou	候う	godan	5465
sousu	奏す	godan	5959
sousuru	奏する	suru	4111
sousuru	相する	suru	5904
sousuru	草する	suru	5968
souzougatsuku	想像がつく	godan	4425
sowaseru	添わせる	ichidan	6194
soyofuku	そよ吹く	godan	5815
soyofuku	そよふく	godan	6195
soyogu	そよぐ	godan	4956
soyogu	戦ぐ	godan	6828
suberasu	滑らす	godan	5617
suberasu	すべらす	godan	6715
subereru	滑れる	ichidan	4855
subereru	すべれる	ichidan	6772
suberidasu	滑り出す	godan	5775
suberideru	滑り出る	ichidan	6895
suberikomeru	滑り込める	ichidan	6346
suberikomu	滑り込む	godan	5238
suberikomu	すべりこむ	godan	6853
suberikomu	すべり込む	godan	6863
suberiochiru	滑り落ちる	ichidan	5118
suberiochiru	すべり落ちる	ichidan	6481
suberioriru	滑り降りる	ichidan	5206
suberioriru	滑り下りる	ichidan	6637
suberu	滑る	godan	3908
suberu	統べる	ichidan	4754
suberu	すべる	godan	4874
suberu	スベる	godan	5584
suberu	総べる	ichidan	6749
subomaru	すぼまる	godan	6475
subomeru	すぼめる	ichidan	5796
subomeru	窄める	ichidan	6968
subomu	すぼむ	godan	6817
sudaku	すだく	godan	5085
sudatsu	巣立つ	godan	5202
sueoku	据え置く	godan	4457
sueru	据える	ichidan	4407
sueru	吸える	ichidan	4604
sueru	すえる	ichidan	5631
suetsukeru	据え付ける	ichidan	5691
suetsukeru	据付ける	ichidan	6600
sugareru	すがれる	ichidan	6542
sugareru	縋れる	ichidan	6828
sugaritsuku	すがりつく	godan	4723
sugaritsuku	縋り付く	godan	5372
sugaritsuku	縋りつく	godan	5428
sugaritsuku	すがり付く	godan	6124
sugaru	すがる	godan	4628
sugaru	縋る	godan	5088
sugekaeru	すげ替える	ichidan	6407
sugekaeru	挿げ替える	ichidan	6652
sugeru	すげる	ichidan	6402
sugiru	すぎる	ichidan	3030
sugiru	過ぎる	ichidan	3199
sugisaru	過ぎ去る	godan	4932
sugiyuku	過ぎゆく	godan-iku	1766
sugiyuku	過ぎ行く	godan-iku	2049
sugiyuku	すぎゆく	godan-iku	3076
sugiyuku	過ぎ往く	godan-iku	4151
sugomu	凄む	godan	6110
sugomu	すごむ	godan	6459
sugoseru	過ごせる	ichidan	3025
sugoseru	すごせる	ichidan	5134
sugosu	過ごす	godan	2587
sugosu	すごす	godan	4701
sugosu	過す	godan	5625
sugureru	優れる	ichidan	3803
sugureru	すぐれる	ichidan	5682
sugureru	勝れる	ichidan	6613
suguru	勝る	ichidan	3875
suguru	すぐる	godan	5278
suguru	優る	ichidan	5331
sugusu	すぐす	godan	6103
suiageru	吸い上げる	ichidan	4732
suidaseru	吸い出せる	ichidan	6373
suidasu	吸い出す	godan	5279
suidasu	すいだす	godan	6925
suihounikisu	水泡に帰す	godan	6347
suikomeru	吸い込める	ichidan	5874
suikomu	吸い込む	godan	4265
suikomu	すいこむ	godan	6017
suikomu	吸いこむ	godan	6134
suikomu	吸込む	godan	6941
suisuru	推する	suru	5717
suisuru	すいする	suru	6334
suitoreru	吸い取れる	ichidan	6050
suitoru	吸い取る	godan	4639
suitoru	すいとる	godan	5561
suitsukeru	吸い付ける	ichidan	6561
suitsuku	吸い付く	godan	3789
suiyoseru	吸い寄せる	ichidan	5877
sujiru	すじる	godan	6815
sujiru	捩る	godan	6974
sujiwotoosu	筋を通す	godan	6014
sukaru	スカる	godan	5689
sukashimiru	透かし見る	ichidan	6673
sukasu	透かす	godan	5471
sukasu	すかす	godan	5954
sukeru	透ける	ichidan	4212
sukeru	助ける	ichidan	4623
sukeru	すける	ichidan	5861
sukikomu	すき込む	godan	6111
sukikomu	鋤き込む	godan	6782
sukikomu	漉き込む	godan	6856
sukitooru	透き通る	godan	4157
sukitooru	透きとおる	godan	5649
sukitooru	すきとおる	godan	6388
sukitooru	すき通る	godan	6931
sukitoru	すき取る	godan	6999
sukkorobu	すっ転ぶ	godan	6646
suku	すく	godan	3186
suku	空く	godan	3782
suku	漉く	godan	4884
suku	透く	godan	5047
suku	梳く	godan	5093
suku	好く	godan	5404
suku	鋤く	godan	6202
suku	抄く	godan	6249
sukueru	救える	ichidan	4344
sukueru	すくえる	ichidan	5584
sukuiageru	すくい上げる	ichidan	5238
sukuiageru	掬い上げる	ichidan	5808
sukuiageru	すくいあげる	ichidan	5964
sukuidaseru	救い出せる	ichidan	6200
sukuidasu	救い出す	godan	4851
sukuidasu	すくいだす	godan	6910
sukuitoru	すくい取る	godan	5661
sukuitoru	掬い取る	godan	6164
sukuitoru	すくいとる	godan	6322
sukumeru	すくめる	ichidan	5202
sukumeru	竦める	ichidan	6330
sukumu	すくむ	godan	5855
sukumu	竦む	godan	6527
sukuu	救う	godan	2568
sukuu	すくう	godan	3852
sukuu	巣食う	godan	4471
sukuu	掬う	godan	4755
sukuu	巣くう	godan	4959
sukuu	済う	godan	6601
sumaseru	済ませる	ichidan	3807
sumaseru	すませる	ichidan	5080
sumasu	済ます	godan	4528
sumasu	すます	godan	5064
sumasu	澄ます	godan	5384
sumau	住まう	godan	3837
sumau	すまう	godan	5554
sumawaseru	住まわせる	ichidan	5811
sumawasu	住まわす	godan	6880
sumeru	住める	ichidan	4215
sumeru	すめる	ichidan	5722
sumikaeru	住み替える	ichidan	5692
sumikiru	澄みきる	godan	6386
sumikiru	澄み切る	godan	6951
sumikomu	住み込む	godan	5992
suminasu	すみなす	godan	6563
sumitsuku	住み着く	godan	4283
sumitsuku	住みつく	godan	4854
sumitsuku	すみつく	godan	5826
sumitsuku	棲み着く	godan	5957
sumiwakeru	棲み分ける	ichidan	6588
sumiwakeru	住み分ける	ichidan	6750
sumiwataru	澄み渡る	godan	5140
sumiwataru	澄みわたる	godan	5748
sumiwataru	すみわたる	godan	6497
sumu	住む	godan	2785
sumu	済む	godan	3086
sumu	すむ	godan	3933
sumu	棲む	godan	4384
sumu	澄む	godan	5345
sunadoru	漁る	godan	5243
sunawokamu	砂を噛む	godan	6745
sunawokamu	砂をかむ	godan	6920
suneru	拗ねる	ichidan	5283
suneru	すねる	ichidan	5666
suneru	スネる	ichidan	6452
suppanuku	すっぱ抜く	godan	6049
suppokasu	すっぽかす	godan	5932
sureau	擦れ合う	godan	5173
sureau	擦れあう	godan	6233
sureau	すれあう	godan	6885
surechigaeru	すれ違える	ichidan	5730
surechigau	すれ違う	godan	3387
surechigau	すれちがう	godan	5100
surechigau	擦れ違う	godan	5547
surechigau	スレ違う	godan	6113
sureru	擦れる	ichidan	4635
sureru	すれる	ichidan	5825
sureru	刷れる	ichidan	6187
sureru	摺れる	ichidan	6860
suriageru	刷り上げる	ichidan	6814
suriawaseru	すり合わせる	ichidan	4996
suriawaseru	擦り合わせる	ichidan	5793
suriawaseru	摺り合わせる	ichidan	6986
suriherasu	すり減らす	godan	5339
suriherasu	擦り減らす	godan	6570
suriheru	すり減る	godan	5185
suriheru	擦り減る	godan	6106
suriheru	磨り減る	godan	6350
surikaeru	すり替える	ichidan	5184
surikaeru	すりかえる	ichidan	6349
surikawaru	すり替わる	godan	6011
surikireru	擦り切れる	ichidan	5378
surikireru	すり切れる	ichidan	6449
surikireru	すりきれる	ichidan	6921
surikomu	刷り込む	godan	5506
surikomu	すり込む	godan	5683
surikomu	擦り込む	godan	5767
surikomu	すりこむ	godan	6108
surimazeru	すり混ぜる	ichidan	5715
surimuku	擦りむく	godan	5806
surimuku	すりむく	godan	6050
surimuku	擦り剥く	godan	6775
surinukeru	すり抜ける	ichidan	4777
surinukeru	すり抜ける	godan	6356
surinukeru	すりぬける	ichidan	6412
suriorosu	すりおろす	godan	4756
suriorosu	すり下ろす	godan	6379
suritsubusu	すりつぶす	godan	5419
suritsubusu	すり潰す	godan	5688
suritsubusu	磨り潰す	godan	6639
suritsukeru	擦り付ける	ichidan	5716
suritsukeru	擦りつける	ichidan	5954
suritsukeru	すりつける	ichidan	6486
suriyoru	すり寄る	godan	5764
suriyoru	擦り寄る	godan	5878
suriyoru	すりよる	godan	6952
suru	する	suru	0
suru	する	godan	4702
suru	刷る	godan	5225
suru	摺る	godan	5914
suru	擦る	godan	5925
suru	剃る	godan	6033
suru	磨る	godan	6193
suru	擂る	godan	6631
suru	摩る	godan	6686
susabu	遊ぶ	godan	4356
susabu	荒ぶ	godan	6242
susabu	すさぶ	godan	6444
susamu	荒む	godan	6052
susamu	すさむ	godan	6446
susugu	すすぐ	godan	4622
susugu	雪ぐ	godan	6273
susugu	濯ぐ	godan	6486
susugu	漱ぐ	godan	6748
susumeru	進める	ichidan	2441
susumeru	勧める	ichidan	3746
susumeru	すすめる	ichidan	4081
susumeru	薦める	ichidan	4686
susumeru	奨める	ichidan	5915
susumidasu	進み出す	godan	6100
susumideru	進み出る	ichidan	5939
susumiyuku	進みゆく	godan-iku	3905
susumiyuku	進み行く	godan-iku	3915
susumu	進む	godan	2374
susumu	すすむ	godan	4182
susuriageru	すすり上げる	ichidan	6818
susuriageru	啜り上げる	ichidan	6834
susurikomu	すすり込む	godan	6843
susurinaku	すすり泣く	godan	4692
susurinaku	啜り泣く	godan	5829
susurinaku	すすりなく	godan	6028
susuru	すする	godan	4601
susuru	啜る	godan	5067
sutanbaru	スタンバる	godan	6963
sutareru	廃れる	ichidan	5066
sutareru	すたれる	ichidan	6262
sutaru	すたる	godan	5773
sutaru	廃る	godan	6103
suteoku	捨て置く	godan	5419
suteoku	すておく	godan	6972
suteru	捨てる	ichidan	3079
suteru	すてる	ichidan	5259
suteru	棄てる	ichidan	5424
sutesaru	捨て去る	godan	5225
suttobasu	すっ飛ばす	godan	5841
suttobokeru	すっとぼける	ichidan	6404
suttobu	すっ飛ぶ	godan	6410
suu	吸う	godan	2952
suu	すう	godan	3619
suwareru	座れる	ichidan	4054
suwarikomu	座り込む	godan	5160
suwarikomu	座りこむ	godan	6671
suwaru	座る	godan	3307
suwaru	すわる	godan	5307
suwaru	坐る	godan	5422
suwaru	据わる	godan	6121
suzumeru	涼める	ichidan	5921
suzumu	涼む	godan	5268
suzumu	すずむ	godan	6150
tabakaru	たばかる	godan	6990
tabaneru	束ねる	ichidan	4392
tabaneru	たばねる	ichidan	6444
tabearuku	食べ歩く	godan	4417
tabeawaseru	食べ合わせる	ichidan	6481
tabekireru	食べ切れる	ichidan	5305
tabekuraberu	食べ比べる	ichidan	5243
tabenareru	食べ慣れる	ichidan	6706
tabenokosu	食べ残す	godan	6108
taberu	食べる	ichidan	2093
taberu	たべる	ichidan	4421
tabidateru	旅立てる	ichidan	5720
tabidatsu	旅立つ	godan	4144
tabikasanaru	度重なる	godan	4152
tabikasanaru	たびかさなる	godan	6791
tabouwokiwameru	多忙を極める	ichidan	5531
taburakasu	たぶらかす	godan	5930
taburakasu	誑かす	godan	6238
tachiaeru	立ち会える	ichidan	5074
tachiaeru	立ち合える	ichidan	6959
tachiagareru	立ち上がれる	ichidan	5308
tachiagaru	立ち上がる	godan	3642
tachiagaru	立ちあがる	godan	5572
tachiagaru	たちあがる	godan	6266
tachiageru	立ち上げる	ichidan	3661
tachiageru	起ち上げる	ichidan	6239
tachiaruku	立ち歩く	godan	5475
tachiau	立ち会う	godan	3923
tachiau	立ち合う	godan	5423
tachiau	立会う	godan	5757
tachiau	立合う	godan	6804
tachiau	たちあう	godan	6819
tachidomareru	立ち止まれる	ichidan	5895
tachidomaru	立ち止まる	godan	4237
tachidomaru	立ちどまる	godan	6404
tachidomaru	たちどまる	godan	6837
tachidomaru	立ち止る	godan	6841
tachifusagaru	立ちふさがる	godan	5151
tachifusagaru	立ち塞がる	godan	5265
tachigieru	立ち消える	ichidan	6742
tachihadakaru	立ちはだかる	godan	4176
tachihadakaru	たちはだかる	godan	6496
tachihataraku	立ち働く	godan	5605
tachihataraku	立働く	godan	6940
tachiireru	立ち入れる	ichidan	6000
tachiiru	立ち入る	godan	4479
tachiiru	立入る	godan	6139
tachikaeru	立ち返る	godan	4700
tachikaeru	立ち帰る	godan	6088
tachikireru	断ち切れる	ichidan	5738
tachikiru	断ち切る	godan	4304
tachikiru	たちきる	godan	6692
tachikiru	絶ち切る	godan	6970
tachikomeru	立ち込める	ichidan	4909
tachikomeru	立ちこめる	ichidan	5610
tachikomeru	たちこめる	ichidan	5861
tachikomu	立ち込む	godan	6513
tachikomu	立ちこむ	godan	6961
tachimawareru	立ち回れる	ichidan	5039
tachimawaru	立ち回る	godan	4536
tachimodoru	立ち戻る	godan	5402
tachimukaeru	立ち向かえる	ichidan	5165
tachimukau	立ち向かう	godan	2940
tachimukau	立ち向う	godan	5774
tachimukau	たちむかう	godan	5900
tachimukau	立向かう	godan	6591
tachinaoreru	立ち直れる	ichidan	5348
tachinaoru	立ち直る	godan	4535
tachinarabu	立ち並ぶ	godan	4101
tachinarabu	建ち並ぶ	godan	4785
tachinarabu	立ちならぶ	godan	6803
tachinoboru	立ち上る	godan	4787
tachinoboru	立ちのぼる	godan	5301
tachinoboru	立ち昇る	godan	5349
tachinoboru	たちのぼる	godan	6221
tachinoku	立ち退く	godan	5182
tachinoku	立退く	godan	6402
tachinoku	たちのく	godan	6411
tachiokureru	立ち遅れる	ichidan	6655
tachisareru	立ち去れる	ichidan	6940
tachisaru	立ち去る	godan	4491
tachisaru	立去る	godan	6877
tachisukumu	立ちすくむ	godan	5628
tachisukumu	立ち竦む	godan	6761
tachitsukusu	立ち尽くす	godan	4955
tachitsukusu	立ちつくす	godan	5967
tachiyoreru	立ち寄れる	ichidan	4319
tachiyoru	立ち寄る	godan	3951
tachiyoru	立寄る	godan	6231
tachiyoru	たちよる	godan	6708
tachiyuku	立ち行く	godan-iku	3367
tachiyuku	たちゆく	godan-iku	4068
tachiyuku	立行く	godan-iku	4093
tadareru	ただれる	ichidan	5920
tadareru	爛れる	ichidan	6664
tadaseru	正せる	ichidan	6112
tadasu	正す	godan	4371
tadasu	ただす	godan	5147
tadasu	質す	godan	5991
tadasu	糺す	godan	6134
tadasu	糾す	godan	6531
tadayou	漂う	godan	2658
tadayou	ただよう	godan	4276
tadayowasu	漂わす	godan	5775
taderu	たでる	ichidan	6999
tadoreru	辿れる	ichidan	5469
tadoreru	たどれる	ichidan	5689
tadoritsukeru	たどり着ける	ichidan	4409
tadoritsukeru	辿り着ける	ichidan	4733
tadoritsukeru	たどりつける	ichidan	5489
tadoritsukeru	辿りつける	ichidan	5850
tadoritsuku	たどり着く	godan	2884
tadoritsuku	辿り着く	godan	3211
tadoritsuku	たどりつく	godan	4071
tadoritsuku	辿りつく	godan	4455
tadoru	たどる	godan	3878
tadoru	辿る	godan	3955
taekaneru	耐えかねる	ichidan	6674
taenuku	耐え抜く	godan	4528
taeru	耐える	ichidan	3395
taeru	絶える	ichidan	4745
taeru	堪える	ichidan	5001
taeru	たえる	ichidan	5641
taeshinobu	耐え忍ぶ	godan	5171
taeshinobu	堪え忍ぶ	godan	6308
taeshinogu	耐え凌ぐ	godan	6376
taeshinogu	耐えしのぐ	godan	6641
tagaeru	違える	ichidan	5851
tagaeru	たがえる	ichidan	6993
tagau	違う	godan	2661
tagau	たがう	godan	5905
tagayaseru	耕せる	ichidan	6165
tagayasu	耕す	godan	4634
tagayasu	たがやす	godan	6066
tageru	タゲる	godan	6418
tagiru	たぎる	godan	5379
tagiru	滾る	godan	5396
tagitsu	たぎつ	godan	6309
tagitsu	激つ	godan	6327
taguriyoseru	手繰り寄せる	ichidan	5353
taguriyoseru	たぐり寄せる	ichidan	5836
taguriyoseru	たぐりよせる	ichidan	6595
taguru	手繰る	godan	5731
taguru	たぐる	godan	5847
taguu	たぐう	godan	6605
taikobanwoosu	太鼓判を押す	godan	5746
taikowotataku	太鼓を叩く	godan	5268
taikowotataku	太鼓をたたく	godan	5653
taimanharu	タイマン張る	godan	6798
taimanwoharu	タイマンを張る	godan	6964
taiouzukeru	対応付ける	ichidan	5920
taiouzukeru	対応づける	ichidan	6200
tairageru	平らげる	ichidan	5440
tairageru	たいらげる	ichidan	6187
tairowotatsu	退路を断つ	godan	6358
taisu	対す	godan	5468
taisu	たいす	godan	5618
taisuru	対する	suru	732
taisuru	たいする	suru	3645
taisuru	体する	suru	5166
taisuru	帯する	suru	5856
tajirogu	たじろぐ	godan	5531
takaburu	高ぶる	godan	5207
takaburu	昂る	godan	5642
takaburu	たかぶる	godan	5960
takaburu	昂ぶる	godan	6114
takakutsuku	高く付く	godan	5067
takamaru	高まる	godan	2996
takamaru	たかまる	godan	5762
takameru	高める	ichidan	2425
takameru	たかめる	ichidan	6023
takanaru	高鳴る	godan	4710
takanaru	たかなる	godan	6944
takareru	たかれる	ichidan	6403
takaru	たかる	godan	5292
takaru	集る	godan	5862
takaru	タカる	godan	6412
takawokukuru	たかをくくる	godan	6979
takerikuruu	猛り狂う	godan	5751
takerikuruu	たけり狂う	godan	6898
takeru	炊ける	ichidan	4721
takeru	たける	ichidan	4904
takeru	長ける	ichidan	5204
takeru	猛る	godan	5609
takeru	たける	godan	6118
takeru	焚ける	ichidan	6333
takiagaru	炊きあがる	godan	6002
takiageru	炊き上げる	ichidan	5141
takiageru	焚き上げる	ichidan	6253
takikomu	炊き込む	godan	5712
takiniwataru	多岐にわたる	godan	3622
takiniwataru	多岐に渡る	godan	4572
takiniwataru	多岐に亘る	godan	6047
takitsukeru	焚きつける	ichidan	5985
takitsukeru	焚き付ける	ichidan	6238
takitsukeru	たきつける	ichidan	6467
takiwakeru	炊き分ける	ichidan	6661
taku	炊く	godan	3213
taku	たく	godan	3369
taku	焚く	godan	3978
takumashuusuru	逞しゅうする	suru	6754
takumu	たくむ	godan	6103
takuramu	企む	godan	4679
takuramu	たくらむ	godan	5422
takureru	たくれる	ichidan	6600
takuru	たくる	godan	6088
takushiageru	たくし上げる	ichidan	6262
takushiageru	たくしあげる	ichidan	6977
takusu	託す	godan	4218
takusu	たくす	godan	5659
takusu	托す	godan	6748
takusuru	託する	suru	5266
takusuru	たくする	suru	5614
takusuru	托する	suru	6401
takuwaeru	蓄える	ichidan	4374
takuwaeru	たくわえる	ichidan	5534
takuwaeru	貯える	ichidan	5969
tamageru	たまげる	ichidan	5966
tamageru	魂消る	ichidan	6939
tamanokoshininoru	玉の輿に乗る	godan	6329
tamaru	溜まる	godan	3706
tamaru	貯まる	godan	3752
tamaru	たまる	godan	3789
tamaru	溜る	godan	6250
tamaru	堪る	godan	6672
tamau	給う	godan	4744
tamau	賜う	godan	5117
tamau	たまう	godan	5128
tamawaru	賜る	godan	4929
tamawaru	たまわる	godan	5851
tamawaru	賜わる	godan	6088
tamekomeru	溜め込める	ichidan	6666
tamekomu	溜め込む	godan	4961
tamekomu	ため込む	godan	5260
tamekomu	貯め込む	godan	5705
tamekomu	ためこむ	godan	6255
tamekomu	溜めこむ	godan	6441
tamerau	ためらう	godan	3728
tamerau	躊躇う	godan	4432
tameru	貯める	ichidan	3698
tameru	ためる	ichidan	4218
tameru	溜める	ichidan	4290
tameru	矯める	ichidan	6600
tameseru	試せる	ichidan	3824
tameseru	ためせる	ichidan	5926
tamesu	試す	godan	3192
tamesu	ためす	godan	5571
tamesu	験す	godan	6804
tamoteru	保てる	ichidan	3804
tamoteru	たもてる	ichidan	6735
tamotowowakatsu	袂を分かつ	godan	5792
tamotsu	保つ	godan	2752
tamotsu	たもつ	godan	5237
tamou	たもう	godan	1043
tamou	給う	godan	5895
tamukeru	手向ける	ichidan	5685
tamukeru	たむける	ichidan	6654
tamurosuru	屯する	suru	5577
tanabiku	たなびく	godan	4211
tanabiku	棚引く	godan	5308
tananiageru	棚に上げる	ichidan	6002
tankawokiru	啖呵を切る	godan	6093
tanomeru	頼める	ichidan	4497
tanomeru	たのめる	ichidan	6147
tanomikomu	頼み込む	godan	5470
tanomikomu	頼みこむ	godan	6537
tanomikomu	たのみこむ	godan	6680
tanomu	頼む	godan	3212
tanomu	たのむ	godan	4801
tanoshimeru	楽しめる	ichidan	2083
tanoshimeru	たのしめる	ichidan	5126
tanoshimu	楽しむ	godan	2175
tanoshimu	愉しむ	godan	4356
tanoshimu	たのしむ	godan	4878
tanoshimu	樂しむ	godan	6856
tanzuru	嘆ずる	zuru	6188
tanzuru	歎ずる	zuru	6234
taorefusu	倒れ伏す	godan	6162
taorekomu	倒れ込む	godan	5131
taoreru	倒れる	ichidan	3726
taoreru	たおれる	ichidan	6011
taoreru	斃れる	ichidan	6132
taoru	たおる	godan	5920
taoru	手折る	godan	6439
taoseru	倒せる	ichidan	3589
taoseru	たおせる	ichidan	6388
taoshikomu	倒し込む	godan	6840
taosu	倒す	godan	2888
taosu	たおす	godan	5416
taosu	斃す	godan	6355
tarashikomu	たらしこむ	godan	6959
tarasu	垂らす	godan	4628
tarasu	たらす	godan	5224
tarekomeru	垂れ込める	ichidan	6290
tarekomu	垂れ込む	godan	6786
tarenagasu	垂れ流す	godan	4863
tareochiru	垂れ落ちる	ichidan	6458
tareru	垂れる	ichidan	4419
tareru	たれる	ichidan	4883
taresagaru	垂れ下がる	godan	4904
tariru	足りる	ichidan	3958
tariru	たりる	ichidan	5965
taru	足る	godan	4327
taru	たる	godan	5916
tarumu	たるむ	godan	5374
taseru	足せる	ichidan	5238
taseru	たせる	ichidan	5602
tashiageru	足し上げる	ichidan	6824
tashiawaseru	足し合わせる	ichidan	5433
tashikameru	確かめる	ichidan	3599
tashikameru	たしかめる	ichidan	5748
tashinameru	たしなめる	ichidan	5343
tashinameru	嗜める	ichidan	6039
tashinameru	窘める	ichidan	6114
tashinamu	嗜む	godan	4764
tashinamu	たしなむ	godan	5193
tasogareru	たそがれる	ichidan	6165
tasogareru	黄昏れる	ichidan	6385
tassu	達す	godan	5840
tassuru	達する	suru	2199
tassuru	たっする	suru	5702
tassuru	達っする	suru	6567
tasu	足す	godan	3879
tasu	たす	godan	4481
tasukaru	助かる	godan	3410
tasukaru	たすかる	godan	5428
tasukeaeru	助け合える	ichidan	4917
tasukeau	助け合う	godan	3747
tasukeau	たすけあう	godan	5942
tasukebunewodasu	助け舟を出す	godan	6333
tasukebunewodasu	助け船を出す	godan	6779
tasukedaseru	助け出せる	ichidan	6623
tasukedasu	助け出す	godan	5163
tasukeninaru	助けになる	godan	6317
tasukeru	助ける	ichidan	3126
tasukeru	たすける	ichidan	5208
tasukeru	救ける	ichidan	5918
tataeau	称え合う	godan	5223
tataeru	称える	ichidan	4219
tataeru	讃える	ichidan	4517
tataeru	たたえる	ichidan	4666
tataeru	湛える	ichidan	5506
tataeru	賛える	ichidan	6708
tatakaeru	戦える	ichidan	3615
tatakaeru	闘える	ichidan	5277
tatakaeru	たたかえる	ichidan	6662
tatakainuku	戦い抜く	godan	4142
tatakainuku	闘い抜く	godan	5303
tatakau	戦う	godan	2123
tatakau	闘う	godan	3252
tatakau	たたかう	godan	3889
tatakau	戰う	godan	6681
tatakebahokorigaderu	叩けば埃が出る	ichidan	6988
tatakiageru	叩き上げる	ichidan	6718
tatakidaseru	叩き出せる	ichidan	5398
tatakidaseru	たたき出せる	ichidan	6613
tatakidasu	叩き出す	godan	4722
tatakidasu	たたき出す	godan	5534
tatakifuseru	叩き伏せる	ichidan	6482
tatakikiru	叩き切る	godan	6152
tatakikiru	叩き斬る	godan	6228
tatakikomeru	叩き込める	ichidan	5591
tatakikomu	叩き込む	godan	4524
tatakikomu	たたき込む	godan	6032
tatakikomu	たたきこむ	godan	6556
tatakikorosu	叩き殺す	godan	6793
tatakikowasu	叩き壊す	godan	6100
tatakinaosu	叩き直す	godan	6281
tatakinomesu	叩きのめす	godan	5443
tatakinomesu	たたきのめす	godan	6729
tatakiokosu	叩き起こす	godan	6093
tatakiokosu	たたき起こす	godan	6881
tatakioru	叩き折る	godan	6566
tatakiotosu	叩き落とす	godan	5397
tatakiotosu	叩き落す	godan	5937
tatakiotosu	たたき落とす	godan	6572
tatakitsubusu	叩き潰す	godan	5199
tatakitsubusu	たたきつぶす	godan	6351
tatakitsukeru	叩きつける	ichidan	4428
tatakitsukeru	たたきつける	ichidan	5394
tatakitsukeru	叩き付ける	ichidan	5476
tatakiuru	叩き売る	godan	6841
tatakiwaru	叩き割る	godan	5595
tataku	叩く	godan	2634
tataku	たたく	godan	3492
tataku	敲く	godan	5778
tatameru	たためる	ichidan	4353
tatameru	畳める	ichidan	5099
tatamikakeru	畳み掛ける	ichidan	5062
tatamikakeru	畳みかける	ichidan	5220
tatamikakeru	たたみかける	ichidan	5466
tatamikakeru	たたみ掛ける	ichidan	6479
tatamikomu	畳み込む	godan	6246
tatamikomu	たたみ込む	godan	6548
tatamu	たたむ	godan	4603
tatamu	畳む	godan	4611
tataru	祟る	godan	5641
tataru	たたる	godan	6311
tatasu	立たす	godan	6129
tatasu	たたす	godan	6713
tatazumu	佇む	godan	3879
tatazumu	たたずむ	godan	4500
tatekaeru	建て替える	ichidan	4959
tatekaeru	立て替える	ichidan	5563
tatekaeru	立替える	ichidan	6969
tatekakeru	立てかける	ichidan	5196
tatekakeru	立て掛ける	ichidan	5883
tatekakeru	たてかける	ichidan	6967
tatekomoru	立てこもる	godan	5619
tatekomoru	立て籠もる	godan	6187
tatekomoru	たてこもる	godan	6545
tatekomoru	立て篭もる	godan	6680
tatekomoru	立て籠る	godan	6783
tatekomu	立て込む	godan	6010
tatekomu	建て込む	godan	6495
tatematsuru	奉る	godan	5098
tatematsuru	たてまつる	godan	5362
tatematsuru	亨る	godan	6580
tatematsuru	献る	godan	6878
tatenaoseru	立て直せる	ichidan	5362
tatenaoseru	建て直せる	ichidan	6828
tatenaosu	立て直す	godan	4337
tatenaosu	建て直す	godan	5297
tatenaosu	たてなおす	godan	6937
tateru	立てる	ichidan	2924
tateru	建てる	ichidan	3375
tateru	たてる	ichidan	4223
tateru	点てる	ichidan	5369
tateru	勃てる	ichidan	6546
tateru	断てる	ichidan	6562
tateru	絶てる	ichidan	6966
tatetsuku	楯突く	godan	5074
tatetsuku	たてつく	godan	5496
tatetsuku	盾突く	godan	5621
tatetsuku	楯つく	godan	6727
tatoeru	例える	ichidan	3663
tatoeru	たとえる	ichidan	4674
tatoeru	喩える	ichidan	5362
tatoeru	譬える	ichidan	6390
tatsu	立つ	godan	2905
tatsu	経つ	godan	3231
tatsu	たつ	godan	3526
tatsu	建つ	godan	3717
tatsu	断つ	godan	4339
tatsu	絶つ	godan	4680
tatsu	発つ	godan	5031
tatsu	起つ	godan	5601
tatsu	勃つ	godan	5776
tatsu	裁つ	godan	5986
tatsu	佇つ	godan	6222
tattobu	尊ぶ	godan	5466
tattobu	たっとぶ	godan	6417
tattobu	貴ぶ	godan	6596
tawamu	たわむ	godan	5219
tawamu	撓む	godan	6249
tawamureru	戯れる	ichidan	4568
tawamureru	弄れる	ichidan	5394
tawamureru	たわむれる	ichidan	5582
tayasu	絶やす	godan	5263
tayasu	たやす	godan	6052
tayoreru	頼れる	ichidan	3546
tayoreru	たよれる	ichidan	6246
tayorikiru	頼り切る	godan	5984
tayorininaru	頼りになる	godan	5201
tayoru	頼る	godan	3428
tayoru	たよる	godan	5676
tayumu	弛む	godan	5990
tayumu	たゆむ	godan	6346
tayutau	たゆたう	godan	4548
tayutau	揺蕩う	godan	4955
tazunearuku	訪ね歩く	godan	4889
tazunearuku	尋ね歩く	godan	6292
tazuneru	尋ねる	ichidan	3459
tazuneru	訪ねる	ichidan	3920
tazuneru	たずねる	ichidan	4763
tazuneru	訊ねる	ichidan	5058
tazusaeru	携える	ichidan	5479
tazusaeru	たずさえる	ichidan	6725
tazusawaru	携わる	godan	3173
tazusawaru	たずさわる	godan	5260
tebanaseru	手放せる	ichidan	5150
tebanasu	手放す	godan	3614
tebikaeru	手控える	ichidan	6506
tedamanitoru	手玉に取る	godan	5752
tedamanitoru	手玉にとる	godan	6413
tegakeru	手掛ける	ichidan	3027
tegakeru	手がける	ichidan	3376
tegakeru	てがける	ichidan	5974
tegakeru	手懸ける	ichidan	6970
teganobiru	手が伸びる	ichidan	5545
tegokorowokuwaeru	手心を加える	ichidan	6790
tegusunehiku	手ぐすね引く	godan	6980
teigizukeru	定義づける	ichidan	5764
teigizukeru	定義付ける	ichidan	6476
teisu	呈す	godan	5495
teisuru	呈する	suru	3124
teisuru	ていする	suru	5466
teisuru	挺する	suru	6758
teiwonasu	体をなす	godan	6998
tejimau	手仕舞う	godan	5914
tekaru	テカる	godan	5647
tekinimawasu	敵に回す	godan	5205
tekinishiowookuru	敵に塩を送る	godan	6479
tekisu	てきす	godan	5876
tekisu	適す	godan	5899
tekisu	敵す	godan	6874
tekisuru	適する	suru	3382
tekisuru	敵する	suru	5452
tekisuru	てきする	suru	6471
tekozuru	手こずる	godan	5222
tekozuru	てこずる	godan	5973
temadoru	手間取る	godan	5021
temadoru	手間どる	godan	6873
temagahabukeru	手間が省ける	ichidan	6963
temukau	手向かう	godan	6220
temukau	てむかう	godan	6805
tenareru	てなれる	ichidan	6959
tenazukeru	手懐ける	ichidan	5698
tenazukeru	てなずける	ichidan	6961
tenbinnikakeru	天秤にかける	ichidan	5390
tenbinnikakeru	天秤に掛ける	ichidan	6868
tenguninaru	天狗になる	godan	6851
teniasenigiru	手に汗握る	godan	4660
teniireru	手に入れる	ichidan	2932
tenikakeru	手に掛ける	ichidan	6613
tenjiru	転じる	ichidan	4413
tenkawotoru	天下を取る	godan	5877
tennimesareru	天に召される	ichidan	5955
tenohirawokaesu	手のひらを返す	godan	6518
tenparu	テンパる	godan	5638
tenwoaogu	天を仰ぐ	godan	5907
tenzuru	転ずる	zuru	4275
tenzuru	点ずる	zuru	5873
tenzuru	てんずる	zuru	6718
teraseru	照らせる	ichidan	5303
terashiawaseru	照らし合わせる	ichidan	4616
terashidasu	照らし出す	godan	5086
terasu	照らす	godan	3646
terasu	てらす	godan	4810
terau	てらう	godan	5534
terau	衒う	godan	6010
tereru	照れる	ichidan	4642
tereru	てれる	ichidan	6106
terihaeru	照り映える	ichidan	6438
terikaesu	照り返す	godan	6161
terikagayaku	照り輝く	godan	5398
teritsukeru	照りつける	ichidan	4950
teritsukeru	照り付ける	ichidan	5645
teru	てる	godan	4308
teru	照る	godan	5196
teru	輝る	godan	6671
teruteru	てるてる	godan	5795
tessu	徹す	godan	6921
tessuru	徹する	suru	3312
tessuru	撤する	suru	6003
tessuru	てっする	suru	6437
tetsudaeru	手伝える	ichidan	5027
tetsudau	手伝う	godan	3288
tetsudau	てつだう	godan	5936
tettsuiwokudasu	鉄槌を下す	godan	6478
tewataseru	手渡せる	ichidan	6056
tewatasu	手渡す	godan	4498
tewoawaseru	手を合わせる	ichidan	4842
tewoawasu	手を合わす	godan	6309
tewohirogeru	手を広げる	ichidan	5551
tewokomaneku	手をこまねく	godan	5987
tewokuwaeru	手を加える	ichidan	4659
tewomawasu	手を回す	godan	5690
tewosashinoberu	手を差し伸べる	ichidan	4672
tewosomeru	手を染める	ichidan	5079
tewotoriau	手を取り合う	godan	4799
tewotsukeru	手を付ける	ichidan	5085
tewoyaku	手を焼く	godan	4680
tewoyurumeru	手を緩める	ichidan	5883
tobaseru	飛ばせる	ichidan	5549
tobasu	飛ばす	godan	3610
tobasu	とばす	godan	5119
toberu	飛べる	ichidan	4012
toberu	跳べる	ichidan	5007
toberu	とべる	ichidan	5604
tobiagareru	飛び上がれる	ichidan	6778
tobiagaru	飛び上がる	godan	4923
tobiagaru	跳び上がる	godan	5912
tobiagaru	とびあがる	godan	6685
tobiagaru	飛び上る	godan	6963
tobiaruku	飛び歩く	godan	6201
tobichiru	飛び散る	godan	4517
tobichiru	とびちる	godan	6752
tobidaseru	飛び出せる	ichidan	6030
tobidasu	飛び出す	godan	3829
tobidasu	とびだす	godan	5340
tobidasu	飛びだす	godan	6010
tobidasu	跳び出す	godan	6908
tobidasu	飛出す	godan	6969
tobideru	飛び出る	ichidan	4676
tobideru	とびでる	ichidan	6937
tobideru	とび出る	ichidan	6998
tobihaneru	飛び跳ねる	ichidan	4735
tobihaneru	とびはねる	ichidan	5578
tobihaneru	跳びはねる	ichidan	6013
tobihaneru	跳び跳ねる	ichidan	6750
tobikakaru	飛びかかる	godan	5570
tobikakaru	とびかかる	godan	6111
tobikakaru	飛び掛かる	godan	6166
tobikakaru	飛び掛る	godan	6739
tobikau	飛び交う	godan	3433
tobikau	とびかう	godan	5882
tobikau	飛交う	godan	6780
tobikoeru	飛び越える	ichidan	4752
tobikoeru	とびこえる	ichidan	6814
tobikomeru	飛び込める	ichidan	5338
tobikomu	飛び込む	godan	3940
tobikomu	飛びこむ	godan	5918
tobikomu	とびこむ	godan	6249
tobikoseru	飛び越せる	ichidan	6592
tobikosu	飛び越す	godan	6044
tobikosu	跳び越す	godan	6669
tobimawareru	飛び回れる	ichidan	5798
tobimawaru	飛び回る	godan	4384
tobimawaru	飛びまわる	godan	5745
tobimawaru	とびまわる	godan	6597
tobimawaru	跳び回る	godan	6702
tobinoku	飛び退く	godan	5590
tobinoku	とびのく	godan	6917
tobinoreru	飛び乗れる	ichidan	6375
tobinoru	飛び乗る	godan	5140
tobinukeru	飛び抜ける	ichidan	6216
tobiokiru	飛び起きる	ichidan	5689
tobioriru	飛び降りる	ichidan	4552
tobioriru	飛び下りる	ichidan	6533
tobioriru	とびおりる	ichidan	6786
tobisaru	飛び去る	godan	5910
tobitateru	飛び立てる	ichidan	5861
tobitatsu	飛び立つ	godan	4396
tobitatsu	飛びたつ	godan	6268
tobitatsu	とびたつ	godan	6619
tobitatsu	翔び立つ	godan	6722
tobitsukeru	飛びつける	ichidan	6748
tobitsuku	飛びつく	godan	3819
tobitsuku	飛び付く	godan	5095
tobitsuku	とびつく	godan	5415
tobitsuku	跳びつく	godan	6471
tobiutsuru	飛び移る	godan	5318
tobokeru	とぼける	ichidan	5658
tobokeru	惚ける	ichidan	6873
tobu	飛ぶ	godan	3072
tobu	とぶ	godan	4377
tobu	跳ぶ	godan	4530
tobu	翔ぶ	godan	5520
toburau	弔う	godan	5595
tobutoriwootosu	飛ぶ鳥を落とす	godan	5231
tochiru	とちる	godan	6646
tochiru	トチる	godan	6800
todaeru	途絶える	ichidan	4614
todaeru	とだえる	ichidan	6789
todokedasu	届け出す	godan	6921
todokederu	届け出る	ichidan	4397
todokederu	届出る	ichidan	5907
todokeru	届ける	ichidan	3065
todokeru	とどける	ichidan	5535
todokooru	滞る	godan	4561
todokooru	とどこおる	godan	6628
todoku	届く	godan	1912
todoku	とどく	godan	4353
todomaru	とどまる	godan	3935
todomaru	留まる	godan	4379
todomeru	留める	ichidan	3869
todomeru	とどめる	ichidan	4321
todomeru	止める	ichidan	4499
todomewosasu	とどめを刺す	godan	5173
todomewosasu	とどめをさす	godan	5977
todomuru	とどむる	godan	6775
todorokaseru	轟かせる	ichidan	5261
todorokaseru	とどろかせる	ichidan	6251
todorokasu	轟かす	godan	5790
todorokasu	とどろかす	godan	6596
todoroku	轟く	godan	4110
todoroku	とどろく	godan	4361
toeru	問える	ichidan	5488
toeru	とえる	ichidan	6311
togameru	咎める	ichidan	4976
togameru	とがめる	ichidan	5635
togarasu	尖らす	godan	6625
togaru	尖る	godan	5258
togaru	とがる	godan	5737
togeru	遂げる	ichidan	3939
togeru	とげる	ichidan	5482
togeru	研げる	ichidan	5811
togiageru	研ぎ上げる	ichidan	6942
togidasu	研ぎ出す	godan	6617
togireru	途切れる	ichidan	3966
togireru	とぎれる	ichidan	5920
togisumasu	研ぎ澄ます	godan	5268
togu	研ぐ	godan	4597
togu	とぐ	godan	5492
togu	砥ぐ	godan	6179
togu	磨ぐ	godan	6772
togurowomaku	トグロを巻く	godan	5473
togurowomaku	とぐろを巻く	godan	5530
tohounikureru	途方に暮れる	ichidan	5064
tohounikureru	途方にくれる	ichidan	5944
toiawaseru	問い合わせる	ichidan	3818
toiawaseru	問い合せる	ichidan	5984
toiawaseru	問合せる	ichidan	6056
toikaesu	問い返す	godan	5830
toikakeru	問いかける	ichidan	4046
toikakeru	問い掛ける	ichidan	5696
toinaosu	問い直す	godan	4594
toitadasu	問いただす	godan	5064
toitadasu	問い質す	godan	5983
toitadasu	問い正す	godan	6839
toitsumeru	問い詰める	ichidan	4706
toitsumeru	問いつめる	ichidan	6237
toitsumeru	といつめる	ichidan	6911
tojikomeru	閉じ込める	ichidan	4282
tojikomeru	閉じこめる	ichidan	6010
tojikomeru	とじこめる	ichidan	6441
tojikomoru	閉じこもる	godan	5160
tojikomoru	閉じ籠もる	godan	6831
tojikomoru	とじこもる	godan	6983
tojikomu	綴じ込む	godan	6978
tojiru	閉じる	ichidan	3026
tojiru	綴る	ichidan	4633
tojiru	とじる	ichidan	4904
tojiru	綴じる	ichidan	5364
tokaseru	溶かせる	ichidan	5669
tokaseru	とかせる	ichidan	6691
tokashidasu	溶かし出す	godan	6476
tokashikomu	溶かし込む	godan	6181
tokasu	溶かす	godan	3891
tokasu	とかす	godan	4986
tokasu	梳かす	godan	5719
tokasu	解かす	godan	6108
tokasu	融かす	godan	6198
tokasu	熔かす	godan	6433
tokeau	溶け合う	godan	4210
tokeau	溶けあう	godan	5623
tokeau	とけあう	godan	5631
tokeau	解け合う	godan	6227
tokedasu	溶け出す	godan	4932
tokedasu	溶けだす	godan	5928
tokederu	溶け出る	ichidan	6365
tokekiru	溶け切る	godan	6751
tokekomeru	溶け込める	ichidan	5177
tokekomeru	とけ込める	ichidan	6933
tokekomu	溶け込む	godan	3980
tokekomu	とけこむ	godan	5802
tokekomu	とけ込む	godan	5911
tokenokoru	溶け残る	godan	6505
tokeochiru	溶け落ちる	ichidan	6452
tokeru	溶ける	ichidan	3678
tokeru	解ける	ichidan	3717
tokeru	とける	ichidan	4767
tokeru	融ける	ichidan	5579
tokeru	熔ける	ichidan	6482
tokeru	説ける	ichidan	6631
tokeyuku	溶けゆく	godan-iku	3605
tokeyuku	溶け行く	godan-iku	4085
tokiakasu	解き明かす	godan	4219
tokiakasu	解きあかす	godan	6336
tokiakasu	説き明かす	godan	6364
tokiakasu	ときあかす	godan	6925
tokifuseru	説き伏せる	ichidan	5993
tokihanasu	解き放す	godan	6888
tokihanatsu	解き放つ	godan	4492
tokihanatsu	ときはなつ	godan	6990
tokihogusu	解きほぐす	godan	5103
tokihogusu	溶きほぐす	godan	5524
tokihogusu	ときほぐす	godan	6101
tokimekasu	ときめかす	godan	6389
tokimeku	ときめく	godan	3213
tokimeku	時めく	godan	5051
tokiokosu	説き起こす	godan	6818
tokkumiau	取っ組み合う	godan	6033
tokonitsuku	床につく	godan	4726
tokonitsuku	床に就く	godan	5611
toku	解く	godan	2581
toku	説く	godan	3274
toku	とく	godan	3480
toku	溶く	godan	4323
toku	梳く	godan	6590
tokuchouzukeru	特徴づける	ichidan	4845
tokuchouzukeru	特徴付ける	ichidan	5435
tokusuru	得する	suru	3121
tokusuru	とくする	suru	5416
tokusuru	督する	suru	6162
tomadou	戸惑う	godan	3173
tomadou	とまどう	godan	4637
tomareru	泊まれる	ichidan	4113
tomareru	止まれる	ichidan	5305
tomareru	留まれる	ichidan	6047
tomareru	とまれる	ichidan	6254
tomariaruku	泊まり歩く	godan	5404
tomarikomu	泊まり込む	godan	6242
tomaru	止まる	godan	3272
tomaru	泊まる	godan	3678
tomaru	留まる	godan	4059
tomaru	とまる	godan	4509
tomaru	停まる	godan	4713
tomaru	泊る	godan	5500
tomaru	止る	godan	5974
tomaru	留る	godan	6476
tomaru	停る	godan	6850
tomasu	富ます	godan	6875
tomenihairu	止めに入る	godan	5858
tomeoku	留め置く	godan	5003
tomeoku	とめおく	godan	6650
tomeru	止める	ichidan	3156
tomeru	停める	ichidan	4285
tomeru	とめる	ichidan	4310
tomeru	富める	ichidan	5360
tomeru	泊める	ichidan	5381
tomeru	留める	ichidan	5848
tomeru	駐める	ichidan	5878
tometsukeru	留め付ける	ichidan	6836
tomeyuku	とめゆく	godan-iku	4841
tomeyuku	尋め行く	godan-iku	5224
tomonau	伴う	godan	1892
tomonau	ともなう	godan	3412
tomoru	灯る	godan	4547
tomoru	ともる	godan	5110
tomoru	点る	godan	6111
tomosu	灯す	godan	4468
tomosu	ともす	godan	5024
tomosu	点す	godan	6002
tomosu	燈す	godan	6594
tomu	富む	godan	4399
tomu	とむ	godan	5570
tomurau	弔う	godan	4098
tomurau	とむらう	godan	5752
tonaeru	唱える	ichidan	3734
tonaeru	となえる	ichidan	5594
tonaeru	称える	ichidan	5716
tonariau	隣り合う	godan	4101
tonariau	隣合う	godan	5598
tonariau	となりあう	godan	6176
tonariawaseru	隣り合わせる	ichidan	6631
tonarinoshibafugaaokumieru	隣の芝生が青く見える	ichidan	6646
tonarinoshibafuhaaokumieru	隣の芝生は青く見える	ichidan	5863
tonaru	隣る	godan	6417
tongaru	尖る	godan	6755
tongaru	とんがる	godan	6864
toonoku	遠のく	godan	4081
toonoku	遠退く	godan	5657
toonoku	とおのく	godan	6596
tooreru	通れる	ichidan	4311
toorikakaru	通りかかる	godan	5049
toorikakaru	通り掛かる	godan	6584
toorikosu	通り越す	godan	6119
toorinukeru	通り抜ける	ichidan	4356
toorisugaru	通りすがる	godan	6178
toorisugiru	通り過ぎる	ichidan	4109
toorisugiru	とおりすぎる	ichidan	6884
tooru	通る	godan	2995
tooru	とおる	godan	4967
tooru	透る	godan	6225
tooru	徹る	godan	6904
tooseru	通せる	ichidan	4613
tooseru	とおせる	ichidan	6637
toosu	通す	godan	3414
toosu	とおす	godan	5389
toosu	透す	godan	6421
toosu	徹す	godan	6451
toozakaru	遠ざかる	godan	4440
toozakeru	遠ざける	ichidan	4257
topparau	取っ払う	godan	5114
toraburu	トラブる	godan	6122
toraeru	捉える	ichidan	3123
toraeru	とらえる	ichidan	3890
toraeru	捕らえる	ichidan	4480
toraeru	捕える	ichidan	5190
toraseru	取らせる	ichidan	5302
torawareru	とらわれる	ichidan	4433
torawareru	囚われる	ichidan	4739
torawareru	捕らわれる	ichidan	5645
torawareru	捕われる	ichidan	6454
toreru	取れる	ichidan	2814
toreru	とれる	ichidan	3271
toreru	撮れる	ichidan	3564
toreru	採れる	ichidan	4123
toreru	捕れる	ichidan	5153
toriaeru	取り合える	ichidan	5609
toriageru	取り上げる	ichidan	3702
toriageru	とりあげる	ichidan	5293
toriageru	取りあげる	ichidan	5631
toriageru	採り上げる	ichidan	5901
toriageru	取上げる	ichidan	6465
toriageru	とり上げる	ichidan	6489
toriaruku	撮り歩く	godan	5533
toriatsukaeru	取り扱える	ichidan	5020
toriatsukau	取り扱う	godan	2393
toriatsukau	取扱う	godan	3412
toriatsukau	とりあつかう	godan	6086
toriatsukau	取りあつかう	godan	6365
toriau	取り合う	godan	3800
toriau	とりあう	godan	5482
toriau	取りあう	godan	5648
toriau	取合う	godan	6745
toriawaseru	取り合わせる	ichidan	6624
torichigaeru	取り違える	ichidan	5691
toridaseru	取り出せる	ichidan	4184
toridaseru	とりだせる	ichidan	6838
toridasu	取り出す	godan	3459
toridasu	取りだす	godan	5845
toridasu	とりだす	godan	5995
toridasu	取出す	godan	6172
torihadagatatsu	鳥肌が立つ	godan	5172
torihadatatsu	鳥肌立つ	godan	5681
torihakarau	取り計らう	godan	5569
torihakarau	取りはからう	godan	6655
torihakarau	とりはからう	godan	6870
toriharau	取り払う	godan	4461
toriharau	とりはらう	godan	6616
torihazuseru	取り外せる	ichidan	4519
torihazusu	取り外す	godan	3777
torihazusu	取りはずす	godan	5586
torihazusu	取外す	godan	5819
torihazusu	とりはずす	godan	6706
toriireru	取り入れる	ichidan	2952
toriireru	採り入れる	ichidan	5377
toriireru	とり入れる	ichidan	5617
toriireru	とりいれる	ichidan	5717
toriireru	摂り入れる	ichidan	5732
toriireru	取入れる	ichidan	6299
toriiru	取り入る	godan	5560
torikaeru	取り替える	ichidan	4464
torikaeru	取り換える	ichidan	4983
torikaeru	取替える	ichidan	5891
torikaeru	取りかえる	ichidan	6361
torikaeru	とりかえる	ichidan	6399
torikaeseru	取り返せる	ichidan	5238
torikaesu	取り返す	godan	4548
torikaesu	とりかえす	godan	5831
torikakaru	取り掛かる	godan	4505
torikakaru	取りかかる	godan	5001
torikakaru	とりかかる	godan	5406
torikakomu	取り囲む	godan	4315
torikakomu	とりかこむ	godan	6624
torikawasu	取り交わす	godan	5481
torikeseru	取り消せる	ichidan	5814
torikesu	取り消す	godan	3981
torikesu	取消す	godan	5598
torikimeru	取り決める	ichidan	5346
torikireru	取り切れる	ichidan	6006
torikobosu	取りこぼす	godan	5394
torikobosu	とりこぼす	godan	6997
torikomeru	取り込める	ichidan	4626
torikomeru	とりこめる	ichidan	6912
torikomu	取り込む	godan	3672
torikomu	とりこむ	godan	5971
torikomu	取りこむ	godan	6142
torikomu	採り込む	godan	6652
torikomu	摂り込む	godan	6875
torikowasu	取り壊す	godan	5239
torikumeru	取り組める	ichidan	3638
torikumeru	とりくめる	ichidan	6630
torikumu	取り組む	godan	2690
torikumu	取組む	godan	4816
torikumu	とりくむ	godan	5482
torikumu	取りくむ	godan	6394
torikumu	とり組む	godan	6468
torikuraberu	撮り比べる	ichidan	6897
torikuzusu	取り崩す	godan	5508
torimaku	取り巻く	godan	2655
torimaku	とりまく	godan	3823
torimaku	取りまく	godan	4849
torimaku	取巻く	godan	5235
torimatomeru	取りまとめる	ichidan	4905
torimatomeru	とりまとめる	ichidan	5566
torimatomeru	取り纏める	ichidan	6526
torimawaseru	取り回せる	ichidan	6544
torimawasu	取り回す	godan	6051
torimawasu	取りまわす	godan	6978
torimidasu	取り乱す	godan	5347
torimodoseru	取り戻せる	ichidan	4267
torimodoseru	とりもどせる	ichidan	6877
torimodosu	取り戻す	godan	3271
torimodosu	とりもどす	godan	5702
torimodosu	取戻す	godan	6660
torimotsu	取り持つ	godan	5220
torimotsu	とりもつ	godan	5858
torimotsu	取りもつ	godan	6991
torimusubu	取り結ぶ	godan	6396
torinaoseru	取り直せる	ichidan	6994
torinaosu	取り直す	godan	5425
torinasu	とりなす	godan	6291
torinasu	執り成す	godan	6829
torinasu	取りなす	godan	6854
torinigasu	取り逃す	godan	5826
torinigasu	取り逃がす	godan	6058
torinogasu	取り逃がす	godan	6058
torinogasu	撮り逃がす	godan	6650
torinokeru	取り除ける	ichidan	5282
torinokeru	取りのける	ichidan	6968
torinokosu	取り残す	godan	5950
torinozokeru	取り除ける	ichidan	5335
torinozoku	取り除く	godan	2520
torinozoku	とりのぞく	godan	5189
torinozoku	とり除く	godan	5343
toriokonaeru	執り行える	ichidan	6114
toriokonau	執り行う	godan	3977
toriokonau	執り行なう	godan	5814
toriokonau	とりおこなう	godan	6077
torioku	取り置く	godan	5704
torioku	とりおく	godan	5794
toriorosu	撮り下ろす	godan	6376
toriosaeru	取り押さえる	ichidan	5620
toriotosu	取り落とす	godan	6553
torisageru	取り下げる	ichidan	4813
torisageru	取下げる	ichidan	6515
torisageru	とりさげる	ichidan	6806
torisareru	とりされる	ichidan	6109
torisaru	取り去る	godan	5033
torishikiru	取り仕切る	godan	4949
torishikiru	とりしきる	godan	6570
torishikiru	取りしきる	godan	6645
torishimareru	取り締まれる	ichidan	6402
torishimaru	取り締まる	godan	4617
torishimaru	とりしまる	godan	6954
torishimaru	取り締る	godan	6955
torishiraberu	取り調べる	ichidan	5578
torishiraberu	取調べる	ichidan	6921
torisoroeru	取り揃える	ichidan	4897
torisoroeru	取りそろえる	ichidan	5345
torisorou	取り揃う	godan	6061
toritateru	取り立てる	ichidan	5373
toritateru	とりたてる	ichidan	6898
toritomeru	取り留める	ichidan	5622
toritomeru	取り止める	ichidan	5994
toritomeru	とりとめる	ichidan	5999
toritomeru	取りとめる	ichidan	6595
toritsugu	取り次ぐ	godan	5562
toritsugu	取次ぐ	godan	6865
toritsukareru	取り憑かれる	ichidan	5467
toritsukareru	取りつかれる	ichidan	6063
toritsukareru	とり憑かれる	ichidan	6863
toritsukeru	取り付ける	ichidan	3102
toritsukeru	取付ける	ichidan	4542
toritsukeru	取りつける	ichidan	5200
toritsukeru	とりつける	ichidan	5471
toritsuku	取り付く	godan	4225
toritsuku	とりつく	godan	4502
toritsuku	取り憑く	godan	4864
toritsuku	取りつく	godan	4872
toritsukurou	取り繕う	godan	4453
toritsukurou	とりつくろう	godan	5973
toritsukurou	取りつくろう	godan	6316
toritsuzukeru	取り続ける	ichidan	5073
toriwakeru	取り分ける	ichidan	5114
toriwakeru	とりわける	ichidan	6859
toriyameru	取りやめる	ichidan	4905
toriyameru	取り止める	ichidan	6035
toriyameru	とりやめる	ichidan	6237
toriyoseru	取り寄せる	ichidan	4660
toriyoseru	取寄せる	ichidan	6457
torizatasareru	取り沙汰される	ichidan	5277
torizatasareru	取沙汰される	ichidan	6947
torokasu	とろかす	godan	6747
torokeru	とろける	ichidan	3581
torokeru	蕩ける	ichidan	5439
toru	取る	godan	2417
toru	とる	godan	2680
toru	撮る	godan	2929
toru	摂る	godan	3692
toru	採る	godan	4257
toru	執る	godan	4592
toru	捕る	godan	4831
toru	録る	godan	5096
toru	盗る	godan	5735
tosakanikuru	トサカにくる	kuru	4106
tosakanikuru	とさかにくる	kuru	4898
tosakanikuru	鶏冠にくる	kuru	5260
toshigaakeru	年が明ける	ichidan	6267
toshioiru	年老いる	ichidan	6141
toshitoru	年取る	godan	5261
toshitoru	としとる	godan	6592
toshiwokasaneru	歳を重ねる	ichidan	5274
tosu	賭す	godan	6200
tosuru	賭する	suru	6064
totchimeru	とっちめる	ichidan	6609
totchirakaru	とっ散らかる	godan	6592
totchirakaru	とっちらかる	godan	6816
totonoenaosu	整え直す	godan	5981
totonoeru	整える	ichidan	2729
totonoeru	調える	ichidan	4496
totonoeru	ととのえる	ichidan	4682
totonou	整う	godan	3136
totonou	ととのう	godan	3973
totonou	調う	godan	5525
totouwokumu	徒党を組む	godan	6422
totsugeru	嫁げる	ichidan	6974
totsugu	嫁ぐ	godan	4737
totsugu	とつぐ	godan	6461
totsuru	凸る	godan	5644
tottekaesu	取って返す	godan	6867
tottekawaru	取って代わる	godan	4902
tottsukamaeru	とっ捕まえる	ichidan	6918
tottsuku	とっつく	godan	6339
tou	問う	godan	2864
tou	とう	godan	3684
tou	訪う	godan	5803
toujiru	投じる	ichidan	4347
toukakuwoarawasu	頭角を現す	godan	5515
tousuru	党する	suru	6993
toutobu	尊ぶ	godan	5148
toutobu	貴ぶ	godan	6222
toutobu	とうとぶ	godan	6772
touzuru	投ずる	zuru	4917
touzuru	とうずる	zuru	6891
toyomu	とよむ	godan	5991
tozasu	閉ざす	godan	5063
tozasu	閉す	godan	6381
tozasu	とざす	godan	6508
tsubasuru	唾する	suru	5466
tsubomeru	窄める	ichidan	6968
tsubomu	つぼむ	godan	6942
tsubonihamaru	ツボにはまる	godan	6315
tsuboru	ツボる	godan	5789
tsubureru	潰れる	ichidan	4094
tsubureru	つぶれる	ichidan	4702
tsuburu	つぶる	godan	5116
tsuburu	瞑る	godan	5483
tsubuseru	潰せる	ichidan	4753
tsubuseru	つぶせる	ichidan	5160
tsubushigakiku	潰しが効く	godan	6006
tsubushigakiku	つぶしが効く	godan	6152
tsubushigakiku	つぶしが利く	godan	6453
tsubushigakiku	潰しが利く	godan	6803
tsubusu	潰す	godan	3882
tsubusu	つぶす	godan	4358
tsubuyaku	つぶやく	godan	3410
tsubuyaku	呟く	godan	3503
tsuchikaeru	培える	ichidan	6108
tsuchikau	培う	godan	3992
tsuchikau	つちかう	godan	5825
tsudoeru	集える	ichidan	4987
tsudou	集う	godan	2994
tsudou	つどう	godan	4351
tsugaeru	つがえる	ichidan	6364
tsugaeru	番える	ichidan	6479
tsugau	番う	godan	5835
tsugau	つがう	godan	6268
tsugeru	告げる	ichidan	3484
tsugeru	注げる	ichidan	5218
tsugeru	継げる	ichidan	5687
tsugeru	つげる	ichidan	5738
tsugiawaseru	継ぎ合わせる	ichidan	6714
tsugikomeru	注ぎ込める	ichidan	6100
tsugikomeru	つぎ込める	ichidan	6328
tsugikomu	つぎ込む	godan	5169
tsugikomu	つぎこむ	godan	6590
tsugitasu	継ぎ足す	godan	5620
tsugitasu	注ぎ足す	godan	6364
tsugitasu	つぎ足す	godan	6524
tsugu	次ぐ	godan	3732
tsugu	継ぐ	godan	3831
tsugu	つぐ	godan	4256
tsugu	告ぐ	godan	4993
tsugu	注ぐ	godan	5141
tsugu	接ぐ	godan	5950
tsugu	嗣ぐ	godan	6363
tsugumu	つぐむ	godan	6622
tsugumu	噤む	godan	6846
tsugunaeru	償える	ichidan	6219
tsugunau	償う	godan	4282
tsugunau	つぐなう	godan	5732
tsuibamu	ついばむ	godan	5397
tsuibamu	啄む	godan	6138
tsuieru	潰える	ichidan	5753
tsuieru	ついえる	ichidan	6707
tsuiteikeru	ついていける	ichidan	4441
tsuiteikeru	ついて行ける	ichidan	5939
tsuiteiku	ついていく	godan	3467
tsuiteiku	ついて行く	godan	4151
tsuitemawaru	ついて回る	godan	5143
tsuitemawaru	ついてまわる	godan	5513
tsuitemawaru	付いて回る	godan	5762
tsuiteru	ついてる	ichidan	3407
tsuiteru	ツイてる	ichidan	5544
tsuiteyuku	ついて行く	godan	5037
tsuiwonasu	対を成す	godan	5886
tsuiyaseru	費やせる	ichidan	5296
tsuiyasu	費やす	godan	3906
tsuiyasu	費す	godan	6424
tsuiyasu	ついやす	godan	6690
tsujitsumagaau	辻褄が合う	godan	4811
tsujitsumagaau	つじつまが合う	godan	5390
tsujitsumawoawaseru	辻褄を合わせる	ichidan	6283
tsujitsumawoawaseru	つじつまを合わせる	ichidan	6363
tsukaeru	使える	ichidan	1964
tsukaeru	仕える	ichidan	3958
tsukaeru	支える	ichidan	4130
tsukaeru	つかえる	ichidan	4315
tsukaeru	遣える	ichidan	5441
tsukaifurusu	使い古す	godan	6878
tsukaihatasu	使い果たす	godan	5298
tsukaikireru	使い切れる	ichidan	5738
tsukaikiru	使い切る	godan	4067
tsukaikomu	使い込む	godan	4376
tsukaikomu	使いこむ	godan	6011
tsukaikonaseru	使いこなせる	ichidan	3990
tsukaikonaseru	つかいこなせる	ichidan	6913
tsukaikonasu	使いこなす	godan	3777
tsukaikonasu	つかいこなす	godan	6515
tsukaikonasu	使い熟す	godan	6856
tsukaimawasu	使い回す	godan	4855
tsukaimawasu	使いまわす	godan	5233
tsukainareru	使い慣れる	ichidan	5718
tsukaisuteru	使い捨てる	ichidan	5466
tsukaitaosu	使い倒す	godan	5093
tsukaiwakeru	使い分ける	ichidan	3514
tsukamaeru	捕まえる	ichidan	3780
tsukamaeru	つかまえる	ichidan	5015
tsukamaeru	掴まえる	ichidan	6338
tsukamaru	捕まる	godan	4201
tsukamaru	つかまる	godan	5025
tsukamaru	掴まる	godan	5666
tsukamaru	捉まる	godan	6981
tsukamatsuru	仕る	godan	5943
tsukamatsuru	つかまつる	godan	6314
tsukameru	掴める	ichidan	4337
tsukameru	つかめる	ichidan	4375
tsukamiageru	つかみ上げる	ichidan	6682
tsukamiau	つかみ合う	godan	6372
tsukamiau	掴み合う	godan	6401
tsukamikakaru	掴みかかる	godan	6093
tsukamikakaru	つかみかかる	godan	6436
tsukamitoru	掴み取る	godan	4797
tsukamitoru	つかみ取る	godan	5338
tsukamu	掴む	godan	3511
tsukamu	つかむ	godan	3701
tsukamu	摑む	godan	6289
tsukaneru	束ねる	ichidan	5959
tsukarehateru	疲れ果てる	ichidan	5543
tsukarekiru	疲れ切る	godan	6538
tsukareru	疲れる	ichidan	3464
tsukareru	つかれる	ichidan	4986
tsukareru	憑かれる	ichidan	5756
tsukaru	浸かる	godan	4108
tsukaru	つかる	godan	4686
tsukaru	漬かる	godan	5745
tsukasadoru	司る	godan	3917
tsukasadoru	つかさどる	godan	4354
tsukasadoru	掌る	godan	5806
tsukasadoru	宰る	godan	6867
tsukasu	つかす	godan	6247
tsukasu	尽かす	godan	6581
tsukau	使う	godan	1049
tsukau	つかう	godan	3378
tsukau	遣う	godan	4373
tsukaumatsuru	仕うまつる	godan	6491
tsukawasu	遣わす	godan	5563
tsukawasu	つかわす	godan	6142
tsukeagaru	つけあがる	godan	5876
tsukeagaru	つけ上がる	godan	6414
tsukeagaru	付け上がる	godan	6463
tsukeawaseru	付け合わせる	ichidan	6312
tsukeiru	付け入る	godan	5392
tsukeiru	つけ入る	godan	6080
tsukeiru	つけいる	godan	6479
tsukekaeru	付け替える	ichidan	4546
tsukekaeru	つけかえる	ichidan	6338
tsukekaeru	付けかえる	ichidan	6946
tsukekaeru	付け換える	ichidan	6953
tsukekomu	漬け込む	godan	4626
tsukekomu	つけ込む	godan	5575
tsukekomu	つけこむ	godan	5860
tsukekomu	付け込む	godan	6008
tsukekomu	漬けこむ	godan	6098
tsukekomu	漬込む	godan	6725
tsukekomu	浸け込む	godan	6826
tsukekuwaeru	付け加える	ichidan	4135
tsukekuwaeru	つけ加える	ichidan	5810
tsukekuwaeru	つけくわえる	ichidan	6403
tsukekuwawaru	付け加わる	godan	6578
tsukemawasu	付け回す	godan	6531
tsukemawasu	つけ回す	godan	6628
tsukemawasu	つけまわす	godan	6968
tsukenerau	付け狙う	godan	5271
tsukenerau	つけ狙う	godan	5394
tsukenerau	つけねらう	godan	6413
tsukeoku	つけ置く	godan	5914
tsukeoku	つけおく	godan	6053
tsukeoku	浸け置く	godan	6059
tsukeru	つける	ichidan	2521
tsukeru	付ける	ichidan	3102
tsukeru	着ける	ichidan	4056
tsukeru	漬ける	ichidan	4300
tsukeru	就ける	ichidan	4794
tsukeru	浸ける	ichidan	4844
tsukeru	点ける	ichidan	4943
tsukeru	突ける	ichidan	4974
tsukeru	附ける	ichidan	6370
tsuketaseru	付け足せる	ichidan	6587
tsuketasu	付け足す	godan	5088
tsuketasu	つけ足す	godan	6625
tsuketasu	つけたす	godan	6882
tsukiaeru	付き合える	ichidan	4424
tsukiaeru	つきあえる	ichidan	5877
tsukiaeru	つき合える	ichidan	6341
tsukiageru	突き上げる	ichidan	4960
tsukiageru	つきあげる	ichidan	6796
tsukiataru	突き当たる	godan	5143
tsukiataru	つきあたる	godan	6513
tsukiataru	突き当る	godan	6800
tsukiau	付き合う	godan	2840
tsukiau	つきあう	godan	4306
tsukiau	つき合う	godan	4745
tsukiau	付合う	godan	6371
tsukiawaseru	突き合わせる	ichidan	5499
tsukiawasu	突合す	godan	6174
tsukidaseru	突き出せる	ichidan	6998
tsukidasu	突き出す	godan	4615
tsukidasu	つきだす	godan	6566
tsukidasu	突きだす	godan	6819
tsukidasu	突出す	godan	6980
tsukideru	突き出る	ichidan	5291
tsukigamichiru	月が満ちる	ichidan	6874
tsukihanaseru	突き放せる	ichidan	6845
tsukihanasu	突き放す	godan	4668
tsukihanasu	突き離す	godan	6806
tsukihateru	尽き果てる	ichidan	6047
tsukiireru	突き入れる	ichidan	6806
tsukikaesu	突き返す	godan	6090
tsukikorosu	突き殺す	godan	6860
tsukikuzusu	突き崩す	godan	6155
tsukimatou	つきまとう	godan	3944
tsukimatou	付きまとう	godan	4191
tsukimatou	付き纏う	godan	4946
tsukimatou	つき纏う	godan	6796
tsukinukeru	突き抜ける	ichidan	4519
tsukinukeru	つきぬける	ichidan	6476
tsukinuku	突き抜く	godan	6015
tsukiotosu	突き落とす	godan	5073
tsukiotosu	突き落す	godan	6845
tsukiru	尽きる	ichidan	3728
tsukiru	つきる	ichidan	4964
tsukisasaru	突き刺さる	godan	4495
tsukisasaru	つきささる	godan	6535
tsukisaseru	突き刺せる	ichidan	6807
tsukisasu	突き刺す	godan	4611
tsukisasu	つきさす	godan	6624
tsukishitagau	付き従う	godan	4755
tsukishitagau	つきしたがう	godan	6592
tsukisoeru	付き添える	ichidan	6495
tsukisou	付き添う	godan	4282
tsukisou	つきそう	godan	6401
tsukisou	付添う	godan	6500
tsukisusumeru	突き進める	ichidan	5836
tsukisusumu	突き進む	godan	4154
tsukisusumu	つきすすむ	godan	6935
tsukitaosu	突き倒す	godan	6940
tsukitateru	突き立てる	ichidan	5452
tsukitatsu	突き立つ	godan	6670
tsukitobasu	突き飛ばす	godan	5475
tsukitobasu	つきとばす	godan	6877
tsukitomeru	突き止める	ichidan	4338
tsukitomeru	つきとめる	ichidan	5745
tsukitooseru	突き通せる	ichidan	6889
tsukitoosu	突き通す	godan	5731
tsukitsukeru	突きつける	ichidan	4617
tsukitsukeru	つきつける	ichidan	5299
tsukitsukeru	突き付ける	ichidan	5428
tsukitsumeru	突き詰める	ichidan	4512
tsukitsumeru	つきつめる	ichidan	6110
tsukitsumeru	突きつめる	ichidan	6613
tsukiugokasu	突き動かす	godan	5190
tsukiyabureru	突き破れる	ichidan	6770
tsukiyaburu	突き破る	godan	5192
tsukkaeru	支える	ichidan	4130
tsukkaeru	つっかえる	ichidan	5811
tsukkakaru	突っかかる	godan	5527
tsukkakaru	つっかかる	godan	6011
tsukkakaru	突っ掛かる	godan	6930
tsukkakeru	突っ掛ける	ichidan	6584
tsukkiru	突っ切る	godan	5442
tsukkomeru	突っ込める	ichidan	5405
tsukkomeru	ツッコめる	ichidan	6340
tsukkomeru	つっこめる	ichidan	6685
tsukkomu	突っ込む	godan	4008
tsukkomu	ツッコむ	godan	4944
tsukkomu	つっこむ	godan	5330
tsukkomu	突っこむ	godan	6632
tsuku	つく	godan	1697
tsuku	付く	godan	2253
tsuku	着く	godan	2613
tsuku	就く	godan	3019
tsuku	突く	godan	3263
tsuku	点く	godan	4083
tsuku	吐く	godan	4409
tsuku	憑く	godan	4557
tsuku	築く	godan	4592
tsuku	衝く	godan	4674
tsuku	撞く	godan	4753
tsuku	搗く	godan	5075
tsuku	尽く	godan	5140
tsuku	附く	godan	5513
tsuku	即く	godan	5874
tsuku	従く	godan	6991
tsukubau	つくばう	godan	6551
tsukureru	作れる	ichidan	2728
tsukureru	つくれる	ichidan	4041
tsukureru	創れる	ichidan	5148
tsukureru	造れる	ichidan	5247
tsukuriageru	作り上げる	ichidan	3690
tsukuriageru	創り上げる	ichidan	4607
tsukuriageru	つくりあげる	ichidan	5070
tsukuriageru	作りあげる	ichidan	5160
tsukuriageru	造り上げる	ichidan	5636
tsukuriageru	つくり上げる	ichidan	6197
tsukuriageru	造りあげる	ichidan	6536
tsukuridaseru	作り出せる	ichidan	4657
tsukuridaseru	創り出せる	ichidan	5610
tsukuridaseru	つくりだせる	ichidan	6295
tsukuridasu	作り出す	godan	3426
tsukuridasu	創り出す	godan	4194
tsukuridasu	つくり出す	godan	4735
tsukuridasu	つくりだす	godan	4882
tsukuridasu	作りだす	godan	5061
tsukuridasu	造り出す	godan	5534
tsukuridasu	造りだす	godan	6294
tsukurikaeru	作り変える	ichidan	5070
tsukurikaeru	作り替える	ichidan	5275
tsukurikaeru	作りかえる	ichidan	6254
tsukurikaeru	つくりかえる	ichidan	6302
tsukurikaeru	創り変える	ichidan	6553
tsukurikiru	作り切る	godan	6477
tsukurikomu	作り込む	godan	4901
tsukurikomu	造り込む	godan	6725
tsukurinaosu	作り直す	godan	4390
tsukurinaosu	つくりなおす	godan	6752
tsukurioku	作り置く	godan	6123
tsukuroeru	繕える	ichidan	6504
tsukurou	つくろう	godan	4219
tsukurou	繕う	godan	4823
tsukuru	作る	godan	1940
tsukuru	つくる	godan	2678
tsukuru	創る	godan	3524
tsukuru	造る	godan	3875
tsukuseru	尽くせる	ichidan	4935
tsukuseru	つくせる	ichidan	5835
tsukusu	尽くす	godan	3826
tsukusu	つくす	godan	5221
tsukusu	尽す	godan	5529
tsukutsuku	つくつく	godan	5036
tsumabiku	爪弾く	godan	5166
tsumabiku	つま弾く	godan	5653
tsumabiku	つまびく	godan	5812
tsumameru	つまめる	ichidan	5141
tsumameru	摘める	ichidan	6353
tsumamiageru	つまみ上げる	ichidan	6300
tsumamiageru	つまみあげる	ichidan	6905
tsumamidaseru	つまみ出せる	ichidan	6410
tsumamidasu	つまみ出す	godan	6366
tsumamu	つまむ	godan	4551
tsumamu	摘む	godan	6214
tsumaru	詰まる	godan	3961
tsumaru	つまる	godan	4871
tsumasareru	つまされる	ichidan	5414
tsumazuku	つまずく	godan	3716
tsumazuku	躓く	godan	4288
tsumeawaseru	詰め合わせる	ichidan	6262
tsumekaeru	詰め替える	ichidan	5244
tsumekaeru	つめかえる	ichidan	6717
tsumekakeru	詰めかける	ichidan	5641
tsumekakeru	詰め掛ける	ichidan	6509
tsumekakeru	つめかける	ichidan	6726
tsumekiru	詰め切る	godan	6500
tsumekomeru	詰め込める	ichidan	5170
tsumekomu	詰め込む	godan	4335
tsumekomu	つめこむ	godan	6395
tsumekomu	詰めこむ	godan	6605
tsumenihiwotomosu	爪に火を灯す	godan	6875
tsumenihiwotomosu	爪に火をともす	godan	6901
tsumeru	詰める	ichidan	3762
tsumeru	積める	ichidan	4130
tsumeru	つめる	ichidan	5054
tsumeru	つめる	godan	6326
tsumeru	摘める	ichidan	6351
tsumewotogu	爪を研ぐ	godan	6466
tsumewotogu	爪をとぐ	godan	6644
tsumeyoru	詰め寄る	godan	4918
tsumeyoru	つめよる	godan	6968
tsumiagaru	積み上がる	godan	5034
tsumiageru	積み上げる	ichidan	4230
tsumiageru	積上げる	ichidan	6603
tsumiageru	つみあげる	ichidan	6994
tsumidasu	積み出す	godan	6618
tsumikaeru	積み替える	ichidan	6046
tsumikasanaru	積み重なる	godan	4510
tsumikasaneru	積み重ねる	ichidan	3888
tsumikomeru	積み込める	ichidan	5688
tsumikomu	積み込む	godan	4846
tsumikomu	積込む	godan	6684
tsumimasu	積み増す	godan	6009
tsumiorosu	積み下ろす	godan	6767
tsumisuru	罪する	suru	6081
tsumisuru	つみする	suru	6948
tsumitateru	積み立てる	ichidan	4825
tsumitateru	積立てる	ichidan	6317
tsumitoreru	摘み取れる	ichidan	6778
tsumitoru	摘み取る	godan	5123
tsumitsukeru	積み付ける	ichidan	6768
tsumiwokiseru	罪を着せる	ichidan	6229
tsumogiru	ツモ切る	godan	6801
tsumoritsumoru	積もり積もる	godan	6576
tsumoru	積もる	godan	4379
tsumoru	つもる	godan	5476
tsumoru	ツモる	godan	5707
tsumoru	積る	godan	6181
tsumu	積む	godan	3410
tsumu	詰む	godan	4442
tsumu	つむ	godan	4618
tsumu	摘む	godan	4717
tsumugidasu	紡ぎ出す	godan	4980
tsumugidasu	つむぎ出す	godan	6769
tsumugu	紡ぐ	godan	3883
tsumugu	つむぐ	godan	4904
tsumuru	つむる	godan	5543
tsumuru	瞑る	godan	5701
tsunagaru	つながる	godan	2465
tsunagaru	繋がる	godan	2899
tsunagaru	繫がる	godan	5700
tsunageru	つなげる	ichidan	3308
tsunageru	繋げる	ichidan	3584
tsunageru	繫げる	ichidan	6588
tsunagiawaseru	つなぎ合わせる	ichidan	5036
tsunagiawaseru	繋ぎ合わせる	ichidan	5230
tsunagikaeru	繋ぎ変える	ichidan	6531
tsunagikaeru	つなぎ替える	ichidan	6720
tsunagitomeru	繋ぎ止める	ichidan	5388
tsunagitomeru	つなぎとめる	ichidan	5491
tsunagitomeru	つなぎ止める	ichidan	6006
tsunagitomeru	つなぎ留める	ichidan	6630
tsunagitomeru	繋ぎ留める	ichidan	6671
tsunagu	つなぐ	godan	3046
tsunagu	繋ぐ	godan	3382
tsunagu	繫ぐ	godan	6204
tsunagu	絆ぐ	godan	6961
tsuneru	つねる	godan	5646
tsunnomeru	つんのめる	godan	6045
tsunoraseru	募らせる	ichidan	5212
tsunoraseru	つのらせる	ichidan	6270
tsunorasu	募らす	godan	6914
tsunoru	募る	godan	4127
tsunoru	つのる	godan	5249
tsunowotameteushiwokorosu	角を矯めて牛を殺す	godan	6817
tsunzaku	つんざく	godan	4619
tsunzaku	劈く	godan	5379
tsuppaneru	突っぱねる	ichidan	5542
tsuppaneru	つっぱねる	ichidan	6650
tsuppareru	突っ張れる	ichidan	6819
tsupparu	突っ張る	godan	5131
tsupparu	つっぱる	godan	5405
tsupparu	ツッパる	godan	6685
tsuppashireru	突っ走れる	ichidan	6315
tsuppashiru	突っ走る	godan	4772
tsuppashiru	つっぱしる	godan	6777
tsuppusu	突っ伏す	godan	6253
tsurakuataru	辛く当たる	godan	6288
tsuranaru	連なる	godan	4047
tsuranaru	つらなる	godan	5600
tsuranaru	列なる	godan	6880
tsuraneru	連ねる	ichidan	4690
tsuraneru	つらねる	ichidan	6313
tsuranukeru	貫ける	ichidan	5347
tsuranukikomu	穿きこむ	godan	6682
tsuranukitooseru	貫き通せる	ichidan	6369
tsuranukitoosu	貫き通す	godan	5025
tsuranuku	貫く	godan	2927
tsuranuku	つらぬく	godan	4587
tsuranuku	穿く	godan	5648
tsurareru	つられる	ichidan	5589
tsurearuku	連れ歩く	godan	4982
tsuredaseru	連れ出せる	ichidan	6352
tsuredasu	連れ出す	godan	4839
tsuredatsu	連れ立つ	godan	6757
tsurekaeru	連れ帰る	godan	5304
tsurekomeru	連れ込める	ichidan	6905
tsurekomu	連れ込む	godan	5482
tsuremawasu	連れ回す	godan	5871
tsuremodoseru	連れ戻せる	ichidan	6803
tsuremodosu	連れ戻す	godan	5101
tsureru	釣れる	ichidan	3458
tsureru	つれる	ichidan	5699
tsureru	連れる	ichidan	5830
tsureru	吊れる	ichidan	6061
tsuresaru	連れ去る	godan	5343
tsuresou	連れ添う	godan	5240
tsureteiku	連れて行く	godan	4114
tsuriagaru	釣り上がる	godan	6042
tsuriagaru	吊り上がる	godan	6519
tsuriagaru	つり上がる	godan	6759
tsuriageru	釣り上げる	ichidan	4625
tsuriageru	吊り上げる	ichidan	5166
tsuriageru	つり上げる	ichidan	5913
tsuriageru	釣りあげる	ichidan	5931
tsuriageru	つりあげる	ichidan	6749
tsuriaruku	釣り歩く	godan	5291
tsuriau	釣り合う	godan	4439
tsuriau	つり合う	godan	5528
tsuriau	つりあう	godan	5583
tsuriau	釣合う	godan	6616
tsuriau	釣りあう	godan	6681
tsuridasu	釣り出す	godan	6385
tsurikudaru	釣り下る	godan	6947
tsurisagaru	吊り下がる	godan	6520
tsurisageru	吊り下げる	ichidan	4949
tsurisageru	つり下げる	ichidan	6227
tsuru	釣る	godan	3833
tsuru	つる	godan	4437
tsuru	吊る	godan	4895
tsuru	攣る	godan	5717
tsurumu	つるむ	godan	5336
tsuruseru	吊るせる	ichidan	5558
tsuruseru	吊せる	ichidan	6943
tsuruseru	つるせる	ichidan	6946
tsurushiageru	吊し上げる	ichidan	6478
tsurushiageru	吊るし上げる	ichidan	6494
tsurushiageru	つるし上げる	ichidan	6588
tsurusu	吊るす	godan	4459
tsurusu	つるす	godan	5322
tsurusu	吊す	godan	5770
tsuruttsuru	つるっつる	godan	6752
tsutaekiku	伝え聞く	godan	5017
tsutaenokosu	伝え残す	godan	6391
tsutaeru	伝える	ichidan	2277
tsutaeru	つたえる	ichidan	5150
tsutaetsugu	伝え継ぐ	godan	6731
tsutaheru	伝へる	ichidan	6473
tsutaiaruku	伝い歩く	godan	6934
tsutaiochiru	伝い落ちる	ichidan	6849
tsutau	伝う	godan	4293
tsutau	つたう	godan	5029
tsutau	傳う	godan	6521
tsutawaru	伝わる	godan	2893
tsutawaru	つたわる	godan	5610
tsutomaru	務まる	godan	5069
tsutomaru	勤まる	godan	5960
tsutomaru	つとまる	godan	6294
tsutomeageru	勤め上げる	ichidan	5782
tsutomeru	務める	ichidan	2764
tsutomeru	努める	ichidan	3434
tsutomeru	勤める	ichidan	3789
tsutomeru	つとめる	ichidan	4281
tsutomeru	勉める	ichidan	6764
tsutsuku	つつく	godan	4035
tsutsuku	突く	godan	5579
tsutsuku	突付く	godan	6135
tsutsumeru	包める	ichidan	5884
tsutsumikakusu	包み隠す	godan	5975
tsutsumikomeru	包み込める	ichidan	5804
tsutsumikomu	包み込む	godan	3742
tsutsumikomu	包みこむ	godan	5327
tsutsumikomu	つつみ込む	godan	6112
tsutsumikomu	つつみこむ	godan	6189
tsutsumu	包む	godan	3714
tsutsumu	つつむ	godan	5231
tsutsumu	慎む	godan	6409
tsutsushimu	慎む	godan	4912
tsutsushimu	つつしむ	godan	5892
tsutsushimu	謹しむ	godan	6437
tsuttateru	突っ立てる	ichidan	6690
tsuttsuku	突っつく	godan	4981
tsuttsuku	つっつく	godan	5223
tsuttsuku	突っ突く	godan	6888
tsuuburu	通ぶる	godan	6620
tsuujiau	通じ合う	godan	4443
tsuujiru	通じる	ichidan	3311
tsuujiru	つうじる	ichidan	6390
tsuuzuru	通ずる	zuru	3124
tsuuzuru	つうずる	zuru	6159
tsuyameku	艶めく	godan	4538
tsuyameku	つやめく	godan	5349
tsuyameku	艷めく	godan	6941
tsuyobukumu	強含む	godan	6784
tsuyogaru	強がる	godan	5259
tsuyomaru	強まる	godan	4012
tsuyomeru	強める	ichidan	4008
tsuyomeru	つよめる	ichidan	6628
tsuzukeru	続ける	ichidan	2659
tsuzukeru	つづける	ichidan	4971
tsuzuku	続く	godan	1514
tsuzuku	つづく	godan	2814
tsuzureru	綴れる	ichidan	6259
tsuzuru	綴る	godan	4280
tsuzuru	つづる	godan	4796
ubaeru	奪える	ichidan	4779
ubaiau	奪い合う	godan	4014
ubaiau	うばいあう	godan	6829
ubaikaesu	奪い返す	godan	5226
ubaisaru	奪い去る	godan	5629
ubaitoreru	奪い取れる	ichidan	6561
ubaitoru	奪い取る	godan	4903
ubaitoru	うばいとる	godan	6657
ubau	奪う	godan	2778
ubau	うばう	godan	5084
ubenau	肯う	godan	6460
ubenau	うべなう	godan	6592
ubenau	諾う	godan	6690
uchiaeru	打ち合える	ichidan	6296
uchiaeru	撃ち合える	ichidan	6472
uchiagaru	打ち上がる	godan	5133
uchiageru	打ち上げる	ichidan	4559
uchiageru	打上げる	ichidan	6435
uchiakeru	打ち明ける	ichidan	4223
uchiakeru	うちあける	ichidan	6658
uchiakeru	打ちあける	ichidan	6864
uchiau	打ち合う	godan	4557
uchiau	撃ち合う	godan	4742
uchiau	打ちあう	godan	6468
uchiawaseru	打ち合わせる	ichidan	6054
uchidaseru	打ち出せる	ichidan	5543
uchidasu	打ち出す	godan	4299
uchidasu	撃ち出す	godan	5455
uchidasu	うちだす	godan	6462
uchidasu	打ちだす	godan	6529
uchifurueru	打ち震える	ichidan	6025
uchiharau	打ち払う	godan	5341
uchiharau	うちはらう	godan	6382
uchihatasu	討ち果たす	godan	6255
uchihishigareru	打ちひしがれる	ichidan	5405
uchihorobosu	討ち滅ぼす	godan	6489
uchiiru	討ち入る	godan	6752
uchikaeru	打ち替える	ichidan	6227
uchikaeseru	打ち返せる	ichidan	6197
uchikaesu	打ち返す	godan	5110
uchikaesu	撃ち返す	godan	6238
uchikateru	打ち勝てる	ichidan	5664
uchikatsu	打ち勝つ	godan	4513
uchikatsu	打ち克つ	godan	5788
uchikatsu	うちかつ	godan	6716
uchikatsu	撃ち勝つ	godan	6794
uchikeseru	打ち消せる	ichidan	5645
uchikesu	打ち消す	godan	4442
uchikireru	打ち切れる	ichidan	6515
uchikiru	打ち切る	godan	4896
uchikomeru	打ち込める	ichidan	4725
uchikomeru	撃ち込める	ichidan	6172
uchikomu	打ち込む	godan	3979
uchikomu	撃ち込む	godan	5138
uchikomu	打ちこむ	godan	6016
uchikomu	打込む	godan	6325
uchikomu	うちこむ	godan	6435
uchikorosu	撃ち殺す	godan	5635
uchikorosu	打ち殺す	godan	6466
uchikowasu	打ち壊す	godan	6267
uchikudakeru	打ち砕ける	ichidan	6817
uchikudaku	打ち砕く	godan	4094
uchikudaku	うちくだく	godan	6348
uchikudaku	打ちくだく	godan	6599
uchikuzuseru	打ち崩せる	ichidan	6946
uchikuzusu	打ち崩す	godan	6050
uchimakasu	打ち負かす	godan	4948
uchimakeru	撃ち負ける	ichidan	6141
uchimakeru	打ち負ける	ichidan	6300
uchimakuru	撃ちまくる	godan	5247
uchimakuru	打ちまくる	godan	5776
uchinaosu	打ち直す	godan	5752
uchinarasu	打ち鳴らす	godan	5520
uchinomesu	打ちのめす	godan	5732
uchinukeru	撃ち抜ける	ichidan	6284
uchinukeru	打ち抜ける	ichidan	6554
uchinuku	撃ち抜く	godan	4367
uchinuku	打ち抜く	godan	4936
uchinuku	打抜く	godan	6382
uchinuku	うちぬく	godan	6606
uchiorosu	打ち下ろす	godan	6038
uchiotoseru	撃ち落とせる	ichidan	6205
uchiotosu	撃ち落とす	godan	5281
uchiotosu	うちおとす	godan	5717
uchiotosu	打ち落とす	godan	6052
uchiotosu	撃ち落す	godan	6679
uchisonjiru	打ち損じる	ichidan	6888
uchisueru	打ち据える	ichidan	6419
uchisuteru	打ち捨てる	ichidan	6761
uchisuteru	打捨てる	ichidan	6820
uchitaoseru	打ち倒せる	ichidan	6875
uchitaosu	打ち倒す	godan	5364
uchitaosu	打倒す	godan	6479
uchitaosu	撃ち倒す	godan	6615
uchitaosu	討ち倒す	godan	6848
uchitateru	打ち立てる	ichidan	5231
uchitateru	うちたてる	ichidan	6889
uchitokeru	打ち解ける	ichidan	4706
uchitokeru	うちとける	ichidan	6568
uchitoreru	討ち取れる	ichidan	6390
uchitoreru	打ち取れる	ichidan	6455
uchitoru	討ち取る	godan	5354
uchitoru	打ち取る	godan	5367
uchitoru	討取る	godan	6885
uchitsukeru	打ち付ける	ichidan	5078
uchitsukeru	打ちつける	ichidan	5455
uchitsukeru	うちつける	ichidan	6890
uchitsuzuku	打ち続く	godan	5795
uchitsuzuku	うち続く	godan	6166
uchitsuzuku	うちつづく	godan	6581
uchitsuzuku	打続く	godan	6662
uchiwakeru	打ち分ける	ichidan	5365
uchiyabureru	打ち破れる	ichidan	6102
uchiyaburu	打ち破る	godan	4544
uchiyaburu	撃ち破る	godan	6660
uchiyoseru	打ち寄せる	ichidan	4990
udaru	うだる	godan	5079
udaru	茹だる	godan	6365
udewoageru	腕を上げる	ichidan	6277
udewofuruu	腕を振るう	godan	4858
udewofuruu	腕をふるう	godan	5210
udewofuruu	腕を揮う	godan	6956
udewomigaku	腕を磨く	godan	6379
uekaeru	植え替える	ichidan	4662
uekomu	植え込む	godan	5661
uenitatsu	上に立つ	godan	4586
ueru	植える	ichidan	3665
ueru	飢える	ichidan	5258
ueru	うえる	ichidan	5913
uetsukeru	植え付ける	ichidan	4492
uetsukeru	植えつける	ichidan	5351
ugatsu	穿つ	godan	5062
ugatsu	うがつ	godan	6126
ugokaseru	動かせる	ichidan	3804
ugokasu	動かす	godan	2793
ugokasu	うごかす	godan	5638
ugokeru	動ける	ichidan	3588
ugokeru	うごける	ichidan	6676
ugokidasu	動き出す	godan	3753
ugokidasu	動きだす	godan	5187
ugokimawareru	動き回れる	ichidan	5053
ugokimawaru	動き回る	godan	4169
ugoku	動く	godan	1664
ugoku	うごく	godan	3954
ugomeku	蠢く	godan	4114
ugomeku	うごめく	godan	4199
ukaberu	浮かべる	ichidan	4067
ukaberu	うかべる	ichidan	5929
ukaberu	浮べる	ichidan	6255
ukabiagaru	浮かび上がる	godan	4042
ukabiagaru	浮び上がる	godan	6690
ukabiagaru	うかびあがる	godan	6936
ukabu	浮かぶ	godan	3365
ukabu	うかぶ	godan	5292
ukabu	浮ぶ	godan	5664
ukagaeru	うかがえる	ichidan	4001
ukagaeru	伺える	ichidan	4155
ukagaeru	窺える	ichidan	4537
ukagaishiru	うかがい知る	godan	5218
ukagaishiru	窺い知る	godan	5449
ukagaiwotateru	伺いを立てる	ichidan	6663
ukagau	伺う	godan	3030
ukagau	うかがう	godan	3907
ukagau	窺う	godan	4455
ukagau	覗う	godan	5983
ukareru	浮かれる	ichidan	5171
ukareru	うかれる	ichidan	6669
ukaru	受かる	godan	3660
ukaru	うかる	godan	5609
ukasareru	浮かされる	ichidan	6473
ukaseru	浮かせる	ichidan	4413
ukasu	浮かす	godan	4977
ukasu	うかす	godan	6955
ukeau	請け合う	godan	5581
ukeau	受け合う	godan	5855
ukeau	受けあう	godan	6829
ukeau	請合う	godan	6883
ukedasu	受け出す	godan	6883
ukehiku	うけひく	godan	6858
ukeireru	受け入れる	ichidan	3054
ukeireru	受け容れる	ichidan	5143
ukeireru	受入れる	ichidan	5575
ukeireru	受けいれる	ichidan	5717
ukeireru	うけいれる	ichidan	6357
ukekiru	受け切る	godan	6178
ukemoteru	受け持てる	ichidan	6815
ukemotsu	受け持つ	godan	4634
ukemotsu	受持つ	godan	6875
ukemotsu	うけもつ	godan	6928
ukenagaseru	受け流せる	ichidan	5776
ukenagasu	受け流す	godan	4851
ukeoeru	請け負える	ichidan	5925
ukeou	請け負う	godan	3421
ukeou	請負う	godan	4745
ukeou	うけおう	godan	6901
ukeru	受ける	ichidan	2021
ukeru	ウケる	ichidan	3973
ukeru	うける	ichidan	4120
ukeru	請ける	ichidan	5630
ukeru	承ける	ichidan	6679
uketamawaru	承る	godan	4206
uketamawaru	うけたまわる	godan	6164
uketetatsu	受けて立つ	godan	5281
uketomeru	受け止める	ichidan	3671
uketomeru	受けとめる	ichidan	5080
uketomeru	うけとめる	ichidan	6354
uketoreru	受け取れる	ichidan	3605
uketoreru	うけとれる	ichidan	6852
uketoru	受け取る	godan	2877
uketoru	受けとる	godan	5011
uketoru	受取る	godan	5036
uketoru	うけとる	godan	5870
uketsugeru	受け継げる	ichidan	6122
uketsugu	受け継ぐ	godan	3970
uketsugu	うけつぐ	godan	6176
uketsugu	受継ぐ	godan	6526
uketsukeru	受け付ける	ichidan	3869
uketsukeru	受付ける	ichidan	5596
uketsukeru	受けつける	ichidan	5908
ukewatasu	受け渡す	godan	5155
ukiagaru	浮き上がる	godan	4839
ukiashidatsu	浮き足立つ	godan	5891
ukiashidatsu	浮足立つ	godan	6096
ukidasu	浮き出す	godan	6262
ukideru	浮き出る	ichidan	4945
ukitatsu	浮き立つ	godan	5397
ukitatsu	うきたつ	godan	6957
uku	浮く	godan	3166
uku	うく	godan	4147
umagaau	馬が合う	godan	5258
umaishiruwosuu	うまい汁を吸う	godan	6729
umarederu	生まれ出る	ichidan	5749
umarekawareru	生まれ変われる	ichidan	5323
umarekawaru	生まれ変わる	godan	4027
umarekawaru	うまれかわる	godan	6884
umarekuru	生まれくる	kuru	2894
umarekuru	産まれくる	kuru	4209
umaremotsu	生まれ持つ	godan	6188
umareochiru	生まれ落ちる	ichidan	6351
umareru	生まれる	ichidan	2692
umareru	産まれる	ichidan	4432
umareru	うまれる	ichidan	4790
umareru	生れる	ichidan	5281
umaresodatsu	生まれ育つ	godan	5506
umaretsuku	生まれつく	godan	6166
umaretsuku	うまれつく	godan	6672
umaru	埋まる	godan	4170
umaru	うまる	godan	4844
umaru	埋る	godan	6747
umeawaseru	埋め合わせる	ichidan	5311
umekomeru	埋め込める	ichidan	5596
umekomu	埋め込む	godan	4090
umekomu	埋めこむ	godan	6782
umeku	呻く	godan	4767
umeku	うめく	godan	5079
umemodosu	埋め戻す	godan	5842
umeru	埋める	ichidan	3362
umeru	産める	ichidan	5044
umeru	うめる	ichidan	5464
umeru	生める	ichidan	5725
umetateru	埋め立てる	ichidan	5555
umetsukusu	埋め尽くす	godan	4634
umetsukusu	埋めつくす	godan	5982
umidaseru	生み出せる	ichidan	4202
umidasu	生み出す	godan	2949
umidasu	生みだす	godan	4878
umidasu	産み出す	godan	5090
umidasu	うみだす	godan	5683
umiotosu	産み落とす	godan	5949
umitsukeru	産み付ける	ichidan	5656
umitsukeru	産みつける	ichidan	5999
umoreru	埋もれる	ichidan	4651
umoreru	うもれる	ichidan	6850
umu	生む	godan	3299
umu	産む	godan	3840
umu	うむ	godan	4157
umu	膿む	godan	6419
umu	倦む	godan	6685
unadareru	うなだれる	ichidan	5407
unadareru	項垂れる	ichidan	6045
unagasu	促す	godan	3067
unagasu	うながす	godan	5053
unaru	唸る	godan	4489
unaru	うなる	godan	4946
unasareru	うなされる	ichidan	5419
unasareru	魘される	ichidan	6690
unazukeru	頷ける	ichidan	4612
unazukeru	うなずける	ichidan	4923
unazukeru	うなづける	ichidan	5709
unazukeru	肯ける	ichidan	6432
unazuku	頷く	godan	3689
unazuku	うなずく	godan	3888
unazuku	うなづく	godan	4939
unazuku	肯く	godan	5964
unazuku	首肯く	godan	6849
uneru	うねる	godan	4779
unuboreru	自惚れる	ichidan	6043
unuboreru	うぬぼれる	ichidan	6171
unwotennimakaseru	運を天に任せる	ichidan	5970
upparau	売っぱらう	godan	6073
upparau	売っ払う	godan	6647
uppunwoharasu	うっぷんを晴らす	godan	6613
uppunwoharasu	鬱憤を晴らす	godan	6659
uragaeru	裏返る	godan	5524
uragaeseru	裏返せる	ichidan	6455
uragaesu	裏返す	godan	4658
uragireru	裏切れる	ichidan	6312
uragiru	裏切る	godan	4022
uragiru	うらぎる	godan	6888
uramenideru	裏目に出る	ichidan	5307
uramiwoharasu	恨みを晴らす	godan	6467
uramiwokau	恨みを買う	godan	5501
uramu	恨む	godan	4630
uramu	うらむ	godan	5795
uramu	怨む	godan	5908
uranaeru	占える	ichidan	5280
uranaeru	うらなえる	ichidan	6312
uranau	占う	godan	3276
uranau	うらなう	godan	5939
uranau	卜う	godan	6996
urawotoru	裏を取る	godan	6437
urayamu	羨む	godan	4785
urayamu	うらやむ	godan	5217
urazukeru	裏付ける	ichidan	4044
urazukeru	裏づける	ichidan	5492
ureeru	憂える	ichidan	5835
ureeru	うれえる	ichidan	6520
urenokoru	売れ残る	godan	5362
ureru	売れる	ichidan	3105
ureru	うれる	ichidan	6030
ureru	熟れる	ichidan	6396
ureu	憂う	godan	4333
uriageru	売り上げる	ichidan	5057
uriaruku	売り歩く	godan	4860
uridaseru	売り出せる	ichidan	6306
uridasu	売り出す	godan	4753
uriharau	売り払う	godan	4873
uriharau	売払う	godan	6414
uriisogu	売り急ぐ	godan	6742
urikireru	売り切れる	ichidan	4143
urikireru	売切れる	ichidan	6044
urikireru	売りきれる	ichidan	6853
urikiru	売り切る	godan	5380
urikomeru	売り込める	ichidan	6150
urikomu	売り込む	godan	4643
urikomu	売りこむ	godan	6868
urimakuru	売りまくる	godan	6023
urinukeru	売り抜ける	ichidan	5994
urisabaku	売りさばく	godan	4732
urisabaku	売り捌く	godan	5263
uritataku	売り叩く	godan	6841
uritobasu	売り飛ばす	godan	5713
uritsukeru	売りつける	ichidan	5072
uritsukeru	売り付ける	ichidan	6063
uriwatasu	売り渡す	godan	5422
urotaeru	うろたえる	ichidan	5323
urotaeru	狼狽える	ichidan	5796
urotsuku	うろつく	godan	4205
urotsuku	彷徨く	godan	5823
uru	うる	ichidan	0
uru	売る	godan	3001
uru	得る	ichidan	4026
uru	うる	godan	4563
uru	賣る	godan	6645
urumu	潤む	godan	6078
urumu	うるむ	godan	6125
uruosu	潤す	godan	4638
uruosu	うるおす	godan	5496
uruou	潤う	godan	3882
uruou	うるおう	godan	4409
useru	失せる	ichidan	4942
useru	うせる	ichidan	6258
ushinau	失う	godan	2491
ushinau	喪う	godan	5338
ushinau	うしなう	godan	5468
ushirogamiwohikareru	後ろ髪を引かれる	ichidan	5612
ushirogamiwohikareru	後ろ髪をひかれる	ichidan	6436
ushiroyubiwosasareru	後ろ指をさされる	ichidan	6526
ushiroyubiwosasareru	後ろ指を指される	ichidan	6539
usobuku	嘯く	godan	4949
usobuku	うそぶく	godan	4972
usokoku	嘘こく	godan	6330
ussuru	うっする	suru	6587
ussuru	鬱する	suru	6870
usumaru	薄まる	godan	5061
usumeru	薄める	ichidan	4674
usumeru	うすめる	ichidan	6207
usuragu	薄らぐ	godan	6041
usureru	薄れる	ichidan	4362
usureru	うすれる	ichidan	6227
usureyuku	薄れゆく	godan-iku	2979
usureyuku	薄れ行く	godan-iku	3340
usuzuku	舂く	godan	6663
utaeru	歌える	ichidan	3931
utaeru	うたえる	ichidan	5772
utaeru	唄える	ichidan	5936
utagaeru	疑える	ichidan	5982
utagau	疑う	godan	2922
utagau	うたがう	godan	5691
utaguru	疑る	godan	6803
utaiageru	歌い上げる	ichidan	4503
utaiageru	謳い上げる	ichidan	6539
utaiageru	うたいあげる	ichidan	6857
utaiaruku	歌い歩く	godan	6400
utaimakuru	歌いまくる	godan	6097
utaitsugu	歌い継ぐ	godan	5787
utau	歌う	godan	2264
utau	うたう	godan	3648
utau	謳う	godan	3681
utau	唄う	godan	3909
utau	詠う	godan	4746
utau	謡う	godan	5056
utau	唱う	godan	5238
utawasu	歌わす	godan	6868
utcharu	うっちゃる	godan	6662
utebahibiku	打てば響く	godan	5080
uteru	打てる	ichidan	3740
uteru	撃てる	ichidan	4267
uteru	うてる	ichidan	5362
uteru	討てる	ichidan	6406
utomu	疎む	godan	6356
utomu	うとむ	godan	6950
utonjiru	疎んじる	ichidan	6579
utonzuru	疎んずる	zuru	6513
utonzuru	うとんずる	zuru	6830
utsu	打つ	godan	3058
utsu	撃つ	godan	3639
utsu	うつ	godan	4236
utsu	討つ	godan	4482
utsu	射つ	godan	5832
utsu	伐つ	godan	6334
utsumuku	うつむく	godan	4477
utsumuku	俯く	godan	4747
utsumuku	うつ向く	godan	6261
utsumuku	俯向く	godan	6876
utsureru	移れる	ichidan	5166
utsureru	うつれる	ichidan	6569
utsurikawaru	移り変わる	godan	4479
utsurikawaru	うつりかわる	godan	6822
utsurikomu	映り込む	godan	4651
utsurikomu	写り込む	godan	5209
utsurikomu	映りこむ	godan	5571
utsurikomu	写りこむ	godan	5949
utsurisumu	移り住む	godan	5011
utsuriyuku	移りゆく	godan-iku	1596
utsuriyuku	移り行く	godan-iku	2167
utsuroiyuku	移ろいゆく	godan-iku	1954
utsuroiyuku	移ろい行く	godan-iku	3229
utsurou	移ろう	godan	4166
utsurou	うつろう	godan	5003
utsurou	映ろう	godan	5832
utsurou	遷ろう	godan	6400
utsuru	映る	godan	3393
utsuru	移る	godan	3726
utsuru	写る	godan	4032
utsuru	うつる	godan	4454
utsuru	伝染る	godan	5886
utsuru	感染る	godan	6191
utsuru	遷る	godan	6319
utsuseru	移せる	ichidan	4776
utsuseru	写せる	ichidan	5247
utsuseru	映せる	ichidan	5525
utsuseru	うつせる	ichidan	6328
utsushidaseru	映し出せる	ichidan	5737
utsushidasu	映し出す	godan	4028
utsushidasu	写し出す	godan	5602
utsushidasu	うつしだす	godan	6758
utsushiireru	移し入れる	ichidan	6541
utsushikaeru	移し替える	ichidan	5027
utsushikaeru	移し変える	ichidan	6263
utsushikaeru	移し換える	ichidan	6847
utsushikomu	写し込む	godan	6108
utsushitomeru	写し止める	ichidan	6775
utsushitoru	写し取る	godan	5498
utsushitoru	写し撮る	godan	6597
utsushitoru	うつしとる	godan	6999
utsusu	移す	godan	3645
utsusu	映す	godan	4018
utsusu	写す	godan	4265
utsusu	うつす	godan	4957
utsusu	遷す	godan	6126
utsusu	撮す	godan	6373
utsutsuwonukasu	うつつを抜かす	godan	6202
utsutsuwonukasu	現を抜かす	godan	6709
uttaekakeru	訴えかける	ichidan	4476
uttaekakeru	訴え掛ける	ichidan	6847
uttaeru	訴える	ichidan	3399
uttaeru	うったえる	ichidan	5870
uttederu	打って出る	ichidan	5159
uwamawaru	上回る	godan	3204
uwamawaru	うわまわる	godan	6545
uwamawaru	上廻る	godan	6914
uwamuku	上向く	godan	4540
uwamuku	うわむく	godan	6934
uwaru	植わる	godan	6037
uwatsuku	浮つく	godan	5582
uwatsuku	うわつく	godan	6765
uwazuru	上ずる	godan	6533
uwazuru	うわずる	godan	6956
uyamaeru	敬える	ichidan	6915
uyamau	敬う	godan	4001
uyamau	うやまう	godan	5586
uzuku	疼く	godan	4454
uzuku	うずく	godan	4649
uzukumaru	うずくまる	godan	5266
uzukumaru	蹲る	godan	6231
uzumaku	渦巻く	godan	3470
uzumaku	うずまく	godan	4989
uzumaku	渦まく	godan	5607
uzumaku	うず巻く	godan	6118
uzumaru	埋まる	godan	5667
uzumaru	うずまる	godan	6711
uzumeru	埋める	ichidan	4859
uzumeru	うずめる	ichidan	5707
uzumetsukusu	埋め尽くす	godan	6131
wabiru	詫びる	ichidan	5111
wabiru	わびる	ichidan	6030
wabiwoireru	詫びを入れる	ichidan	6756
wadakamaru	わだかまる	godan	6487
wagamichiwoiku	我が道を行く	godan	4743
wagamichiwoiku	わが道を行く	godan	5588
wagamichiwoyuku	我が道を行く	godan-iku	2822
wagamichiwoyuku	わが道を行く	godan-iku	3490
wakachiau	分かち合う	godan	3621
wakagaeru	若返る	godan	4736
wakanatsumu	若菜摘む	godan	6707
wakareru	分かれる	ichidan	3412
wakareru	別れる	ichidan	3627
wakareru	わかれる	ichidan	4943
wakarewooshimu	別れを惜しむ	godan	5792
wakarikaneru	わかりかねる	ichidan	6077
wakarikaneru	分かりかねる	ichidan	6497
wakaru	わかる	godan	2089
wakaru	分かる	godan	2420
wakaru	判る	godan	4075
wakaru	解る	godan	4114
wakaru	分る	godan	4848
wakaru	解かる	godan	5553
wakaru	理解る	godan	6388
wakaseru	わかせる	ichidan	6215
wakasu	沸かす	godan	4371
wakasu	わかす	godan	5645
wakasu	湧かす	godan	6457
wakatsu	分かつ	godan	5061
wakatsu	分つ	godan	5799
wakatsu	わかつ	godan	5828
wakatsu	頒かつ	godan	6894
wakeaeru	分け合える	ichidan	5545
wakeataeru	分け与える	ichidan	5013
wakeau	分け合う	godan	4159
wakehedateru	分け隔てる	ichidan	6126
wakeiru	分け入る	godan	5675
wakeru	分ける	ichidan	3165
wakeru	わける	ichidan	4586
wakeru	別ける	ichidan	6039
wakiagaru	湧き上がる	godan	4531
wakiagaru	沸き上がる	godan	5497
wakiagaru	わきあがる	godan	6111
wakiagaru	沸きあがる	godan	6384
wakibasamu	挟む	godan	5214
wakidasu	湧き出す	godan	5127
wakideru	湧き出る	ichidan	4336
wakideru	わき出る	ichidan	6021
wakideru	わきでる	ichidan	6856
wakikaeru	沸き返る	godan	6512
wakimaeru	わきまえる	ichidan	5401
wakimaeru	弁える	ichidan	6083
wakiokoru	沸き起こる	godan	5246
wakiokoru	わき起こる	godan	6221
wakiokoru	わきおこる	godan	6875
wakitatsu	沸き立つ	godan	5084
wakitatsu	湧き立つ	godan	5776
wakitatsu	わきたつ	godan	6621
waku	湧く	godan	3031
waku	わく	godan	3312
waku	沸く	godan	3495
waku	涌く	godan	5380
wamekichirasu	喚き散らす	godan	5905
wamekitateru	喚き立てる	ichidan	6910
wameku	喚く	godan	4418
wameku	わめく	godan	4769
wananaku	わななく	godan	5675
wananaku	戦慄く	godan	6157
waraeru	笑える	ichidan	3357
waraeru	わらえる	ichidan	6214
waraikaesu	笑い返す	godan	6682
waraikakeru	笑いかける	ichidan	5590
waraikorogeru	笑い転げる	ichidan	5815
waraishinu	笑い死ぬ	godan	6313
waraitobaseru	笑い飛ばせる	ichidan	5717
waraitobasu	笑い飛ばす	godan	5253
waraitobasu	笑いとばす	godan	6782
waraitoru	笑い取る	godan	6702
waraiwotoru	笑いを取る	godan	5493
warakasu	笑かす	godan	5907
warakeru	笑ける	ichidan	6157
warau	笑う	godan	2507
warau	わらう	godan	4522
warau	嗤う	godan	4624
warau	嘲笑う	godan	5333
warau	咲う	godan	5610
warau	微笑う	godan	5852
warau	哂う	godan	6275
warawareru	笑われる	ichidan	5402
warawaseru	笑わせる	ichidan	4472
warawasu	笑わす	godan	5700
warenikaeru	我に返る	godan	5252
warenikaeru	我にかえる	godan	6479
wareru	割れる	ichidan	3800
wareru	われる	ichidan	4266
warewowasureru	我を忘れる	ichidan	5722
wariateru	割り当てる	ichidan	3757
wariateru	割当てる	ichidan	6220
wariateru	割りあてる	ichidan	6928
waribiku	割り引く	godan	4726
waribiku	割引く	godan	5632
waridaseru	割り出せる	ichidan	5810
waridasu	割り出す	godan	4972
warifureru	割り振れる	ichidan	5862
warifuru	割り振る	godan	4605
warihiraku	割り開く	godan	6780
warihogusu	割りほぐす	godan	6305
wariireru	割り入れる	ichidan	5807
warikireru	割り切れる	ichidan	4678
warikireru	割りきれる	ichidan	6416
warikireru	わりきれる	ichidan	6979
warikiru	割り切る	godan	4458
warikiru	わりきる	godan	6979
warikomeru	割り込める	ichidan	6090
warikomu	割り込む	godan	4715
warikomu	割込む	godan	6460
warimodosu	割り戻す	godan	6409
wariniau	割に合う	godan	5226
wariniau	割りに合う	godan	6266
waritsukeru	割り付ける	ichidan	5800
wariwokuu	割りを食う	godan	5955
waru	割る	godan	3779
waru	わる	godan	5110
warubireru	悪びれる	ichidan	5465
waruburu	悪ぶる	godan	6798
wasurekakeru	忘れかける	ichidan	6629
wasureru	忘れる	ichidan	3273
wasureru	わすれる	ichidan	5718
wasuresaru	忘れ去る	godan	5982
wasuru	わする	suru	4545
wasuru	和する	suru	4885
watakushisuru	私する	suru	5916
watareru	渡れる	ichidan	4874
watareru	わたれる	ichidan	6396
watariaeru	渡り合える	ichidan	5092
watariaruku	渡り歩く	godan	4128
watariau	渡り合う	godan	4530
watariau	わたりあう	godan	6424
watariau	渡りあう	godan	6507
watarikuru	渡りくる	kuru	3926
wataru	わたる	godan	3107
wataru	渡る	godan	3238
wataru	亘る	godan	4947
wataru	渉る	godan	6106
wataru	亙る	godan	6445
wataru	亂る	godan	7000
wataseru	渡せる	ichidan	4609
wataseru	わたせる	ichidan	6109
watasu	渡す	godan	3179
watasu	わたす	godan	5046
wawokakeru	輪をかける	ichidan	6259
wawomottetoutoshitonasu	和をもって尊しとなす	godan	6793
wawomottetoutoshitonasu	和をもって貴しとなす	godan	6798
wazurau	患う	godan	4114
wazurau	わずらう	godan	5815
wazurau	煩う	godan	6059
wazurawaseru	煩わせる	ichidan	5511
wazurawaseru	わずらわせる	ichidan	6659
wazurawasu	煩わす	godan	6151
wemu	ゑむ	godan	6043
wiru	ゐる	ichidan	3812
wochiru	ヲチる	godan	6646
yabukeru	破ける	ichidan	5485
yabuku	破く	godan	4898
yabuku	やぶく	godan	5839
yabureru	敗れる	ichidan	4465
yabureru	破れる	ichidan	4492
yabureru	やぶれる	ichidan	6095
yaburesaru	敗れ去る	godan	6369
yaburisuteru	破り捨てる	ichidan	6028
yaburu	破る	godan	3951
yaburu	やぶる	godan	5318
yaburu	壊る	godan	6922
yabuwotsutsuitehebiwodasu	藪をつついて蛇を出す	godan	6851
yadoreru	宿れる	ichidan	6755
yadoru	宿る	godan	3783
yadoru	やどる	godan	5802
yadosu	宿す	godan	4522
yadosu	やどす	godan	6463
yajiru	やじる	godan	5740
yajiru	野次る	godan	6634
yajiru	ヤジる	godan	6860
yajiwotobasu	野次を飛ばす	godan	6852
yakasu	やかす	godan	6310
yakebokkuinihigatsuku	焼けぼっくいに火がつく	godan	6944
yakekogeru	焼け焦げる	ichidan	6637
yakeochiru	焼け落ちる	ichidan	6130
yakeru	焼ける	ichidan	4006
yakeru	やける	ichidan	5491
yakeru	灼ける	ichidan	6218
yakeru	妬ける	ichidan	6509
yakeshinu	焼け死ぬ	godan	6095
yaketsuku	焼け付く	godan	5032
yaketsuku	やけつく	godan	5148
yakiageru	焼き上げる	ichidan	4218
yakiharau	焼き払う	godan	4617
yakikiru	焼き切る	godan	5665
yakikomu	焼き込む	godan	6300
yakikorosu	焼き殺す	godan	5829
yakimochiwoyaku	やきもちを焼く	godan	5515
yakimochiwoyaku	ヤキモチを焼く	godan	5698
yakimochiwoyaku	焼きもちを焼く	godan	6368
yakimochiwoyaku	焼き餅を焼く	godan	6947
yakinaosu	焼き直す	godan	6060
yakishimeru	焼き締める	ichidan	6780
yakisuteru	焼き捨てる	ichidan	5930
yakitsukeru	焼き付ける	ichidan	5068
yakitsukeru	焼きつける	ichidan	5635
yakitsuku	焼き付く	godan	4484
yakitsuku	焼きつく	godan	4891
yakitsuku	やきつく	godan	6284
yakitsukusu	焼き尽くす	godan	4977
yakitsukusu	灼き尽くす	godan	6956
yakkamu	やっかむ	godan	6440
yaku	焼く	godan	2282
yaku	やく	godan	2972
yaku	妬く	godan	5246
yaku	灼く	godan	5396
yaku	焚く	godan	5475
yaku	燒く	godan	6054
yakudateru	役立てる	ichidan	3790
yakudatsu	役立つ	godan	2548
yakudatsu	やくだつ	godan	6163
yakudatsu	役だつ	godan	6254
yakunitatsu	役に立つ	godan	3076
yakuseru	訳せる	ichidan	5472
yakusu	訳す	godan	4308
yakusu	やくす	godan	5874
yakusu	約す	godan	6288
yakusuru	約する	suru	4374
yakusuru	訳する	suru	4385
yakusuru	やくする	suru	5020
yakusuru	扼する	suru	5612
yameru	やめる	ichidan	3238
yameru	辞める	ichidan	3269
yameru	止める	ichidan	3665
yameru	病める	ichidan	5185
yamitsuku	やみつく	godan	6682
yamu	止む	godan	4206
yamu	やむ	godan	4540
yamu	病む	godan	4591
yamu	已む	godan	5790
yaomotenitatsu	矢面に立つ	godan	5977
yarakasu	やらかす	godan	4584
yarareru	やられる	ichidan	4644
yarasu	やらす	godan	5836
yareru	やれる	ichidan	3357
yareru	遣れる	ichidan	6902
yariau	やり合う	godan	4658
yariau	やりあう	godan	5049
yariau	遣り合う	godan	6908
yaridamaniagaru	槍玉に上がる	godan	6904
yarikaeseru	やり返せる	ichidan	6519
yarikaesu	やり返す	godan	4969
yarikaesu	やりかえす	godan	6401
yarikomeru	やり込める	ichidan	5384
yarikomeru	やりこめる	ichidan	6016
yarikomu	やり込む	godan	5049
yarikomu	やりこむ	godan	5509
yarikonasu	やりこなす	godan	6423
yarinaoseru	やり直せる	ichidan	4574
yarinaoseru	やりなおせる	ichidan	6312
yarinaosu	やり直す	godan	3893
yarinaosu	やりなおす	godan	5573
yarinuku	やり抜く	godan	3901
yarisugoseru	やり過ごせる	ichidan	5575
yarisugoseru	やりすごせる	ichidan	6761
yarisugosu	やり過ごす	godan	4704
yarisugosu	やりすごす	godan	5821
yaritogeru	やり遂げる	ichidan	4366
yaritogeru	やりとげる	ichidan	5666
yaru	やる	godan	2116
yaru	演る	godan	5261
yaru	殺る	godan	5329
yaru	破る	godan	5444
yaru	遣る	godan	5591
yasehosoru	痩せ細る	godan	6528
yasehosoru	やせ細る	godan	6566
yaseru	痩せる	ichidan	3732
yaseru	やせる	ichidan	4649
yashinaeru	養える	ichidan	4846
yashinau	養う	godan	3027
yashinau	やしなう	godan	5608
yasumareru	休まれる	ichidan	5958
yasumaru	休まる	godan	4722
yasumaru	やすまる	godan	5742
yasumeru	休める	ichidan	3855
yasumeru	やすめる	ichidan	6369
yasumu	休む	godan	3385
yasumu	やすむ	godan	5847
yasunjiru	安んじる	ichidan	6551
yasunzuru	安んずる	zuru	5221
yasunzuru	やすんずる	zuru	6334
yasuragu	安らぐ	godan	4476
yasuragu	やすらぐ	godan	5447
yasurau	安らう	godan	6441
yasurau	やすらう	godan	6669
yasurau	休らう	godan	6730
yatoeru	雇える	ichidan	5108
yatoiireru	雇い入れる	ichidan	5478
yatou	雇う	godan	3363
yatou	やとう	godan	5217
yatsureru	やつれる	ichidan	6315
yatsusu	やつす	godan	6235
yattekuru	やってくる	kuru	24
yattekuru	やって来る	kuru	477
yattenokeru	やってのける	ichidan	5424
yattsukeru	やっつける	ichidan	4635
yawarageru	和らげる	ichidan	3698
yawarageru	やわらげる	ichidan	4709
yawaragu	和らぐ	godan	4453
yawaragu	やわらぐ	godan	5310
yawoiru	矢を射る	ichidan	5647
yobawaru	呼ばわる	godan	6250
yoberu	呼べる	ichidan	3715
yoberu	よべる	ichidan	5938
yobiatsumeru	呼び集める	ichidan	6193
yobidaseru	呼び出せる	ichidan	4637
yobidasu	呼び出す	godan	3754
yobidasu	よびだす	godan	6555
yobidasu	呼出す	godan	6598
yobiireru	呼び入れる	ichidan	6567
yobikakeru	呼びかける	ichidan	3948
yobikakeru	呼び掛ける	ichidan	4678
yobikakeru	よびかける	ichidan	6070
yobikomeru	呼び込める	ichidan	5581
yobikomu	呼び込む	godan	4223
yobimodoseru	呼び戻せる	ichidan	6281
yobimodosu	呼び戻す	godan	4952
yobimotomeru	呼び求める	ichidan	6054
yobiokosu	呼び起こす	godan	4422
yobiokosu	呼び起す	godan	6908
yobiokosu	よびおこす	godan	6928
yobisamasu	呼び覚ます	godan	4757
yobisamasu	呼び醒ます	godan	6645
yobisuteru	呼び捨てる	ichidan	6849
yobitomeru	呼び止める	ichidan	5470
yobitsukeru	呼びつける	ichidan	5833
yobitsuzukeru	呼び続ける	ichidan	5770
yobiyoseru	呼び寄せる	ichidan	4603
yobousenwoharu	予防線を張る	godan	6599
yobu	呼ぶ	godan	2756
yobu	よぶ	godan	4653
yobu	喚ぶ	godan	6104
yodarewotarasu	よだれを垂らす	godan	6418
yodarewotarasu	ヨダレを垂らす	godan	6952
yodatsu	よだつ	godan	5432
yodomu	淀む	godan	6029
yodomu	よどむ	godan	6194
yodomu	澱む	godan	6385
yoeru	酔える	ichidan	5494
yoeru	よえる	ichidan	6535
yogaakeru	夜が明ける	ichidan	6482
yogaru	よがる	godan	5948
yogaru	ヨガる	godan	5983
yoginakusareru	余儀なくされる	ichidan	4354
yoginakusareru	余儀無くされる	ichidan	6667
yogiru	よぎる	godan	4423
yogiru	過る	godan	5618
yogiru	過ぎる	godan	6000
yogoreru	汚れる	ichidan	4072
yogoreru	よごれる	ichidan	6336
yogosu	汚す	godan	4743
yogosu	よごす	godan	6452
yoigamawaru	酔いが回る	godan	6599
yoishireru	酔いしれる	ichidan	4827
yoishireru	酔い痴れる	ichidan	6405
yoitsubureru	酔いつぶれる	ichidan	6159
yoitsubureru	酔い潰れる	ichidan	6427
yojinoboreru	よじ登れる	ichidan	6453
yojinoboru	よじ登る	godan	5171
yojinoboru	よじのぼる	godan	6614
yojinoboru	攀じ登る	godan	6803
yojireru	よじれる	ichidan	5613
yojireru	捩れる	ichidan	6538
yojiru	よじる	ichidan	5854
yojiru	攀じる	ichidan	6928
yojiru	捩る	godan	6974
yokeru	避ける	ichidan	3021
yokeru	よける	ichidan	4935
yokeru	除ける	ichidan	6167
yokogiru	横切る	godan	4374
yokogiru	よこぎる	godan	6865
yokomichinisoreru	横道にそれる	ichidan	6285
yokomichinisoreru	横道に逸れる	ichidan	6708
yokosu	よこす	godan	4771
yokosu	寄越す	godan	5906
yokosu	寄こす	godan	6588
yokotaeru	横たえる	ichidan	5960
yokotawaru	横たわる	godan	4474
yokotawaru	よこたわる	godan	6932
yokoyariwoireru	横槍を入れる	ichidan	6699
yokubaru	欲張る	godan	5468
yokusuru	浴する	suru	4800
yokusuru	能くする	suru	5833
yokusuru	よくする	suru	6993
yomeru	読める	ichidan	3081
yomeru	よめる	ichidan	5114
yomeru	詠める	ichidan	5711
yomiageru	読み上げる	ichidan	4403
yomiasaru	読み漁る	godan	5527
yomiasaru	読みあさる	godan	6447
yomiawaseru	読み合わせる	ichidan	6576
yomiayamaru	読み誤る	godan	6927
yomidasu	読み出す	godan	5079
yomifukeru	読み耽る	godan	6374
yomigaeru	蘇る	godan	4048
yomigaeru	よみがえる	godan	4398
yomigaeru	甦る	godan	4707
yomikaeru	読み替える	ichidan	4066
yomikaeru	読みかえる	ichidan	6621
yomikaeseru	読み返せる	ichidan	5628
yomikaesu	読み返す	godan	4368
yomikikaseru	読み聞かせる	ichidan	5367
yomikireru	読み切れる	ichidan	5967
yomikiru	読み切る	godan	5355
yomikomeru	読み込める	ichidan	4866
yomikomu	読み込む	godan	3694
yomikomu	詠み込む	godan	6568
yomikonaseru	読みこなせる	ichidan	6217
yomikonasu	読みこなす	godan	5938
yomikudasu	読み下す	godan	5992
yomikuraberu	読み比べる	ichidan	5933
yominagasu	読み流す	godan	6372
yominaosu	読み直す	godan	4974
yomisuru	よみする	suru	6274
yomisuru	嘉する	suru	6354
yomisusumu	読み進む	godan	5486
yomitobasu	読み飛ばす	godan	5563
yomitoku	読み解く	godan	2836
yomitoosu	読み通す	godan	5839
yomitoreru	読み取れる	ichidan	4045
yomitoru	読み取る	godan	3659
yomitoru	読みとる	godan	5426
yomitoru	よみとる	godan	6399
yomitoru	読取る	godan	6402
yomiwakeru	読み分ける	ichidan	6717
yomu	読む	godan	2126
yomu	よむ	godan	4454
yomu	詠む	godan	4650
yomu	訓む	godan	5943
yomu	讀む	godan	6200
yonageru	よなげる	ichidan	6962
yonitou	世に問う	godan	2063
yopparau	酔っ払う	godan	4588
yopparau	酔っぱらう	godan	4966
yopparau	よっぱらう	godan	6748
yoreru	寄れる	ichidan	4730
yoreru	よれる	ichidan	5608
yoreru	ヨレる	godan	5862
yoreru	縒れる	ichidan	6696
yoriatsumaru	寄り集まる	godan	6370
yoriau	寄り合う	godan	5917
yoriau	よりあう	godan	6575
yoriawaseru	撚り合わせる	ichidan	6452
yoriawaseru	より合わせる	ichidan	6859
yorikakaru	寄りかかる	godan	5219
yorikakaru	よりかかる	godan	6126
yorikakaru	寄り掛かる	godan	6214
yorikiru	寄り切る	godan	6217
yorinuku	選り抜く	godan	6847
yorinuku	より抜く	godan	6947
yorisoeru	寄り添える	ichidan	4248
yorisoeru	よりそえる	ichidan	6907
yorisou	寄り添う	godan	2618
yorisou	よりそう	godan	4821
yorisou	寄添う	godan	5949
yorisou	より添う	godan	6101
yoritsudou	寄り集う	godan	6839
yoritsuku	寄り付く	godan	5309
yoritsuku	寄りつく	godan	5681
yoritsuku	よりつく	godan	6145
yoritsuku	依り憑く	godan	6159
yoriwakeru	より分ける	ichidan	5981
yoriwakeru	選り分ける	ichidan	6372
yoriwomodosu	よりを戻す	godan	5785
yorokeru	よろける	ichidan	5592
yorokobasu	喜ばす	godan	5479
yorokobasu	よろこばす	godan	6899
yorokoberu	喜べる	ichidan	4814
yorokoberu	よろこべる	ichidan	6865
yorokobiau	よろこびあう	godan	6883
yorokobu	喜ぶ	godan	3221
yorokobu	よろこぶ	godan	4886
yorokobu	悦ぶ	godan	5627
yorokobu	歓ぶ	godan	6192
yorokobu	慶ぶ	godan	6786
yoromeku	よろめく	godan	4774
yoromeku	蹌踉めく	godan	6734
yorou	よろう	godan	5444
yorou	鎧う	godan	6651
yoru	よる	godan	0
yoru	依る	godan	3479
yoru	拠る	godan	3847
yoru	因る	godan	3987
yoru	寄る	godan	3990
yoru	由る	godan	4763
yoru	撚る	godan	6135
yoru	隠る	godan	6521
yoru	倚る	godan	6677
yoru	選る	godan	6863
yoru	縒る	godan	6992
yorugaakeru	夜が明ける	ichidan	6415
yorunotobarigaoriru	夜の帳が下りる	ichidan	6375
yoseatsumeru	寄せ集める	ichidan	6000
yoseau	寄せ合う	godan	4890
yosekuru	寄せくる	kuru	3243
yoseru	寄せる	ichidan	3742
yoseru	よせる	ichidan	5193
yosetehakaesu	寄せては返す	godan	5534
yosetsukeru	寄せ付ける	ichidan	6071
yosetsukeru	寄せつける	ichidan	6923
yosooeru	装える	ichidan	6008
yosoou	装う	godan	3811
yosoou	よそおう	godan	5583
yosoou	粧う	godan	5872
yosou	よそう	godan	5094
yosou	装う	godan	5308
yosu	よす	godan	4857
yosu	止す	godan	6523
you	酔う	godan	3761
you	よう	godan	4683
youdateru	用立てる	ichidan	6325
yousu	要す	godan	5066
yousu	擁す	godan	6241
yousuru	要する	suru	1988
yousuru	擁する	suru	3035
yousuru	ようする	suru	5298
yousuwomiru	様子を見る	ichidan	4163
yousuwoukagau	様子をうかがう	godan	4922
yousuwoukagau	様子を窺う	godan	5826
yowabukumu	弱含む	godan	6368
yowaisuru	歯する	suru	6731
yowakiwotasuketsuyokiwokujiku	弱きを助け強きを挫く	godan	5790
yowakiwotasuketsuyokiwokujiku	弱きを助け強きをくじく	godan	6054
yowamaru	弱まる	godan	4458
yowameru	弱める	ichidan	4513
yowameru	よわめる	ichidan	6890
yowaminitsukekomu	弱みに付け込む	godan	6585
yowaminitsukekomu	弱みにつけ込む	godan	6587
yowaminitsukekomu	弱みにつけこむ	godan	6888
yowanewohaku	弱音を吐く	godan	4796
yowanewohaku	弱音をはく	godan	6084
yowaru	弱る	godan	4889
yowaru	よわる	godan	6631
yowoshinobu	世を忍ぶ	godan	5981
yozuku	よづく	godan	6967
yubiku	ゆびく	godan	6322
yubiorikazoeru	指折り数える	ichidan	6096
yubisasu	指さす	godan	5005
yubisasu	指差す	godan	5017
yubiwotsumeru	指を詰める	ichidan	6981
yudaneru	委ねる	ichidan	4165
yudaneru	ゆだねる	ichidan	4907
yudaru	茹だる	godan	6365
yudeagaru	茹で上がる	godan	5678
yudeagaru	ゆであがる	godan	6512
yudekobosu	茹でこぼす	godan	6328
yudekobosu	ゆでこぼす	godan	6577
yuderu	茹でる	ichidan	3904
yuderu	ゆでる	ichidan	4255
yueru	ゆえる	ichidan	6530
yugaku	湯がく	godan	5010
yugaku	ゆがく	godan	5417
yugaku	湯掻く	godan	6221
yugameru	歪める	ichidan	4930
yugameru	ゆがめる	ichidan	5646
yugamu	歪む	godan	4970
yugamu	ゆがむ	godan	5249
yuiageru	結い上げる	ichidan	6468
yukeru	行ける	ichidan	3493
yukeru	ゆける	ichidan	4792
yukeru	往ける	ichidan	6511
yukiataru	行き当たる	godan	6049
yukiau	行き逢う	godan	6547
yukiau	行き合う	godan	6568
yukichigau	行き違う	godan	5753
yukikau	行き交う	godan	5579
yukikau	ゆきかう	godan	6175
yukikau	行交う	godan	6722
yukisugiru	行き過ぎる	ichidan	5414
yukitodoku	行き届く	godan	5978
yukitodoku	ゆきとどく	godan	6641
yukitsukeru	行き着ける	ichidan	6894
yukitsuku	行き着く	godan	3812
yukitsuku	行きつく	godan	4404
yukitsuku	ゆきつく	godan	6021
yukiwataru	行き渡る	godan	4733
yukiwataru	ゆきわたる	godan	6271
yukizumaru	行き詰る	godan	6311
yukizumaru	行き詰まる	godan	6487
yuku	ゆく	godan-iku	433
yuku	征く	godan-iku	1730
yuku	ゆく	godan	3619
yuku	逝く	godan	4230
yuku	往く	godan	4603
yuku	行く	godan-iku	5586
yuku	之く	godan	5739
yukutewohabamu	行く手を阻む	godan	5860
yukutewohabamu	行く手をはばむ	godan	6855
yumemiru	夢見る	ichidan	3820
yumemiru	夢みる	ichidan	4759
yumemiru	ゆめみる	ichidan	5452
yumihiku	弓引く	godan	5701
yumiwoiru	弓を射る	ichidan	6020
yuragu	揺らぐ	godan	4364
yuragu	ゆらぐ	godan	5412
yurameku	揺らめく	godan	4142
yurameku	ゆらめく	godan	4347
yuraseru	揺らせる	ichidan	6337
yurasu	揺らす	godan	4301
yurasu	ゆらす	godan	5747
yureru	揺れる	ichidan	3372
yureru	ゆれる	ichidan	4672
yureugoku	揺れ動く	godan	3539
yureugoku	ゆれうごく	godan	6056
yuriokosu	揺り起こす	godan	6559
yuriugokasu	揺り動かす	godan	5649
yuriugoku	揺り動く	godan	6703
yuru	ゆる	godan	3329
yuru	揺る	godan	5866
yurugaseru	揺るがせる	ichidan	6531
yurugasu	揺るがす	godan	4253
yurugasu	ゆるがす	godan	6097
yurugu	揺るぐ	godan	6142
yurugu	ゆるぐ	godan	6575
yurumaru	緩まる	godan	6310
yurumaru	ゆるまる	godan	6422
yurumeru	緩める	ichidan	4021
yurumeru	ゆるめる	ichidan	4614
yurumeru	弛める	ichidan	6364
yurumu	緩む	godan	4420
yurumu	ゆるむ	godan	4993
yuruseru	許せる	ichidan	4055
yuruseru	赦せる	ichidan	6348
yuruseru	ゆるせる	ichidan	6401
yurushiwokou	許しを請う	godan	3572
yurusu	許す	godan	3530
yurusu	赦す	godan	5030
yurusu	ゆるす	godan	5201
yurusu	釈す	godan	6914
yusabureru	揺さぶれる	ichidan	6327
yusaburu	揺さぶる	godan	4108
yusaburu	ゆさぶる	godan	5375
yusuburu	揺すぶる	godan	6850
yusuburu	ゆすぶる	godan	6989
yusugu	ゆすぐ	godan	5474
yusugu	濯ぐ	godan	6486
yusuru	ゆする	suru	4912
yusuru	揺する	godan	5380
yusuru	ゆする	godan	5753
yusuru	輸する	suru	6448
yusuru	強請る	godan	6605
yuu	いう	godan	1718
yuu	ゆう	godan	2288
yuu	言う	godan	3534
yuu	云う	godan	4204
yuu	結う	godan	4806
yuu	謂う	godan	5913
yuukizukeru	勇気づける	ichidan	5125
yuukizukeru	勇気付ける	ichidan	6167
yuukizuku	勇気づく	godan	6819
yuusu	有す	godan	5152
yuusuru	有する	suru	1536
yuusuru	ゆうする	suru	5588
yuusuru	幽する	suru	6793
yuuzuru	ゆうづる	godan	5128
yuuzuugakiku	融通がきく	godan	5430
yuuzuugakiku	融通が利く	godan	6062
yuwaeru	結わえる	ichidan	6032
yuwaeru	結える	ichidan	6476
yuwaku	ゆわく	godan	6124
yuwaku	結く	godan	6273
yuzureru	譲れる	ichidan	5553
yuzuriaeru	譲り合える	ichidan	6817
yuzuriau	譲り合う	godan	4866
yuzuriau	ゆずりあう	godan	6437
yuzuriau	ゆずり合う	godan	6645
yuzuriukeru	譲り受ける	ichidan	4911
yuzuriwatasu	譲り渡す	godan	5370
yuzuru	譲る	godan	4007
yuzuru	ゆずる	godan	5300
zaiwonasu	財を成す	godan	6455
zaiwonasu	財をなす	godan	6976
zannengaru	残念がる	godan	5583
zansuru	ざんする	suru	6746
zaratsuku	ざらつく	godan	4862
zareru	ざれる	ichidan	6449
zasu	ざす	godan	5141
zasu	座す	godan	5455
zasu	坐す	godan	5456
zasuru	座する	suru	4431
zasuru	坐する	suru	5378
zasuru	ざする	suru	6290
zawameku	ざわめく	godan	4368
zawatsuku	ざわつく	godan	3977
zehiwotou	是非を問う	godan	5186
zerokarahajimeru	ゼロから始める	ichidan	5016
zerokarahajimeru	0から始める	ichidan	5790
zessuru	絶する	suru	3259
zessuru	ぜっする	suru	6692
zokusu	属す	godan	4953
zokusuru	属する	suru	2024
zokusuru	ぞくする	suru	5350
zokusuru	賊する	suru	6811
zomeku	ぞめく	godan	6419
zonjiageru	存じ上げる	ichidan	6242
zonjiru	存じる	ichidan	5898
zonzuru	存ずる	zuru	4809
zonzuru	ぞんずる	zuru	6624
zousuru	蔵する	suru	5007
zousuru	ぞうする	suru	5512
zukeru	付ける	ichidan	3294
zukeru	づける	ichidan	4107
zukkokeru	ずっこける	ichidan	5917
zuku	づく	godan	3316
zurakaru	ずらかる	godan	6541
zuraseru	ずらせる	ichidan	5670
zurasu	ずらす	godan	4174
zurekomu	ずれ込む	godan	5399
zurekomu	ズレ込む	godan	6650
zurekomu	ずれこむ	godan	6652
zureochiru	ずれ落ちる	ichidan	6183
zureochiru	ズレ落ちる	ichidan	6457
zureru	ずれる	ichidan	3937
zureru	ズレる	ichidan	4137
zuriagaru	ずり上がる	godan	6696
zuriochiru	ずり落ちる	ichidan	5546
zurisagaru	ずり下がる	godan	6742
zuru	ずる	godan	5748
