1f600	にっこり笑う|スマイル|ナイス|にっこり|ハッピー|笑う|笑顔|顔	grinning face|cheerful|cheery|face|grin|grinning|happy|laugh|nice|smile|smiling|teeth
1f603	わーい|スマイル|ハッピー|口を開けた笑顔|笑顔|顔	grinning face with big eyes|awesome|big|eyes|face|grin|grinning|happy|mouth|open|smile|smiling|teeth|yay
1f604	笑顔|スマイル|ハッピー|わーい|顔	grinning face with smiling eyes|eye|eyes|face|grin|grinning|happy|laugh|lol|mouth|open|smile|smiling
1f601	にやっと笑う|スマイル|ナイス|ハッピー|笑う|笑顔|顔	beaming face with smiling eyes|beaming|eye|eyes|face|grin|grinning|happy|nice|smile|smiling|teeth
1f606	きゃー|あはは|うけるね|スマイル|嬉しい|満足|笑|笑顔|顔	grinning squinting face|closed|eyes|face|grinning|haha|hahaha|happy|laugh|lol|mouth|open|rofl|smile|smiling|squinting
1f605	冷や汗笑顔|スマイル|とほほ|冷や汗|汗|笑顔|顔	grinning face with sweat|cold|dejected|excited|face|grinning|mouth|nervous|open|smile|smiling|stress|stressed|sweat
1f923	笑い転げる|あはは|うけるね|スマイル|泣き笑い|涙|爆笑|笑う|笑顔|顔	rolling on the floor laughing|crying|face|floor|funny|haha|happy|hehe|hilarious|joy|laugh|lmao|lol|rofl|roflmao|rolling|tear
1f602	嬉し泣き|あはは|スマイル|大笑い|泣き笑い|涙|爆笑|笑う|笑顔|顔	face with tears of joy|crying|face|feels|funny|haha|happy|hehe|hilarious|joy|laugh|lmao|lol|rofl|roflmao|tear
1f642	微笑む|スマイル|ハッピー|ほほえみ|微笑み|笑顔|顔	slightly smiling face|face|happy|slightly|smile|smiling
1f643	さかさまの顔|さかさま|笑顔|顔	upside-down face|face|hehe|smile|upside-down
1fae0	溶けている顔|とろける|暑い|液体|溶けそう|溶ける|顔	melting face|disappear|dissolve|embarrassed|face|haha|heat|hot|liquid|lol|melt|melting|sarcasm|sarcastic
1f609	ウインク|ウィンク|ウィンクする顔|顔	winking face|face|flirt|heartbreaker|sexy|slide|tease|wink|winking|winks
1f60a	にこにこ|スマイル|微笑み|満足|目を細める|頬を赤らめる|顔	smiling face with smiling eyes|blush|eye|eyes|face|glad|satisfied|smile|smiling
1f607	天使の輪がついた笑顔|スマイル|ハッピー|天使の輪|平和|笑顔|顔	smiling face with halo|angel|angelic|angels|blessed|face|fairy|fairytale|fantasy|halo|happy|innocent|peaceful|smile|smiling|spirit|tale
1f970	ハートの笑顔|ハート|メロメロ|ラブ|夢中|愛してる|笑顔|顔	smiling face with hearts|3|adore|crush|face|heart|hearts|ily|love|romance|smile|smiling|you
1f60d	目がハートの笑顔|スマイル|ハート|ラブ|大好き|笑顔|顔	smiling face with heart-eyes|143|bae|eye|face|feels|heart-eyes|hearts|ily|kisses|love|romance|romantic|smile|xoxo
1f929	目が星の笑顔|スマイル|わーい|星|笑顔|顔	star-struck|excited|eyes|face|grinning|smile|star|starry-eyed|wow
1f618	投げキッス|キス|ちゅっ|ハート|顔	face blowing a kiss|adorbs|bae|blowing|face|flirt|heart|ily|kiss|love|lover|miss|muah|romantic|smooch|xoxo|you
1f617	キス|ちゅっ|デート|顔	kissing face|143|date|dating|face|flirt|ily|kiss|love|smooch|smooches|xoxo|you
263a	スマイリー|スマイル|ハッピー|ほっ|笑顔|顔	smiling face|face|happy|outlined|relaxed|smile|smiling
1f61a	ちゅっ|キス|デート|目を閉じてキス|目を閉じる|顔	kissing face with closed eyes|143|bae|blush|closed|date|dating|eye|eyes|face|flirt|ily|kisses|kissing|smooches|xoxo
1f619	にっこりキス|キス|スマイル|ちゅっ|笑顔|顔	kissing face with smiling eyes|143|closed|date|dating|eye|eyes|face|flirt|ily|kiss|kisses|kissing|love|night|smile|smiling
1f972	嬉し涙の顔|じーん|感動|感激|泣く|涙|顔	smiling face with tear|face|glad|grateful|happy|joy|pain|proud|relieved|smile|smiley|smiling|tear|touched
1f60b	にこにこぺろり|うまい|おいしい|おいしそう|スマイル|ぺろり|笑顔|腹ぺこ|顔	face savoring food|delicious|eat|face|food|full|hungry|savor|smile|smiling|tasty|um|yum|yummy
1f61b	舌を出した顔|べー|べろ|甘い|舌|顔	face with tongue|awesome|cool|face|nice|party|stuck-out|sweet|tongue
1f61c	あっかんべー|ウィンク|ジョーク|べー|冗談|舌|顔	winking face with tongue|crazy|epic|eye|face|funny|joke|loopy|nutty|party|stuck-out|tongue|wacky|weirdo|wink|winking|yolo
1f92a	ふざけた顔|おかしい|ジョーク|ふざけ|顔	zany face|crazy|eye|eyes|face|goofy|large|small|zany
1f61d	目を閉じてべー|べー|べろ|わーい|味見|舌|顔	squinting face with tongue|closed|eye|eyes|face|gross|horrible|omg|squinting|stuck-out|taste|tongue|whatever|yolo
1f911	お金の顔|お金|べー|べろ|舌|顔	money-mouth face|face|money|money-mouth|mouth|paid
1f917	ハグ|スマイル|笑顔|顔	smiling face with open hands|face|hands|hug|hugging|open|smiling
1f92d	口に手を当てた顔|おっと|クスクス|スマイル|内緒|笑顔|顔	face with hand over mouth|face|giggle|giggling|hand|mouth|oops|realization|secret|shock|sudden|surprise|whoops
1fae2	目を開けて口に手を当てた顔|おそれ|おののき|びっくり|静かに|顔|驚き	face with open eyes and hand over mouth|amazement|awe|disbelief|embarrass|eyes|face|gasp|hand|mouth|omg|open|over|quiet|scared|shock|surprise
1fae3	指の間からのぞき見る顔|こわごわ|ちらっ|のぞき見|盗み見|顔	face with peeking eye|captivated|embarrass|eye|face|hide|hiding|peek|peeking|peep|scared|shy|stare
1f92b	しーっ|しー|シーッ|しっ|静かに|顔	shushing face|face|quiet|shh|shush|shushing
1f914	考える顔|うーん|考える|考え中|顎に手|顔	thinking face|chin|consider|face|hmm|ponder|pondering|thinking|wondering
1fae1	敬礼する顔|オーケー|了解|敬礼|軍隊|顔	saluting face|face|good|luck|ma’am|OK|respect|salute|saluting|sir|troops|yes
1f910	口チャック|チャック|内緒|口|秘密|顔	zipper-mouth face|face|keep|mouth|quiet|secret|shut|zip|zipper|zipper-mouth
1f928	眉を上げた顔|不審|疑い|顔|驚き	face with raised eyebrow|disapproval|disbelief|distrust|emoji|eyebrow|face|hmm|mild|raised|skeptic|skeptical|skepticism|surprise|what
1f610	ポーカーフェイス|無表情|笑えない|顔	neutral face|awkward|blank|deadpan|expressionless|face|fine|jealous|meh|neutral|oh|shade|straight|unamused|unhappy|unimpressed|whatever
1f611	無表情|ふーん|やきもち|無感情|顔	expressionless face|awkward|dead|expressionless|face|fine|inexpressive|jealous|meh|not|oh|omg|straight|uh|unhappy|unimpressed|whatever
1f636	口のない顔|だんまり|口なし|沈黙|無表情|無言|顔	face without mouth|awkward|blank|expressionless|face|mouth|mouthless|mute|quiet|secret|silence|silent|speechless
1fae5	点線の顔|どうでもいい|ふーん|内向的|内気|憂鬱|落胆|顔	dotted line face|depressed|disappear|dotted|face|hidden|hide|introvert|invisible|line|meh|whatever|wtv
1f636-200d-1f32b	雲の中の顔|うわの空|ぼんやり|夢中|放心状態|顔	face in clouds|absentminded|clouds|face|fog|head
1f60f	薄笑いをする顔|にやり|ふっ|顔	smirking face|boss|dapper|face|flirt|homie|kidding|leer|shade|slick|sly|smirk|smug|snicker|suave|suspicious|swag
1f612	しらけた|ジト目|しらけ|しらける|つまらない|やきもち|不満|顔	unamused face|...|bored|face|fine|jealous|jel|jelly|pissed|smh|ugh|uhh|unamused|unhappy|weird|whatever
1f644	上を見る顔|あきれた|うーん|上目|目をむく|顔	face with rolling eyes|eyeroll|eyes|face|rolling|shade|ugh|whatever
1f62c	しかめ面|いー|しかめっ面|しかめ顔|顔	grimacing face|awk|awkward|dentist|face|grimace|grimacing|grinning|smile|smiling
1f62e-200d-1f4a8	息を吐く顔|あきらめ|ため息|ほっとした|安心|息切れ|疲れた|顔	face exhaling|blow|blowing|exhale|exhaling|exhausted|face|gasp|groan|relief|sigh|smiley|smoke|whisper|whistle
1f925	うそつきの顔|ピノキオの顔|嘘|嘘つき|顔	lying face|face|liar|lie|lying|pinocchio
1f60c	ほっとした顔|ほっ|安心|顔	relieved face|calm|face|peace|relief|relieved|zen
1f614	しょぼーん|がっかり|しょんぼり|悲しい|考え込む顔|顔	pensive face|awful|bored|dejected|died|disappointed|face|losing|lost|pensive|sad|sucks
1f62a	眠い|寝る|疲れた|眠そうな顔|眠っている顔|眠る|顔	sleepy face|crying|face|good|night|sad|sleep|sleeping|sleepy|tired
1f924	よだれを垂らした顔|よだれ|顔	drooling face|drooling|face
1f634	寝る|zzz|おやすみ|グーグー|寝顔|眠い|眠る|顔	sleeping face|bed|bedtime|face|good|goodnight|nap|night|sleep|sleeping|tired|whatever|yawn|zzz
1f637	マスク顔|ドクター|マスク|医師|歯科医|病気|花粉症|顔|風邪	face with medical mask|cold|dentist|dermatologist|doctor|dr|face|germs|mask|medical|medicine|sick
1f912	熱がある顔|体温計|熱を測る|病気|顔|風邪	face with thermometer|face|ill|sick|thermometer
1f915	包帯を巻いた顔|ケガ|ケガしてる顔|包帯|痛い|顔	face with head-bandage|bandage|face|head-bandage|hurt|injury|ouch
1f922	吐き気を催している顔|具合の悪い顔|吐きそう|気持ち悪い|病気|顔	nauseated face|face|gross|nasty|nauseated|sick|vomit
1f92e	嘔吐する顔|げろ|吐く|気持ち悪い|病気|顔	face vomiting|barf|ew|face|gross|puke|sick|spew|throw|up|vomit|vomiting
1f927	くしゃみする顔|くしゃみ|花粉症|顔|風邪	sneezing face|face|fever|flu|gesundheit|sick|sneeze|sneezing
1f975	暑い顔|暑さ|死にそう|汗|熱中症|発熱|舌を出した顔|赤い顔	hot face|dying|face|feverish|heat|hot|panting|red-faced|stroke|sweating|tongue
1f976	寒い顔|しもやけ|つらら|凍え|寒さ|氷点下|青|青い顔|顔	cold face|blue|blue-faced|cold|face|freezing|frostbite|icicles|subzero|teeth
1f974	ふらふらの顔|うつろな目|べろんべろん|ほろ酔い|めまい|中毒	woozy face|dizzy|drunk|eyes|face|intoxicated|mouth|tipsy|uneven|wavy|woozy
1f635	めまい|ふらふら|疲れた|病気|顔	face with crossed-out eyes|crossed-out|dead|dizzy|eyes|face|feels|knocked|out|sick|tired
1f635-200d-1f4ab	目を回した顔|くらくら|ふらふら|めまい|渦巻き|目がぐるぐる|目が回る	face with spiral eyes|confused|dizzy|eyes|face|hypnotized|omg|smiley|spiral|trouble|whoa|woah|woozy
1f92f	頭爆発|ショック|びっくり|ぼんっ|爆発|顔|驚き	exploding head|blown|explode|exploding|head|mind|mindblown|no|shocked|way
1f920	カウボーイの顔|カウガール|カウボーイ|帽子|顔	cowboy hat face|cowboy|cowgirl|face|hat
1f973	パーティーの顔|おめでとう|お祝い|パーティー|ハッピーバースデー|帽子|笑顔|笛|誕生日	partying face|bday|birthday|celebrate|celebration|excited|face|happy|hat|hooray|horn|party|partying
1f978	変装した顔|ひげ|メガネ|仮装|口ひげ|変装|顔	disguised face|disguise|eyebrow|face|glasses|incognito|moustache|mustache|nose|person|spy|tache|tash
1f60e	サングラスで笑顔|クール|サングラス|スマイル|眼鏡|笑顔|顔	smiling face with sunglasses|awesome|beach|bright|bro|chilling|cool|face|rad|relaxed|shades|slay|smile|style|sunglasses|swag|win
1f913	オタク|エキスパート|ガリ勉|マニア|メガネ|優等生|利口|知的|秀才|顔	nerd face|brainy|clever|expert|face|geek|gifted|glasses|intelligent|nerd|smart
1f9d0	モノクルを付けた顔|メガネ|上品|片眼鏡|考える|顔	face with monocle|classy|face|fancy|monocle|rich|stuffy|wealthy
1f615	混乱|しかめ面|ふーん|わからない|困惑|顔	confused face|befuddled|confused|confusing|dunno|face|frown|hm|meh|not|sad|sorry|sure
1fae4	口が斜めの顔|不信|不満|困惑|無気力|無関心|顔	face with diagonal mouth|confused|confusion|diagonal|disappointed|doubt|doubtful|face|frustrated|frustration|meh|mouth|skeptical|unsure|whatever|wtv
1f61f	悩む顔|困った|心配|悲しい|顔	worried face|anxious|butterflies|face|nerves|nervous|sad|stress|stressed|surprised|worried|worry
1f641	少し困った顔|しかめ面|困った|少し困った|顔	slightly frowning face|face|frown|frowning|sad|slightly
2639	困った顔|しかめ面|困った|悲しい|顔	frowning face|face|frown|frowning|sad
1f62e	口が開いた顔|へー|信じられない|共感|顔|驚き	face with open mouth|believe|face|forgot|mouth|omg|open|shocked|surprised|sympathy|unbelievable|unreal|whoa|wow|you
1f62f	ぽかーん|すごいね|びっくり|びっくり顔|顔|驚き	hushed face|epic|face|hushed|omg|stunned|surprised|whoa|woah
1f632	びっくり|えーっ|びっくりした顔|まさか|顔|驚き|驚愕	astonished face|astonished|cost|face|no|omg|shocked|totally|way
1f633	赤面|えーっ|とまどい|赤くなる|顔|驚き	flushed face|amazed|awkward|crazy|dazed|dead|disbelief|embarrassed|face|flushed|geez|heat|hot|impressed|jeez|what|wow
1f97a	訴えるような顔|お願い|ぴえん|大きな目|子犬の目|悲しみ|情け|懇願|顔	pleading face|begging|big|eyes|face|mercy|not|pleading|please|pretty|puppy|sad|why
1f979	涙をこらえた顔|うるうる|嬉し泣き|懇願|泣き顔|涙|顔	face holding back tears|admiration|aww|back|cry|embarrassed|face|feelings|grateful|gratitude|holding|joy|please|proud|resist|sad|tears
1f626	あきれ顔|しかめ面|しかめ顔|ぽかーん|不本意|不満|口を開けた顔|呆然|顔|驚き	frowning face with open mouth|caught|face|frown|frowning|guard|mouth|open|scared|scary|surprise|what|wow
1f627	苦悩|困った顔|苦悶|顔|驚き	anguished face|anguished|face|forgot|scared|scary|stressed|surprise|unhappy|what|wow
1f628	青ざめ|がーん|不安|怖い|青ざめた顔|顔	fearful face|afraid|anxious|blame|face|fear|fearful|scared|worried
1f630	冷や汗青ざめ|冷や汗|寒い|汗|青い顔|青ざめ|顔	anxious face with sweat|anxious|blue|cold|eek|face|mouth|nervous|open|rushed|scared|sweat|yikes
1f625	どうしよう|困った|汗|顔	sad but relieved face|anxious|call|close|complicated|disappointed|face|not|relieved|sad|sweat|time|whew
1f622	泣き顔|ひどい|寂しい|悲しい|泣く|涙|顔	crying face|awful|cry|crying|face|feels|miss|sad|tear|triste|unhappy
1f62d	大泣き|号泣|号泣する顔|悲しい|泣く|涙|顔	loudly crying face|bawling|cry|crying|face|loudly|sad|sob|tear|tears|unhappy
1f631	恐怖|がーん|ショック|叫び|叫んでいる顔|顔|驚き	face screaming in fear|epic|face|fear|fearful|munch|scared|scream|screamer|screaming|shocked|surprised|woah
1f616	困惑した顔|困った|困惑|混乱|顔	confounded face|annoyed|confounded|confused|cringe|distraught|face|feels|frustrated|mad|sad
1f623	我慢|我慢する顔|頭痛|顔	persevering face|concentrate|concentration|face|focus|headache|persevere|persevering
1f61e	失望した顔|がっかり|がっくり|悲しい|残念|顔	disappointed face|awful|blame|dejected|disappointed|face|fail|losing|sad|unhappy
1f613	冷や汗|さむけ|汗|肝を冷やした|頭痛|顔	downcast face with sweat|close|cold|downcast|face|feels|headache|nervous|sad|scared|sweat|yikes
1f629	あきらめ|へとへと|泣き顔|疲れ|腹ぺこ|顔	weary face|crying|face|fail|feels|hungry|mad|nooo|sad|sleepy|tired|unhappy|weary
1f62b	疲れた|くしゃみ|疲れ|疲れた顔|限界|顔	tired face|cost|face|feels|nap|sad|sneeze|tired
1f971	あくびした顔|おやすみ|ふあ～|疲れ|眠い|退屈|顔	yawning face|bedtime|bored|face|goodnight|nap|night|sleep|sleepy|tired|whatever|yawn|yawning|zzz
1f624	勝ち誇った顔|ふんっ|得意気|怒り|顔|鼻息	face with steam from nose|anger|angry|face|feels|fume|fuming|furious|fury|mad|nose|steam|triumph|unhappy|won
1f621	ふくれっ面|かんかん|ぷんぷん|怒り|激怒|赤い顔|顔	enraged face|anger|angry|enraged|face|feels|mad|maddening|pouting|rage|red|shade|unhappy|upset
1f620	ぷんぷん|不満|怒った|怒った顔|怒り|顔	angry face|anger|angry|blame|face|feels|frustrated|mad|maddening|rage|shade|unhappy|upset
1f92c	ののしる|シンボルが口にある顔|ののしり|怒り|悪口|検閲|顔	face with symbols on mouth|censor|cursing|cussing|face|mad|mouth|pissed|swearing|symbols
1f608	笑った悪魔|スマイル|デビル|悪魔|笑顔|角|顔	smiling face with horns|demon|devil|evil|face|fairy|fairytale|fantasy|horns|purple|shade|smile|smiling|tale
1f47f	怒った悪魔|かんかん|デビル|悪魔|激怒|角|顔	angry face with horns|angry|demon|devil|evil|face|fairy|fairytale|fantasy|horns|imp|mischievous|purple|shade|tale
1f480	ドクロ|スカル|死|死者|頭蓋骨|顔|骸骨	skull|body|dead|death|face|fairy|fairytale|i’m|lmao|monster|tale|yolo
2620	ドクロと骨|スカル|ドクロ|死|顔|骨|骸骨	skull and crossbones|bone|crossbones|dead|death|face|monster|skull
1f4a9	うんち|うんこ|臭い|顔	pile of poo|bs|comic|doo|dung|face|fml|monster|pile|poo|poop|smelly|smh|stink|stinks|stinky|turd
1f921	ピエロの顔|ピエロ|道化師|顔	clown face|clown|face
1f479	鬼|お面|なまはげ|化け物|怖い|顔	ogre|creature|devil|face|fairy|fairytale|fantasy|mask|monster|scary|tale
1f47a	天狗|お面|怒り	goblin|angry|creature|face|fairy|fairytale|fantasy|mask|mean|monster|tale
1f47b	お化け|ゴースト|ハロウィーン|ユーレイ|幽霊|怖い	ghost|boo|creature|excited|face|fairy|fairytale|fantasy|halloween|haunting|monster|scary|silly|tale
1f47d	エイリアン|UFO|ユーフォー|宇宙人|異星人|顔	alien|creature|extraterrestrial|face|fairy|fairytale|fantasy|monster|space|tale|ufo
1f47e	インベーダー|エイリアン|ゲーム|スペースインベーダー|モンスター|宇宙人|異星人	alien monster|alien|creature|extraterrestrial|face|fairy|fairytale|fantasy|game|gamer|games|monster|pixelated|space|tale|ufo
1f916	ロボット|ロボットの顔|顔	robot|face|monster
1f63a	にっこり笑う猫|スマイル|動物|猫|笑顔|顔	grinning cat|animal|cat|face|grinning|mouth|open|smile|smiling
1f638	にやっと笑う猫|スマイル|動物|猫|笑う|笑顔|顔	grinning cat with smiling eyes|animal|cat|eye|eyes|face|grin|grinning|smile|smiling
1f639	嬉し泣きする猫|スマイル|動物|涙|爆笑|猫|笑顔|顔	cat with tears of joy|animal|cat|face|joy|laugh|laughing|lol|tear|tears
1f63b	目がハートの猫|スマイル|ハート|動物|猫|笑顔|顔	smiling cat with heart-eyes|animal|cat|eye|face|heart|heart-eyes|love|smile|smiling
1f63c	にやりとする猫|にやり|ふっ|動物|猫|顔	cat with wry smile|animal|cat|face|ironic|smile|wry
1f63d	猫のキス|キス|ちゅっ|動物|猫|顔	kissing cat|animal|cat|closed|eye|eyes|face|kiss|kissing
1f640	絶望する猫|がーん|ショック|びっくり|動物|猫|顔	weary cat|animal|cat|face|oh|surprised|weary
1f63f	泣いている猫|動物|悲しい|泣く|涙|猫|顔	crying cat|animal|cat|cry|crying|face|sad|tear
1f63e	不機嫌な猫|ぷんぷん|不機嫌|動物|猫|顔	pouting cat|animal|cat|face|pouting
1f648	見ざる|三猿|動物|猿|目隠し|隠す	see-no-evil monkey|embarrassed|evil|face|forbidden|forgot|gesture|hide|monkey|no|omg|prohibited|scared|secret|smh|watch
1f649	聞かざる|三猿|猿|秘密	hear-no-evil monkey|animal|ears|evil|face|forbidden|gesture|hear|listen|monkey|no|not|prohibited|secret|shh|tmi
1f64a	言わざる|三猿|内緒|黙る|猿|秘密	speak-no-evil monkey|animal|evil|face|forbidden|gesture|monkey|no|not|oops|prohibited|quiet|secret|speak|stealth
1f48c	ラブレター|ハート|バレンタインデー|封筒|恋文|手紙	love letter|heart|letter|love|mail|romance|valentine
1f498	ハートに矢|キューピッド|ハート|矢	heart with arrow|143|adorbs|arrow|cupid|date|emotion|heart|ily|love|romance|valentine
1f49d	ハートにリボン|ハート|バレンタインデー|リボン|記念日	heart with ribbon|143|anniversary|emotion|heart|ily|kisses|ribbon|valentine|xoxo
1f496	きらきらハート|きらきら|キラキラ|ハート	sparkling heart|143|emotion|excited|good|heart|ily|kisses|morning|night|sparkle|sparkling|xoxo
1f497	大きくなるハート|ドキドキ|ときめき|ハート	growing heart|143|emotion|excited|growing|heart|heartpulse|ily|kisses|muah|nervous|pulse|xoxo
1f493	ドキドキするハート|ドキドキ|ハート|動悸|鼓動	beating heart|143|beating|cardio|emotion|heart|heartbeat|ily|love|pulsating|pulse
1f49e	回転するハート|かわいい|ハート	revolving hearts|143|adorbs|anniversary|emotion|heart|hearts|revolving
1f495	2つのハート|デート|ハート|ラブ|記念日	two hearts|143|anniversary|date|dating|emotion|heart|hearts|ily|kisses|love|loving|two|xoxo
1f49f	ハートデコ|ハート|ハートデコレーション|白いハート|紫のハート	heart decoration|143|decoration|emotion|heart|hearth|purple|white
2763	ハートのびっくり|エクスクラメーションマーク|ハート|びっくりマーク	heart exclamation|exclamation|heart|heavy|mark|punctuation
1f494	割れたハート|ハート|ハートブレイク|別れ|別れた|壊れたハート|失恋	broken heart|break|broken|crushed|emotion|heart|heartbroken|lonely|sad
2764-200d-1f525	燃えるハート|ハート|愛|火の付いた|炎|聖なる心臓	heart on fire|burn|fire|heart|love|lust|sacred
2764-200d-1fa79	包帯を巻いたハート|ケガ|ハート|傷ついた|傷心|包帯	mending heart|healthier|heart|improving|mending|recovering|recuperating|well
2764	赤いハート|ハート|愛|赤	red heart|emotion|heart|love|red
1f9e1	オレンジのハート|オレンジ|ハート	orange heart|143|heart|orange
1f49b	黄色のハート|ハート|愛|黄色|黄色いハート	yellow heart|143|cardiac|emotion|heart|ily|love|yellow
1f49a	緑のハート|ハート|緑	green heart|143|emotion|green|heart|ily|love|romantic
1f499	青いハート|ハート|青	blue heart|143|blue|emotion|heart|ily|love|romance
1f49c	紫のハート|ハート|愛|紫	purple heart|143|bestest|emotion|heart|ily|love|purple
1f90e	茶色いハート|ハート|茶色	brown heart|143|brown|heart
1f5a4	黒いハート|ハート|悪意|黒	black heart|black|evil|heart|wicked
1f90d	白いハート|ハート|白	white heart|143|heart|white
1f48b	キスマーク|キス|セクシー|ちゅっ|唇	kiss mark|dating|emotion|heart|kiss|kissing|lips|mark|romance|sexy
1f4af	100点満点|100|100点|全問正解|満点	hundred points|100|a+|agree|clearly|definitely|faithful|fleek|full|hundred|keep|perfect|point|score|TRUE|truth|yup
1f4a2	むかっ|＃|マンガ|怒った|怒り|怒りマーク	anger symbol|anger|angry|comic|mad|symbol|upset
1f4a5	衝突|どんっ|ぼんっ|マンガ|爆発|衝撃	collision|bomb|boom|collide|comic|explode
1f4ab	くらくら|きらきら|キラキラ|星|流れ星|目が回る	dizzy|comic|shining|shooting|star|stars
1f4a6	あせあせ|しずく|水滴|汗	sweat droplets|comic|drip|droplet|droplets|drops|splashing|squirt|sweat|water|wet|work|workout
1f4a8	ダッシュ|マンガ|急ぐ|急げ|走る|逃げる	dashing away|away|cloud|comic|dash|dashing|fart|fast|go|gone|gotta|running|smoke
1f573	穴	hole
1f4ac	会話の吹き出し|セリフ|トーク|マンガ|メッセージ|会話|吹き出し	speech balloon|balloon|bubble|comic|dialog|message|sms|speech|talk|text|typing
1f441-200d-1f5e8	吹き出しの目|吹き出し|目|目撃	eye in speech bubble|balloon|bubble|eye|speech|witness
1f5e8	吹き出し左|セリフ|会話|吹き出し	left speech bubble|balloon|bubble|dialog|left|speech
1f5ef	怒りの吹き出し|吹き出し|怒り	right anger bubble|anger|angry|balloon|bubble|mad|right
1f4ad	雲形の吹き出し|マンガ|もくもく|吹き出し|空想|考え事|雲	thought balloon|balloon|bubble|cartoon|cloud|comic|daydream|decisions|dream|idea|invent|invention|realize|think|thoughts|wonder
1f4a4	グーグー|zzz|いびき|おやすみ|マンガ|寝る|就寝中	ZZZ|comic|good|goodnight|night|sleep|sleeping|sleepy|tired|zzz
1f44b	手を振る|あいさつ|さようなら|バイバイ|ハロー|またね|手	waving hand|bye|cya|g2g|greetings|gtg|hand|hello|hey|hi|later|outtie|ttfn|ttyl|wave|yo|you
1f44b-1f3fb	手を振る: 薄い肌色|あいさつ|さようなら|バイバイ|ハロー|またね|手|手を振る|薄い肌色	waving hand: light skin tone|bye|cya|g2g|greetings|gtg|hand|hello|hey|hi|later|light skin tone|outtie|ttfn|ttyl|wave|yo|you
1f44b-1f3fc	手を振る: やや薄い肌色|あいさつ|さようなら|バイバイ|ハロー|またね|やや薄い肌色|手|手を振る	waving hand: medium-light skin tone|bye|cya|g2g|greetings|gtg|hand|hello|hey|hi|later|medium-light skin tone|outtie|ttfn|ttyl|wave|yo|you
1f44b-1f3fd	手を振る: 中間の肌色|あいさつ|さようなら|バイバイ|ハロー|またね|中間の肌色|手|手を振る	waving hand: medium skin tone|bye|cya|g2g|greetings|gtg|hand|hello|hey|hi|later|medium skin tone|outtie|ttfn|ttyl|wave|yo|you
1f44b-1f3fe	手を振る: やや濃い肌色|あいさつ|さようなら|バイバイ|ハロー|またね|やや濃い肌色|手|手を振る	waving hand: medium-dark skin tone|bye|cya|g2g|greetings|gtg|hand|hello|hey|hi|later|medium-dark skin tone|outtie|ttfn|ttyl|wave|yo|you
1f44b-1f3ff	手を振る: 濃い肌色|あいさつ|さようなら|バイバイ|ハロー|またね|手|手を振る|濃い肌色	waving hand: dark skin tone|bye|cya|dark skin tone|g2g|greetings|gtg|hand|hello|hey|hi|later|outtie|ttfn|ttyl|wave|yo|you
1f91a	手の甲|手	raised back of hand|back|backhand|hand|raised
1f91a-1f3fb	手の甲: 薄い肌色|手|手の甲|薄い肌色	raised back of hand: light skin tone|back|backhand|hand|light skin tone|raised
1f91a-1f3fc	手の甲: やや薄い肌色|やや薄い肌色|手|手の甲	raised back of hand: medium-light skin tone|back|backhand|hand|medium-light skin tone|raised
1f91a-1f3fd	手の甲: 中間の肌色|中間の肌色|手|手の甲	raised back of hand: medium skin tone|back|backhand|hand|medium skin tone|raised
1f91a-1f3fe	手の甲: やや濃い肌色|やや濃い肌色|手|手の甲	raised back of hand: medium-dark skin tone|back|backhand|hand|medium-dark skin tone|raised
1f91a-1f3ff	手の甲: 濃い肌色|手|手の甲|濃い肌色	raised back of hand: dark skin tone|back|backhand|dark skin tone|hand|raised
1f590	開いた手|ストップ|パー|手|挙手	hand with fingers splayed|finger|fingers|hand|raised|splayed|stop
1f590-1f3fb	開いた手: 薄い肌色|ストップ|パー|手|挙手|薄い肌色|開いた手	hand with fingers splayed: light skin tone|finger|fingers|hand|light skin tone|raised|splayed|stop
1f590-1f3fc	開いた手: やや薄い肌色|ストップ|パー|やや薄い肌色|手|挙手|開いた手	hand with fingers splayed: medium-light skin tone|finger|fingers|hand|medium-light skin tone|raised|splayed|stop
1f590-1f3fd	開いた手: 中間の肌色|ストップ|パー|中間の肌色|手|挙手|開いた手	hand with fingers splayed: medium skin tone|finger|fingers|hand|medium skin tone|raised|splayed|stop
1f590-1f3fe	開いた手: やや濃い肌色|ストップ|パー|やや濃い肌色|手|挙手|開いた手	hand with fingers splayed: medium-dark skin tone|finger|fingers|hand|medium-dark skin tone|raised|splayed|stop
1f590-1f3ff	開いた手: 濃い肌色|ストップ|パー|手|挙手|濃い肌色|開いた手	hand with fingers splayed: dark skin tone|dark skin tone|finger|fingers|hand|raised|splayed|stop
270b	挙手|5|ストップ|パー|手	raised hand|5|five|hand|high|raised|stop
270b-1f3fb	挙手: 薄い肌色|5|ストップ|パー|手|挙手|薄い肌色	raised hand: light skin tone|5|five|hand|high|light skin tone|raised|stop
270b-1f3fc	挙手: やや薄い肌色|5|ストップ|パー|やや薄い肌色|手|挙手	raised hand: medium-light skin tone|5|five|hand|high|medium-light skin tone|raised|stop
270b-1f3fd	挙手: 中間の肌色|5|ストップ|パー|中間の肌色|手|挙手	raised hand: medium skin tone|5|five|hand|high|medium skin tone|raised|stop
270b-1f3fe	挙手: やや濃い肌色|5|ストップ|パー|やや濃い肌色|手|挙手	raised hand: medium-dark skin tone|5|five|hand|high|medium-dark skin tone|raised|stop
270b-1f3ff	挙手: 濃い肌色|5|ストップ|パー|手|挙手|濃い肌色	raised hand: dark skin tone|5|dark skin tone|five|hand|high|raised|stop
1f596	バルカンの挨拶|バルカンサイン|バルカン人|手	vulcan salute|finger|hand|hands|salute|Vulcan
1f596-1f3fb	バルカンの挨拶: 薄い肌色|バルカンサイン|バルカンの挨拶|バルカン人|手|薄い肌色	vulcan salute: light skin tone|finger|hand|hands|light skin tone|salute|Vulcan
1f596-1f3fc	バルカンの挨拶: やや薄い肌色|バルカンサイン|バルカンの挨拶|バルカン人|やや薄い肌色|手	vulcan salute: medium-light skin tone|finger|hand|hands|medium-light skin tone|salute|Vulcan
1f596-1f3fd	バルカンの挨拶: 中間の肌色|バルカンサイン|バルカンの挨拶|バルカン人|中間の肌色|手	vulcan salute: medium skin tone|finger|hand|hands|medium skin tone|salute|Vulcan
1f596-1f3fe	バルカンの挨拶: やや濃い肌色|バルカンサイン|バルカンの挨拶|バルカン人|やや濃い肌色|手	vulcan salute: medium-dark skin tone|finger|hand|hands|medium-dark skin tone|salute|Vulcan
1f596-1f3ff	バルカンの挨拶: 濃い肌色|バルカンサイン|バルカンの挨拶|バルカン人|手|濃い肌色	vulcan salute: dark skin tone|dark skin tone|finger|hand|hands|salute|Vulcan
1faf1	右に向けた手|右側|手|握手|方向	rightwards hand|hand|handshake|hold|reach|right|rightward|rightwards|shake
1faf1-1f3fb	右に向けた手: 薄い肌色|右に向けた手|右側|手|握手|方向|薄い肌色	rightwards hand: light skin tone|hand|handshake|hold|light skin tone|reach|right|rightward|rightwards|shake
1faf1-1f3fc	右に向けた手: やや薄い肌色|やや薄い肌色|右に向けた手|右側|手|握手|方向	rightwards hand: medium-light skin tone|hand|handshake|hold|medium-light skin tone|reach|right|rightward|rightwards|shake
1faf1-1f3fd	右に向けた手: 中間の肌色|中間の肌色|右に向けた手|右側|手|握手|方向	rightwards hand: medium skin tone|hand|handshake|hold|medium skin tone|reach|right|rightward|rightwards|shake
1faf1-1f3fe	右に向けた手: やや濃い肌色|やや濃い肌色|右に向けた手|右側|手|握手|方向	rightwards hand: medium-dark skin tone|hand|handshake|hold|medium-dark skin tone|reach|right|rightward|rightwards|shake
1faf1-1f3ff	右に向けた手: 濃い肌色|右に向けた手|右側|手|握手|方向|濃い肌色	rightwards hand: dark skin tone|dark skin tone|hand|handshake|hold|reach|right|rightward|rightwards|shake
1faf2	左に向けた手|左側|手|握手|方向	leftwards hand|hand|handshake|hold|left|leftward|leftwards|reach|shake
1faf2-1f3fb	左に向けた手: 薄い肌色|左に向けた手|左側|手|握手|方向|薄い肌色	leftwards hand: light skin tone|hand|handshake|hold|left|leftward|leftwards|light skin tone|reach|shake
1faf2-1f3fc	左に向けた手: やや薄い肌色|やや薄い肌色|左に向けた手|左側|手|握手|方向	leftwards hand: medium-light skin tone|hand|handshake|hold|left|leftward|leftwards|medium-light skin tone|reach|shake
1faf2-1f3fd	左に向けた手: 中間の肌色|中間の肌色|左に向けた手|左側|手|握手|方向	leftwards hand: medium skin tone|hand|handshake|hold|left|leftward|leftwards|medium skin tone|reach|shake
1faf2-1f3fe	左に向けた手: やや濃い肌色|やや濃い肌色|左に向けた手|左側|手|握手|方向	leftwards hand: medium-dark skin tone|hand|handshake|hold|left|leftward|leftwards|medium-dark skin tone|reach|shake
1faf2-1f3ff	左に向けた手: 濃い肌色|左に向けた手|左側|手|握手|方向|濃い肌色	leftwards hand: dark skin tone|dark skin tone|hand|handshake|hold|left|leftward|leftwards|reach|shake
1faf3	下に向けた手|下|手|拾う|落とす	palm down hand|dismiss|down|drop|dropped|hand|palm|pick|shoo|up
1faf3-1f3fb	下に向けた手: 薄い肌色|下|下に向けた手|手|拾う|落とす|薄い肌色	palm down hand: light skin tone|dismiss|down|drop|dropped|hand|light skin tone|palm|pick|shoo|up
1faf3-1f3fc	下に向けた手: やや薄い肌色|やや薄い肌色|下|下に向けた手|手|拾う|落とす	palm down hand: medium-light skin tone|dismiss|down|drop|dropped|hand|medium-light skin tone|palm|pick|shoo|up
1faf3-1f3fd	下に向けた手: 中間の肌色|下|下に向けた手|中間の肌色|手|拾う|落とす	palm down hand: medium skin tone|dismiss|down|drop|dropped|hand|medium skin tone|palm|pick|shoo|up
1faf3-1f3fe	下に向けた手: やや濃い肌色|やや濃い肌色|下|下に向けた手|手|拾う|落とす	palm down hand: medium-dark skin tone|dismiss|down|drop|dropped|hand|medium-dark skin tone|palm|pick|shoo|up
1faf3-1f3ff	下に向けた手: 濃い肌色|下|下に向けた手|手|拾う|濃い肌色|落とす	palm down hand: dark skin tone|dark skin tone|dismiss|down|drop|dropped|hand|palm|pick|shoo|up
1faf4	上に向けた手|おいで|ちょうだい|上|受ける|差し出す|手	palm up hand|beckon|catch|come|hand|hold|know|lift|me|offer|palm|tell
1faf4-1f3fb	上に向けた手: 薄い肌色|おいで|ちょうだい|上|上に向けた手|受ける|差し出す|手|薄い肌色	palm up hand: light skin tone|beckon|catch|come|hand|hold|know|lift|light skin tone|me|offer|palm|tell
1faf4-1f3fc	上に向けた手: やや薄い肌色|おいで|ちょうだい|やや薄い肌色|上|上に向けた手|受ける|差し出す|手	palm up hand: medium-light skin tone|beckon|catch|come|hand|hold|know|lift|me|medium-light skin tone|offer|palm|tell
1faf4-1f3fd	上に向けた手: 中間の肌色|おいで|ちょうだい|上|上に向けた手|中間の肌色|受ける|差し出す|手	palm up hand: medium skin tone|beckon|catch|come|hand|hold|know|lift|me|medium skin tone|offer|palm|tell
1faf4-1f3fe	上に向けた手: やや濃い肌色|おいで|ちょうだい|やや濃い肌色|上|上に向けた手|受ける|差し出す|手	palm up hand: medium-dark skin tone|beckon|catch|come|hand|hold|know|lift|me|medium-dark skin tone|offer|palm|tell
1faf4-1f3ff	上に向けた手: 濃い肌色|おいで|ちょうだい|上|上に向けた手|受ける|差し出す|手|濃い肌色	palm up hand: dark skin tone|beckon|catch|come|dark skin tone|hand|hold|know|lift|me|offer|palm|tell
1f44c	OKの手|OK|オーケー|オッケー|つまむ|手	OK hand|awesome|bet|dope|fleek|fosho|got|gotcha|hand|legit|OK|okay|pinch|rad|sure|sweet|three
1f44c-1f3fb	OKの手: 薄い肌色|OK|OKの手|オーケー|オッケー|つまむ|手|薄い肌色	OK hand: light skin tone|awesome|bet|dope|fleek|fosho|got|gotcha|hand|legit|light skin tone|OK|okay|pinch|rad|sure|sweet|three
1f44c-1f3fc	OKの手: やや薄い肌色|OK|OKの手|オーケー|オッケー|つまむ|やや薄い肌色|手	OK hand: medium-light skin tone|awesome|bet|dope|fleek|fosho|got|gotcha|hand|legit|medium-light skin tone|OK|okay|pinch|rad|sure|sweet|three
1f44c-1f3fd	OKの手: 中間の肌色|OK|OKの手|オーケー|オッケー|つまむ|中間の肌色|手	OK hand: medium skin tone|awesome|bet|dope|fleek|fosho|got|gotcha|hand|legit|medium skin tone|OK|okay|pinch|rad|sure|sweet|three
1f44c-1f3fe	OKの手: やや濃い肌色|OK|OKの手|オーケー|オッケー|つまむ|やや濃い肌色|手	OK hand: medium-dark skin tone|awesome|bet|dope|fleek|fosho|got|gotcha|hand|legit|medium-dark skin tone|OK|okay|pinch|rad|sure|sweet|three
1f44c-1f3ff	OKの手: 濃い肌色|OK|OKの手|オーケー|オッケー|つまむ|手|濃い肌色	OK hand: dark skin tone|awesome|bet|dark skin tone|dope|fleek|fosho|got|gotcha|hand|legit|OK|okay|pinch|rad|sure|sweet|three
1f90c	上向きにすぼめた手|ジェスチャー|すぼめる|手|指	pinched fingers|fingers|gesture|hand|hold|huh|interrogation|patience|pinched|relax|sarcastic|ugh|what|zip
1f90c-1f3fb	上向きにすぼめた手: 薄い肌色|ジェスチャー|すぼめる|上向きにすぼめた手|手|指|薄い肌色	pinched fingers: light skin tone|fingers|gesture|hand|hold|huh|interrogation|light skin tone|patience|pinched|relax|sarcastic|ugh|what|zip
1f90c-1f3fc	上向きにすぼめた手: やや薄い肌色|ジェスチャー|すぼめる|やや薄い肌色|上向きにすぼめた手|手|指	pinched fingers: medium-light skin tone|fingers|gesture|hand|hold|huh|interrogation|medium-light skin tone|patience|pinched|relax|sarcastic|ugh|what|zip
1f90c-1f3fd	上向きにすぼめた手: 中間の肌色|ジェスチャー|すぼめる|上向きにすぼめた手|中間の肌色|手|指	pinched fingers: medium skin tone|fingers|gesture|hand|hold|huh|interrogation|medium skin tone|patience|pinched|relax|sarcastic|ugh|what|zip
1f90c-1f3fe	上向きにすぼめた手: やや濃い肌色|ジェスチャー|すぼめる|やや濃い肌色|上向きにすぼめた手|手|指	pinched fingers: medium-dark skin tone|fingers|gesture|hand|hold|huh|interrogation|medium-dark skin tone|patience|pinched|relax|sarcastic|ugh|what|zip
1f90c-1f3ff	上向きにすぼめた手: 濃い肌色|ジェスチャー|すぼめる|上向きにすぼめた手|手|指|濃い肌色	pinched fingers: dark skin tone|dark skin tone|fingers|gesture|hand|hold|huh|interrogation|patience|pinched|relax|sarcastic|ugh|what|zip
1f90f	つまんでいる指|ちょっと|少しだけ|手|指	pinching hand|amount|bit|fingers|hand|little|pinching|small|sort
1f90f-1f3fb	つまんでいる指: 薄い肌色|ちょっと|つまんでいる指|少しだけ|手|指|薄い肌色	pinching hand: light skin tone|amount|bit|fingers|hand|light skin tone|little|pinching|small|sort
1f90f-1f3fc	つまんでいる指: やや薄い肌色|ちょっと|つまんでいる指|やや薄い肌色|少しだけ|手|指	pinching hand: medium-light skin tone|amount|bit|fingers|hand|little|medium-light skin tone|pinching|small|sort
1f90f-1f3fd	つまんでいる指: 中間の肌色|ちょっと|つまんでいる指|中間の肌色|少しだけ|手|指	pinching hand: medium skin tone|amount|bit|fingers|hand|little|medium skin tone|pinching|small|sort
1f90f-1f3fe	つまんでいる指: やや濃い肌色|ちょっと|つまんでいる指|やや濃い肌色|少しだけ|手|指	pinching hand: medium-dark skin tone|amount|bit|fingers|hand|little|medium-dark skin tone|pinching|small|sort
1f90f-1f3ff	つまんでいる指: 濃い肌色|ちょっと|つまんでいる指|少しだけ|手|指|濃い肌色	pinching hand: dark skin tone|amount|bit|dark skin tone|fingers|hand|little|pinching|small|sort
270c	Vサイン|チョキ|ピース|手|指	victory hand|hand|peace|v|victory
270c-1f3fb	Vサイン: 薄い肌色|Vサイン|チョキ|ピース|手|指|薄い肌色	victory hand: light skin tone|hand|light skin tone|peace|v|victory
270c-1f3fc	Vサイン: やや薄い肌色|Vサイン|チョキ|ピース|やや薄い肌色|手|指	victory hand: medium-light skin tone|hand|medium-light skin tone|peace|v|victory
270c-1f3fd	Vサイン: 中間の肌色|Vサイン|チョキ|ピース|中間の肌色|手|指	victory hand: medium skin tone|hand|medium skin tone|peace|v|victory
270c-1f3fe	Vサイン: やや濃い肌色|Vサイン|チョキ|ピース|やや濃い肌色|手|指	victory hand: medium-dark skin tone|hand|medium-dark skin tone|peace|v|victory
270c-1f3ff	Vサイン: 濃い肌色|Vサイン|チョキ|ピース|手|指|濃い肌色	victory hand: dark skin tone|dark skin tone|hand|peace|v|victory
1f91e	指をクロス|幸運を|手|指	crossed fingers|cross|crossed|finger|fingers|hand|luck
1f91e-1f3fb	指をクロス: 薄い肌色|幸運を|手|指|指をクロス|薄い肌色	crossed fingers: light skin tone|cross|crossed|finger|fingers|hand|light skin tone|luck
1f91e-1f3fc	指をクロス: やや薄い肌色|やや薄い肌色|幸運を|手|指|指をクロス	crossed fingers: medium-light skin tone|cross|crossed|finger|fingers|hand|luck|medium-light skin tone
1f91e-1f3fd	指をクロス: 中間の肌色|中間の肌色|幸運を|手|指|指をクロス	crossed fingers: medium skin tone|cross|crossed|finger|fingers|hand|luck|medium skin tone
1f91e-1f3fe	指をクロス: やや濃い肌色|やや濃い肌色|幸運を|手|指|指をクロス	crossed fingers: medium-dark skin tone|cross|crossed|finger|fingers|hand|luck|medium-dark skin tone
1f91e-1f3ff	指をクロス: 濃い肌色|幸運を|手|指|指をクロス|濃い肌色	crossed fingers: dark skin tone|cross|crossed|dark skin tone|finger|fingers|hand|luck
1faf0	親指と人差し指をクロス|お金|愛|手|指|指ハート|指をクロス	hand with index finger and thumb crossed|<3|crossed|expensive|finger|hand|heart|index|love|money|snap|thumb
1faf0-1f3fb	親指と人差し指をクロス: 薄い肌色|お金|愛|手|指|指ハート|指をクロス|薄い肌色|親指と人差し指をクロス	hand with index finger and thumb crossed: light skin tone|<3|crossed|expensive|finger|hand|heart|index|light skin tone|love|money|snap|thumb
1faf0-1f3fc	親指と人差し指をクロス: やや薄い肌色|お金|やや薄い肌色|愛|手|指|指ハート|指をクロス|親指と人差し指をクロス	hand with index finger and thumb crossed: medium-light skin tone|<3|crossed|expensive|finger|hand|heart|index|love|medium-light skin tone|money|snap|thumb
1faf0-1f3fd	親指と人差し指をクロス: 中間の肌色|お金|中間の肌色|愛|手|指|指ハート|指をクロス|親指と人差し指をクロス	hand with index finger and thumb crossed: medium skin tone|<3|crossed|expensive|finger|hand|heart|index|love|medium skin tone|money|snap|thumb
1faf0-1f3fe	親指と人差し指をクロス: やや濃い肌色|お金|やや濃い肌色|愛|手|指|指ハート|指をクロス|親指と人差し指をクロス	hand with index finger and thumb crossed: medium-dark skin tone|<3|crossed|expensive|finger|hand|heart|index|love|medium-dark skin tone|money|snap|thumb
1faf0-1f3ff	親指と人差し指をクロス: 濃い肌色|お金|愛|手|指|指ハート|指をクロス|濃い肌色|親指と人差し指をクロス	hand with index finger and thumb crossed: dark skin tone|<3|crossed|dark skin tone|expensive|finger|hand|heart|index|love|money|snap|thumb
1f91f	アイラブユー|愛してる|手	love-you gesture|fingers|gesture|hand|ILY|love|love-you|three|you
1f91f-1f3fb	アイラブユー: 薄い肌色|アイラブユー|愛してる|手|薄い肌色	love-you gesture: light skin tone|fingers|gesture|hand|ILY|light skin tone|love|love-you|three|you
1f91f-1f3fc	アイラブユー: やや薄い肌色|アイラブユー|やや薄い肌色|愛してる|手	love-you gesture: medium-light skin tone|fingers|gesture|hand|ILY|love|love-you|medium-light skin tone|three|you
1f91f-1f3fd	アイラブユー: 中間の肌色|アイラブユー|中間の肌色|愛してる|手	love-you gesture: medium skin tone|fingers|gesture|hand|ILY|love|love-you|medium skin tone|three|you
1f91f-1f3fe	アイラブユー: やや濃い肌色|アイラブユー|やや濃い肌色|愛してる|手	love-you gesture: medium-dark skin tone|fingers|gesture|hand|ILY|love|love-you|medium-dark skin tone|three|you
1f91f-1f3ff	アイラブユー: 濃い肌色|アイラブユー|愛してる|手|濃い肌色	love-you gesture: dark skin tone|dark skin tone|fingers|gesture|hand|ILY|love|love-you|three|you
1f918	角の指サイン|キツネ|ロックオン|人差し指と小指を立てた手|手	sign of the horns|finger|hand|horns|rock-on|sign
1f918-1f3fb	角の指サイン: 薄い肌色|キツネ|ロックオン|人差し指と小指を立てた手|手|薄い肌色|角の指サイン	sign of the horns: light skin tone|finger|hand|horns|light skin tone|rock-on|sign
1f918-1f3fc	角の指サイン: やや薄い肌色|キツネ|やや薄い肌色|ロックオン|人差し指と小指を立てた手|手|角の指サイン	sign of the horns: medium-light skin tone|finger|hand|horns|medium-light skin tone|rock-on|sign
1f918-1f3fd	角の指サイン: 中間の肌色|キツネ|ロックオン|中間の肌色|人差し指と小指を立てた手|手|角の指サイン	sign of the horns: medium skin tone|finger|hand|horns|medium skin tone|rock-on|sign
1f918-1f3fe	角の指サイン: やや濃い肌色|キツネ|やや濃い肌色|ロックオン|人差し指と小指を立てた手|手|角の指サイン	sign of the horns: medium-dark skin tone|finger|hand|horns|medium-dark skin tone|rock-on|sign
1f918-1f3ff	角の指サイン: 濃い肌色|キツネ|ロックオン|人差し指と小指を立てた手|手|濃い肌色|角の指サイン	sign of the horns: dark skin tone|dark skin tone|finger|hand|horns|rock-on|sign
1f919	電話の合図|手|電話|電話のジェスチャー	call me hand|call|hand|hang|loose|me|Shaka
1f919-1f3fb	電話の合図: 薄い肌色|手|薄い肌色|電話|電話のジェスチャー|電話の合図	call me hand: light skin tone|call|hand|hang|light skin tone|loose|me|Shaka
1f919-1f3fc	電話の合図: やや薄い肌色|やや薄い肌色|手|電話|電話のジェスチャー|電話の合図	call me hand: medium-light skin tone|call|hand|hang|loose|me|medium-light skin tone|Shaka
1f919-1f3fd	電話の合図: 中間の肌色|中間の肌色|手|電話|電話のジェスチャー|電話の合図	call me hand: medium skin tone|call|hand|hang|loose|me|medium skin tone|Shaka
1f919-1f3fe	電話の合図: やや濃い肌色|やや濃い肌色|手|電話|電話のジェスチャー|電話の合図	call me hand: medium-dark skin tone|call|hand|hang|loose|me|medium-dark skin tone|Shaka
1f919-1f3ff	電話の合図: 濃い肌色|手|濃い肌色|電話|電話のジェスチャー|電話の合図	call me hand: dark skin tone|call|dark skin tone|hand|hang|loose|me|Shaka
1f448	左指差し|左|手|指|指差し	backhand index pointing left|backhand|finger|hand|index|left|point|pointing
1f448-1f3fb	左指差し: 薄い肌色|左|左指差し|手|指|指差し|薄い肌色	backhand index pointing left: light skin tone|backhand|finger|hand|index|left|light skin tone|point|pointing
1f448-1f3fc	左指差し: やや薄い肌色|やや薄い肌色|左|左指差し|手|指|指差し	backhand index pointing left: medium-light skin tone|backhand|finger|hand|index|left|medium-light skin tone|point|pointing
1f448-1f3fd	左指差し: 中間の肌色|中間の肌色|左|左指差し|手|指|指差し	backhand index pointing left: medium skin tone|backhand|finger|hand|index|left|medium skin tone|point|pointing
1f448-1f3fe	左指差し: やや濃い肌色|やや濃い肌色|左|左指差し|手|指|指差し	backhand index pointing left: medium-dark skin tone|backhand|finger|hand|index|left|medium-dark skin tone|point|pointing
1f448-1f3ff	左指差し: 濃い肌色|左|左指差し|手|指|指差し|濃い肌色	backhand index pointing left: dark skin tone|backhand|dark skin tone|finger|hand|index|left|point|pointing
1f449	右指差し|右|手|指|指差し	backhand index pointing right|backhand|finger|hand|index|point|pointing|right
1f449-1f3fb	右指差し: 薄い肌色|右|右指差し|手|指|指差し|薄い肌色	backhand index pointing right: light skin tone|backhand|finger|hand|index|light skin tone|point|pointing|right
1f449-1f3fc	右指差し: やや薄い肌色|やや薄い肌色|右|右指差し|手|指|指差し	backhand index pointing right: medium-light skin tone|backhand|finger|hand|index|medium-light skin tone|point|pointing|right
1f449-1f3fd	右指差し: 中間の肌色|中間の肌色|右|右指差し|手|指|指差し	backhand index pointing right: medium skin tone|backhand|finger|hand|index|medium skin tone|point|pointing|right
1f449-1f3fe	右指差し: やや濃い肌色|やや濃い肌色|右|右指差し|手|指|指差し	backhand index pointing right: medium-dark skin tone|backhand|finger|hand|index|medium-dark skin tone|point|pointing|right
1f449-1f3ff	右指差し: 濃い肌色|右|右指差し|手|指|指差し|濃い肌色	backhand index pointing right: dark skin tone|backhand|dark skin tone|finger|hand|index|point|pointing|right
1f446	手の甲上指差し|上|手|指|指差し	backhand index pointing up|backhand|finger|hand|index|point|pointing|up
1f446-1f3fb	手の甲上指差し: 薄い肌色|上|手|手の甲上指差し|指|指差し|薄い肌色	backhand index pointing up: light skin tone|backhand|finger|hand|index|light skin tone|point|pointing|up
1f446-1f3fc	手の甲上指差し: やや薄い肌色|やや薄い肌色|上|手|手の甲上指差し|指|指差し	backhand index pointing up: medium-light skin tone|backhand|finger|hand|index|medium-light skin tone|point|pointing|up
1f446-1f3fd	手の甲上指差し: 中間の肌色|上|中間の肌色|手|手の甲上指差し|指|指差し	backhand index pointing up: medium skin tone|backhand|finger|hand|index|medium skin tone|point|pointing|up
1f446-1f3fe	手の甲上指差し: やや濃い肌色|やや濃い肌色|上|手|手の甲上指差し|指|指差し	backhand index pointing up: medium-dark skin tone|backhand|finger|hand|index|medium-dark skin tone|point|pointing|up
1f446-1f3ff	手の甲上指差し: 濃い肌色|上|手|手の甲上指差し|指|指差し|濃い肌色	backhand index pointing up: dark skin tone|backhand|dark skin tone|finger|hand|index|point|pointing|up
1f595	立てた中指|上|中指|手|指|指差し	middle finger|finger|hand|middle
1f595-1f3fb	立てた中指: 薄い肌色|上|中指|手|指|指差し|立てた中指|薄い肌色	middle finger: light skin tone|finger|hand|light skin tone|middle
1f595-1f3fc	立てた中指: やや薄い肌色|やや薄い肌色|上|中指|手|指|指差し|立てた中指	middle finger: medium-light skin tone|finger|hand|medium-light skin tone|middle
1f595-1f3fd	立てた中指: 中間の肌色|上|中指|中間の肌色|手|指|指差し|立てた中指	middle finger: medium skin tone|finger|hand|medium skin tone|middle
1f595-1f3fe	立てた中指: やや濃い肌色|やや濃い肌色|上|中指|手|指|指差し|立てた中指	middle finger: medium-dark skin tone|finger|hand|medium-dark skin tone|middle
1f595-1f3ff	立てた中指: 濃い肌色|上|中指|手|指|指差し|濃い肌色|立てた中指	middle finger: dark skin tone|dark skin tone|finger|hand|middle
1f447	下指差し|下|手|指|指差し	backhand index pointing down|backhand|down|finger|hand|index|point|pointing
1f447-1f3fb	下指差し: 薄い肌色|下|下指差し|手|指|指差し|薄い肌色	backhand index pointing down: light skin tone|backhand|down|finger|hand|index|light skin tone|point|pointing
1f447-1f3fc	下指差し: やや薄い肌色|やや薄い肌色|下|下指差し|手|指|指差し	backhand index pointing down: medium-light skin tone|backhand|down|finger|hand|index|medium-light skin tone|point|pointing
1f447-1f3fd	下指差し: 中間の肌色|下|下指差し|中間の肌色|手|指|指差し	backhand index pointing down: medium skin tone|backhand|down|finger|hand|index|medium skin tone|point|pointing
1f447-1f3fe	下指差し: やや濃い肌色|やや濃い肌色|下|下指差し|手|指|指差し	backhand index pointing down: medium-dark skin tone|backhand|down|finger|hand|index|medium-dark skin tone|point|pointing
1f447-1f3ff	下指差し: 濃い肌色|下|下指差し|手|指|指差し|濃い肌色	backhand index pointing down: dark skin tone|backhand|dark skin tone|down|finger|hand|index|point|pointing
261d	上指差し|上|手|指差し	index pointing up|finger|hand|index|point|pointing|this|up
261d-1f3fb	上指差し: 薄い肌色|上|上指差し|手|指差し|薄い肌色	index pointing up: light skin tone|finger|hand|index|light skin tone|point|pointing|this|up
261d-1f3fc	上指差し: やや薄い肌色|やや薄い肌色|上|上指差し|手|指差し	index pointing up: medium-light skin tone|finger|hand|index|medium-light skin tone|point|pointing|this|up
261d-1f3fd	上指差し: 中間の肌色|上|上指差し|中間の肌色|手|指差し	index pointing up: medium skin tone|finger|hand|index|medium skin tone|point|pointing|this|up
261d-1f3fe	上指差し: やや濃い肌色|やや濃い肌色|上|上指差し|手|指差し	index pointing up: medium-dark skin tone|finger|hand|index|medium-dark skin tone|point|pointing|this|up
261d-1f3ff	上指差し: 濃い肌色|上|上指差し|手|指差し|濃い肌色	index pointing up: dark skin tone|dark skin tone|finger|hand|index|point|pointing|this|up
1faf5	人を指差している手|おまえだ|手|指|指差し|指摘	index pointing at the viewer|at|finger|hand|index|pointing|poke|viewer|you
1faf5-1f3fb	人を指差している手: 薄い肌色|おまえだ|人を指差している手|手|指|指差し|指摘|薄い肌色	index pointing at the viewer: light skin tone|at|finger|hand|index|light skin tone|pointing|poke|viewer|you
1faf5-1f3fc	人を指差している手: やや薄い肌色|おまえだ|やや薄い肌色|人を指差している手|手|指|指差し|指摘	index pointing at the viewer: medium-light skin tone|at|finger|hand|index|medium-light skin tone|pointing|poke|viewer|you
1faf5-1f3fd	人を指差している手: 中間の肌色|おまえだ|中間の肌色|人を指差している手|手|指|指差し|指摘	index pointing at the viewer: medium skin tone|at|finger|hand|index|medium skin tone|pointing|poke|viewer|you
1faf5-1f3fe	人を指差している手: やや濃い肌色|おまえだ|やや濃い肌色|人を指差している手|手|指|指差し|指摘	index pointing at the viewer: medium-dark skin tone|at|finger|hand|index|medium-dark skin tone|pointing|poke|viewer|you
1faf5-1f3ff	人を指差している手: 濃い肌色|おまえだ|人を指差している手|手|指|指差し|指摘|濃い肌色	index pointing at the viewer: dark skin tone|at|dark skin tone|finger|hand|index|pointing|poke|viewer|you
1f44d	サムズアップ|OK|いいね|オーケー|オッケー|グッド|上|了解|手|親指	thumbs up|+1|good|hand|like|thumb|up|yes
1f44d-1f3fb	サムズアップ: 薄い肌色|OK|いいね|オーケー|オッケー|グッド|サムズアップ|上|了解|手|薄い肌色|親指	thumbs up: light skin tone|+1|good|hand|light skin tone|like|thumb|up|yes
1f44d-1f3fc	サムズアップ: やや薄い肌色|OK|いいね|オーケー|オッケー|グッド|サムズアップ|やや薄い肌色|上|了解|手|親指	thumbs up: medium-light skin tone|+1|good|hand|like|medium-light skin tone|thumb|up|yes
1f44d-1f3fd	サムズアップ: 中間の肌色|OK|いいね|オーケー|オッケー|グッド|サムズアップ|上|中間の肌色|了解|手|親指	thumbs up: medium skin tone|+1|good|hand|like|medium skin tone|thumb|up|yes
1f44d-1f3fe	サムズアップ: やや濃い肌色|OK|いいね|オーケー|オッケー|グッド|サムズアップ|やや濃い肌色|上|了解|手|親指	thumbs up: medium-dark skin tone|+1|good|hand|like|medium-dark skin tone|thumb|up|yes
1f44d-1f3ff	サムズアップ: 濃い肌色|OK|いいね|オーケー|オッケー|グッド|サムズアップ|上|了解|手|濃い肌色|親指	thumbs up: dark skin tone|+1|dark skin tone|good|hand|like|thumb|up|yes
1f44e	サムズダウン|NG|だめ|ブーイング|ボツ|下|手	thumbs down|-1|bad|dislike|down|good|hand|no|nope|thumb|thumbs
1f44e-1f3fb	サムズダウン: 薄い肌色|NG|サムズダウン|だめ|ブーイング|ボツ|下|手|薄い肌色	thumbs down: light skin tone|-1|bad|dislike|down|good|hand|light skin tone|no|nope|thumb|thumbs
1f44e-1f3fc	サムズダウン: やや薄い肌色|NG|サムズダウン|だめ|ブーイング|ボツ|やや薄い肌色|下|手	thumbs down: medium-light skin tone|-1|bad|dislike|down|good|hand|medium-light skin tone|no|nope|thumb|thumbs
1f44e-1f3fd	サムズダウン: 中間の肌色|NG|サムズダウン|だめ|ブーイング|ボツ|下|中間の肌色|手	thumbs down: medium skin tone|-1|bad|dislike|down|good|hand|medium skin tone|no|nope|thumb|thumbs
1f44e-1f3fe	サムズダウン: やや濃い肌色|NG|サムズダウン|だめ|ブーイング|ボツ|やや濃い肌色|下|手	thumbs down: medium-dark skin tone|-1|bad|dislike|down|good|hand|medium-dark skin tone|no|nope|thumb|thumbs
1f44e-1f3ff	サムズダウン: 濃い肌色|NG|サムズダウン|だめ|ブーイング|ボツ|下|手|濃い肌色	thumbs down: dark skin tone|-1|bad|dark skin tone|dislike|down|good|hand|no|nope|thumb|thumbs
270a	げんこつ|グー|こぶし|手|挙げたこぶし	raised fist|clenched|fist|hand|punch|raised|solidarity
270a-1f3fb	げんこつ: 薄い肌色|グー|げんこつ|こぶし|手|挙げたこぶし|薄い肌色	raised fist: light skin tone|clenched|fist|hand|light skin tone|punch|raised|solidarity
270a-1f3fc	げんこつ: やや薄い肌色|グー|げんこつ|こぶし|やや薄い肌色|手|挙げたこぶし	raised fist: medium-light skin tone|clenched|fist|hand|medium-light skin tone|punch|raised|solidarity
270a-1f3fd	げんこつ: 中間の肌色|グー|げんこつ|こぶし|中間の肌色|手|挙げたこぶし	raised fist: medium skin tone|clenched|fist|hand|medium skin tone|punch|raised|solidarity
270a-1f3fe	げんこつ: やや濃い肌色|グー|げんこつ|こぶし|やや濃い肌色|手|挙げたこぶし	raised fist: medium-dark skin tone|clenched|fist|hand|medium-dark skin tone|punch|raised|solidarity
270a-1f3ff	げんこつ: 濃い肌色|グー|げんこつ|こぶし|手|挙げたこぶし|濃い肌色	raised fist: dark skin tone|clenched|dark skin tone|fist|hand|punch|raised|solidarity
1f44a	グー|げんこつ|こぶし|パンチ|手	oncoming fist|absolutely|agree|boom|bro|bruh|bump|clenched|correct|fist|hand|knuckle|oncoming|pound|punch|rock|ttyl
1f44a-1f3fb	グー: 薄い肌色|グー|げんこつ|こぶし|パンチ|手|薄い肌色	oncoming fist: light skin tone|absolutely|agree|boom|bro|bruh|bump|clenched|correct|fist|hand|knuckle|light skin tone|oncoming|pound|punch|rock|ttyl
1f44a-1f3fc	グー: やや薄い肌色|グー|げんこつ|こぶし|パンチ|やや薄い肌色|手	oncoming fist: medium-light skin tone|absolutely|agree|boom|bro|bruh|bump|clenched|correct|fist|hand|knuckle|medium-light skin tone|oncoming|pound|punch|rock|ttyl
1f44a-1f3fd	グー: 中間の肌色|グー|げんこつ|こぶし|パンチ|中間の肌色|手	oncoming fist: medium skin tone|absolutely|agree|boom|bro|bruh|bump|clenched|correct|fist|hand|knuckle|medium skin tone|oncoming|pound|punch|rock|ttyl
1f44a-1f3fe	グー: やや濃い肌色|グー|げんこつ|こぶし|パンチ|やや濃い肌色|手	oncoming fist: medium-dark skin tone|absolutely|agree|boom|bro|bruh|bump|clenched|correct|fist|hand|knuckle|medium-dark skin tone|oncoming|pound|punch|rock|ttyl
1f44a-1f3ff	グー: 濃い肌色|グー|げんこつ|こぶし|パンチ|手|濃い肌色	oncoming fist: dark skin tone|absolutely|agree|boom|bro|bruh|bump|clenched|correct|dark skin tone|fist|hand|knuckle|oncoming|pound|punch|rock|ttyl
1f91b	左向きのこぶし|こぶし|パンチ|左|手	left-facing fist|fist|left-facing|leftwards
1f91b-1f3fb	左向きのこぶし: 薄い肌色|こぶし|パンチ|左|左向きのこぶし|手|薄い肌色	left-facing fist: light skin tone|fist|left-facing|leftwards|light skin tone
1f91b-1f3fc	左向きのこぶし: やや薄い肌色|こぶし|パンチ|やや薄い肌色|左|左向きのこぶし|手	left-facing fist: medium-light skin tone|fist|left-facing|leftwards|medium-light skin tone
1f91b-1f3fd	左向きのこぶし: 中間の肌色|こぶし|パンチ|中間の肌色|左|左向きのこぶし|手	left-facing fist: medium skin tone|fist|left-facing|leftwards|medium skin tone
1f91b-1f3fe	左向きのこぶし: やや濃い肌色|こぶし|パンチ|やや濃い肌色|左|左向きのこぶし|手	left-facing fist: medium-dark skin tone|fist|left-facing|leftwards|medium-dark skin tone
1f91b-1f3ff	左向きのこぶし: 濃い肌色|こぶし|パンチ|左|左向きのこぶし|手|濃い肌色	left-facing fist: dark skin tone|dark skin tone|fist|left-facing|leftwards
1f91c	右向きのこぶし|こぶし|パンチ|右|手	right-facing fist|fist|right-facing|rightwards
1f91c-1f3fb	右向きのこぶし: 薄い肌色|こぶし|パンチ|右|右向きのこぶし|手|薄い肌色	right-facing fist: light skin tone|fist|light skin tone|right-facing|rightwards
1f91c-1f3fc	右向きのこぶし: やや薄い肌色|こぶし|パンチ|やや薄い肌色|右|右向きのこぶし|手	right-facing fist: medium-light skin tone|fist|medium-light skin tone|right-facing|rightwards
1f91c-1f3fd	右向きのこぶし: 中間の肌色|こぶし|パンチ|中間の肌色|右|右向きのこぶし|手	right-facing fist: medium skin tone|fist|medium skin tone|right-facing|rightwards
1f91c-1f3fe	右向きのこぶし: やや濃い肌色|こぶし|パンチ|やや濃い肌色|右|右向きのこぶし|手	right-facing fist: medium-dark skin tone|fist|medium-dark skin tone|right-facing|rightwards
1f91c-1f3ff	右向きのこぶし: 濃い肌色|こぶし|パンチ|右|右向きのこぶし|手|濃い肌色	right-facing fist: dark skin tone|dark skin tone|fist|right-facing|rightwards
1f44f	拍手|おめでとう|パチパチ|手|手を叩く	clapping hands|applause|approval|awesome|clap|congrats|congratulations|excited|good|great|hand|homie|job|nice|prayed|well|yay
1f44f-1f3fb	拍手: 薄い肌色|おめでとう|パチパチ|手|手を叩く|拍手|薄い肌色	clapping hands: light skin tone|applause|approval|awesome|clap|congrats|congratulations|excited|good|great|hand|homie|job|light skin tone|nice|prayed|well|yay
1f44f-1f3fc	拍手: やや薄い肌色|おめでとう|パチパチ|やや薄い肌色|手|手を叩く|拍手	clapping hands: medium-light skin tone|applause|approval|awesome|clap|congrats|congratulations|excited|good|great|hand|homie|job|medium-light skin tone|nice|prayed|well|yay
1f44f-1f3fd	拍手: 中間の肌色|おめでとう|パチパチ|中間の肌色|手|手を叩く|拍手	clapping hands: medium skin tone|applause|approval|awesome|clap|congrats|congratulations|excited|good|great|hand|homie|job|medium skin tone|nice|prayed|well|yay
1f44f-1f3fe	拍手: やや濃い肌色|おめでとう|パチパチ|やや濃い肌色|手|手を叩く|拍手	clapping hands: medium-dark skin tone|applause|approval|awesome|clap|congrats|congratulations|excited|good|great|hand|homie|job|medium-dark skin tone|nice|prayed|well|yay
1f44f-1f3ff	拍手: 濃い肌色|おめでとう|パチパチ|手|手を叩く|拍手|濃い肌色	clapping hands: dark skin tone|applause|approval|awesome|clap|congrats|congratulations|dark skin tone|excited|good|great|hand|homie|job|nice|prayed|well|yay
1f64c	バンザイ|ジェスチャー|両手|手|手を上げる	raising hands|celebration|gesture|hand|hands|hooray|praise|raised|raising
1f64c-1f3fb	バンザイ: 薄い肌色|ジェスチャー|バンザイ|両手|手|手を上げる|薄い肌色	raising hands: light skin tone|celebration|gesture|hand|hands|hooray|light skin tone|praise|raised|raising
1f64c-1f3fc	バンザイ: やや薄い肌色|ジェスチャー|バンザイ|やや薄い肌色|両手|手|手を上げる	raising hands: medium-light skin tone|celebration|gesture|hand|hands|hooray|medium-light skin tone|praise|raised|raising
1f64c-1f3fd	バンザイ: 中間の肌色|ジェスチャー|バンザイ|両手|中間の肌色|手|手を上げる	raising hands: medium skin tone|celebration|gesture|hand|hands|hooray|medium skin tone|praise|raised|raising
1f64c-1f3fe	バンザイ: やや濃い肌色|ジェスチャー|バンザイ|やや濃い肌色|両手|手|手を上げる	raising hands: medium-dark skin tone|celebration|gesture|hand|hands|hooray|medium-dark skin tone|praise|raised|raising
1f64c-1f3ff	バンザイ: 濃い肌色|ジェスチャー|バンザイ|両手|手|手を上げる|濃い肌色	raising hands: dark skin tone|celebration|dark skin tone|gesture|hand|hands|hooray|praise|raised|raising
1faf6	ハート形の手|ハート|ハートポーズ|ラブ|両手ハート|愛|手	heart hands|<3|hands|heart|love|you
1faf6-1f3fb	ハート形の手: 薄い肌色|ハート|ハートポーズ|ハート形の手|ラブ|両手ハート|愛|手|薄い肌色	heart hands: light skin tone|<3|hands|heart|light skin tone|love|you
1faf6-1f3fc	ハート形の手: やや薄い肌色|ハート|ハートポーズ|ハート形の手|やや薄い肌色|ラブ|両手ハート|愛|手	heart hands: medium-light skin tone|<3|hands|heart|love|medium-light skin tone|you
1faf6-1f3fd	ハート形の手: 中間の肌色|ハート|ハートポーズ|ハート形の手|ラブ|両手ハート|中間の肌色|愛|手	heart hands: medium skin tone|<3|hands|heart|love|medium skin tone|you
1faf6-1f3fe	ハート形の手: やや濃い肌色|ハート|ハートポーズ|ハート形の手|やや濃い肌色|ラブ|両手ハート|愛|手	heart hands: medium-dark skin tone|<3|hands|heart|love|medium-dark skin tone|you
1faf6-1f3ff	ハート形の手: 濃い肌色|ハート|ハートポーズ|ハート形の手|ラブ|両手ハート|愛|手|濃い肌色	heart hands: dark skin tone|<3|dark skin tone|hands|heart|love|you
1f450	両手のひら|おっはー|手|手のひら|開いた両手	open hands|hand|hands|hug|jazz|open|swerve
1f450-1f3fb	両手のひら: 薄い肌色|おっはー|両手のひら|手|手のひら|薄い肌色|開いた両手	open hands: light skin tone|hand|hands|hug|jazz|light skin tone|open|swerve
1f450-1f3fc	両手のひら: やや薄い肌色|おっはー|やや薄い肌色|両手のひら|手|手のひら|開いた両手	open hands: medium-light skin tone|hand|hands|hug|jazz|medium-light skin tone|open|swerve
1f450-1f3fd	両手のひら: 中間の肌色|おっはー|両手のひら|中間の肌色|手|手のひら|開いた両手	open hands: medium skin tone|hand|hands|hug|jazz|medium skin tone|open|swerve
1f450-1f3fe	両手のひら: やや濃い肌色|おっはー|やや濃い肌色|両手のひら|手|手のひら|開いた両手	open hands: medium-dark skin tone|hand|hands|hug|jazz|medium-dark skin tone|open|swerve
1f450-1f3ff	両手のひら: 濃い肌色|おっはー|両手のひら|手|手のひら|濃い肌色|開いた両手	open hands: dark skin tone|dark skin tone|hand|hands|hug|jazz|open|swerve
1f932	手のひらを揃えた両手|両手|包む手|手|祈り	palms up together|cupped|dua|hands|palms|pray|prayer|together|up|wish
1f932-1f3fb	手のひらを揃えた両手: 薄い肌色|両手|包む手|手|手のひらを揃えた両手|祈り|薄い肌色	palms up together: light skin tone|cupped|dua|hands|light skin tone|palms|pray|prayer|together|up|wish
1f932-1f3fc	手のひらを揃えた両手: やや薄い肌色|やや薄い肌色|両手|包む手|手|手のひらを揃えた両手|祈り	palms up together: medium-light skin tone|cupped|dua|hands|medium-light skin tone|palms|pray|prayer|together|up|wish
1f932-1f3fd	手のひらを揃えた両手: 中間の肌色|両手|中間の肌色|包む手|手|手のひらを揃えた両手|祈り	palms up together: medium skin tone|cupped|dua|hands|medium skin tone|palms|pray|prayer|together|up|wish
1f932-1f3fe	手のひらを揃えた両手: やや濃い肌色|やや濃い肌色|両手|包む手|手|手のひらを揃えた両手|祈り	palms up together: medium-dark skin tone|cupped|dua|hands|medium-dark skin tone|palms|pray|prayer|together|up|wish
1f932-1f3ff	手のひらを揃えた両手: 濃い肌色|両手|包む手|手|手のひらを揃えた両手|濃い肌色|祈り	palms up together: dark skin tone|cupped|dark skin tone|dua|hands|palms|pray|prayer|together|up|wish
1f91d	握手|よろしく|合意|契約成立|手	handshake|agreement|deal|hand|meeting|shake
1f64f	祈り|ありがとう|お願い|ごめんなさい|ジェスチャー|ハイタッチ|合掌|手	folded hands|appreciate|ask|beg|blessed|bow|cmon|five|folded|gesture|hand|high|please|pray|thanks|thx
1f64f-1f3fb	祈り: 薄い肌色|ありがとう|お願い|ごめんなさい|ジェスチャー|ハイタッチ|合掌|手|祈り|薄い肌色	folded hands: light skin tone|appreciate|ask|beg|blessed|bow|cmon|five|folded|gesture|hand|high|light skin tone|please|pray|thanks|thx
1f64f-1f3fc	祈り: やや薄い肌色|ありがとう|お願い|ごめんなさい|ジェスチャー|ハイタッチ|やや薄い肌色|合掌|手|祈り	folded hands: medium-light skin tone|appreciate|ask|beg|blessed|bow|cmon|five|folded|gesture|hand|high|medium-light skin tone|please|pray|thanks|thx
1f64f-1f3fd	祈り: 中間の肌色|ありがとう|お願い|ごめんなさい|ジェスチャー|ハイタッチ|中間の肌色|合掌|手|祈り	folded hands: medium skin tone|appreciate|ask|beg|blessed|bow|cmon|five|folded|gesture|hand|high|medium skin tone|please|pray|thanks|thx
1f64f-1f3fe	祈り: やや濃い肌色|ありがとう|お願い|ごめんなさい|ジェスチャー|ハイタッチ|やや濃い肌色|合掌|手|祈り	folded hands: medium-dark skin tone|appreciate|ask|beg|blessed|bow|cmon|five|folded|gesture|hand|high|medium-dark skin tone|please|pray|thanks|thx
1f64f-1f3ff	祈り: 濃い肌色|ありがとう|お願い|ごめんなさい|ジェスチャー|ハイタッチ|合掌|手|濃い肌色|祈り	folded hands: dark skin tone|appreciate|ask|beg|blessed|bow|cmon|dark skin tone|five|folded|gesture|hand|high|please|pray|thanks|thx
270d	書いている手|手|手で書く|手書き	writing hand|hand|write|writing
270d-1f3fb	書いている手: 薄い肌色|手|手で書く|手書き|書いている手|薄い肌色	writing hand: light skin tone|hand|light skin tone|write|writing
270d-1f3fc	書いている手: やや薄い肌色|やや薄い肌色|手|手で書く|手書き|書いている手	writing hand: medium-light skin tone|hand|medium-light skin tone|write|writing
270d-1f3fd	書いている手: 中間の肌色|中間の肌色|手|手で書く|手書き|書いている手	writing hand: medium skin tone|hand|medium skin tone|write|writing
270d-1f3fe	書いている手: やや濃い肌色|やや濃い肌色|手|手で書く|手書き|書いている手	writing hand: medium-dark skin tone|hand|medium-dark skin tone|write|writing
270d-1f3ff	書いている手: 濃い肌色|手|手で書く|手書き|書いている手|濃い肌色	writing hand: dark skin tone|dark skin tone|hand|write|writing
1f485	マニキュアを塗る手|ネイル|マニキュア|爪	nail polish|bored|care|cosmetics|done|makeup|manicure|nail|polish|whatever
1f485-1f3fb	マニキュアを塗る手: 薄い肌色|ネイル|マニキュア|マニキュアを塗る手|爪|薄い肌色	nail polish: light skin tone|bored|care|cosmetics|done|light skin tone|makeup|manicure|nail|polish|whatever
1f485-1f3fc	マニキュアを塗る手: やや薄い肌色|ネイル|マニキュア|マニキュアを塗る手|やや薄い肌色|爪	nail polish: medium-light skin tone|bored|care|cosmetics|done|makeup|manicure|medium-light skin tone|nail|polish|whatever
1f485-1f3fd	マニキュアを塗る手: 中間の肌色|ネイル|マニキュア|マニキュアを塗る手|中間の肌色|爪	nail polish: medium skin tone|bored|care|cosmetics|done|makeup|manicure|medium skin tone|nail|polish|whatever
1f485-1f3fe	マニキュアを塗る手: やや濃い肌色|ネイル|マニキュア|マニキュアを塗る手|やや濃い肌色|爪	nail polish: medium-dark skin tone|bored|care|cosmetics|done|makeup|manicure|medium-dark skin tone|nail|polish|whatever
1f485-1f3ff	マニキュアを塗る手: 濃い肌色|ネイル|マニキュア|マニキュアを塗る手|濃い肌色|爪	nail polish: dark skin tone|bored|care|cosmetics|dark skin tone|done|makeup|manicure|nail|polish|whatever
1f933	セルフィー|カメラ|スマホ|自分撮り|自撮り	selfie|camera|phone
1f933-1f3fb	セルフィー: 薄い肌色|カメラ|スマホ|セルフィー|自分撮り|自撮り|薄い肌色	selfie: light skin tone|camera|light skin tone|phone|selfie
1f933-1f3fc	セルフィー: やや薄い肌色|カメラ|スマホ|セルフィー|やや薄い肌色|自分撮り|自撮り	selfie: medium-light skin tone|camera|medium-light skin tone|phone|selfie
1f933-1f3fd	セルフィー: 中間の肌色|カメラ|スマホ|セルフィー|中間の肌色|自分撮り|自撮り	selfie: medium skin tone|camera|medium skin tone|phone|selfie
1f933-1f3fe	セルフィー: やや濃い肌色|カメラ|スマホ|セルフィー|やや濃い肌色|自分撮り|自撮り	selfie: medium-dark skin tone|camera|medium-dark skin tone|phone|selfie
1f933-1f3ff	セルフィー: 濃い肌色|カメラ|スマホ|セルフィー|濃い肌色|自分撮り|自撮り	selfie: dark skin tone|camera|dark skin tone|phone|selfie
1f4aa	力こぶ|ボディビル|ムキムキ|筋トレ|筋肉|腕	flexed biceps|arm|beast|bench|biceps|bodybuilder|bro|curls|flex|gains|gym|jacked|muscle|press|ripped|strong|weightlift
1f4aa-1f3fb	力こぶ: 薄い肌色|ボディビル|ムキムキ|力こぶ|筋トレ|筋肉|腕|薄い肌色	flexed biceps: light skin tone|arm|beast|bench|biceps|bodybuilder|bro|curls|flex|gains|gym|jacked|light skin tone|muscle|press|ripped|strong|weightlift
1f4aa-1f3fc	力こぶ: やや薄い肌色|ボディビル|ムキムキ|やや薄い肌色|力こぶ|筋トレ|筋肉|腕	flexed biceps: medium-light skin tone|arm|beast|bench|biceps|bodybuilder|bro|curls|flex|gains|gym|jacked|medium-light skin tone|muscle|press|ripped|strong|weightlift
1f4aa-1f3fd	力こぶ: 中間の肌色|ボディビル|ムキムキ|中間の肌色|力こぶ|筋トレ|筋肉|腕	flexed biceps: medium skin tone|arm|beast|bench|biceps|bodybuilder|bro|curls|flex|gains|gym|jacked|medium skin tone|muscle|press|ripped|strong|weightlift
1f4aa-1f3fe	力こぶ: やや濃い肌色|ボディビル|ムキムキ|やや濃い肌色|力こぶ|筋トレ|筋肉|腕	flexed biceps: medium-dark skin tone|arm|beast|bench|biceps|bodybuilder|bro|curls|flex|gains|gym|jacked|medium-dark skin tone|muscle|press|ripped|strong|weightlift
1f4aa-1f3ff	力こぶ: 濃い肌色|ボディビル|ムキムキ|力こぶ|濃い肌色|筋トレ|筋肉|腕	flexed biceps: dark skin tone|arm|beast|bench|biceps|bodybuilder|bro|curls|dark skin tone|flex|gains|gym|jacked|muscle|press|ripped|strong|weightlift
1f9be	義手|アクセシビリティ|人工装具|手|腕	mechanical arm|accessibility|arm|mechanical|prosthetic
1f9bf	義足|アクセシビリティ|人工装具|脚|足	mechanical leg|accessibility|leg|mechanical|prosthetic
1f9b5	脚|キック|曲げた脚|膝|足	leg|bent|foot|kick|knee|limb
1f9b5-1f3fb	脚: 薄い肌色|キック|曲げた脚|脚|膝|薄い肌色|足	leg: light skin tone|bent|foot|kick|knee|leg|light skin tone|limb
1f9b5-1f3fc	脚: やや薄い肌色|キック|やや薄い肌色|曲げた脚|脚|膝|足	leg: medium-light skin tone|bent|foot|kick|knee|leg|limb|medium-light skin tone
1f9b5-1f3fd	脚: 中間の肌色|キック|中間の肌色|曲げた脚|脚|膝|足	leg: medium skin tone|bent|foot|kick|knee|leg|limb|medium skin tone
1f9b5-1f3fe	脚: やや濃い肌色|キック|やや濃い肌色|曲げた脚|脚|膝|足	leg: medium-dark skin tone|bent|foot|kick|knee|leg|limb|medium-dark skin tone
1f9b5-1f3ff	脚: 濃い肌色|キック|曲げた脚|濃い肌色|脚|膝|足	leg: dark skin tone|bent|dark skin tone|foot|kick|knee|leg|limb
1f9b6	足|キック|くるぶし|ダンス|足首|踏みつける	foot|ankle|feet|kick|stomp
1f9b6-1f3fb	足: 薄い肌色|キック|くるぶし|ダンス|薄い肌色|足|足首|踏みつける	foot: light skin tone|ankle|feet|foot|kick|light skin tone|stomp
1f9b6-1f3fc	足: やや薄い肌色|キック|くるぶし|ダンス|やや薄い肌色|足|足首|踏みつける	foot: medium-light skin tone|ankle|feet|foot|kick|medium-light skin tone|stomp
1f9b6-1f3fd	足: 中間の肌色|キック|くるぶし|ダンス|中間の肌色|足|足首|踏みつける	foot: medium skin tone|ankle|feet|foot|kick|medium skin tone|stomp
1f9b6-1f3fe	足: やや濃い肌色|キック|くるぶし|ダンス|やや濃い肌色|足|足首|踏みつける	foot: medium-dark skin tone|ankle|feet|foot|kick|medium-dark skin tone|stomp
1f9b6-1f3ff	足: 濃い肌色|キック|くるぶし|ダンス|濃い肌色|足|足首|踏みつける	foot: dark skin tone|ankle|dark skin tone|feet|foot|kick|stomp
1f442	耳|からだ|聞き耳|聞く	ear|body|ears|hear|hearing|listen|listening|sound
1f442-1f3fb	耳: 薄い肌色|からだ|耳|聞き耳|聞く|薄い肌色	ear: light skin tone|body|ear|ears|hear|hearing|light skin tone|listen|listening|sound
1f442-1f3fc	耳: やや薄い肌色|からだ|やや薄い肌色|耳|聞き耳|聞く	ear: medium-light skin tone|body|ear|ears|hear|hearing|listen|listening|medium-light skin tone|sound
1f442-1f3fd	耳: 中間の肌色|からだ|中間の肌色|耳|聞き耳|聞く	ear: medium skin tone|body|ear|ears|hear|hearing|listen|listening|medium skin tone|sound
1f442-1f3fe	耳: やや濃い肌色|からだ|やや濃い肌色|耳|聞き耳|聞く	ear: medium-dark skin tone|body|ear|ears|hear|hearing|listen|listening|medium-dark skin tone|sound
1f442-1f3ff	耳: 濃い肌色|からだ|濃い肌色|耳|聞き耳|聞く	ear: dark skin tone|body|dark skin tone|ear|ears|hear|hearing|listen|listening|sound
1f9bb	補聴器を付けた耳|アクセシビリティ|耳|聴覚|難聴	ear with hearing aid|accessibility|aid|ear|hard|hearing
1f9bb-1f3fb	補聴器を付けた耳: 薄い肌色|アクセシビリティ|耳|聴覚|薄い肌色|補聴器を付けた耳|難聴	ear with hearing aid: light skin tone|accessibility|aid|ear|hard|hearing|light skin tone
1f9bb-1f3fc	補聴器を付けた耳: やや薄い肌色|アクセシビリティ|やや薄い肌色|耳|聴覚|補聴器を付けた耳|難聴	ear with hearing aid: medium-light skin tone|accessibility|aid|ear|hard|hearing|medium-light skin tone
1f9bb-1f3fd	補聴器を付けた耳: 中間の肌色|アクセシビリティ|中間の肌色|耳|聴覚|補聴器を付けた耳|難聴	ear with hearing aid: medium skin tone|accessibility|aid|ear|hard|hearing|medium skin tone
1f9bb-1f3fe	補聴器を付けた耳: やや濃い肌色|アクセシビリティ|やや濃い肌色|耳|聴覚|補聴器を付けた耳|難聴	ear with hearing aid: medium-dark skin tone|accessibility|aid|ear|hard|hearing|medium-dark skin tone
1f9bb-1f3ff	補聴器を付けた耳: 濃い肌色|アクセシビリティ|濃い肌色|耳|聴覚|補聴器を付けた耳|難聴	ear with hearing aid: dark skin tone|accessibility|aid|dark skin tone|ear|hard|hearing
1f443	鼻|からだ	nose|body|noses|nosey|odor|smell|smells
1f443-1f3fb	鼻: 薄い肌色|からだ|薄い肌色|鼻	nose: light skin tone|body|light skin tone|nose|noses|nosey|odor|smell|smells
1f443-1f3fc	鼻: やや薄い肌色|からだ|やや薄い肌色|鼻	nose: medium-light skin tone|body|medium-light skin tone|nose|noses|nosey|odor|smell|smells
1f443-1f3fd	鼻: 中間の肌色|からだ|中間の肌色|鼻	nose: medium skin tone|body|medium skin tone|nose|noses|nosey|odor|smell|smells
1f443-1f3fe	鼻: やや濃い肌色|からだ|やや濃い肌色|鼻	nose: medium-dark skin tone|body|medium-dark skin tone|nose|noses|nosey|odor|smell|smells
1f443-1f3ff	鼻: 濃い肌色|からだ|濃い肌色|鼻	nose: dark skin tone|body|dark skin tone|nose|noses|nosey|odor|smell|smells
1f9e0	脳|知識|脳みそ|頭	brain|intelligent|smart
1fac0	心臓|心拍|脈|臓器|鼓動	anatomical heart|anatomical|beat|cardiology|heart|heartbeat|organ|pulse|real|red
1fac1	肺|呼吸|臓器	lungs|breath|breathe|exhalation|inhalation|lung|organ|respiration
1f9b7	歯|歯医者|白い歯	tooth|dentist|pearly|teeth|white
1f9b4	骨|犬|骨格	bone|bones|dog|skeleton|wishbone
1f440	目|からだ|両目|動く目玉	eyes|body|eye|face|googly|look|looking|omg|peep|see|seeing
1f441	片目|からだ|一つ目|目	eye|1|body|one
1f445	舌|からだ|べー|べろ	tongue|body|lick|slurp
1f444	口|からだ|キス|唇	mouth|beauty|body|kiss|kissing|lips|lipstick
1fae6	唇を咬んでいる口|セクシー|チッ|口|口惜しさ|唇|悔しい|誘惑	biting lip|anxious|bite|biting|fear|flirt|flirting|kiss|lip|lipstick|nervous|sexy|uncomfortable|worried|worry
1f476	赤ん坊|ベビー|子供|新生児|赤ちゃん|顔	baby|babies|children|goo|infant|newborn|pregnant|young
1f476-1f3fb	赤ん坊: 薄い肌色|ベビー|子供|新生児|薄い肌色|赤ちゃん|赤ん坊|顔	baby: light skin tone|babies|baby|children|goo|infant|light skin tone|newborn|pregnant|young
1f476-1f3fc	赤ん坊: やや薄い肌色|ベビー|やや薄い肌色|子供|新生児|赤ちゃん|赤ん坊|顔	baby: medium-light skin tone|babies|baby|children|goo|infant|medium-light skin tone|newborn|pregnant|young
1f476-1f3fd	赤ん坊: 中間の肌色|ベビー|中間の肌色|子供|新生児|赤ちゃん|赤ん坊|顔	baby: medium skin tone|babies|baby|children|goo|infant|medium skin tone|newborn|pregnant|young
1f476-1f3fe	赤ん坊: やや濃い肌色|ベビー|やや濃い肌色|子供|新生児|赤ちゃん|赤ん坊|顔	baby: medium-dark skin tone|babies|baby|children|goo|infant|medium-dark skin tone|newborn|pregnant|young
1f476-1f3ff	赤ん坊: 濃い肌色|ベビー|子供|新生児|濃い肌色|赤ちゃん|赤ん坊|顔	baby: dark skin tone|babies|baby|children|dark skin tone|goo|infant|newborn|pregnant|young
1f9d2	子供|キッズ|中性的|子ども|顔	child|bright-eyed|grandchild|kid|young|younger
1f9d2-1f3fb	子供: 薄い肌色|キッズ|中性的|子ども|子供|薄い肌色|顔	child: light skin tone|bright-eyed|child|grandchild|kid|light skin tone|young|younger
1f9d2-1f3fc	子供: やや薄い肌色|キッズ|やや薄い肌色|中性的|子ども|子供|顔	child: medium-light skin tone|bright-eyed|child|grandchild|kid|medium-light skin tone|young|younger
1f9d2-1f3fd	子供: 中間の肌色|キッズ|中性的|中間の肌色|子ども|子供|顔	child: medium skin tone|bright-eyed|child|grandchild|kid|medium skin tone|young|younger
1f9d2-1f3fe	子供: やや濃い肌色|キッズ|やや濃い肌色|中性的|子ども|子供|顔	child: medium-dark skin tone|bright-eyed|child|grandchild|kid|medium-dark skin tone|young|younger
1f9d2-1f3ff	子供: 濃い肌色|キッズ|中性的|子ども|子供|濃い肌色|顔	child: dark skin tone|bright-eyed|child|dark skin tone|grandchild|kid|young|younger
1f466	男の子|子供|少年|顔	boy|bright-eyed|child|grandson|kid|son|young|younger
1f466-1f3fb	男の子: 薄い肌色|子供|少年|男の子|薄い肌色|顔	boy: light skin tone|boy|bright-eyed|child|grandson|kid|light skin tone|son|young|younger
1f466-1f3fc	男の子: やや薄い肌色|やや薄い肌色|子供|少年|男の子|顔	boy: medium-light skin tone|boy|bright-eyed|child|grandson|kid|medium-light skin tone|son|young|younger
1f466-1f3fd	男の子: 中間の肌色|中間の肌色|子供|少年|男の子|顔	boy: medium skin tone|boy|bright-eyed|child|grandson|kid|medium skin tone|son|young|younger
1f466-1f3fe	男の子: やや濃い肌色|やや濃い肌色|子供|少年|男の子|顔	boy: medium-dark skin tone|boy|bright-eyed|child|grandson|kid|medium-dark skin tone|son|young|younger
1f466-1f3ff	男の子: 濃い肌色|子供|少年|濃い肌色|男の子|顔	boy: dark skin tone|boy|bright-eyed|child|dark skin tone|grandson|kid|son|young|younger
1f467	女の子|おさげ|女|娘|子供|少女|顔	girl|bright-eyed|child|daughter|granddaughter|kid|Virgo|young|younger|zodiac
1f467-1f3fb	女の子: 薄い肌色|おさげ|女|女の子|娘|子供|少女|薄い肌色|顔	girl: light skin tone|bright-eyed|child|daughter|girl|granddaughter|kid|light skin tone|Virgo|young|younger|zodiac
1f467-1f3fc	女の子: やや薄い肌色|おさげ|やや薄い肌色|女|女の子|娘|子供|少女|顔	girl: medium-light skin tone|bright-eyed|child|daughter|girl|granddaughter|kid|medium-light skin tone|Virgo|young|younger|zodiac
1f467-1f3fd	女の子: 中間の肌色|おさげ|中間の肌色|女|女の子|娘|子供|少女|顔	girl: medium skin tone|bright-eyed|child|daughter|girl|granddaughter|kid|medium skin tone|Virgo|young|younger|zodiac
1f467-1f3fe	女の子: やや濃い肌色|おさげ|やや濃い肌色|女|女の子|娘|子供|少女|顔	girl: medium-dark skin tone|bright-eyed|child|daughter|girl|granddaughter|kid|medium-dark skin tone|Virgo|young|younger|zodiac
1f467-1f3ff	女の子: 濃い肌色|おさげ|女|女の子|娘|子供|少女|濃い肌色|顔	girl: dark skin tone|bright-eyed|child|dark skin tone|daughter|girl|granddaughter|kid|Virgo|young|younger|zodiac
1f9d1	大人|中性的|成人|顔	person|adult
1f9d1-1f3fb	大人: 薄い肌色|中性的|大人|成人|薄い肌色|顔	person: light skin tone|adult|light skin tone|person
1f9d1-1f3fc	大人: やや薄い肌色|やや薄い肌色|中性的|大人|成人|顔	person: medium-light skin tone|adult|medium-light skin tone|person
1f9d1-1f3fd	大人: 中間の肌色|中性的|中間の肌色|大人|成人|顔	person: medium skin tone|adult|medium skin tone|person
1f9d1-1f3fe	大人: やや濃い肌色|やや濃い肌色|中性的|大人|成人|顔	person: medium-dark skin tone|adult|medium-dark skin tone|person
1f9d1-1f3ff	大人: 濃い肌色|中性的|大人|成人|濃い肌色|顔	person: dark skin tone|adult|dark skin tone|person
1f471	金髪の人|ブロンド|人|人間|金髪|顔	person: blond hair|blond|blond-haired|human|person
1f471-1f3fb	金髪の人: 薄い肌色|ブロンド|人|人間|薄い肌色|金髪|金髪の人|顔	person: light skin tone, blond hair|blond|blond hair|blond-haired|human|light skin tone|person
1f471-1f3fc	金髪の人: やや薄い肌色|ブロンド|やや薄い肌色|人|人間|金髪|金髪の人|顔	person: medium-light skin tone, blond hair|blond|blond hair|blond-haired|human|medium-light skin tone|person
1f471-1f3fd	金髪の人: 中間の肌色|ブロンド|中間の肌色|人|人間|金髪|金髪の人|顔	person: medium skin tone, blond hair|blond|blond hair|blond-haired|human|medium skin tone|person
1f471-1f3fe	金髪の人: やや濃い肌色|ブロンド|やや濃い肌色|人|人間|金髪|金髪の人|顔	person: medium-dark skin tone, blond hair|blond|blond hair|blond-haired|human|medium-dark skin tone|person
1f471-1f3ff	金髪の人: 濃い肌色|ブロンド|人|人間|濃い肌色|金髪|金髪の人|顔	person: dark skin tone, blond hair|blond|blond hair|blond-haired|dark skin tone|human|person
1f468	男性|大人|男|顔	man|adult|bro
1f468-1f3fb	男性: 薄い肌色|大人|男|男性|薄い肌色|顔	man: light skin tone|adult|bro|light skin tone|man
1f468-1f3fc	男性: やや薄い肌色|やや薄い肌色|大人|男|男性|顔	man: medium-light skin tone|adult|bro|man|medium-light skin tone
1f468-1f3fd	男性: 中間の肌色|中間の肌色|大人|男|男性|顔	man: medium skin tone|adult|bro|man|medium skin tone
1f468-1f3fe	男性: やや濃い肌色|やや濃い肌色|大人|男|男性|顔	man: medium-dark skin tone|adult|bro|man|medium-dark skin tone
1f468-1f3ff	男性: 濃い肌色|大人|濃い肌色|男|男性|顔	man: dark skin tone|adult|bro|dark skin tone|man
1f9d4	あごひげの人|あごひげ|ひげ|人|顔	person: beard|beard|bearded|person|whiskers
1f9d4-1f3fb	あごひげの人: 薄い肌色|あごひげ|あごひげの人|ひげ|人|薄い肌色|顔	person: light skin tone, beard|beard|bearded|light skin tone|person|whiskers
1f9d4-1f3fc	あごひげの人: やや薄い肌色|あごひげ|あごひげの人|ひげ|やや薄い肌色|人|顔	person: medium-light skin tone, beard|beard|bearded|medium-light skin tone|person|whiskers
1f9d4-1f3fd	あごひげの人: 中間の肌色|あごひげ|あごひげの人|ひげ|中間の肌色|人|顔	person: medium skin tone, beard|beard|bearded|medium skin tone|person|whiskers
1f9d4-1f3fe	あごひげの人: やや濃い肌色|あごひげ|あごひげの人|ひげ|やや濃い肌色|人|顔	person: medium-dark skin tone, beard|beard|bearded|medium-dark skin tone|person|whiskers
1f9d4-1f3ff	あごひげの人: 濃い肌色|あごひげ|あごひげの人|ひげ|人|濃い肌色|顔	person: dark skin tone, beard|beard|bearded|dark skin tone|person|whiskers
1f9d4-200d-2642	あごひげの男性|あごひげ|ひげ|男|顔	man: beard|beard|bearded|man|whiskers
1f9d4-1f3fb-200d-2642	あごひげの男性: 薄い肌色|あごひげ|あごひげの男性|ひげ|男|薄い肌色|顔	man: light skin tone, beard|beard|bearded|light skin tone|man|whiskers
1f9d4-1f3fc-200d-2642	あごひげの男性: やや薄い肌色|あごひげ|あごひげの男性|ひげ|やや薄い肌色|男|顔	man: medium-light skin tone, beard|beard|bearded|man|medium-light skin tone|whiskers
1f9d4-1f3fd-200d-2642	あごひげの男性: 中間の肌色|あごひげ|あごひげの男性|ひげ|中間の肌色|男|顔	man: medium skin tone, beard|beard|bearded|man|medium skin tone|whiskers
1f9d4-1f3fe-200d-2642	あごひげの男性: やや濃い肌色|あごひげ|あごひげの男性|ひげ|やや濃い肌色|男|顔	man: medium-dark skin tone, beard|beard|bearded|man|medium-dark skin tone|whiskers
1f9d4-1f3ff-200d-2642	あごひげの男性: 濃い肌色|あごひげ|あごひげの男性|ひげ|濃い肌色|男|顔	man: dark skin tone, beard|beard|bearded|dark skin tone|man|whiskers
1f9d4-200d-2640	あごひげの女性|あごひげ|ひげ|女|顔	woman: beard|beard|bearded|whiskers|woman
1f9d4-1f3fb-200d-2640	あごひげの女性: 薄い肌色|あごひげ|あごひげの女性|ひげ|女|薄い肌色|顔	woman: light skin tone, beard|beard|bearded|light skin tone|whiskers|woman
1f9d4-1f3fc-200d-2640	あごひげの女性: やや薄い肌色|あごひげ|あごひげの女性|ひげ|やや薄い肌色|女|顔	woman: medium-light skin tone, beard|beard|bearded|medium-light skin tone|whiskers|woman
1f9d4-1f3fd-200d-2640	あごひげの女性: 中間の肌色|あごひげ|あごひげの女性|ひげ|中間の肌色|女|顔	woman: medium skin tone, beard|beard|bearded|medium skin tone|whiskers|woman
1f9d4-1f3fe-200d-2640	あごひげの女性: やや濃い肌色|あごひげ|あごひげの女性|ひげ|やや濃い肌色|女|顔	woman: medium-dark skin tone, beard|beard|bearded|medium-dark skin tone|whiskers|woman
1f9d4-1f3ff-200d-2640	あごひげの女性: 濃い肌色|あごひげ|あごひげの女性|ひげ|女|濃い肌色|顔	woman: dark skin tone, beard|beard|bearded|dark skin tone|whiskers|woman
1f468-200d-1f9b0	男性: 赤毛|大人|男|男性|赤毛|顔	man: red hair|adult|bro|man|red hair
1f468-1f3fb-200d-1f9b0	男性: 薄い肌色 赤毛|大人|男|男性|薄い肌色|赤毛|顔	man: light skin tone, red hair|adult|bro|light skin tone|man|red hair
1f468-1f3fc-200d-1f9b0	男性: やや薄い肌色 赤毛|やや薄い肌色|大人|男|男性|赤毛|顔	man: medium-light skin tone, red hair|adult|bro|man|medium-light skin tone|red hair
1f468-1f3fd-200d-1f9b0	男性: 中間の肌色 赤毛|中間の肌色|大人|男|男性|赤毛|顔	man: medium skin tone, red hair|adult|bro|man|medium skin tone|red hair
1f468-1f3fe-200d-1f9b0	男性: やや濃い肌色 赤毛|やや濃い肌色|大人|男|男性|赤毛|顔	man: medium-dark skin tone, red hair|adult|bro|man|medium-dark skin tone|red hair
1f468-1f3ff-200d-1f9b0	男性: 濃い肌色 赤毛|大人|濃い肌色|男|男性|赤毛|顔	man: dark skin tone, red hair|adult|bro|dark skin tone|man|red hair
1f468-200d-1f9b1	男性: 巻き毛|大人|巻き毛|男|男性|顔	man: curly hair|adult|bro|curly hair|man
1f468-1f3fb-200d-1f9b1	男性: 薄い肌色 巻き毛|大人|巻き毛|男|男性|薄い肌色|顔	man: light skin tone, curly hair|adult|bro|curly hair|light skin tone|man
1f468-1f3fc-200d-1f9b1	男性: やや薄い肌色 巻き毛|やや薄い肌色|大人|巻き毛|男|男性|顔	man: medium-light skin tone, curly hair|adult|bro|curly hair|man|medium-light skin tone
1f468-1f3fd-200d-1f9b1	男性: 中間の肌色 巻き毛|中間の肌色|大人|巻き毛|男|男性|顔	man: medium skin tone, curly hair|adult|bro|curly hair|man|medium skin tone
1f468-1f3fe-200d-1f9b1	男性: やや濃い肌色 巻き毛|やや濃い肌色|大人|巻き毛|男|男性|顔	man: medium-dark skin tone, curly hair|adult|bro|curly hair|man|medium-dark skin tone
1f468-1f3ff-200d-1f9b1	男性: 濃い肌色 巻き毛|大人|巻き毛|濃い肌色|男|男性|顔	man: dark skin tone, curly hair|adult|bro|curly hair|dark skin tone|man
1f468-200d-1f9b3	男性: 白髪|大人|男|男性|白髪|顔	man: white hair|adult|bro|man|white hair
1f468-1f3fb-200d-1f9b3	男性: 薄い肌色 白髪|大人|男|男性|白髪|薄い肌色|顔	man: light skin tone, white hair|adult|bro|light skin tone|man|white hair
1f468-1f3fc-200d-1f9b3	男性: やや薄い肌色 白髪|やや薄い肌色|大人|男|男性|白髪|顔	man: medium-light skin tone, white hair|adult|bro|man|medium-light skin tone|white hair
1f468-1f3fd-200d-1f9b3	男性: 中間の肌色 白髪|中間の肌色|大人|男|男性|白髪|顔	man: medium skin tone, white hair|adult|bro|man|medium skin tone|white hair
1f468-1f3fe-200d-1f9b3	男性: やや濃い肌色 白髪|やや濃い肌色|大人|男|男性|白髪|顔	man: medium-dark skin tone, white hair|adult|bro|man|medium-dark skin tone|white hair
1f468-1f3ff-200d-1f9b3	男性: 濃い肌色 白髪|大人|濃い肌色|男|男性|白髪|顔	man: dark skin tone, white hair|adult|bro|dark skin tone|man|white hair
1f468-200d-1f9b2	男性: はげ頭|はげ頭|大人|男|男性|顔	man: bald|adult|bald|bro|man
1f468-1f3fb-200d-1f9b2	男性: 薄い肌色 はげ頭|はげ頭|大人|男|男性|薄い肌色|顔	man: light skin tone, bald|adult|bald|bro|light skin tone|man
1f468-1f3fc-200d-1f9b2	男性: やや薄い肌色 はげ頭|はげ頭|やや薄い肌色|大人|男|男性|顔	man: medium-light skin tone, bald|adult|bald|bro|man|medium-light skin tone
1f468-1f3fd-200d-1f9b2	男性: 中間の肌色 はげ頭|はげ頭|中間の肌色|大人|男|男性|顔	man: medium skin tone, bald|adult|bald|bro|man|medium skin tone
1f468-1f3fe-200d-1f9b2	男性: やや濃い肌色 はげ頭|はげ頭|やや濃い肌色|大人|男|男性|顔	man: medium-dark skin tone, bald|adult|bald|bro|man|medium-dark skin tone
1f468-1f3ff-200d-1f9b2	男性: 濃い肌色 はげ頭|はげ頭|大人|濃い肌色|男|男性|顔	man: dark skin tone, bald|adult|bald|bro|dark skin tone|man
1f469	女性|大人|女|顔	woman|adult|lady
1f469-1f3fb	女性: 薄い肌色|大人|女|女性|薄い肌色|顔	woman: light skin tone|adult|lady|light skin tone|woman
1f469-1f3fc	女性: やや薄い肌色|やや薄い肌色|大人|女|女性|顔	woman: medium-light skin tone|adult|lady|medium-light skin tone|woman
1f469-1f3fd	女性: 中間の肌色|中間の肌色|大人|女|女性|顔	woman: medium skin tone|adult|lady|medium skin tone|woman
1f469-1f3fe	女性: やや濃い肌色|やや濃い肌色|大人|女|女性|顔	woman: medium-dark skin tone|adult|lady|medium-dark skin tone|woman
1f469-1f3ff	女性: 濃い肌色|大人|女|女性|濃い肌色|顔	woman: dark skin tone|adult|dark skin tone|lady|woman
1f469-200d-1f9b0	女性: 赤毛|大人|女|女性|赤毛|顔	woman: red hair|adult|lady|red hair|woman
1f469-1f3fb-200d-1f9b0	女性: 薄い肌色 赤毛|大人|女|女性|薄い肌色|赤毛|顔	woman: light skin tone, red hair|adult|lady|light skin tone|red hair|woman
1f469-1f3fc-200d-1f9b0	女性: やや薄い肌色 赤毛|やや薄い肌色|大人|女|女性|赤毛|顔	woman: medium-light skin tone, red hair|adult|lady|medium-light skin tone|red hair|woman
1f469-1f3fd-200d-1f9b0	女性: 中間の肌色 赤毛|中間の肌色|大人|女|女性|赤毛|顔	woman: medium skin tone, red hair|adult|lady|medium skin tone|red hair|woman
1f469-1f3fe-200d-1f9b0	女性: やや濃い肌色 赤毛|やや濃い肌色|大人|女|女性|赤毛|顔	woman: medium-dark skin tone, red hair|adult|lady|medium-dark skin tone|red hair|woman
1f469-1f3ff-200d-1f9b0	女性: 濃い肌色 赤毛|大人|女|女性|濃い肌色|赤毛|顔	woman: dark skin tone, red hair|adult|dark skin tone|lady|red hair|woman
1f9d1-200d-1f9b0	大人: 赤毛|中性的|大人|成人|赤毛|顔	person: red hair|adult|person|red hair
1f9d1-1f3fb-200d-1f9b0	大人: 薄い肌色 赤毛|中性的|大人|成人|薄い肌色|赤毛|顔	person: light skin tone, red hair|adult|light skin tone|person|red hair
1f9d1-1f3fc-200d-1f9b0	大人: やや薄い肌色 赤毛|やや薄い肌色|中性的|大人|成人|赤毛|顔	person: medium-light skin tone, red hair|adult|medium-light skin tone|person|red hair
1f9d1-1f3fd-200d-1f9b0	大人: 中間の肌色 赤毛|中性的|中間の肌色|大人|成人|赤毛|顔	person: medium skin tone, red hair|adult|medium skin tone|person|red hair
1f9d1-1f3fe-200d-1f9b0	大人: やや濃い肌色 赤毛|やや濃い肌色|中性的|大人|成人|赤毛|顔	person: medium-dark skin tone, red hair|adult|medium-dark skin tone|person|red hair
1f9d1-1f3ff-200d-1f9b0	大人: 濃い肌色 赤毛|中性的|大人|成人|濃い肌色|赤毛|顔	person: dark skin tone, red hair|adult|dark skin tone|person|red hair
1f469-200d-1f9b1	女性: 巻き毛|大人|女|女性|巻き毛|顔	woman: curly hair|adult|curly hair|lady|woman
1f469-1f3fb-200d-1f9b1	女性: 薄い肌色 巻き毛|大人|女|女性|巻き毛|薄い肌色|顔	woman: light skin tone, curly hair|adult|curly hair|lady|light skin tone|woman
1f469-1f3fc-200d-1f9b1	女性: やや薄い肌色 巻き毛|やや薄い肌色|大人|女|女性|巻き毛|顔	woman: medium-light skin tone, curly hair|adult|curly hair|lady|medium-light skin tone|woman
1f469-1f3fd-200d-1f9b1	女性: 中間の肌色 巻き毛|中間の肌色|大人|女|女性|巻き毛|顔	woman: medium skin tone, curly hair|adult|curly hair|lady|medium skin tone|woman
1f469-1f3fe-200d-1f9b1	女性: やや濃い肌色 巻き毛|やや濃い肌色|大人|女|女性|巻き毛|顔	woman: medium-dark skin tone, curly hair|adult|curly hair|lady|medium-dark skin tone|woman
1f469-1f3ff-200d-1f9b1	女性: 濃い肌色 巻き毛|大人|女|女性|巻き毛|濃い肌色|顔	woman: dark skin tone, curly hair|adult|curly hair|dark skin tone|lady|woman
1f9d1-200d-1f9b1	大人: 巻き毛|中性的|大人|巻き毛|成人|顔	person: curly hair|adult|curly hair|person
1f9d1-1f3fb-200d-1f9b1	大人: 薄い肌色 巻き毛|中性的|大人|巻き毛|成人|薄い肌色|顔	person: light skin tone, curly hair|adult|curly hair|light skin tone|person
1f9d1-1f3fc-200d-1f9b1	大人: やや薄い肌色 巻き毛|やや薄い肌色|中性的|大人|巻き毛|成人|顔	person: medium-light skin tone, curly hair|adult|curly hair|medium-light skin tone|person
1f9d1-1f3fd-200d-1f9b1	大人: 中間の肌色 巻き毛|中性的|中間の肌色|大人|巻き毛|成人|顔	person: medium skin tone, curly hair|adult|curly hair|medium skin tone|person
1f9d1-1f3fe-200d-1f9b1	大人: やや濃い肌色 巻き毛|やや濃い肌色|中性的|大人|巻き毛|成人|顔	person: medium-dark skin tone, curly hair|adult|curly hair|medium-dark skin tone|person
1f9d1-1f3ff-200d-1f9b1	大人: 濃い肌色 巻き毛|中性的|大人|巻き毛|成人|濃い肌色|顔	person: dark skin tone, curly hair|adult|curly hair|dark skin tone|person
1f469-200d-1f9b3	女性: 白髪|大人|女|女性|白髪|顔	woman: white hair|adult|lady|white hair|woman
1f469-1f3fb-200d-1f9b3	女性: 薄い肌色 白髪|大人|女|女性|白髪|薄い肌色|顔	woman: light skin tone, white hair|adult|lady|light skin tone|white hair|woman
1f469-1f3fc-200d-1f9b3	女性: やや薄い肌色 白髪|やや薄い肌色|大人|女|女性|白髪|顔	woman: medium-light skin tone, white hair|adult|lady|medium-light skin tone|white hair|woman
1f469-1f3fd-200d-1f9b3	女性: 中間の肌色 白髪|中間の肌色|大人|女|女性|白髪|顔	woman: medium skin tone, white hair|adult|lady|medium skin tone|white hair|woman
1f469-1f3fe-200d-1f9b3	女性: やや濃い肌色 白髪|やや濃い肌色|大人|女|女性|白髪|顔	woman: medium-dark skin tone, white hair|adult|lady|medium-dark skin tone|white hair|woman
1f469-1f3ff-200d-1f9b3	女性: 濃い肌色 白髪|大人|女|女性|濃い肌色|白髪|顔	woman: dark skin tone, white hair|adult|dark skin tone|lady|white hair|woman
1f9d1-200d-1f9b3	大人: 白髪|中性的|大人|成人|白髪|顔	person: white hair|adult|person|white hair
1f9d1-1f3fb-200d-1f9b3	大人: 薄い肌色 白髪|中性的|大人|成人|白髪|薄い肌色|顔	person: light skin tone, white hair|adult|light skin tone|person|white hair
1f9d1-1f3fc-200d-1f9b3	大人: やや薄い肌色 白髪|やや薄い肌色|中性的|大人|成人|白髪|顔	person: medium-light skin tone, white hair|adult|medium-light skin tone|person|white hair
1f9d1-1f3fd-200d-1f9b3	大人: 中間の肌色 白髪|中性的|中間の肌色|大人|成人|白髪|顔	person: medium skin tone, white hair|adult|medium skin tone|person|white hair
1f9d1-1f3fe-200d-1f9b3	大人: やや濃い肌色 白髪|やや濃い肌色|中性的|大人|成人|白髪|顔	person: medium-dark skin tone, white hair|adult|medium-dark skin tone|person|white hair
1f9d1-1f3ff-200d-1f9b3	大人: 濃い肌色 白髪|中性的|大人|成人|濃い肌色|白髪|顔	person: dark skin tone, white hair|adult|dark skin tone|person|white hair
1f469-200d-1f9b2	女性: はげ頭|はげ頭|大人|女|女性|顔	woman: bald|adult|bald|lady|woman
1f469-1f3fb-200d-1f9b2	女性: 薄い肌色 はげ頭|はげ頭|大人|女|女性|薄い肌色|顔	woman: light skin tone, bald|adult|bald|lady|light skin tone|woman
1f469-1f3fc-200d-1f9b2	女性: やや薄い肌色 はげ頭|はげ頭|やや薄い肌色|大人|女|女性|顔	woman: medium-light skin tone, bald|adult|bald|lady|medium-light skin tone|woman
1f469-1f3fd-200d-1f9b2	女性: 中間の肌色 はげ頭|はげ頭|中間の肌色|大人|女|女性|顔	woman: medium skin tone, bald|adult|bald|lady|medium skin tone|woman
1f469-1f3fe-200d-1f9b2	女性: やや濃い肌色 はげ頭|はげ頭|やや濃い肌色|大人|女|女性|顔	woman: medium-dark skin tone, bald|adult|bald|lady|medium-dark skin tone|woman
1f469-1f3ff-200d-1f9b2	女性: 濃い肌色 はげ頭|はげ頭|大人|女|女性|濃い肌色|顔	woman: dark skin tone, bald|adult|bald|dark skin tone|lady|woman
1f9d1-200d-1f9b2	大人: はげ頭|はげ頭|中性的|大人|成人|顔	person: bald|adult|bald|person
1f9d1-1f3fb-200d-1f9b2	大人: 薄い肌色 はげ頭|はげ頭|中性的|大人|成人|薄い肌色|顔	person: light skin tone, bald|adult|bald|light skin tone|person
1f9d1-1f3fc-200d-1f9b2	大人: やや薄い肌色 はげ頭|はげ頭|やや薄い肌色|中性的|大人|成人|顔	person: medium-light skin tone, bald|adult|bald|medium-light skin tone|person
1f9d1-1f3fd-200d-1f9b2	大人: 中間の肌色 はげ頭|はげ頭|中性的|中間の肌色|大人|成人|顔	person: medium skin tone, bald|adult|bald|medium skin tone|person
1f9d1-1f3fe-200d-1f9b2	大人: やや濃い肌色 はげ頭|はげ頭|やや濃い肌色|中性的|大人|成人|顔	person: medium-dark skin tone, bald|adult|bald|medium-dark skin tone|person
1f9d1-1f3ff-200d-1f9b2	大人: 濃い肌色 はげ頭|はげ頭|中性的|大人|成人|濃い肌色|顔	person: dark skin tone, bald|adult|bald|dark skin tone|person
1f471-200d-2640	金髪の女性|ブロンド|女|女性|金髪	woman: blond hair|blond|blond-haired|blonde|hair|woman
1f471-1f3fb-200d-2640	金髪の女性: 薄い肌色|ブロンド|女|女性|薄い肌色|金髪|金髪の女性	woman: light skin tone, blond hair|blond|blond-haired|blonde|hair|light skin tone|woman
1f471-1f3fc-200d-2640	金髪の女性: やや薄い肌色|ブロンド|やや薄い肌色|女|女性|金髪|金髪の女性	woman: medium-light skin tone, blond hair|blond|blond-haired|blonde|hair|medium-light skin tone|woman
1f471-1f3fd-200d-2640	金髪の女性: 中間の肌色|ブロンド|中間の肌色|女|女性|金髪|金髪の女性	woman: medium skin tone, blond hair|blond|blond-haired|blonde|hair|medium skin tone|woman
1f471-1f3fe-200d-2640	金髪の女性: やや濃い肌色|ブロンド|やや濃い肌色|女|女性|金髪|金髪の女性	woman: medium-dark skin tone, blond hair|blond|blond-haired|blonde|hair|medium-dark skin tone|woman
1f471-1f3ff-200d-2640	金髪の女性: 濃い肌色|ブロンド|女|女性|濃い肌色|金髪|金髪の女性	woman: dark skin tone, blond hair|blond|blond-haired|blonde|dark skin tone|hair|woman
1f471-200d-2642	金髪の男性|ブロンド|男|男性|金髪	man: blond hair|blond|blond-haired|hair|man
1f471-1f3fb-200d-2642	金髪の男性: 薄い肌色|ブロンド|男|男性|薄い肌色|金髪|金髪の男性	man: light skin tone, blond hair|blond|blond-haired|hair|light skin tone|man
1f471-1f3fc-200d-2642	金髪の男性: やや薄い肌色|ブロンド|やや薄い肌色|男|男性|金髪|金髪の男性	man: medium-light skin tone, blond hair|blond|blond-haired|hair|man|medium-light skin tone
1f471-1f3fd-200d-2642	金髪の男性: 中間の肌色|ブロンド|中間の肌色|男|男性|金髪|金髪の男性	man: medium skin tone, blond hair|blond|blond-haired|hair|man|medium skin tone
1f471-1f3fe-200d-2642	金髪の男性: やや濃い肌色|ブロンド|やや濃い肌色|男|男性|金髪|金髪の男性	man: medium-dark skin tone, blond hair|blond|blond-haired|hair|man|medium-dark skin tone
1f471-1f3ff-200d-2642	金髪の男性: 濃い肌色|ブロンド|濃い肌色|男|男性|金髪|金髪の男性	man: dark skin tone, blond hair|blond|blond-haired|dark skin tone|hair|man
1f9d3	お年寄り|中性的|大人|老人|顔|高齢者	older person|adult|elderly|grandparent|old|person|wise
1f9d3-1f3fb	お年寄り: 薄い肌色|お年寄り|中性的|大人|老人|薄い肌色|顔|高齢者	older person: light skin tone|adult|elderly|grandparent|light skin tone|old|person|wise
1f9d3-1f3fc	お年寄り: やや薄い肌色|お年寄り|やや薄い肌色|中性的|大人|老人|顔|高齢者	older person: medium-light skin tone|adult|elderly|grandparent|medium-light skin tone|old|person|wise
1f9d3-1f3fd	お年寄り: 中間の肌色|お年寄り|中性的|中間の肌色|大人|老人|顔|高齢者	older person: medium skin tone|adult|elderly|grandparent|medium skin tone|old|person|wise
1f9d3-1f3fe	お年寄り: やや濃い肌色|お年寄り|やや濃い肌色|中性的|大人|老人|顔|高齢者	older person: medium-dark skin tone|adult|elderly|grandparent|medium-dark skin tone|old|person|wise
1f9d3-1f3ff	お年寄り: 濃い肌色|お年寄り|中性的|大人|濃い肌色|老人|顔|高齢者	older person: dark skin tone|adult|dark skin tone|elderly|grandparent|old|person|wise
1f474	おじいさん|おじいちゃん|お年寄り|男性|老人|薄毛|顔|高齢者	old man|adult|bald|elderly|gramps|grandfather|grandpa|man|old|wise
1f474-1f3fb	おじいさん: 薄い肌色|おじいさん|おじいちゃん|お年寄り|男性|老人|薄い肌色|薄毛|顔|高齢者	old man: light skin tone|adult|bald|elderly|gramps|grandfather|grandpa|light skin tone|man|old|wise
1f474-1f3fc	おじいさん: やや薄い肌色|おじいさん|おじいちゃん|お年寄り|やや薄い肌色|男性|老人|薄毛|顔|高齢者	old man: medium-light skin tone|adult|bald|elderly|gramps|grandfather|grandpa|man|medium-light skin tone|old|wise
1f474-1f3fd	おじいさん: 中間の肌色|おじいさん|おじいちゃん|お年寄り|中間の肌色|男性|老人|薄毛|顔|高齢者	old man: medium skin tone|adult|bald|elderly|gramps|grandfather|grandpa|man|medium skin tone|old|wise
1f474-1f3fe	おじいさん: やや濃い肌色|おじいさん|おじいちゃん|お年寄り|やや濃い肌色|男性|老人|薄毛|顔|高齢者	old man: medium-dark skin tone|adult|bald|elderly|gramps|grandfather|grandpa|man|medium-dark skin tone|old|wise
1f474-1f3ff	おじいさん: 濃い肌色|おじいさん|おじいちゃん|お年寄り|濃い肌色|男性|老人|薄毛|顔|高齢者	old man: dark skin tone|adult|bald|dark skin tone|elderly|gramps|grandfather|grandpa|man|old|wise
1f475	おばあさん|おばあちゃん|お年寄り|女性|老人|顔|高齢者	old woman|adult|elderly|grandma|grandmother|granny|lady|old|wise|woman
1f475-1f3fb	おばあさん: 薄い肌色|おばあさん|おばあちゃん|お年寄り|女性|老人|薄い肌色|顔|高齢者	old woman: light skin tone|adult|elderly|grandma|grandmother|granny|lady|light skin tone|old|wise|woman
1f475-1f3fc	おばあさん: やや薄い肌色|おばあさん|おばあちゃん|お年寄り|やや薄い肌色|女性|老人|顔|高齢者	old woman: medium-light skin tone|adult|elderly|grandma|grandmother|granny|lady|medium-light skin tone|old|wise|woman
1f475-1f3fd	おばあさん: 中間の肌色|おばあさん|おばあちゃん|お年寄り|中間の肌色|女性|老人|顔|高齢者	old woman: medium skin tone|adult|elderly|grandma|grandmother|granny|lady|medium skin tone|old|wise|woman
1f475-1f3fe	おばあさん: やや濃い肌色|おばあさん|おばあちゃん|お年寄り|やや濃い肌色|女性|老人|顔|高齢者	old woman: medium-dark skin tone|adult|elderly|grandma|grandmother|granny|lady|medium-dark skin tone|old|wise|woman
1f475-1f3ff	おばあさん: 濃い肌色|おばあさん|おばあちゃん|お年寄り|女性|濃い肌色|老人|顔|高齢者	old woman: dark skin tone|adult|dark skin tone|elderly|grandma|grandmother|granny|lady|old|wise|woman
1f64d	しかめ面の人|しかめっ面|しかめ顔|むっとしている人|不満|失望	person frowning|annoyed|disappointed|disgruntled|disturbed|frown|frowning|frustrated|gesture|irritated|person|upset
1f64d-1f3fb	しかめ面の人: 薄い肌色|しかめっ面|しかめ面の人|しかめ顔|むっとしている人|不満|失望|薄い肌色	person frowning: light skin tone|annoyed|disappointed|disgruntled|disturbed|frown|frowning|frustrated|gesture|irritated|light skin tone|person|upset
1f64d-1f3fc	しかめ面の人: やや薄い肌色|しかめっ面|しかめ面の人|しかめ顔|むっとしている人|やや薄い肌色|不満|失望	person frowning: medium-light skin tone|annoyed|disappointed|disgruntled|disturbed|frown|frowning|frustrated|gesture|irritated|medium-light skin tone|person|upset
1f64d-1f3fd	しかめ面の人: 中間の肌色|しかめっ面|しかめ面の人|しかめ顔|むっとしている人|不満|中間の肌色|失望	person frowning: medium skin tone|annoyed|disappointed|disgruntled|disturbed|frown|frowning|frustrated|gesture|irritated|medium skin tone|person|upset
1f64d-1f3fe	しかめ面の人: やや濃い肌色|しかめっ面|しかめ面の人|しかめ顔|むっとしている人|やや濃い肌色|不満|失望	person frowning: medium-dark skin tone|annoyed|disappointed|disgruntled|disturbed|frown|frowning|frustrated|gesture|irritated|medium-dark skin tone|person|upset
1f64d-1f3ff	しかめ面の人: 濃い肌色|しかめっ面|しかめ面の人|しかめ顔|むっとしている人|不満|失望|濃い肌色	person frowning: dark skin tone|annoyed|dark skin tone|disappointed|disgruntled|disturbed|frown|frowning|frustrated|gesture|irritated|person|upset
1f64d-200d-2642	しかめ面の男|しかめっ面|しかめ顔|むっとしている男|男|男性	man frowning|annoyed|disappointed|disgruntled|disturbed|frown|frowning|frustrated|gesture|irritated|man|upset
1f64d-1f3fb-200d-2642	しかめ面の男: 薄い肌色|しかめっ面|しかめ面の男|しかめ顔|むっとしている男|男|男性|薄い肌色	man frowning: light skin tone|annoyed|disappointed|disgruntled|disturbed|frown|frowning|frustrated|gesture|irritated|light skin tone|man|upset
1f64d-1f3fc-200d-2642	しかめ面の男: やや薄い肌色|しかめっ面|しかめ面の男|しかめ顔|むっとしている男|やや薄い肌色|男|男性	man frowning: medium-light skin tone|annoyed|disappointed|disgruntled|disturbed|frown|frowning|frustrated|gesture|irritated|man|medium-light skin tone|upset
1f64d-1f3fd-200d-2642	しかめ面の男: 中間の肌色|しかめっ面|しかめ面の男|しかめ顔|むっとしている男|中間の肌色|男|男性	man frowning: medium skin tone|annoyed|disappointed|disgruntled|disturbed|frown|frowning|frustrated|gesture|irritated|man|medium skin tone|upset
1f64d-1f3fe-200d-2642	しかめ面の男: やや濃い肌色|しかめっ面|しかめ面の男|しかめ顔|むっとしている男|やや濃い肌色|男|男性	man frowning: medium-dark skin tone|annoyed|disappointed|disgruntled|disturbed|frown|frowning|frustrated|gesture|irritated|man|medium-dark skin tone|upset
1f64d-1f3ff-200d-2642	しかめ面の男: 濃い肌色|しかめっ面|しかめ面の男|しかめ顔|むっとしている男|濃い肌色|男|男性	man frowning: dark skin tone|annoyed|dark skin tone|disappointed|disgruntled|disturbed|frown|frowning|frustrated|gesture|irritated|man|upset
1f64d-200d-2640	しかめ面の女|しかめっ面|しかめ顔|女|女性	woman frowning|annoyed|disappointed|disgruntled|disturbed|frown|frowning|frustrated|gesture|irritated|upset|woman
1f64d-1f3fb-200d-2640	しかめ面の女: 薄い肌色|しかめっ面|しかめ面の女|しかめ顔|女|女性|薄い肌色	woman frowning: light skin tone|annoyed|disappointed|disgruntled|disturbed|frown|frowning|frustrated|gesture|irritated|light skin tone|upset|woman
1f64d-1f3fc-200d-2640	しかめ面の女: やや薄い肌色|しかめっ面|しかめ面の女|しかめ顔|やや薄い肌色|女|女性	woman frowning: medium-light skin tone|annoyed|disappointed|disgruntled|disturbed|frown|frowning|frustrated|gesture|irritated|medium-light skin tone|upset|woman
1f64d-1f3fd-200d-2640	しかめ面の女: 中間の肌色|しかめっ面|しかめ面の女|しかめ顔|中間の肌色|女|女性	woman frowning: medium skin tone|annoyed|disappointed|disgruntled|disturbed|frown|frowning|frustrated|gesture|irritated|medium skin tone|upset|woman
1f64d-1f3fe-200d-2640	しかめ面の女: やや濃い肌色|しかめっ面|しかめ面の女|しかめ顔|やや濃い肌色|女|女性	woman frowning: medium-dark skin tone|annoyed|disappointed|disgruntled|disturbed|frown|frowning|frustrated|gesture|irritated|medium-dark skin tone|upset|woman
1f64d-1f3ff-200d-2640	しかめ面の女: 濃い肌色|しかめっ面|しかめ面の女|しかめ顔|女|女性|濃い肌色	woman frowning: dark skin tone|annoyed|dark skin tone|disappointed|disgruntled|disturbed|frown|frowning|frustrated|gesture|irritated|upset|woman
1f64e	不機嫌な人|ふくれる|ぷんぷん|不機嫌|口を尖らせた人|険しい表情	person pouting|disappointed|downtrodden|frown|grimace|person|pouting|scowl|sulk|upset|whine
1f64e-1f3fb	不機嫌な人: 薄い肌色|ふくれる|ぷんぷん|不機嫌|不機嫌な人|口を尖らせた人|薄い肌色|険しい表情	person pouting: light skin tone|disappointed|downtrodden|frown|grimace|light skin tone|person|pouting|scowl|sulk|upset|whine
1f64e-1f3fc	不機嫌な人: やや薄い肌色|ふくれる|ぷんぷん|やや薄い肌色|不機嫌|不機嫌な人|口を尖らせた人|険しい表情	person pouting: medium-light skin tone|disappointed|downtrodden|frown|grimace|medium-light skin tone|person|pouting|scowl|sulk|upset|whine
1f64e-1f3fd	不機嫌な人: 中間の肌色|ふくれる|ぷんぷん|不機嫌|不機嫌な人|中間の肌色|口を尖らせた人|険しい表情	person pouting: medium skin tone|disappointed|downtrodden|frown|grimace|medium skin tone|person|pouting|scowl|sulk|upset|whine
1f64e-1f3fe	不機嫌な人: やや濃い肌色|ふくれる|ぷんぷん|やや濃い肌色|不機嫌|不機嫌な人|口を尖らせた人|険しい表情	person pouting: medium-dark skin tone|disappointed|downtrodden|frown|grimace|medium-dark skin tone|person|pouting|scowl|sulk|upset|whine
1f64e-1f3ff	不機嫌な人: 濃い肌色|ふくれる|ぷんぷん|不機嫌|不機嫌な人|口を尖らせた人|濃い肌色|険しい表情	person pouting: dark skin tone|dark skin tone|disappointed|downtrodden|frown|grimace|person|pouting|scowl|sulk|upset|whine
1f64e-200d-2642	不機嫌な男|ぷんぷん|不機嫌|口を尖らせた男|男|男性	man pouting|disappointed|downtrodden|frown|grimace|man|pouting|scowl|sulk|upset|whine
1f64e-1f3fb-200d-2642	不機嫌な男: 薄い肌色|ぷんぷん|不機嫌|不機嫌な男|口を尖らせた男|男|男性|薄い肌色	man pouting: light skin tone|disappointed|downtrodden|frown|grimace|light skin tone|man|pouting|scowl|sulk|upset|whine
1f64e-1f3fc-200d-2642	不機嫌な男: やや薄い肌色|ぷんぷん|やや薄い肌色|不機嫌|不機嫌な男|口を尖らせた男|男|男性	man pouting: medium-light skin tone|disappointed|downtrodden|frown|grimace|man|medium-light skin tone|pouting|scowl|sulk|upset|whine
1f64e-1f3fd-200d-2642	不機嫌な男: 中間の肌色|ぷんぷん|不機嫌|不機嫌な男|中間の肌色|口を尖らせた男|男|男性	man pouting: medium skin tone|disappointed|downtrodden|frown|grimace|man|medium skin tone|pouting|scowl|sulk|upset|whine
1f64e-1f3fe-200d-2642	不機嫌な男: やや濃い肌色|ぷんぷん|やや濃い肌色|不機嫌|不機嫌な男|口を尖らせた男|男|男性	man pouting: medium-dark skin tone|disappointed|downtrodden|frown|grimace|man|medium-dark skin tone|pouting|scowl|sulk|upset|whine
1f64e-1f3ff-200d-2642	不機嫌な男: 濃い肌色|ぷんぷん|不機嫌|不機嫌な男|口を尖らせた男|濃い肌色|男|男性	man pouting: dark skin tone|dark skin tone|disappointed|downtrodden|frown|grimace|man|pouting|scowl|sulk|upset|whine
1f64e-200d-2640	不機嫌な女|ぷんぷん|不機嫌|女|女性	woman pouting|disappointed|downtrodden|frown|grimace|pouting|scowl|sulk|upset|whine|woman
1f64e-1f3fb-200d-2640	不機嫌な女: 薄い肌色|ぷんぷん|不機嫌|不機嫌な女|女|女性|薄い肌色	woman pouting: light skin tone|disappointed|downtrodden|frown|grimace|light skin tone|pouting|scowl|sulk|upset|whine|woman
1f64e-1f3fc-200d-2640	不機嫌な女: やや薄い肌色|ぷんぷん|やや薄い肌色|不機嫌|不機嫌な女|女|女性	woman pouting: medium-light skin tone|disappointed|downtrodden|frown|grimace|medium-light skin tone|pouting|scowl|sulk|upset|whine|woman
1f64e-1f3fd-200d-2640	不機嫌な女: 中間の肌色|ぷんぷん|不機嫌|不機嫌な女|中間の肌色|女|女性	woman pouting: medium skin tone|disappointed|downtrodden|frown|grimace|medium skin tone|pouting|scowl|sulk|upset|whine|woman
1f64e-1f3fe-200d-2640	不機嫌な女: やや濃い肌色|ぷんぷん|やや濃い肌色|不機嫌|不機嫌な女|女|女性	woman pouting: medium-dark skin tone|disappointed|downtrodden|frown|grimace|medium-dark skin tone|pouting|scowl|sulk|upset|whine|woman
1f64e-1f3ff-200d-2640	不機嫌な女: 濃い肌色|ぷんぷん|不機嫌|不機嫌な女|女|女性|濃い肌色	woman pouting: dark skin tone|dark skin tone|disappointed|downtrodden|frown|grimace|pouting|scowl|sulk|upset|whine|woman
1f645	ダメのポーズをする人|NG|お断り|ジェスチャー|だめ|バツ|人|禁止|禁止された|除外	person gesturing NO|forbidden|gesture|hand|NO|not|person|prohibit
1f645-1f3fb	ダメのポーズをする人: 薄い肌色|NG|お断り|ジェスチャー|だめ|ダメのポーズをする人|バツ|人|禁止|禁止された|薄い肌色|除外	person gesturing NO: light skin tone|forbidden|gesture|hand|light skin tone|NO|not|person|prohibit
1f645-1f3fc	ダメのポーズをする人: やや薄い肌色|NG|お断り|ジェスチャー|だめ|ダメのポーズをする人|バツ|やや薄い肌色|人|禁止|禁止された|除外	person gesturing NO: medium-light skin tone|forbidden|gesture|hand|medium-light skin tone|NO|not|person|prohibit
1f645-1f3fd	ダメのポーズをする人: 中間の肌色|NG|お断り|ジェスチャー|だめ|ダメのポーズをする人|バツ|中間の肌色|人|禁止|禁止された|除外	person gesturing NO: medium skin tone|forbidden|gesture|hand|medium skin tone|NO|not|person|prohibit
1f645-1f3fe	ダメのポーズをする人: やや濃い肌色|NG|お断り|ジェスチャー|だめ|ダメのポーズをする人|バツ|やや濃い肌色|人|禁止|禁止された|除外	person gesturing NO: medium-dark skin tone|forbidden|gesture|hand|medium-dark skin tone|NO|not|person|prohibit
1f645-1f3ff	ダメのポーズをする人: 濃い肌色|NG|お断り|ジェスチャー|だめ|ダメのポーズをする人|バツ|人|濃い肌色|禁止|禁止された|除外	person gesturing NO: dark skin tone|dark skin tone|forbidden|gesture|hand|NO|not|person|prohibit
1f645-200d-2642	ダメのポーズをする男|NG|ジェスチャー|バツ|男|男性|禁止	man gesturing NO|forbidden|gesture|hand|man|NO|not|prohibit
1f645-1f3fb-200d-2642	ダメのポーズをする男: 薄い肌色|NG|ジェスチャー|ダメのポーズをする男|バツ|男|男性|禁止|薄い肌色	man gesturing NO: light skin tone|forbidden|gesture|hand|light skin tone|man|NO|not|prohibit
1f645-1f3fc-200d-2642	ダメのポーズをする男: やや薄い肌色|NG|ジェスチャー|ダメのポーズをする男|バツ|やや薄い肌色|男|男性|禁止	man gesturing NO: medium-light skin tone|forbidden|gesture|hand|man|medium-light skin tone|NO|not|prohibit
1f645-1f3fd-200d-2642	ダメのポーズをする男: 中間の肌色|NG|ジェスチャー|ダメのポーズをする男|バツ|中間の肌色|男|男性|禁止	man gesturing NO: medium skin tone|forbidden|gesture|hand|man|medium skin tone|NO|not|prohibit
1f645-1f3fe-200d-2642	ダメのポーズをする男: やや濃い肌色|NG|ジェスチャー|ダメのポーズをする男|バツ|やや濃い肌色|男|男性|禁止	man gesturing NO: medium-dark skin tone|forbidden|gesture|hand|man|medium-dark skin tone|NO|not|prohibit
1f645-1f3ff-200d-2642	ダメのポーズをする男: 濃い肌色|NG|ジェスチャー|ダメのポーズをする男|バツ|濃い肌色|男|男性|禁止	man gesturing NO: dark skin tone|dark skin tone|forbidden|gesture|hand|man|NO|not|prohibit
1f645-200d-2640	ダメのポーズをする女|NG|ジェスチャー|バツ|女|女性	woman gesturing NO|forbidden|gesture|hand|NO|not|prohibit|woman
1f645-1f3fb-200d-2640	ダメのポーズをする女: 薄い肌色|NG|ジェスチャー|ダメのポーズをする女|バツ|女|女性|薄い肌色	woman gesturing NO: light skin tone|forbidden|gesture|hand|light skin tone|NO|not|prohibit|woman
1f645-1f3fc-200d-2640	ダメのポーズをする女: やや薄い肌色|NG|ジェスチャー|ダメのポーズをする女|バツ|やや薄い肌色|女|女性	woman gesturing NO: medium-light skin tone|forbidden|gesture|hand|medium-light skin tone|NO|not|prohibit|woman
1f645-1f3fd-200d-2640	ダメのポーズをする女: 中間の肌色|NG|ジェスチャー|ダメのポーズをする女|バツ|中間の肌色|女|女性	woman gesturing NO: medium skin tone|forbidden|gesture|hand|medium skin tone|NO|not|prohibit|woman
1f645-1f3fe-200d-2640	ダメのポーズをする女: やや濃い肌色|NG|ジェスチャー|ダメのポーズをする女|バツ|やや濃い肌色|女|女性	woman gesturing NO: medium-dark skin tone|forbidden|gesture|hand|medium-dark skin tone|NO|not|prohibit|woman
1f645-1f3ff-200d-2640	ダメのポーズをする女: 濃い肌色|NG|ジェスチャー|ダメのポーズをする女|バツ|女|女性|濃い肌色	woman gesturing NO: dark skin tone|dark skin tone|forbidden|gesture|hand|NO|not|prohibit|woman
1f646	OKのポーズをする人|OK|エクササイズ|オーケー|ジェスチャー|びっくり|丸|人|手	person gesturing OK|exercise|gesture|gesturing|hand|OK|omg|person
1f646-1f3fb	OKのポーズをする人: 薄い肌色|OK|OKのポーズをする人|エクササイズ|オーケー|ジェスチャー|びっくり|丸|人|手|薄い肌色	person gesturing OK: light skin tone|exercise|gesture|gesturing|hand|light skin tone|OK|omg|person
1f646-1f3fc	OKのポーズをする人: やや薄い肌色|OK|OKのポーズをする人|エクササイズ|オーケー|ジェスチャー|びっくり|やや薄い肌色|丸|人|手	person gesturing OK: medium-light skin tone|exercise|gesture|gesturing|hand|medium-light skin tone|OK|omg|person
1f646-1f3fd	OKのポーズをする人: 中間の肌色|OK|OKのポーズをする人|エクササイズ|オーケー|ジェスチャー|びっくり|中間の肌色|丸|人|手	person gesturing OK: medium skin tone|exercise|gesture|gesturing|hand|medium skin tone|OK|omg|person
1f646-1f3fe	OKのポーズをする人: やや濃い肌色|OK|OKのポーズをする人|エクササイズ|オーケー|ジェスチャー|びっくり|やや濃い肌色|丸|人|手	person gesturing OK: medium-dark skin tone|exercise|gesture|gesturing|hand|medium-dark skin tone|OK|omg|person
1f646-1f3ff	OKのポーズをする人: 濃い肌色|OK|OKのポーズをする人|エクササイズ|オーケー|ジェスチャー|びっくり|丸|人|手|濃い肌色	person gesturing OK: dark skin tone|dark skin tone|exercise|gesture|gesturing|hand|OK|omg|person
1f646-200d-2642	OKのポーズをする男|OK|オーケー|オッケー|ジェスチャー|丸|男|男性	man gesturing OK|exercise|gesture|gesturing|hand|man|OK|omg
1f646-1f3fb-200d-2642	OKのポーズをする男: 薄い肌色|OK|OKのポーズをする男|オーケー|オッケー|ジェスチャー|丸|男|男性|薄い肌色	man gesturing OK: light skin tone|exercise|gesture|gesturing|hand|light skin tone|man|OK|omg
1f646-1f3fc-200d-2642	OKのポーズをする男: やや薄い肌色|OK|OKのポーズをする男|オーケー|オッケー|ジェスチャー|やや薄い肌色|丸|男|男性	man gesturing OK: medium-light skin tone|exercise|gesture|gesturing|hand|man|medium-light skin tone|OK|omg
1f646-1f3fd-200d-2642	OKのポーズをする男: 中間の肌色|OK|OKのポーズをする男|オーケー|オッケー|ジェスチャー|中間の肌色|丸|男|男性	man gesturing OK: medium skin tone|exercise|gesture|gesturing|hand|man|medium skin tone|OK|omg
1f646-1f3fe-200d-2642	OKのポーズをする男: やや濃い肌色|OK|OKのポーズをする男|オーケー|オッケー|ジェスチャー|やや濃い肌色|丸|男|男性	man gesturing OK: medium-dark skin tone|exercise|gesture|gesturing|hand|man|medium-dark skin tone|OK|omg
1f646-1f3ff-200d-2642	OKのポーズをする男: 濃い肌色|OK|OKのポーズをする男|オーケー|オッケー|ジェスチャー|丸|濃い肌色|男|男性	man gesturing OK: dark skin tone|dark skin tone|exercise|gesture|gesturing|hand|man|OK|omg
1f646-200d-2640	OKのポーズをする女|オーケー|オッケー|ジェスチャー|丸|女性	woman gesturing OK|exercise|gesture|gesturing|hand|OK|omg|woman
1f646-1f3fb-200d-2640	OKのポーズをする女: 薄い肌色|OKのポーズをする女|オーケー|オッケー|ジェスチャー|丸|女性|薄い肌色	woman gesturing OK: light skin tone|exercise|gesture|gesturing|hand|light skin tone|OK|omg|woman
1f646-1f3fc-200d-2640	OKのポーズをする女: やや薄い肌色|OKのポーズをする女|オーケー|オッケー|ジェスチャー|やや薄い肌色|丸|女性	woman gesturing OK: medium-light skin tone|exercise|gesture|gesturing|hand|medium-light skin tone|OK|omg|woman
1f646-1f3fd-200d-2640	OKのポーズをする女: 中間の肌色|OKのポーズをする女|オーケー|オッケー|ジェスチャー|中間の肌色|丸|女性	woman gesturing OK: medium skin tone|exercise|gesture|gesturing|hand|medium skin tone|OK|omg|woman
1f646-1f3fe-200d-2640	OKのポーズをする女: やや濃い肌色|OKのポーズをする女|オーケー|オッケー|ジェスチャー|やや濃い肌色|丸|女性	woman gesturing OK: medium-dark skin tone|exercise|gesture|gesturing|hand|medium-dark skin tone|OK|omg|woman
1f646-1f3ff-200d-2640	OKのポーズをする女: 濃い肌色|OKのポーズをする女|オーケー|オッケー|ジェスチャー|丸|女性|濃い肌色	woman gesturing OK: dark skin tone|dark skin tone|exercise|gesture|gesturing|hand|OK|omg|woman
1f481	案内する人|ゴシップ|ジェスチャー|受付|受付嬢|手を返している人|案内|案内する女|髪をかき上げる|髪を振り払う	person tipping hand|fetch|flick|flip|gossip|hand|person|sarcasm|sarcastic|sassy|seriously|tipping|whatever
1f481-1f3fb	案内する人: 薄い肌色|ゴシップ|ジェスチャー|受付|受付嬢|手を返している人|案内|案内する人|案内する女|薄い肌色|髪をかき上げる|髪を振り払う	person tipping hand: light skin tone|fetch|flick|flip|gossip|hand|light skin tone|person|sarcasm|sarcastic|sassy|seriously|tipping|whatever
1f481-1f3fc	案内する人: やや薄い肌色|ゴシップ|ジェスチャー|やや薄い肌色|受付|受付嬢|手を返している人|案内|案内する人|案内する女|髪をかき上げる|髪を振り払う	person tipping hand: medium-light skin tone|fetch|flick|flip|gossip|hand|medium-light skin tone|person|sarcasm|sarcastic|sassy|seriously|tipping|whatever
1f481-1f3fd	案内する人: 中間の肌色|ゴシップ|ジェスチャー|中間の肌色|受付|受付嬢|手を返している人|案内|案内する人|案内する女|髪をかき上げる|髪を振り払う	person tipping hand: medium skin tone|fetch|flick|flip|gossip|hand|medium skin tone|person|sarcasm|sarcastic|sassy|seriously|tipping|whatever
1f481-1f3fe	案内する人: やや濃い肌色|ゴシップ|ジェスチャー|やや濃い肌色|受付|受付嬢|手を返している人|案内|案内する人|案内する女|髪をかき上げる|髪を振り払う	person tipping hand: medium-dark skin tone|fetch|flick|flip|gossip|hand|medium-dark skin tone|person|sarcasm|sarcastic|sassy|seriously|tipping|whatever
1f481-1f3ff	案内する人: 濃い肌色|ゴシップ|ジェスチャー|受付|受付嬢|手を返している人|案内|案内する人|案内する女|濃い肌色|髪をかき上げる|髪を振り払う	person tipping hand: dark skin tone|dark skin tone|fetch|flick|flip|gossip|hand|person|sarcasm|sarcastic|sassy|seriously|tipping|whatever
1f481-200d-2642	案内する男|ジェスチャー|案内|男|男性	man tipping hand|fetch|flick|flip|gossip|hand|man|sarcasm|sarcastic|sassy|seriously|tipping|whatever
1f481-1f3fb-200d-2642	案内する男: 薄い肌色|ジェスチャー|案内|案内する男|男|男性|薄い肌色	man tipping hand: light skin tone|fetch|flick|flip|gossip|hand|light skin tone|man|sarcasm|sarcastic|sassy|seriously|tipping|whatever
1f481-1f3fc-200d-2642	案内する男: やや薄い肌色|ジェスチャー|やや薄い肌色|案内|案内する男|男|男性	man tipping hand: medium-light skin tone|fetch|flick|flip|gossip|hand|man|medium-light skin tone|sarcasm|sarcastic|sassy|seriously|tipping|whatever
1f481-1f3fd-200d-2642	案内する男: 中間の肌色|ジェスチャー|中間の肌色|案内|案内する男|男|男性	man tipping hand: medium skin tone|fetch|flick|flip|gossip|hand|man|medium skin tone|sarcasm|sarcastic|sassy|seriously|tipping|whatever
1f481-1f3fe-200d-2642	案内する男: やや濃い肌色|ジェスチャー|やや濃い肌色|案内|案内する男|男|男性	man tipping hand: medium-dark skin tone|fetch|flick|flip|gossip|hand|man|medium-dark skin tone|sarcasm|sarcastic|sassy|seriously|tipping|whatever
1f481-1f3ff-200d-2642	案内する男: 濃い肌色|ジェスチャー|案内|案内する男|濃い肌色|男|男性	man tipping hand: dark skin tone|dark skin tone|fetch|flick|flip|gossip|hand|man|sarcasm|sarcastic|sassy|seriously|tipping|whatever
1f481-200d-2640	案内する女|ジェスチャー|女|女性|案内	woman tipping hand|fetch|flick|flip|gossip|hand|sarcasm|sarcastic|sassy|seriously|tipping|whatever|woman
1f481-1f3fb-200d-2640	案内する女: 薄い肌色|ジェスチャー|女|女性|案内|案内する女|薄い肌色	woman tipping hand: light skin tone|fetch|flick|flip|gossip|hand|light skin tone|sarcasm|sarcastic|sassy|seriously|tipping|whatever|woman
1f481-1f3fc-200d-2640	案内する女: やや薄い肌色|ジェスチャー|やや薄い肌色|女|女性|案内|案内する女	woman tipping hand: medium-light skin tone|fetch|flick|flip|gossip|hand|medium-light skin tone|sarcasm|sarcastic|sassy|seriously|tipping|whatever|woman
1f481-1f3fd-200d-2640	案内する女: 中間の肌色|ジェスチャー|中間の肌色|女|女性|案内|案内する女	woman tipping hand: medium skin tone|fetch|flick|flip|gossip|hand|medium skin tone|sarcasm|sarcastic|sassy|seriously|tipping|whatever|woman
1f481-1f3fe-200d-2640	案内する女: やや濃い肌色|ジェスチャー|やや濃い肌色|女|女性|案内|案内する女	woman tipping hand: medium-dark skin tone|fetch|flick|flip|gossip|hand|medium-dark skin tone|sarcasm|sarcastic|sassy|seriously|tipping|whatever|woman
1f481-1f3ff-200d-2640	案内する女: 濃い肌色|ジェスチャー|女|女性|案内|案内する女|濃い肌色	woman tipping hand: dark skin tone|dark skin tone|fetch|flick|flip|gossip|hand|sarcasm|sarcastic|sassy|seriously|tipping|whatever|woman
1f64b	手を挙げる人|ジェスチャー|人|分かった|手|手を挙げる|挙手|質問	person raising hand|gesture|hand|here|know|me|person|pick|question|raise|raising
1f64b-1f3fb	手を挙げる人: 薄い肌色|ジェスチャー|人|分かった|手|手を挙げる|手を挙げる人|挙手|薄い肌色|質問	person raising hand: light skin tone|gesture|hand|here|know|light skin tone|me|person|pick|question|raise|raising
1f64b-1f3fc	手を挙げる人: やや薄い肌色|ジェスチャー|やや薄い肌色|人|分かった|手|手を挙げる|手を挙げる人|挙手|質問	person raising hand: medium-light skin tone|gesture|hand|here|know|me|medium-light skin tone|person|pick|question|raise|raising
1f64b-1f3fd	手を挙げる人: 中間の肌色|ジェスチャー|中間の肌色|人|分かった|手|手を挙げる|手を挙げる人|挙手|質問	person raising hand: medium skin tone|gesture|hand|here|know|me|medium skin tone|person|pick|question|raise|raising
1f64b-1f3fe	手を挙げる人: やや濃い肌色|ジェスチャー|やや濃い肌色|人|分かった|手|手を挙げる|手を挙げる人|挙手|質問	person raising hand: medium-dark skin tone|gesture|hand|here|know|me|medium-dark skin tone|person|pick|question|raise|raising
1f64b-1f3ff	手を挙げる人: 濃い肌色|ジェスチャー|人|分かった|手|手を挙げる|手を挙げる人|挙手|濃い肌色|質問	person raising hand: dark skin tone|dark skin tone|gesture|hand|here|know|me|person|pick|question|raise|raising
1f64b-200d-2642	手を挙げる男|手を挙げる|挙手|男|男性	man raising hand|gesture|hand|here|know|man|me|pick|question|raise|raising
1f64b-1f3fb-200d-2642	手を挙げる男: 薄い肌色|手を挙げる|手を挙げる男|挙手|男|男性|薄い肌色	man raising hand: light skin tone|gesture|hand|here|know|light skin tone|man|me|pick|question|raise|raising
1f64b-1f3fc-200d-2642	手を挙げる男: やや薄い肌色|やや薄い肌色|手を挙げる|手を挙げる男|挙手|男|男性	man raising hand: medium-light skin tone|gesture|hand|here|know|man|me|medium-light skin tone|pick|question|raise|raising
1f64b-1f3fd-200d-2642	手を挙げる男: 中間の肌色|中間の肌色|手を挙げる|手を挙げる男|挙手|男|男性	man raising hand: medium skin tone|gesture|hand|here|know|man|me|medium skin tone|pick|question|raise|raising
1f64b-1f3fe-200d-2642	手を挙げる男: やや濃い肌色|やや濃い肌色|手を挙げる|手を挙げる男|挙手|男|男性	man raising hand: medium-dark skin tone|gesture|hand|here|know|man|me|medium-dark skin tone|pick|question|raise|raising
1f64b-1f3ff-200d-2642	手を挙げる男: 濃い肌色|手を挙げる|手を挙げる男|挙手|濃い肌色|男|男性	man raising hand: dark skin tone|dark skin tone|gesture|hand|here|know|man|me|pick|question|raise|raising
1f64b-200d-2640	手を挙げる女|女|女性|手を挙げる|挙手	woman raising hand|gesture|hand|here|know|me|pick|question|raise|raising|woman
1f64b-1f3fb-200d-2640	手を挙げる女: 薄い肌色|女|女性|手を挙げる|手を挙げる女|挙手|薄い肌色	woman raising hand: light skin tone|gesture|hand|here|know|light skin tone|me|pick|question|raise|raising|woman
1f64b-1f3fc-200d-2640	手を挙げる女: やや薄い肌色|やや薄い肌色|女|女性|手を挙げる|手を挙げる女|挙手	woman raising hand: medium-light skin tone|gesture|hand|here|know|me|medium-light skin tone|pick|question|raise|raising|woman
1f64b-1f3fd-200d-2640	手を挙げる女: 中間の肌色|中間の肌色|女|女性|手を挙げる|手を挙げる女|挙手	woman raising hand: medium skin tone|gesture|hand|here|know|me|medium skin tone|pick|question|raise|raising|woman
1f64b-1f3fe-200d-2640	手を挙げる女: やや濃い肌色|やや濃い肌色|女|女性|手を挙げる|手を挙げる女|挙手	woman raising hand: medium-dark skin tone|gesture|hand|here|know|me|medium-dark skin tone|pick|question|raise|raising|woman
1f64b-1f3ff-200d-2640	手を挙げる女: 濃い肌色|女|女性|手を挙げる|手を挙げる女|挙手|濃い肌色	woman raising hand: dark skin tone|dark skin tone|gesture|hand|here|know|me|pick|question|raise|raising|woman
1f9cf	耳の不自由な人|アクセシビリティ|人|聞こえない|聴覚|障がい	deaf person|accessibility|deaf|ear|gesture|hear|person
1f9cf-1f3fb	耳の不自由な人: 薄い肌色|アクセシビリティ|人|耳の不自由な人|聞こえない|聴覚|薄い肌色|障がい	deaf person: light skin tone|accessibility|deaf|ear|gesture|hear|light skin tone|person
1f9cf-1f3fc	耳の不自由な人: やや薄い肌色|アクセシビリティ|やや薄い肌色|人|耳の不自由な人|聞こえない|聴覚|障がい	deaf person: medium-light skin tone|accessibility|deaf|ear|gesture|hear|medium-light skin tone|person
1f9cf-1f3fd	耳の不自由な人: 中間の肌色|アクセシビリティ|中間の肌色|人|耳の不自由な人|聞こえない|聴覚|障がい	deaf person: medium skin tone|accessibility|deaf|ear|gesture|hear|medium skin tone|person
1f9cf-1f3fe	耳の不自由な人: やや濃い肌色|アクセシビリティ|やや濃い肌色|人|耳の不自由な人|聞こえない|聴覚|障がい	deaf person: medium-dark skin tone|accessibility|deaf|ear|gesture|hear|medium-dark skin tone|person
1f9cf-1f3ff	耳の不自由な人: 濃い肌色|アクセシビリティ|人|濃い肌色|耳の不自由な人|聞こえない|聴覚|障がい	deaf person: dark skin tone|accessibility|dark skin tone|deaf|ear|gesture|hear|person
1f9cf-200d-2642	耳の不自由な男性|アクセシビリティ|男性|聴覚|障がい	deaf man|accessibility|deaf|ear|gesture|hear|man
1f9cf-1f3fb-200d-2642	耳の不自由な男性: 薄い肌色|アクセシビリティ|男性|耳の不自由な男性|聴覚|薄い肌色|障がい	deaf man: light skin tone|accessibility|deaf|ear|gesture|hear|light skin tone|man
1f9cf-1f3fc-200d-2642	耳の不自由な男性: やや薄い肌色|アクセシビリティ|やや薄い肌色|男性|耳の不自由な男性|聴覚|障がい	deaf man: medium-light skin tone|accessibility|deaf|ear|gesture|hear|man|medium-light skin tone
1f9cf-1f3fd-200d-2642	耳の不自由な男性: 中間の肌色|アクセシビリティ|中間の肌色|男性|耳の不自由な男性|聴覚|障がい	deaf man: medium skin tone|accessibility|deaf|ear|gesture|hear|man|medium skin tone
1f9cf-1f3fe-200d-2642	耳の不自由な男性: やや濃い肌色|アクセシビリティ|やや濃い肌色|男性|耳の不自由な男性|聴覚|障がい	deaf man: medium-dark skin tone|accessibility|deaf|ear|gesture|hear|man|medium-dark skin tone
1f9cf-1f3ff-200d-2642	耳の不自由な男性: 濃い肌色|アクセシビリティ|濃い肌色|男性|耳の不自由な男性|聴覚|障がい	deaf man: dark skin tone|accessibility|dark skin tone|deaf|ear|gesture|hear|man
1f9cf-200d-2640	耳の不自由な女性|アクセシビリティ|女性|聴覚|障がい	deaf woman|accessibility|deaf|ear|gesture|hear|woman
1f9cf-1f3fb-200d-2640	耳の不自由な女性: 薄い肌色|アクセシビリティ|女性|耳の不自由な女性|聴覚|薄い肌色|障がい	deaf woman: light skin tone|accessibility|deaf|ear|gesture|hear|light skin tone|woman
1f9cf-1f3fc-200d-2640	耳の不自由な女性: やや薄い肌色|アクセシビリティ|やや薄い肌色|女性|耳の不自由な女性|聴覚|障がい	deaf woman: medium-light skin tone|accessibility|deaf|ear|gesture|hear|medium-light skin tone|woman
1f9cf-1f3fd-200d-2640	耳の不自由な女性: 中間の肌色|アクセシビリティ|中間の肌色|女性|耳の不自由な女性|聴覚|障がい	deaf woman: medium skin tone|accessibility|deaf|ear|gesture|hear|medium skin tone|woman
1f9cf-1f3fe-200d-2640	耳の不自由な女性: やや濃い肌色|アクセシビリティ|やや濃い肌色|女性|耳の不自由な女性|聴覚|障がい	deaf woman: medium-dark skin tone|accessibility|deaf|ear|gesture|hear|medium-dark skin tone|woman
1f9cf-1f3ff-200d-2640	耳の不自由な女性: 濃い肌色|アクセシビリティ|女性|濃い肌色|耳の不自由な女性|聴覚|障がい	deaf woman: dark skin tone|accessibility|dark skin tone|deaf|ear|gesture|hear|woman
1f647	おじぎする人|おじぎ|お願い|ごめんなさい|ジェスチャー|土下座|許して|謝罪	person bowing|apology|ask|beg|bow|bowing|favor|forgive|gesture|meditate|meditation|person|pity|regret|sorry
1f647-1f3fb	おじぎする人: 薄い肌色|おじぎ|おじぎする人|お願い|ごめんなさい|ジェスチャー|土下座|薄い肌色|許して|謝罪	person bowing: light skin tone|apology|ask|beg|bow|bowing|favor|forgive|gesture|light skin tone|meditate|meditation|person|pity|regret|sorry
1f647-1f3fc	おじぎする人: やや薄い肌色|おじぎ|おじぎする人|お願い|ごめんなさい|ジェスチャー|やや薄い肌色|土下座|許して|謝罪	person bowing: medium-light skin tone|apology|ask|beg|bow|bowing|favor|forgive|gesture|meditate|meditation|medium-light skin tone|person|pity|regret|sorry
1f647-1f3fd	おじぎする人: 中間の肌色|おじぎ|おじぎする人|お願い|ごめんなさい|ジェスチャー|中間の肌色|土下座|許して|謝罪	person bowing: medium skin tone|apology|ask|beg|bow|bowing|favor|forgive|gesture|meditate|meditation|medium skin tone|person|pity|regret|sorry
1f647-1f3fe	おじぎする人: やや濃い肌色|おじぎ|おじぎする人|お願い|ごめんなさい|ジェスチャー|やや濃い肌色|土下座|許して|謝罪	person bowing: medium-dark skin tone|apology|ask|beg|bow|bowing|favor|forgive|gesture|meditate|meditation|medium-dark skin tone|person|pity|regret|sorry
1f647-1f3ff	おじぎする人: 濃い肌色|おじぎ|おじぎする人|お願い|ごめんなさい|ジェスチャー|土下座|濃い肌色|許して|謝罪	person bowing: dark skin tone|apology|ask|beg|bow|bowing|dark skin tone|favor|forgive|gesture|meditate|meditation|person|pity|regret|sorry
1f647-200d-2642	おじぎする男|おじぎ|ごめんなさい|土下座|男|男性	man bowing|apology|ask|beg|bow|bowing|favor|forgive|gesture|man|meditate|meditation|pity|regret|sorry
1f647-1f3fb-200d-2642	おじぎする男: 薄い肌色|おじぎ|おじぎする男|ごめんなさい|土下座|男|男性|薄い肌色	man bowing: light skin tone|apology|ask|beg|bow|bowing|favor|forgive|gesture|light skin tone|man|meditate|meditation|pity|regret|sorry
1f647-1f3fc-200d-2642	おじぎする男: やや薄い肌色|おじぎ|おじぎする男|ごめんなさい|やや薄い肌色|土下座|男|男性	man bowing: medium-light skin tone|apology|ask|beg|bow|bowing|favor|forgive|gesture|man|meditate|meditation|medium-light skin tone|pity|regret|sorry
1f647-1f3fd-200d-2642	おじぎする男: 中間の肌色|おじぎ|おじぎする男|ごめんなさい|中間の肌色|土下座|男|男性	man bowing: medium skin tone|apology|ask|beg|bow|bowing|favor|forgive|gesture|man|meditate|meditation|medium skin tone|pity|regret|sorry
1f647-1f3fe-200d-2642	おじぎする男: やや濃い肌色|おじぎ|おじぎする男|ごめんなさい|やや濃い肌色|土下座|男|男性	man bowing: medium-dark skin tone|apology|ask|beg|bow|bowing|favor|forgive|gesture|man|meditate|meditation|medium-dark skin tone|pity|regret|sorry
1f647-1f3ff-200d-2642	おじぎする男: 濃い肌色|おじぎ|おじぎする男|ごめんなさい|土下座|濃い肌色|男|男性	man bowing: dark skin tone|apology|ask|beg|bow|bowing|dark skin tone|favor|forgive|gesture|man|meditate|meditation|pity|regret|sorry
1f647-200d-2640	おじぎする女|おじぎ|ごめんなさい|土下座|女|女性	woman bowing|apology|ask|beg|bow|bowing|favor|forgive|gesture|meditate|meditation|pity|regret|sorry|woman
1f647-1f3fb-200d-2640	おじぎする女: 薄い肌色|おじぎ|おじぎする女|ごめんなさい|土下座|女|女性|薄い肌色	woman bowing: light skin tone|apology|ask|beg|bow|bowing|favor|forgive|gesture|light skin tone|meditate|meditation|pity|regret|sorry|woman
1f647-1f3fc-200d-2640	おじぎする女: やや薄い肌色|おじぎ|おじぎする女|ごめんなさい|やや薄い肌色|土下座|女|女性	woman bowing: medium-light skin tone|apology|ask|beg|bow|bowing|favor|forgive|gesture|meditate|meditation|medium-light skin tone|pity|regret|sorry|woman
1f647-1f3fd-200d-2640	おじぎする女: 中間の肌色|おじぎ|おじぎする女|ごめんなさい|中間の肌色|土下座|女|女性	woman bowing: medium skin tone|apology|ask|beg|bow|bowing|favor|forgive|gesture|meditate|meditation|medium skin tone|pity|regret|sorry|woman
1f647-1f3fe-200d-2640	おじぎする女: やや濃い肌色|おじぎ|おじぎする女|ごめんなさい|やや濃い肌色|土下座|女|女性	woman bowing: medium-dark skin tone|apology|ask|beg|bow|bowing|favor|forgive|gesture|meditate|meditation|medium-dark skin tone|pity|regret|sorry|woman
1f647-1f3ff-200d-2640	おじぎする女: 濃い肌色|おじぎ|おじぎする女|ごめんなさい|土下座|女|女性|濃い肌色	woman bowing: dark skin tone|apology|ask|beg|bow|bowing|dark skin tone|favor|forgive|gesture|meditate|meditation|pity|regret|sorry|woman
1f926	ひたいに手をあてる人|あちゃー|うそでしょ|ジェスチャー|ショック|ひたいに手|またか|人|信じられない	person facepalming|again|bewilder|disbelief|exasperation|facepalm|no|not|oh|omg|person|shock|smh
1f926-1f3fb	ひたいに手をあてる人: 薄い肌色|あちゃー|うそでしょ|ジェスチャー|ショック|ひたいに手|ひたいに手をあてる人|またか|人|信じられない|薄い肌色	person facepalming: light skin tone|again|bewilder|disbelief|exasperation|facepalm|light skin tone|no|not|oh|omg|person|shock|smh
1f926-1f3fc	ひたいに手をあてる人: やや薄い肌色|あちゃー|うそでしょ|ジェスチャー|ショック|ひたいに手|ひたいに手をあてる人|またか|やや薄い肌色|人|信じられない	person facepalming: medium-light skin tone|again|bewilder|disbelief|exasperation|facepalm|medium-light skin tone|no|not|oh|omg|person|shock|smh
1f926-1f3fd	ひたいに手をあてる人: 中間の肌色|あちゃー|うそでしょ|ジェスチャー|ショック|ひたいに手|ひたいに手をあてる人|またか|中間の肌色|人|信じられない	person facepalming: medium skin tone|again|bewilder|disbelief|exasperation|facepalm|medium skin tone|no|not|oh|omg|person|shock|smh
1f926-1f3fe	ひたいに手をあてる人: やや濃い肌色|あちゃー|うそでしょ|ジェスチャー|ショック|ひたいに手|ひたいに手をあてる人|またか|やや濃い肌色|人|信じられない	person facepalming: medium-dark skin tone|again|bewilder|disbelief|exasperation|facepalm|medium-dark skin tone|no|not|oh|omg|person|shock|smh
1f926-1f3ff	ひたいに手をあてる人: 濃い肌色|あちゃー|うそでしょ|ジェスチャー|ショック|ひたいに手|ひたいに手をあてる人|またか|人|信じられない|濃い肌色	person facepalming: dark skin tone|again|bewilder|dark skin tone|disbelief|exasperation|facepalm|no|not|oh|omg|person|shock|smh
1f926-200d-2642	ひたいに手をあてる男|あちゃー|うそでしょ|ジェスチャー|ショック|ひたいに手|またか|信じられない|男|男性	man facepalming|again|bewilder|disbelief|exasperation|facepalm|man|no|not|oh|omg|shock|smh
1f926-1f3fb-200d-2642	ひたいに手をあてる男: 薄い肌色|あちゃー|うそでしょ|ジェスチャー|ショック|ひたいに手|ひたいに手をあてる男|またか|信じられない|男|男性|薄い肌色	man facepalming: light skin tone|again|bewilder|disbelief|exasperation|facepalm|light skin tone|man|no|not|oh|omg|shock|smh
1f926-1f3fc-200d-2642	ひたいに手をあてる男: やや薄い肌色|あちゃー|うそでしょ|ジェスチャー|ショック|ひたいに手|ひたいに手をあてる男|またか|やや薄い肌色|信じられない|男|男性	man facepalming: medium-light skin tone|again|bewilder|disbelief|exasperation|facepalm|man|medium-light skin tone|no|not|oh|omg|shock|smh
1f926-1f3fd-200d-2642	ひたいに手をあてる男: 中間の肌色|あちゃー|うそでしょ|ジェスチャー|ショック|ひたいに手|ひたいに手をあてる男|またか|中間の肌色|信じられない|男|男性	man facepalming: medium skin tone|again|bewilder|disbelief|exasperation|facepalm|man|medium skin tone|no|not|oh|omg|shock|smh
1f926-1f3fe-200d-2642	ひたいに手をあてる男: やや濃い肌色|あちゃー|うそでしょ|ジェスチャー|ショック|ひたいに手|ひたいに手をあてる男|またか|やや濃い肌色|信じられない|男|男性	man facepalming: medium-dark skin tone|again|bewilder|disbelief|exasperation|facepalm|man|medium-dark skin tone|no|not|oh|omg|shock|smh
1f926-1f3ff-200d-2642	ひたいに手をあてる男: 濃い肌色|あちゃー|うそでしょ|ジェスチャー|ショック|ひたいに手|ひたいに手をあてる男|またか|信じられない|濃い肌色|男|男性	man facepalming: dark skin tone|again|bewilder|dark skin tone|disbelief|exasperation|facepalm|man|no|not|oh|omg|shock|smh
1f926-200d-2640	ひたいに手をあてる女|あちゃー|うそでしょ|ジェスチャー|ショック|ひたいに手|またか|信じられない|女|女性	woman facepalming|again|bewilder|disbelief|exasperation|facepalm|no|not|oh|omg|shock|smh|woman
1f926-1f3fb-200d-2640	ひたいに手をあてる女: 薄い肌色|あちゃー|うそでしょ|ジェスチャー|ショック|ひたいに手|ひたいに手をあてる女|またか|信じられない|女|女性|薄い肌色	woman facepalming: light skin tone|again|bewilder|disbelief|exasperation|facepalm|light skin tone|no|not|oh|omg|shock|smh|woman
1f926-1f3fc-200d-2640	ひたいに手をあてる女: やや薄い肌色|あちゃー|うそでしょ|ジェスチャー|ショック|ひたいに手|ひたいに手をあてる女|またか|やや薄い肌色|信じられない|女|女性	woman facepalming: medium-light skin tone|again|bewilder|disbelief|exasperation|facepalm|medium-light skin tone|no|not|oh|omg|shock|smh|woman
1f926-1f3fd-200d-2640	ひたいに手をあてる女: 中間の肌色|あちゃー|うそでしょ|ジェスチャー|ショック|ひたいに手|ひたいに手をあてる女|またか|中間の肌色|信じられない|女|女性	woman facepalming: medium skin tone|again|bewilder|disbelief|exasperation|facepalm|medium skin tone|no|not|oh|omg|shock|smh|woman
1f926-1f3fe-200d-2640	ひたいに手をあてる女: やや濃い肌色|あちゃー|うそでしょ|ジェスチャー|ショック|ひたいに手|ひたいに手をあてる女|またか|やや濃い肌色|信じられない|女|女性	woman facepalming: medium-dark skin tone|again|bewilder|disbelief|exasperation|facepalm|medium-dark skin tone|no|not|oh|omg|shock|smh|woman
1f926-1f3ff-200d-2640	ひたいに手をあてる女: 濃い肌色|あちゃー|うそでしょ|ジェスチャー|ショック|ひたいに手|ひたいに手をあてる女|またか|信じられない|女|女性|濃い肌色	woman facepalming: dark skin tone|again|bewilder|dark skin tone|disbelief|exasperation|facepalm|no|not|oh|omg|shock|smh|woman
1f937	お手上げする人|お手上げ|さあね|ジェスチャー|わかりません|人|多分ね|知らない|肩をすくめる	person shrugging|doubt|dunno|guess|idk|ignorance|indifference|knows|maybe|person|shrug|shrugging|whatever|who
1f937-1f3fb	お手上げする人: 薄い肌色|お手上げ|お手上げする人|さあね|ジェスチャー|わかりません|人|多分ね|知らない|肩をすくめる|薄い肌色	person shrugging: light skin tone|doubt|dunno|guess|idk|ignorance|indifference|knows|light skin tone|maybe|person|shrug|shrugging|whatever|who
1f937-1f3fc	お手上げする人: やや薄い肌色|お手上げ|お手上げする人|さあね|ジェスチャー|やや薄い肌色|わかりません|人|多分ね|知らない|肩をすくめる	person shrugging: medium-light skin tone|doubt|dunno|guess|idk|ignorance|indifference|knows|maybe|medium-light skin tone|person|shrug|shrugging|whatever|who
1f937-1f3fd	お手上げする人: 中間の肌色|お手上げ|お手上げする人|さあね|ジェスチャー|わかりません|中間の肌色|人|多分ね|知らない|肩をすくめる	person shrugging: medium skin tone|doubt|dunno|guess|idk|ignorance|indifference|knows|maybe|medium skin tone|person|shrug|shrugging|whatever|who
1f937-1f3fe	お手上げする人: やや濃い肌色|お手上げ|お手上げする人|さあね|ジェスチャー|やや濃い肌色|わかりません|人|多分ね|知らない|肩をすくめる	person shrugging: medium-dark skin tone|doubt|dunno|guess|idk|ignorance|indifference|knows|maybe|medium-dark skin tone|person|shrug|shrugging|whatever|who
1f937-1f3ff	お手上げする人: 濃い肌色|お手上げ|お手上げする人|さあね|ジェスチャー|わかりません|人|多分ね|濃い肌色|知らない|肩をすくめる	person shrugging: dark skin tone|dark skin tone|doubt|dunno|guess|idk|ignorance|indifference|knows|maybe|person|shrug|shrugging|whatever|who
1f937-200d-2642	お手上げする男|お手上げ|さあね|ジェスチャー|わかりません|多分ね|男|男性|知らない|肩をすくめる	man shrugging|doubt|dunno|guess|idk|ignorance|indifference|knows|man|maybe|shrug|shrugging|whatever|who
1f937-1f3fb-200d-2642	お手上げする男: 薄い肌色|お手上げ|お手上げする男|さあね|ジェスチャー|わかりません|多分ね|男|男性|知らない|肩をすくめる|薄い肌色	man shrugging: light skin tone|doubt|dunno|guess|idk|ignorance|indifference|knows|light skin tone|man|maybe|shrug|shrugging|whatever|who
1f937-1f3fc-200d-2642	お手上げする男: やや薄い肌色|お手上げ|お手上げする男|さあね|ジェスチャー|やや薄い肌色|わかりません|多分ね|男|男性|知らない|肩をすくめる	man shrugging: medium-light skin tone|doubt|dunno|guess|idk|ignorance|indifference|knows|man|maybe|medium-light skin tone|shrug|shrugging|whatever|who
1f937-1f3fd-200d-2642	お手上げする男: 中間の肌色|お手上げ|お手上げする男|さあね|ジェスチャー|わかりません|中間の肌色|多分ね|男|男性|知らない|肩をすくめる	man shrugging: medium skin tone|doubt|dunno|guess|idk|ignorance|indifference|knows|man|maybe|medium skin tone|shrug|shrugging|whatever|who
1f937-1f3fe-200d-2642	お手上げする男: やや濃い肌色|お手上げ|お手上げする男|さあね|ジェスチャー|やや濃い肌色|わかりません|多分ね|男|男性|知らない|肩をすくめる	man shrugging: medium-dark skin tone|doubt|dunno|guess|idk|ignorance|indifference|knows|man|maybe|medium-dark skin tone|shrug|shrugging|whatever|who
1f937-1f3ff-200d-2642	お手上げする男: 濃い肌色|お手上げ|お手上げする男|さあね|ジェスチャー|わかりません|多分ね|濃い肌色|男|男性|知らない|肩をすくめる	man shrugging: dark skin tone|dark skin tone|doubt|dunno|guess|idk|ignorance|indifference|knows|man|maybe|shrug|shrugging|whatever|who
1f937-200d-2640	お手上げする女|お手上げ|さあね|ジェスチャー|わかりません|多分ね|女|女性|知らない|肩をすくめる	woman shrugging|doubt|dunno|guess|idk|ignorance|indifference|knows|maybe|shrug|shrugging|whatever|who|woman
1f937-1f3fb-200d-2640	お手上げする女: 薄い肌色|お手上げ|お手上げする女|さあね|ジェスチャー|わかりません|多分ね|女|女性|知らない|肩をすくめる|薄い肌色	woman shrugging: light skin tone|doubt|dunno|guess|idk|ignorance|indifference|knows|light skin tone|maybe|shrug|shrugging|whatever|who|woman
1f937-1f3fc-200d-2640	お手上げする女: やや薄い肌色|お手上げ|お手上げする女|さあね|ジェスチャー|やや薄い肌色|わかりません|多分ね|女|女性|知らない|肩をすくめる	woman shrugging: medium-light skin tone|doubt|dunno|guess|idk|ignorance|indifference|knows|maybe|medium-light skin tone|shrug|shrugging|whatever|who|woman
1f937-1f3fd-200d-2640	お手上げする女: 中間の肌色|お手上げ|お手上げする女|さあね|ジェスチャー|わかりません|中間の肌色|多分ね|女|女性|知らない|肩をすくめる	woman shrugging: medium skin tone|doubt|dunno|guess|idk|ignorance|indifference|knows|maybe|medium skin tone|shrug|shrugging|whatever|who|woman
1f937-1f3fe-200d-2640	お手上げする女: やや濃い肌色|お手上げ|お手上げする女|さあね|ジェスチャー|やや濃い肌色|わかりません|多分ね|女|女性|知らない|肩をすくめる	woman shrugging: medium-dark skin tone|doubt|dunno|guess|idk|ignorance|indifference|knows|maybe|medium-dark skin tone|shrug|shrugging|whatever|who|woman
1f937-1f3ff-200d-2640	お手上げする女: 濃い肌色|お手上げ|お手上げする女|さあね|ジェスチャー|わかりません|多分ね|女|女性|濃い肌色|知らない|肩をすくめる	woman shrugging: dark skin tone|dark skin tone|doubt|dunno|guess|idk|ignorance|indifference|knows|maybe|shrug|shrugging|whatever|who|woman
1f9d1-200d-2695	医者|セラピスト|医師	health worker|doctor|health|healthcare|nurse|therapist|worker
1f9d1-1f3fb-200d-2695	医者: 薄い肌色|セラピスト|医師|医者|薄い肌色	health worker: light skin tone|doctor|health|healthcare|light skin tone|nurse|therapist|worker
1f9d1-1f3fc-200d-2695	医者: やや薄い肌色|セラピスト|やや薄い肌色|医師|医者	health worker: medium-light skin tone|doctor|health|healthcare|medium-light skin tone|nurse|therapist|worker
1f9d1-1f3fd-200d-2695	医者: 中間の肌色|セラピスト|中間の肌色|医師|医者	health worker: medium skin tone|doctor|health|healthcare|medium skin tone|nurse|therapist|worker
1f9d1-1f3fe-200d-2695	医者: やや濃い肌色|セラピスト|やや濃い肌色|医師|医者	health worker: medium-dark skin tone|doctor|health|healthcare|medium-dark skin tone|nurse|therapist|worker
1f9d1-1f3ff-200d-2695	医者: 濃い肌色|セラピスト|医師|医者|濃い肌色	health worker: dark skin tone|dark skin tone|doctor|health|healthcare|nurse|therapist|worker
1f468-200d-2695	男性の医者|セラピスト|ドクター|医師|医者|男|男性	man health worker|doctor|health|healthcare|man|nurse|therapist|worker
1f468-1f3fb-200d-2695	男性の医者: 薄い肌色|セラピスト|ドクター|医師|医者|男|男性|男性の医者|薄い肌色	man health worker: light skin tone|doctor|health|healthcare|light skin tone|man|nurse|therapist|worker
1f468-1f3fc-200d-2695	男性の医者: やや薄い肌色|セラピスト|ドクター|やや薄い肌色|医師|医者|男|男性|男性の医者	man health worker: medium-light skin tone|doctor|health|healthcare|man|medium-light skin tone|nurse|therapist|worker
1f468-1f3fd-200d-2695	男性の医者: 中間の肌色|セラピスト|ドクター|中間の肌色|医師|医者|男|男性|男性の医者	man health worker: medium skin tone|doctor|health|healthcare|man|medium skin tone|nurse|therapist|worker
1f468-1f3fe-200d-2695	男性の医者: やや濃い肌色|セラピスト|ドクター|やや濃い肌色|医師|医者|男|男性|男性の医者	man health worker: medium-dark skin tone|doctor|health|healthcare|man|medium-dark skin tone|nurse|therapist|worker
1f468-1f3ff-200d-2695	男性の医者: 濃い肌色|セラピスト|ドクター|医師|医者|濃い肌色|男|男性|男性の医者	man health worker: dark skin tone|dark skin tone|doctor|health|healthcare|man|nurse|therapist|worker
1f469-200d-2695	女性の医者|セラピスト|ドクター|医師|医者|女|女医|女性	woman health worker|doctor|health|healthcare|nurse|therapist|woman|worker
1f469-1f3fb-200d-2695	女性の医者: 薄い肌色|セラピスト|ドクター|医師|医者|女|女医|女性|女性の医者|薄い肌色	woman health worker: light skin tone|doctor|health|healthcare|light skin tone|nurse|therapist|woman|worker
1f469-1f3fc-200d-2695	女性の医者: やや薄い肌色|セラピスト|ドクター|やや薄い肌色|医師|医者|女|女医|女性|女性の医者	woman health worker: medium-light skin tone|doctor|health|healthcare|medium-light skin tone|nurse|therapist|woman|worker
1f469-1f3fd-200d-2695	女性の医者: 中間の肌色|セラピスト|ドクター|中間の肌色|医師|医者|女|女医|女性|女性の医者	woman health worker: medium skin tone|doctor|health|healthcare|medium skin tone|nurse|therapist|woman|worker
1f469-1f3fe-200d-2695	女性の医者: やや濃い肌色|セラピスト|ドクター|やや濃い肌色|医師|医者|女|女医|女性|女性の医者	woman health worker: medium-dark skin tone|doctor|health|healthcare|medium-dark skin tone|nurse|therapist|woman|worker
1f469-1f3ff-200d-2695	女性の医者: 濃い肌色|セラピスト|ドクター|医師|医者|女|女医|女性|女性の医者|濃い肌色	woman health worker: dark skin tone|dark skin tone|doctor|health|healthcare|nurse|therapist|woman|worker
1f9d1-200d-1f393	学生|卒業|角帽	student|graduate
1f9d1-1f3fb-200d-1f393	学生: 薄い肌色|卒業|学生|薄い肌色|角帽	student: light skin tone|graduate|light skin tone|student
1f9d1-1f3fc-200d-1f393	学生: やや薄い肌色|やや薄い肌色|卒業|学生|角帽	student: medium-light skin tone|graduate|medium-light skin tone|student
1f9d1-1f3fd-200d-1f393	学生: 中間の肌色|中間の肌色|卒業|学生|角帽	student: medium skin tone|graduate|medium skin tone|student
1f9d1-1f3fe-200d-1f393	学生: やや濃い肌色|やや濃い肌色|卒業|学生|角帽	student: medium-dark skin tone|graduate|medium-dark skin tone|student
1f9d1-1f3ff-200d-1f393	学生: 濃い肌色|卒業|学生|濃い肌色|角帽	student: dark skin tone|dark skin tone|graduate|student
1f468-200d-1f393	男子学生|卒業|学生|男|男性|角帽	man student|graduate|man|student
1f468-1f3fb-200d-1f393	男子学生: 薄い肌色|卒業|学生|男|男子学生|男性|薄い肌色|角帽	man student: light skin tone|graduate|light skin tone|man|student
1f468-1f3fc-200d-1f393	男子学生: やや薄い肌色|やや薄い肌色|卒業|学生|男|男子学生|男性|角帽	man student: medium-light skin tone|graduate|man|medium-light skin tone|student
1f468-1f3fd-200d-1f393	男子学生: 中間の肌色|中間の肌色|卒業|学生|男|男子学生|男性|角帽	man student: medium skin tone|graduate|man|medium skin tone|student
1f468-1f3fe-200d-1f393	男子学生: やや濃い肌色|やや濃い肌色|卒業|学生|男|男子学生|男性|角帽	man student: medium-dark skin tone|graduate|man|medium-dark skin tone|student
1f468-1f3ff-200d-1f393	男子学生: 濃い肌色|卒業|学生|濃い肌色|男|男子学生|男性|角帽	man student: dark skin tone|dark skin tone|graduate|man|student
1f469-200d-1f393	女子学生|卒業|女|女性|学生|角帽	woman student|graduate|student|woman
1f469-1f3fb-200d-1f393	女子学生: 薄い肌色|卒業|女|女子学生|女性|学生|薄い肌色|角帽	woman student: light skin tone|graduate|light skin tone|student|woman
1f469-1f3fc-200d-1f393	女子学生: やや薄い肌色|やや薄い肌色|卒業|女|女子学生|女性|学生|角帽	woman student: medium-light skin tone|graduate|medium-light skin tone|student|woman
1f469-1f3fd-200d-1f393	女子学生: 中間の肌色|中間の肌色|卒業|女|女子学生|女性|学生|角帽	woman student: medium skin tone|graduate|medium skin tone|student|woman
1f469-1f3fe-200d-1f393	女子学生: やや濃い肌色|やや濃い肌色|卒業|女|女子学生|女性|学生|角帽	woman student: medium-dark skin tone|graduate|medium-dark skin tone|student|woman
1f469-1f3ff-200d-1f393	女子学生: 濃い肌色|卒業|女|女子学生|女性|学生|濃い肌色|角帽	woman student: dark skin tone|dark skin tone|graduate|student|woman
1f9d1-200d-1f3eb	教師|先生|担任|教授|講師	teacher|instructor|lecturer|professor
1f9d1-1f3fb-200d-1f3eb	教師: 薄い肌色|先生|担任|教師|教授|薄い肌色|講師	teacher: light skin tone|instructor|lecturer|light skin tone|professor|teacher
1f9d1-1f3fc-200d-1f3eb	教師: やや薄い肌色|やや薄い肌色|先生|担任|教師|教授|講師	teacher: medium-light skin tone|instructor|lecturer|medium-light skin tone|professor|teacher
1f9d1-1f3fd-200d-1f3eb	教師: 中間の肌色|中間の肌色|先生|担任|教師|教授|講師	teacher: medium skin tone|instructor|lecturer|medium skin tone|professor|teacher
1f9d1-1f3fe-200d-1f3eb	教師: やや濃い肌色|やや濃い肌色|先生|担任|教師|教授|講師	teacher: medium-dark skin tone|instructor|lecturer|medium-dark skin tone|professor|teacher
1f9d1-1f3ff-200d-1f3eb	教師: 濃い肌色|先生|担任|教師|教授|濃い肌色|講師	teacher: dark skin tone|dark skin tone|instructor|lecturer|professor|teacher
1f468-200d-1f3eb	男性の教師|先生|教師|教授|男|男性|講師	man teacher|instructor|lecturer|man|professor|teacher
1f468-1f3fb-200d-1f3eb	男性の教師: 薄い肌色|先生|教師|教授|男|男性|男性の教師|薄い肌色|講師	man teacher: light skin tone|instructor|lecturer|light skin tone|man|professor|teacher
1f468-1f3fc-200d-1f3eb	男性の教師: やや薄い肌色|やや薄い肌色|先生|教師|教授|男|男性|男性の教師|講師	man teacher: medium-light skin tone|instructor|lecturer|man|medium-light skin tone|professor|teacher
1f468-1f3fd-200d-1f3eb	男性の教師: 中間の肌色|中間の肌色|先生|教師|教授|男|男性|男性の教師|講師	man teacher: medium skin tone|instructor|lecturer|man|medium skin tone|professor|teacher
1f468-1f3fe-200d-1f3eb	男性の教師: やや濃い肌色|やや濃い肌色|先生|教師|教授|男|男性|男性の教師|講師	man teacher: medium-dark skin tone|instructor|lecturer|man|medium-dark skin tone|professor|teacher
1f468-1f3ff-200d-1f3eb	男性の教師: 濃い肌色|先生|教師|教授|濃い肌色|男|男性|男性の教師|講師	man teacher: dark skin tone|dark skin tone|instructor|lecturer|man|professor|teacher
1f469-200d-1f3eb	女性の教師|先生|女|女性|教師|教授|講師	woman teacher|instructor|lecturer|professor|teacher|woman
1f469-1f3fb-200d-1f3eb	女性の教師: 薄い肌色|先生|女|女性|女性の教師|教師|教授|薄い肌色|講師	woman teacher: light skin tone|instructor|lecturer|light skin tone|professor|teacher|woman
1f469-1f3fc-200d-1f3eb	女性の教師: やや薄い肌色|やや薄い肌色|先生|女|女性|女性の教師|教師|教授|講師	woman teacher: medium-light skin tone|instructor|lecturer|medium-light skin tone|professor|teacher|woman
1f469-1f3fd-200d-1f3eb	女性の教師: 中間の肌色|中間の肌色|先生|女|女性|女性の教師|教師|教授|講師	woman teacher: medium skin tone|instructor|lecturer|medium skin tone|professor|teacher|woman
1f469-1f3fe-200d-1f3eb	女性の教師: やや濃い肌色|やや濃い肌色|先生|女|女性|女性の教師|教師|教授|講師	woman teacher: medium-dark skin tone|instructor|lecturer|medium-dark skin tone|professor|teacher|woman
1f469-1f3ff-200d-1f3eb	女性の教師: 濃い肌色|先生|女|女性|女性の教師|教師|教授|濃い肌色|講師	woman teacher: dark skin tone|dark skin tone|instructor|lecturer|professor|teacher|woman
1f9d1-200d-2696	裁判官|裁判	judge|justice|law|scales
1f9d1-1f3fb-200d-2696	裁判官: 薄い肌色|薄い肌色|裁判|裁判官	judge: light skin tone|judge|justice|law|light skin tone|scales
1f9d1-1f3fc-200d-2696	裁判官: やや薄い肌色|やや薄い肌色|裁判|裁判官	judge: medium-light skin tone|judge|justice|law|medium-light skin tone|scales
1f9d1-1f3fd-200d-2696	裁判官: 中間の肌色|中間の肌色|裁判|裁判官	judge: medium skin tone|judge|justice|law|medium skin tone|scales
1f9d1-1f3fe-200d-2696	裁判官: やや濃い肌色|やや濃い肌色|裁判|裁判官	judge: medium-dark skin tone|judge|justice|law|medium-dark skin tone|scales
1f9d1-1f3ff-200d-2696	裁判官: 濃い肌色|濃い肌色|裁判|裁判官	judge: dark skin tone|dark skin tone|judge|justice|law|scales
1f468-200d-2696	男性の裁判官|男|男性|裁判|裁判官	man judge|judge|justice|law|man|scales
1f468-1f3fb-200d-2696	男性の裁判官: 薄い肌色|男|男性|男性の裁判官|薄い肌色|裁判|裁判官	man judge: light skin tone|judge|justice|law|light skin tone|man|scales
1f468-1f3fc-200d-2696	男性の裁判官: やや薄い肌色|やや薄い肌色|男|男性|男性の裁判官|裁判|裁判官	man judge: medium-light skin tone|judge|justice|law|man|medium-light skin tone|scales
1f468-1f3fd-200d-2696	男性の裁判官: 中間の肌色|中間の肌色|男|男性|男性の裁判官|裁判|裁判官	man judge: medium skin tone|judge|justice|law|man|medium skin tone|scales
1f468-1f3fe-200d-2696	男性の裁判官: やや濃い肌色|やや濃い肌色|男|男性|男性の裁判官|裁判|裁判官	man judge: medium-dark skin tone|judge|justice|law|man|medium-dark skin tone|scales
1f468-1f3ff-200d-2696	男性の裁判官: 濃い肌色|濃い肌色|男|男性|男性の裁判官|裁判|裁判官	man judge: dark skin tone|dark skin tone|judge|justice|law|man|scales
1f469-200d-2696	女性の裁判官|女|女性|裁判|裁判官	woman judge|judge|justice|law|scales|woman
1f469-1f3fb-200d-2696	女性の裁判官: 薄い肌色|女|女性|女性の裁判官|薄い肌色|裁判|裁判官	woman judge: light skin tone|judge|justice|law|light skin tone|scales|woman
1f469-1f3fc-200d-2696	女性の裁判官: やや薄い肌色|やや薄い肌色|女|女性|女性の裁判官|裁判|裁判官	woman judge: medium-light skin tone|judge|justice|law|medium-light skin tone|scales|woman
1f469-1f3fd-200d-2696	女性の裁判官: 中間の肌色|中間の肌色|女|女性|女性の裁判官|裁判|裁判官	woman judge: medium skin tone|judge|justice|law|medium skin tone|scales|woman
1f469-1f3fe-200d-2696	女性の裁判官: やや濃い肌色|やや濃い肌色|女|女性|女性の裁判官|裁判|裁判官	woman judge: medium-dark skin tone|judge|justice|law|medium-dark skin tone|scales|woman
1f469-1f3ff-200d-2696	女性の裁判官: 濃い肌色|女|女性|女性の裁判官|濃い肌色|裁判|裁判官	woman judge: dark skin tone|dark skin tone|judge|justice|law|scales|woman
1f9d1-200d-1f33e	農家|ガーデナー|農場主|農業	farmer|gardener|rancher
1f9d1-1f3fb-200d-1f33e	農家: 薄い肌色|ガーデナー|薄い肌色|農場主|農家|農業	farmer: light skin tone|farmer|gardener|light skin tone|rancher
1f9d1-1f3fc-200d-1f33e	農家: やや薄い肌色|ガーデナー|やや薄い肌色|農場主|農家|農業	farmer: medium-light skin tone|farmer|gardener|medium-light skin tone|rancher
1f9d1-1f3fd-200d-1f33e	農家: 中間の肌色|ガーデナー|中間の肌色|農場主|農家|農業	farmer: medium skin tone|farmer|gardener|medium skin tone|rancher
1f9d1-1f3fe-200d-1f33e	農家: やや濃い肌色|ガーデナー|やや濃い肌色|農場主|農家|農業	farmer: medium-dark skin tone|farmer|gardener|medium-dark skin tone|rancher
1f9d1-1f3ff-200d-1f33e	農家: 濃い肌色|ガーデナー|濃い肌色|農場主|農家|農業	farmer: dark skin tone|dark skin tone|farmer|gardener|rancher
1f468-200d-1f33e	農家の男性|男|男性|農夫|農家	man farmer|farmer|gardener|man|rancher
1f468-1f3fb-200d-1f33e	農家の男性: 薄い肌色|男|男性|薄い肌色|農夫|農家|農家の男性	man farmer: light skin tone|farmer|gardener|light skin tone|man|rancher
1f468-1f3fc-200d-1f33e	農家の男性: やや薄い肌色|やや薄い肌色|男|男性|農夫|農家|農家の男性	man farmer: medium-light skin tone|farmer|gardener|man|medium-light skin tone|rancher
1f468-1f3fd-200d-1f33e	農家の男性: 中間の肌色|中間の肌色|男|男性|農夫|農家|農家の男性	man farmer: medium skin tone|farmer|gardener|man|medium skin tone|rancher
1f468-1f3fe-200d-1f33e	農家の男性: やや濃い肌色|やや濃い肌色|男|男性|農夫|農家|農家の男性	man farmer: medium-dark skin tone|farmer|gardener|man|medium-dark skin tone|rancher
1f468-1f3ff-200d-1f33e	農家の男性: 濃い肌色|濃い肌色|男|男性|農夫|農家|農家の男性	man farmer: dark skin tone|dark skin tone|farmer|gardener|man|rancher
1f469-200d-1f33e	農家の女性|女|女性|農家	woman farmer|farmer|gardener|rancher|woman
1f469-1f3fb-200d-1f33e	農家の女性: 薄い肌色|女|女性|薄い肌色|農家|農家の女性	woman farmer: light skin tone|farmer|gardener|light skin tone|rancher|woman
1f469-1f3fc-200d-1f33e	農家の女性: やや薄い肌色|やや薄い肌色|女|女性|農家|農家の女性	woman farmer: medium-light skin tone|farmer|gardener|medium-light skin tone|rancher|woman
1f469-1f3fd-200d-1f33e	農家の女性: 中間の肌色|中間の肌色|女|女性|農家|農家の女性	woman farmer: medium skin tone|farmer|gardener|medium skin tone|rancher|woman
1f469-1f3fe-200d-1f33e	農家の女性: やや濃い肌色|やや濃い肌色|女|女性|農家|農家の女性	woman farmer: medium-dark skin tone|farmer|gardener|medium-dark skin tone|rancher|woman
1f469-1f3ff-200d-1f33e	農家の女性: 濃い肌色|女|女性|濃い肌色|農家|農家の女性	woman farmer: dark skin tone|dark skin tone|farmer|gardener|rancher|woman
1f9d1-200d-1f373	コック|シェフ|料理	cook|chef
1f9d1-1f3fb-200d-1f373	コック: 薄い肌色|コック|シェフ|料理|薄い肌色	cook: light skin tone|chef|cook|light skin tone
1f9d1-1f3fc-200d-1f373	コック: やや薄い肌色|コック|シェフ|やや薄い肌色|料理	cook: medium-light skin tone|chef|cook|medium-light skin tone
1f9d1-1f3fd-200d-1f373	コック: 中間の肌色|コック|シェフ|中間の肌色|料理	cook: medium skin tone|chef|cook|medium skin tone
1f9d1-1f3fe-200d-1f373	コック: やや濃い肌色|コック|シェフ|やや濃い肌色|料理	cook: medium-dark skin tone|chef|cook|medium-dark skin tone
1f9d1-1f3ff-200d-1f373	コック: 濃い肌色|コック|シェフ|料理|濃い肌色	cook: dark skin tone|chef|cook|dark skin tone
1f468-200d-1f373	男性のコック|コック|シェフ|料理|料理人|男|男性	man cook|chef|cook|man
1f468-1f3fb-200d-1f373	男性のコック: 薄い肌色|コック|シェフ|料理|料理人|男|男性|男性のコック|薄い肌色	man cook: light skin tone|chef|cook|light skin tone|man
1f468-1f3fc-200d-1f373	男性のコック: やや薄い肌色|コック|シェフ|やや薄い肌色|料理|料理人|男|男性|男性のコック	man cook: medium-light skin tone|chef|cook|man|medium-light skin tone
1f468-1f3fd-200d-1f373	男性のコック: 中間の肌色|コック|シェフ|中間の肌色|料理|料理人|男|男性|男性のコック	man cook: medium skin tone|chef|cook|man|medium skin tone
1f468-1f3fe-200d-1f373	男性のコック: やや濃い肌色|コック|シェフ|やや濃い肌色|料理|料理人|男|男性|男性のコック	man cook: medium-dark skin tone|chef|cook|man|medium-dark skin tone
1f468-1f3ff-200d-1f373	男性のコック: 濃い肌色|コック|シェフ|料理|料理人|濃い肌色|男|男性|男性のコック	man cook: dark skin tone|chef|cook|dark skin tone|man
1f469-200d-1f373	女性のコック|コック|シェフ|女|女性|料理|料理人	woman cook|chef|cook|woman
1f469-1f3fb-200d-1f373	女性のコック: 薄い肌色|コック|シェフ|女|女性|女性のコック|料理|料理人|薄い肌色	woman cook: light skin tone|chef|cook|light skin tone|woman
1f469-1f3fc-200d-1f373	女性のコック: やや薄い肌色|コック|シェフ|やや薄い肌色|女|女性|女性のコック|料理|料理人	woman cook: medium-light skin tone|chef|cook|medium-light skin tone|woman
1f469-1f3fd-200d-1f373	女性のコック: 中間の肌色|コック|シェフ|中間の肌色|女|女性|女性のコック|料理|料理人	woman cook: medium skin tone|chef|cook|medium skin tone|woman
1f469-1f3fe-200d-1f373	女性のコック: やや濃い肌色|コック|シェフ|やや濃い肌色|女|女性|女性のコック|料理|料理人	woman cook: medium-dark skin tone|chef|cook|medium-dark skin tone|woman
1f469-1f3ff-200d-1f373	女性のコック: 濃い肌色|コック|シェフ|女|女性|女性のコック|料理|料理人|濃い肌色	woman cook: dark skin tone|chef|cook|dark skin tone|woman
1f9d1-200d-1f527	整備士|スパナ|メカニック|作業員|工作	mechanic|electrician|plumber|tradesperson
1f9d1-1f3fb-200d-1f527	整備士: 薄い肌色|スパナ|メカニック|作業員|工作|整備士|薄い肌色	mechanic: light skin tone|electrician|light skin tone|mechanic|plumber|tradesperson
1f9d1-1f3fc-200d-1f527	整備士: やや薄い肌色|スパナ|メカニック|やや薄い肌色|作業員|工作|整備士	mechanic: medium-light skin tone|electrician|mechanic|medium-light skin tone|plumber|tradesperson
1f9d1-1f3fd-200d-1f527	整備士: 中間の肌色|スパナ|メカニック|中間の肌色|作業員|工作|整備士	mechanic: medium skin tone|electrician|mechanic|medium skin tone|plumber|tradesperson
1f9d1-1f3fe-200d-1f527	整備士: やや濃い肌色|スパナ|メカニック|やや濃い肌色|作業員|工作|整備士	mechanic: medium-dark skin tone|electrician|mechanic|medium-dark skin tone|plumber|tradesperson
1f9d1-1f3ff-200d-1f527	整備士: 濃い肌色|スパナ|メカニック|作業員|工作|整備士|濃い肌色	mechanic: dark skin tone|dark skin tone|electrician|mechanic|plumber|tradesperson
1f468-200d-1f527	男性の整備士|スパナ|メカニック|工作|男|男性|配管工|電気工	man mechanic|electrician|man|mechanic|plumber|tradesperson
1f468-1f3fb-200d-1f527	男性の整備士: 薄い肌色|スパナ|メカニック|工作|男|男性|男性の整備士|薄い肌色|配管工|電気工	man mechanic: light skin tone|electrician|light skin tone|man|mechanic|plumber|tradesperson
1f468-1f3fc-200d-1f527	男性の整備士: やや薄い肌色|スパナ|メカニック|やや薄い肌色|工作|男|男性|男性の整備士|配管工|電気工	man mechanic: medium-light skin tone|electrician|man|mechanic|medium-light skin tone|plumber|tradesperson
1f468-1f3fd-200d-1f527	男性の整備士: 中間の肌色|スパナ|メカニック|中間の肌色|工作|男|男性|男性の整備士|配管工|電気工	man mechanic: medium skin tone|electrician|man|mechanic|medium skin tone|plumber|tradesperson
1f468-1f3fe-200d-1f527	男性の整備士: やや濃い肌色|スパナ|メカニック|やや濃い肌色|工作|男|男性|男性の整備士|配管工|電気工	man mechanic: medium-dark skin tone|electrician|man|mechanic|medium-dark skin tone|plumber|tradesperson
1f468-1f3ff-200d-1f527	男性の整備士: 濃い肌色|スパナ|メカニック|工作|濃い肌色|男|男性|男性の整備士|配管工|電気工	man mechanic: dark skin tone|dark skin tone|electrician|man|mechanic|plumber|tradesperson
1f469-200d-1f527	女性の整備士|スパナ|メカニック|女|女性|工作|配管工|電気工	woman mechanic|electrician|mechanic|plumber|tradesperson|woman
1f469-1f3fb-200d-1f527	女性の整備士: 薄い肌色|スパナ|メカニック|女|女性|女性の整備士|工作|薄い肌色|配管工|電気工	woman mechanic: light skin tone|electrician|light skin tone|mechanic|plumber|tradesperson|woman
1f469-1f3fc-200d-1f527	女性の整備士: やや薄い肌色|スパナ|メカニック|やや薄い肌色|女|女性|女性の整備士|工作|配管工|電気工	woman mechanic: medium-light skin tone|electrician|mechanic|medium-light skin tone|plumber|tradesperson|woman
1f469-1f3fd-200d-1f527	女性の整備士: 中間の肌色|スパナ|メカニック|中間の肌色|女|女性|女性の整備士|工作|配管工|電気工	woman mechanic: medium skin tone|electrician|mechanic|medium skin tone|plumber|tradesperson|woman
1f469-1f3fe-200d-1f527	女性の整備士: やや濃い肌色|スパナ|メカニック|やや濃い肌色|女|女性|女性の整備士|工作|配管工|電気工	woman mechanic: medium-dark skin tone|electrician|mechanic|medium-dark skin tone|plumber|tradesperson|woman
1f469-1f3ff-200d-1f527	女性の整備士: 濃い肌色|スパナ|メカニック|女|女性|女性の整備士|工作|濃い肌色|配管工|電気工	woman mechanic: dark skin tone|dark skin tone|electrician|mechanic|plumber|tradesperson|woman
1f9d1-200d-1f3ed	溶接工|モノづくり|工員|工場	factory worker|assembly|factory|industrial|worker
1f9d1-1f3fb-200d-1f3ed	溶接工: 薄い肌色|モノづくり|工員|工場|溶接工|薄い肌色	factory worker: light skin tone|assembly|factory|industrial|light skin tone|worker
1f9d1-1f3fc-200d-1f3ed	溶接工: やや薄い肌色|モノづくり|やや薄い肌色|工員|工場|溶接工	factory worker: medium-light skin tone|assembly|factory|industrial|medium-light skin tone|worker
1f9d1-1f3fd-200d-1f3ed	溶接工: 中間の肌色|モノづくり|中間の肌色|工員|工場|溶接工	factory worker: medium skin tone|assembly|factory|industrial|medium skin tone|worker
1f9d1-1f3fe-200d-1f3ed	溶接工: やや濃い肌色|モノづくり|やや濃い肌色|工員|工場|溶接工	factory worker: medium-dark skin tone|assembly|factory|industrial|medium-dark skin tone|worker
1f9d1-1f3ff-200d-1f3ed	溶接工: 濃い肌色|モノづくり|工員|工場|溶接工|濃い肌色	factory worker: dark skin tone|assembly|dark skin tone|factory|industrial|worker
1f468-200d-1f3ed	男性の溶接工|工員|溶接|男|男性	man factory worker|assembly|factory|industrial|man|worker
1f468-1f3fb-200d-1f3ed	男性の溶接工: 薄い肌色|工員|溶接|男|男性|男性の溶接工|薄い肌色	man factory worker: light skin tone|assembly|factory|industrial|light skin tone|man|worker
1f468-1f3fc-200d-1f3ed	男性の溶接工: やや薄い肌色|やや薄い肌色|工員|溶接|男|男性|男性の溶接工	man factory worker: medium-light skin tone|assembly|factory|industrial|man|medium-light skin tone|worker
1f468-1f3fd-200d-1f3ed	男性の溶接工: 中間の肌色|中間の肌色|工員|溶接|男|男性|男性の溶接工	man factory worker: medium skin tone|assembly|factory|industrial|man|medium skin tone|worker
1f468-1f3fe-200d-1f3ed	男性の溶接工: やや濃い肌色|やや濃い肌色|工員|溶接|男|男性|男性の溶接工	man factory worker: medium-dark skin tone|assembly|factory|industrial|man|medium-dark skin tone|worker
1f468-1f3ff-200d-1f3ed	男性の溶接工: 濃い肌色|工員|溶接|濃い肌色|男|男性|男性の溶接工	man factory worker: dark skin tone|assembly|dark skin tone|factory|industrial|man|worker
1f469-200d-1f3ed	女性の溶接工|女|女性|工員|溶接	woman factory worker|assembly|factory|industrial|woman|worker
1f469-1f3fb-200d-1f3ed	女性の溶接工: 薄い肌色|女|女性|女性の溶接工|工員|溶接|薄い肌色	woman factory worker: light skin tone|assembly|factory|industrial|light skin tone|woman|worker
1f469-1f3fc-200d-1f3ed	女性の溶接工: やや薄い肌色|やや薄い肌色|女|女性|女性の溶接工|工員|溶接	woman factory worker: medium-light skin tone|assembly|factory|industrial|medium-light skin tone|woman|worker
1f469-1f3fd-200d-1f3ed	女性の溶接工: 中間の肌色|中間の肌色|女|女性|女性の溶接工|工員|溶接	woman factory worker: medium skin tone|assembly|factory|industrial|medium skin tone|woman|worker
1f469-1f3fe-200d-1f3ed	女性の溶接工: やや濃い肌色|やや濃い肌色|女|女性|女性の溶接工|工員|溶接	woman factory worker: medium-dark skin tone|assembly|factory|industrial|medium-dark skin tone|woman|worker
1f469-1f3ff-200d-1f3ed	女性の溶接工: 濃い肌色|女|女性|女性の溶接工|工員|溶接|濃い肌色	woman factory worker: dark skin tone|assembly|dark skin tone|factory|industrial|woman|worker
1f9d1-200d-1f4bc	会社員|サラリーマン|ビジネスパーソン	office worker|architect|business|manager|office|white-collar|worker
1f9d1-1f3fb-200d-1f4bc	会社員: 薄い肌色|サラリーマン|ビジネスパーソン|会社員|薄い肌色	office worker: light skin tone|architect|business|light skin tone|manager|office|white-collar|worker
1f9d1-1f3fc-200d-1f4bc	会社員: やや薄い肌色|サラリーマン|ビジネスパーソン|やや薄い肌色|会社員	office worker: medium-light skin tone|architect|business|manager|medium-light skin tone|office|white-collar|worker
1f9d1-1f3fd-200d-1f4bc	会社員: 中間の肌色|サラリーマン|ビジネスパーソン|中間の肌色|会社員	office worker: medium skin tone|architect|business|manager|medium skin tone|office|white-collar|worker
1f9d1-1f3fe-200d-1f4bc	会社員: やや濃い肌色|サラリーマン|ビジネスパーソン|やや濃い肌色|会社員	office worker: medium-dark skin tone|architect|business|manager|medium-dark skin tone|office|white-collar|worker
1f9d1-1f3ff-200d-1f4bc	会社員: 濃い肌色|サラリーマン|ビジネスパーソン|会社員|濃い肌色	office worker: dark skin tone|architect|business|dark skin tone|manager|office|white-collar|worker
1f468-200d-1f4bc	男性会社員|サラリーマン|ビジネスパーソン|ビジネスマン|会社員|男性	man office worker|architect|business|man|manager|office|white-collar|worker
1f468-1f3fb-200d-1f4bc	男性会社員: 薄い肌色|サラリーマン|ビジネスパーソン|ビジネスマン|会社員|男性|男性会社員|薄い肌色	man office worker: light skin tone|architect|business|light skin tone|man|manager|office|white-collar|worker
1f468-1f3fc-200d-1f4bc	男性会社員: やや薄い肌色|サラリーマン|ビジネスパーソン|ビジネスマン|やや薄い肌色|会社員|男性|男性会社員	man office worker: medium-light skin tone|architect|business|man|manager|medium-light skin tone|office|white-collar|worker
1f468-1f3fd-200d-1f4bc	男性会社員: 中間の肌色|サラリーマン|ビジネスパーソン|ビジネスマン|中間の肌色|会社員|男性|男性会社員	man office worker: medium skin tone|architect|business|man|manager|medium skin tone|office|white-collar|worker
1f468-1f3fe-200d-1f4bc	男性会社員: やや濃い肌色|サラリーマン|ビジネスパーソン|ビジネスマン|やや濃い肌色|会社員|男性|男性会社員	man office worker: medium-dark skin tone|architect|business|man|manager|medium-dark skin tone|office|white-collar|worker
1f468-1f3ff-200d-1f4bc	男性会社員: 濃い肌色|サラリーマン|ビジネスパーソン|ビジネスマン|会社員|濃い肌色|男性|男性会社員	man office worker: dark skin tone|architect|business|dark skin tone|man|manager|office|white-collar|worker
1f469-200d-1f4bc	女性会社員|OL|サラリーマン|ビジネスパーソン|会社員|女|女性	woman office worker|architect|business|manager|office|white-collar|woman|worker
1f469-1f3fb-200d-1f4bc	女性会社員: 薄い肌色|OL|サラリーマン|ビジネスパーソン|会社員|女|女性|女性会社員|薄い肌色	woman office worker: light skin tone|architect|business|light skin tone|manager|office|white-collar|woman|worker
1f469-1f3fc-200d-1f4bc	女性会社員: やや薄い肌色|OL|サラリーマン|ビジネスパーソン|やや薄い肌色|会社員|女|女性|女性会社員	woman office worker: medium-light skin tone|architect|business|manager|medium-light skin tone|office|white-collar|woman|worker
1f469-1f3fd-200d-1f4bc	女性会社員: 中間の肌色|OL|サラリーマン|ビジネスパーソン|中間の肌色|会社員|女|女性|女性会社員	woman office worker: medium skin tone|architect|business|manager|medium skin tone|office|white-collar|woman|worker
1f469-1f3fe-200d-1f4bc	女性会社員: やや濃い肌色|OL|サラリーマン|ビジネスパーソン|やや濃い肌色|会社員|女|女性|女性会社員	woman office worker: medium-dark skin tone|architect|business|manager|medium-dark skin tone|office|white-collar|woman|worker
1f469-1f3ff-200d-1f4bc	女性会社員: 濃い肌色|OL|サラリーマン|ビジネスパーソン|会社員|女|女性|女性会社員|濃い肌色	woman office worker: dark skin tone|architect|business|dark skin tone|manager|office|white-collar|woman|worker
1f9d1-200d-1f52c	科学者|化学者|物理学者|生物学者	scientist|biologist|chemist|engineer|mathematician|physicist
1f9d1-1f3fb-200d-1f52c	科学者: 薄い肌色|化学者|物理学者|生物学者|科学者|薄い肌色	scientist: light skin tone|biologist|chemist|engineer|light skin tone|mathematician|physicist|scientist
1f9d1-1f3fc-200d-1f52c	科学者: やや薄い肌色|やや薄い肌色|化学者|物理学者|生物学者|科学者	scientist: medium-light skin tone|biologist|chemist|engineer|mathematician|medium-light skin tone|physicist|scientist
1f9d1-1f3fd-200d-1f52c	科学者: 中間の肌色|中間の肌色|化学者|物理学者|生物学者|科学者	scientist: medium skin tone|biologist|chemist|engineer|mathematician|medium skin tone|physicist|scientist
1f9d1-1f3fe-200d-1f52c	科学者: やや濃い肌色|やや濃い肌色|化学者|物理学者|生物学者|科学者	scientist: medium-dark skin tone|biologist|chemist|engineer|mathematician|medium-dark skin tone|physicist|scientist
1f9d1-1f3ff-200d-1f52c	科学者: 濃い肌色|化学者|濃い肌色|物理学者|生物学者|科学者	scientist: dark skin tone|biologist|chemist|dark skin tone|engineer|mathematician|physicist|scientist
1f468-200d-1f52c	男性科学者|男|男性|科学者	man scientist|biologist|chemist|engineer|man|mathematician|physicist|scientist
1f468-1f3fb-200d-1f52c	男性科学者: 薄い肌色|男|男性|男性科学者|科学者|薄い肌色	man scientist: light skin tone|biologist|chemist|engineer|light skin tone|man|mathematician|physicist|scientist
1f468-1f3fc-200d-1f52c	男性科学者: やや薄い肌色|やや薄い肌色|男|男性|男性科学者|科学者	man scientist: medium-light skin tone|biologist|chemist|engineer|man|mathematician|medium-light skin tone|physicist|scientist
1f468-1f3fd-200d-1f52c	男性科学者: 中間の肌色|中間の肌色|男|男性|男性科学者|科学者	man scientist: medium skin tone|biologist|chemist|engineer|man|mathematician|medium skin tone|physicist|scientist
1f468-1f3fe-200d-1f52c	男性科学者: やや濃い肌色|やや濃い肌色|男|男性|男性科学者|科学者	man scientist: medium-dark skin tone|biologist|chemist|engineer|man|mathematician|medium-dark skin tone|physicist|scientist
1f468-1f3ff-200d-1f52c	男性科学者: 濃い肌色|濃い肌色|男|男性|男性科学者|科学者	man scientist: dark skin tone|biologist|chemist|dark skin tone|engineer|man|mathematician|physicist|scientist
1f469-200d-1f52c	女性科学者|女|女性|科学者	woman scientist|biologist|chemist|engineer|mathematician|physicist|scientist|woman
1f469-1f3fb-200d-1f52c	女性科学者: 薄い肌色|女|女性|女性科学者|科学者|薄い肌色	woman scientist: light skin tone|biologist|chemist|engineer|light skin tone|mathematician|physicist|scientist|woman
1f469-1f3fc-200d-1f52c	女性科学者: やや薄い肌色|やや薄い肌色|女|女性|女性科学者|科学者	woman scientist: medium-light skin tone|biologist|chemist|engineer|mathematician|medium-light skin tone|physicist|scientist|woman
1f469-1f3fd-200d-1f52c	女性科学者: 中間の肌色|中間の肌色|女|女性|女性科学者|科学者	woman scientist: medium skin tone|biologist|chemist|engineer|mathematician|medium skin tone|physicist|scientist|woman
1f469-1f3fe-200d-1f52c	女性科学者: やや濃い肌色|やや濃い肌色|女|女性|女性科学者|科学者	woman scientist: medium-dark skin tone|biologist|chemist|engineer|mathematician|medium-dark skin tone|physicist|scientist|woman
1f469-1f3ff-200d-1f52c	女性科学者: 濃い肌色|女|女性|女性科学者|濃い肌色|科学者	woman scientist: dark skin tone|biologist|chemist|dark skin tone|engineer|mathematician|physicist|scientist|woman
1f9d1-200d-1f3a4	歌手|アーティスト|シンガー|スター|ロッカー	singer|actor|entertainer|rock|rockstar|star
1f9d1-1f3fb-200d-1f3a4	歌手: 薄い肌色|アーティスト|シンガー|スター|ロッカー|歌手|薄い肌色	singer: light skin tone|actor|entertainer|light skin tone|rock|rockstar|singer|star
1f9d1-1f3fc-200d-1f3a4	歌手: やや薄い肌色|アーティスト|シンガー|スター|やや薄い肌色|ロッカー|歌手	singer: medium-light skin tone|actor|entertainer|medium-light skin tone|rock|rockstar|singer|star
1f9d1-1f3fd-200d-1f3a4	歌手: 中間の肌色|アーティスト|シンガー|スター|ロッカー|中間の肌色|歌手	singer: medium skin tone|actor|entertainer|medium skin tone|rock|rockstar|singer|star
1f9d1-1f3fe-200d-1f3a4	歌手: やや濃い肌色|アーティスト|シンガー|スター|やや濃い肌色|ロッカー|歌手	singer: medium-dark skin tone|actor|entertainer|medium-dark skin tone|rock|rockstar|singer|star
1f9d1-1f3ff-200d-1f3a4	歌手: 濃い肌色|アーティスト|シンガー|スター|ロッカー|歌手|濃い肌色	singer: dark skin tone|actor|dark skin tone|entertainer|rock|rockstar|singer|star
1f468-200d-1f3a4	男性歌手|アーティスト|エンターテイナー|シンガー|スター|ロックスター|俳優|歌手|男|男性	man singer|actor|entertainer|man|rock|rockstar|singer|star
1f468-1f3fb-200d-1f3a4	男性歌手: 薄い肌色|アーティスト|エンターテイナー|シンガー|スター|ロックスター|俳優|歌手|男|男性|男性歌手|薄い肌色	man singer: light skin tone|actor|entertainer|light skin tone|man|rock|rockstar|singer|star
1f468-1f3fc-200d-1f3a4	男性歌手: やや薄い肌色|アーティスト|エンターテイナー|シンガー|スター|やや薄い肌色|ロックスター|俳優|歌手|男|男性|男性歌手	man singer: medium-light skin tone|actor|entertainer|man|medium-light skin tone|rock|rockstar|singer|star
1f468-1f3fd-200d-1f3a4	男性歌手: 中間の肌色|アーティスト|エンターテイナー|シンガー|スター|ロックスター|中間の肌色|俳優|歌手|男|男性|男性歌手	man singer: medium skin tone|actor|entertainer|man|medium skin tone|rock|rockstar|singer|star
1f468-1f3fe-200d-1f3a4	男性歌手: やや濃い肌色|アーティスト|エンターテイナー|シンガー|スター|やや濃い肌色|ロックスター|俳優|歌手|男|男性|男性歌手	man singer: medium-dark skin tone|actor|entertainer|man|medium-dark skin tone|rock|rockstar|singer|star
1f468-1f3ff-200d-1f3a4	男性歌手: 濃い肌色|アーティスト|エンターテイナー|シンガー|スター|ロックスター|俳優|歌手|濃い肌色|男|男性|男性歌手	man singer: dark skin tone|actor|dark skin tone|entertainer|man|rock|rockstar|singer|star
1f469-200d-1f3a4	女性歌手|アーティスト|エンターテイナー|シンガー|スター|ロックスター|俳優|女|女性|歌手	woman singer|actor|entertainer|rock|rockstar|singer|star|woman
1f469-1f3fb-200d-1f3a4	女性歌手: 薄い肌色|アーティスト|エンターテイナー|シンガー|スター|ロックスター|俳優|女|女性|女性歌手|歌手|薄い肌色	woman singer: light skin tone|actor|entertainer|light skin tone|rock|rockstar|singer|star|woman
1f469-1f3fc-200d-1f3a4	女性歌手: やや薄い肌色|アーティスト|エンターテイナー|シンガー|スター|やや薄い肌色|ロックスター|俳優|女|女性|女性歌手|歌手	woman singer: medium-light skin tone|actor|entertainer|medium-light skin tone|rock|rockstar|singer|star|woman
1f469-1f3fd-200d-1f3a4	女性歌手: 中間の肌色|アーティスト|エンターテイナー|シンガー|スター|ロックスター|中間の肌色|俳優|女|女性|女性歌手|歌手	woman singer: medium skin tone|actor|entertainer|medium skin tone|rock|rockstar|singer|star|woman
1f469-1f3fe-200d-1f3a4	女性歌手: やや濃い肌色|アーティスト|エンターテイナー|シンガー|スター|やや濃い肌色|ロックスター|俳優|女|女性|女性歌手|歌手	woman singer: medium-dark skin tone|actor|entertainer|medium-dark skin tone|rock|rockstar|singer|star|woman
1f469-1f3ff-200d-1f3a4	女性歌手: 濃い肌色|アーティスト|エンターテイナー|シンガー|スター|ロックスター|俳優|女|女性|女性歌手|歌手|濃い肌色	woman singer: dark skin tone|actor|dark skin tone|entertainer|rock|rockstar|singer|star|woman
1f9d1-200d-1f3a8	芸術家|アーティスト|画家|絵描き	artist|palette
1f9d1-1f3fb-200d-1f3a8	芸術家: 薄い肌色|アーティスト|画家|絵描き|芸術家|薄い肌色	artist: light skin tone|artist|light skin tone|palette
1f9d1-1f3fc-200d-1f3a8	芸術家: やや薄い肌色|アーティスト|やや薄い肌色|画家|絵描き|芸術家	artist: medium-light skin tone|artist|medium-light skin tone|palette
1f9d1-1f3fd-200d-1f3a8	芸術家: 中間の肌色|アーティスト|中間の肌色|画家|絵描き|芸術家	artist: medium skin tone|artist|medium skin tone|palette
1f9d1-1f3fe-200d-1f3a8	芸術家: やや濃い肌色|アーティスト|やや濃い肌色|画家|絵描き|芸術家	artist: medium-dark skin tone|artist|medium-dark skin tone|palette
1f9d1-1f3ff-200d-1f3a8	芸術家: 濃い肌色|アーティスト|濃い肌色|画家|絵描き|芸術家	artist: dark skin tone|artist|dark skin tone|palette
1f468-200d-1f3a8	男性の芸術家|アーティスト|男|男性|画家|芸術家	man artist|artist|man|palette
1f468-1f3fb-200d-1f3a8	男性の芸術家: 薄い肌色|アーティスト|男|男性|男性の芸術家|画家|芸術家|薄い肌色	man artist: light skin tone|artist|light skin tone|man|palette
1f468-1f3fc-200d-1f3a8	男性の芸術家: やや薄い肌色|アーティスト|やや薄い肌色|男|男性|男性の芸術家|画家|芸術家	man artist: medium-light skin tone|artist|man|medium-light skin tone|palette
1f468-1f3fd-200d-1f3a8	男性の芸術家: 中間の肌色|アーティスト|中間の肌色|男|男性|男性の芸術家|画家|芸術家	man artist: medium skin tone|artist|man|medium skin tone|palette
1f468-1f3fe-200d-1f3a8	男性の芸術家: やや濃い肌色|アーティスト|やや濃い肌色|男|男性|男性の芸術家|画家|芸術家	man artist: medium-dark skin tone|artist|man|medium-dark skin tone|palette
1f468-1f3ff-200d-1f3a8	男性の芸術家: 濃い肌色|アーティスト|濃い肌色|男|男性|男性の芸術家|画家|芸術家	man artist: dark skin tone|artist|dark skin tone|man|palette
1f469-200d-1f3a8	女性の芸術家|アーティスト|パレット|女|女性|画家|芸術家	woman artist|artist|palette|woman
1f469-1f3fb-200d-1f3a8	女性の芸術家: 薄い肌色|アーティスト|パレット|女|女性|女性の芸術家|画家|芸術家|薄い肌色	woman artist: light skin tone|artist|light skin tone|palette|woman
1f469-1f3fc-200d-1f3a8	女性の芸術家: やや薄い肌色|アーティスト|パレット|やや薄い肌色|女|女性|女性の芸術家|画家|芸術家	woman artist: medium-light skin tone|artist|medium-light skin tone|palette|woman
1f469-1f3fd-200d-1f3a8	女性の芸術家: 中間の肌色|アーティスト|パレット|中間の肌色|女|女性|女性の芸術家|画家|芸術家	woman artist: medium skin tone|artist|medium skin tone|palette|woman
1f469-1f3fe-200d-1f3a8	女性の芸術家: やや濃い肌色|アーティスト|パレット|やや濃い肌色|女|女性|女性の芸術家|画家|芸術家	woman artist: medium-dark skin tone|artist|medium-dark skin tone|palette|woman
1f469-1f3ff-200d-1f3a8	女性の芸術家: 濃い肌色|アーティスト|パレット|女|女性|女性の芸術家|濃い肌色|画家|芸術家	woman artist: dark skin tone|artist|dark skin tone|palette|woman
1f9d1-200d-2708	パイロット|操縦士|機長	pilot|plane
1f9d1-1f3fb-200d-2708	パイロット: 薄い肌色|パイロット|操縦士|機長|薄い肌色	pilot: light skin tone|light skin tone|pilot|plane
1f9d1-1f3fc-200d-2708	パイロット: やや薄い肌色|パイロット|やや薄い肌色|操縦士|機長	pilot: medium-light skin tone|medium-light skin tone|pilot|plane
1f9d1-1f3fd-200d-2708	パイロット: 中間の肌色|パイロット|中間の肌色|操縦士|機長	pilot: medium skin tone|medium skin tone|pilot|plane
1f9d1-1f3fe-200d-2708	パイロット: やや濃い肌色|パイロット|やや濃い肌色|操縦士|機長	pilot: medium-dark skin tone|medium-dark skin tone|pilot|plane
1f9d1-1f3ff-200d-2708	パイロット: 濃い肌色|パイロット|操縦士|機長|濃い肌色	pilot: dark skin tone|dark skin tone|pilot|plane
1f468-200d-2708	男性パイロット|パイロット|操縦士|男|男性	man pilot|man|pilot|plane
1f468-1f3fb-200d-2708	男性パイロット: 薄い肌色|パイロット|操縦士|男|男性|男性パイロット|薄い肌色	man pilot: light skin tone|light skin tone|man|pilot|plane
1f468-1f3fc-200d-2708	男性パイロット: やや薄い肌色|パイロット|やや薄い肌色|操縦士|男|男性|男性パイロット	man pilot: medium-light skin tone|man|medium-light skin tone|pilot|plane
1f468-1f3fd-200d-2708	男性パイロット: 中間の肌色|パイロット|中間の肌色|操縦士|男|男性|男性パイロット	man pilot: medium skin tone|man|medium skin tone|pilot|plane
1f468-1f3fe-200d-2708	男性パイロット: やや濃い肌色|パイロット|やや濃い肌色|操縦士|男|男性|男性パイロット	man pilot: medium-dark skin tone|man|medium-dark skin tone|pilot|plane
1f468-1f3ff-200d-2708	男性パイロット: 濃い肌色|パイロット|操縦士|濃い肌色|男|男性|男性パイロット	man pilot: dark skin tone|dark skin tone|man|pilot|plane
1f469-200d-2708	女性パイロット|女|女性|操縦士	woman pilot|pilot|plane|woman
1f469-1f3fb-200d-2708	女性パイロット: 薄い肌色|女|女性|女性パイロット|操縦士|薄い肌色	woman pilot: light skin tone|light skin tone|pilot|plane|woman
1f469-1f3fc-200d-2708	女性パイロット: やや薄い肌色|やや薄い肌色|女|女性|女性パイロット|操縦士	woman pilot: medium-light skin tone|medium-light skin tone|pilot|plane|woman
1f469-1f3fd-200d-2708	女性パイロット: 中間の肌色|中間の肌色|女|女性|女性パイロット|操縦士	woman pilot: medium skin tone|medium skin tone|pilot|plane|woman
1f469-1f3fe-200d-2708	女性パイロット: やや濃い肌色|やや濃い肌色|女|女性|女性パイロット|操縦士	woman pilot: medium-dark skin tone|medium-dark skin tone|pilot|plane|woman
1f469-1f3ff-200d-2708	女性パイロット: 濃い肌色|女|女性|女性パイロット|操縦士|濃い肌色	woman pilot: dark skin tone|dark skin tone|pilot|plane|woman
1f9d1-200d-1f680	宇宙飛行士|ロケット	astronaut|rocket|space
1f9d1-1f3fb-200d-1f680	宇宙飛行士: 薄い肌色|ロケット|宇宙飛行士|薄い肌色	astronaut: light skin tone|astronaut|light skin tone|rocket|space
1f9d1-1f3fc-200d-1f680	宇宙飛行士: やや薄い肌色|やや薄い肌色|ロケット|宇宙飛行士	astronaut: medium-light skin tone|astronaut|medium-light skin tone|rocket|space
1f9d1-1f3fd-200d-1f680	宇宙飛行士: 中間の肌色|ロケット|中間の肌色|宇宙飛行士	astronaut: medium skin tone|astronaut|medium skin tone|rocket|space
1f9d1-1f3fe-200d-1f680	宇宙飛行士: やや濃い肌色|やや濃い肌色|ロケット|宇宙飛行士	astronaut: medium-dark skin tone|astronaut|medium-dark skin tone|rocket|space
1f9d1-1f3ff-200d-1f680	宇宙飛行士: 濃い肌色|ロケット|宇宙飛行士|濃い肌色	astronaut: dark skin tone|astronaut|dark skin tone|rocket|space
1f468-200d-1f680	男性宇宙飛行士|宇宙飛行士|男|男性	man astronaut|astronaut|man|rocket|space
1f468-1f3fb-200d-1f680	男性宇宙飛行士: 薄い肌色|宇宙飛行士|男|男性|男性宇宙飛行士|薄い肌色	man astronaut: light skin tone|astronaut|light skin tone|man|rocket|space
1f468-1f3fc-200d-1f680	男性宇宙飛行士: やや薄い肌色|やや薄い肌色|宇宙飛行士|男|男性|男性宇宙飛行士	man astronaut: medium-light skin tone|astronaut|man|medium-light skin tone|rocket|space
1f468-1f3fd-200d-1f680	男性宇宙飛行士: 中間の肌色|中間の肌色|宇宙飛行士|男|男性|男性宇宙飛行士	man astronaut: medium skin tone|astronaut|man|medium skin tone|rocket|space
1f468-1f3fe-200d-1f680	男性宇宙飛行士: やや濃い肌色|やや濃い肌色|宇宙飛行士|男|男性|男性宇宙飛行士	man astronaut: medium-dark skin tone|astronaut|man|medium-dark skin tone|rocket|space
1f468-1f3ff-200d-1f680	男性宇宙飛行士: 濃い肌色|宇宙飛行士|濃い肌色|男|男性|男性宇宙飛行士	man astronaut: dark skin tone|astronaut|dark skin tone|man|rocket|space
1f469-200d-1f680	女性宇宙飛行士|女|女性|宇宙飛行士	woman astronaut|astronaut|rocket|space|woman
1f469-1f3fb-200d-1f680	女性宇宙飛行士: 薄い肌色|女|女性|女性宇宙飛行士|宇宙飛行士|薄い肌色	woman astronaut: light skin tone|astronaut|light skin tone|rocket|space|woman
1f469-1f3fc-200d-1f680	女性宇宙飛行士: やや薄い肌色|やや薄い肌色|女|女性|女性宇宙飛行士|宇宙飛行士	woman astronaut: medium-light skin tone|astronaut|medium-light skin tone|rocket|space|woman
1f469-1f3fd-200d-1f680	女性宇宙飛行士: 中間の肌色|中間の肌色|女|女性|女性宇宙飛行士|宇宙飛行士	woman astronaut: medium skin tone|astronaut|medium skin tone|rocket|space|woman
1f469-1f3fe-200d-1f680	女性宇宙飛行士: やや濃い肌色|やや濃い肌色|女|女性|女性宇宙飛行士|宇宙飛行士	woman astronaut: medium-dark skin tone|astronaut|medium-dark skin tone|rocket|space|woman
1f469-1f3ff-200d-1f680	女性宇宙飛行士: 濃い肌色|女|女性|女性宇宙飛行士|宇宙飛行士|濃い肌色	woman astronaut: dark skin tone|astronaut|dark skin tone|rocket|space|woman
1f9d1-200d-1f692	消防士|レスキュー|救助隊	firefighter|fire|firetruck
1f9d1-1f3fb-200d-1f692	消防士: 薄い肌色|レスキュー|救助隊|消防士|薄い肌色	firefighter: light skin tone|fire|firefighter|firetruck|light skin tone
1f9d1-1f3fc-200d-1f692	消防士: やや薄い肌色|やや薄い肌色|レスキュー|救助隊|消防士	firefighter: medium-light skin tone|fire|firefighter|firetruck|medium-light skin tone
1f9d1-1f3fd-200d-1f692	消防士: 中間の肌色|レスキュー|中間の肌色|救助隊|消防士	firefighter: medium skin tone|fire|firefighter|firetruck|medium skin tone
1f9d1-1f3fe-200d-1f692	消防士: やや濃い肌色|やや濃い肌色|レスキュー|救助隊|消防士	firefighter: medium-dark skin tone|fire|firefighter|firetruck|medium-dark skin tone
1f9d1-1f3ff-200d-1f692	消防士: 濃い肌色|レスキュー|救助隊|消防士|濃い肌色	firefighter: dark skin tone|dark skin tone|fire|firefighter|firetruck
1f468-200d-1f692	男性消防士|消防士|男|男性	man firefighter|fire|firefighter|firetruck|man
1f468-1f3fb-200d-1f692	男性消防士: 薄い肌色|消防士|男|男性|男性消防士|薄い肌色	man firefighter: light skin tone|fire|firefighter|firetruck|light skin tone|man
1f468-1f3fc-200d-1f692	男性消防士: やや薄い肌色|やや薄い肌色|消防士|男|男性|男性消防士	man firefighter: medium-light skin tone|fire|firefighter|firetruck|man|medium-light skin tone
1f468-1f3fd-200d-1f692	男性消防士: 中間の肌色|中間の肌色|消防士|男|男性|男性消防士	man firefighter: medium skin tone|fire|firefighter|firetruck|man|medium skin tone
1f468-1f3fe-200d-1f692	男性消防士: やや濃い肌色|やや濃い肌色|消防士|男|男性|男性消防士	man firefighter: medium-dark skin tone|fire|firefighter|firetruck|man|medium-dark skin tone
1f468-1f3ff-200d-1f692	男性消防士: 濃い肌色|消防士|濃い肌色|男|男性|男性消防士	man firefighter: dark skin tone|dark skin tone|fire|firefighter|firetruck|man
1f469-200d-1f692	女性消防士|女|女性|消防士	woman firefighter|fire|firefighter|firetruck|woman
1f469-1f3fb-200d-1f692	女性消防士: 薄い肌色|女|女性|女性消防士|消防士|薄い肌色	woman firefighter: light skin tone|fire|firefighter|firetruck|light skin tone|woman
1f469-1f3fc-200d-1f692	女性消防士: やや薄い肌色|やや薄い肌色|女|女性|女性消防士|消防士	woman firefighter: medium-light skin tone|fire|firefighter|firetruck|medium-light skin tone|woman
1f469-1f3fd-200d-1f692	女性消防士: 中間の肌色|中間の肌色|女|女性|女性消防士|消防士	woman firefighter: medium skin tone|fire|firefighter|firetruck|medium skin tone|woman
1f469-1f3fe-200d-1f692	女性消防士: やや濃い肌色|やや濃い肌色|女|女性|女性消防士|消防士	woman firefighter: medium-dark skin tone|fire|firefighter|firetruck|medium-dark skin tone|woman
1f469-1f3ff-200d-1f692	女性消防士: 濃い肌色|女|女性|女性消防士|消防士|濃い肌色	woman firefighter: dark skin tone|dark skin tone|fire|firefighter|firetruck|woman
1f46e	警察官|お巡りさん|警官|警察|逮捕する	police officer|apprehend|arrest|citation|cop|law|officer|over|police|pulled|undercover
1f46e-1f3fb	警察官: 薄い肌色|お巡りさん|薄い肌色|警官|警察|警察官|逮捕する	police officer: light skin tone|apprehend|arrest|citation|cop|law|light skin tone|officer|over|police|pulled|undercover
1f46e-1f3fc	警察官: やや薄い肌色|お巡りさん|やや薄い肌色|警官|警察|警察官|逮捕する	police officer: medium-light skin tone|apprehend|arrest|citation|cop|law|medium-light skin tone|officer|over|police|pulled|undercover
1f46e-1f3fd	警察官: 中間の肌色|お巡りさん|中間の肌色|警官|警察|警察官|逮捕する	police officer: medium skin tone|apprehend|arrest|citation|cop|law|medium skin tone|officer|over|police|pulled|undercover
1f46e-1f3fe	警察官: やや濃い肌色|お巡りさん|やや濃い肌色|警官|警察|警察官|逮捕する	police officer: medium-dark skin tone|apprehend|arrest|citation|cop|law|medium-dark skin tone|officer|over|police|pulled|undercover
1f46e-1f3ff	警察官: 濃い肌色|お巡りさん|濃い肌色|警官|警察|警察官|逮捕する	police officer: dark skin tone|apprehend|arrest|citation|cop|dark skin tone|law|officer|over|police|pulled|undercover
1f46e-200d-2642	男性警察官|お巡りさん|男性|警官|警察|警察官	man police officer|apprehend|arrest|citation|cop|law|man|officer|over|police|pulled|undercover
1f46e-1f3fb-200d-2642	男性警察官: 薄い肌色|お巡りさん|男性|男性警察官|薄い肌色|警官|警察|警察官	man police officer: light skin tone|apprehend|arrest|citation|cop|law|light skin tone|man|officer|over|police|pulled|undercover
1f46e-1f3fc-200d-2642	男性警察官: やや薄い肌色|お巡りさん|やや薄い肌色|男性|男性警察官|警官|警察|警察官	man police officer: medium-light skin tone|apprehend|arrest|citation|cop|law|man|medium-light skin tone|officer|over|police|pulled|undercover
1f46e-1f3fd-200d-2642	男性警察官: 中間の肌色|お巡りさん|中間の肌色|男性|男性警察官|警官|警察|警察官	man police officer: medium skin tone|apprehend|arrest|citation|cop|law|man|medium skin tone|officer|over|police|pulled|undercover
1f46e-1f3fe-200d-2642	男性警察官: やや濃い肌色|お巡りさん|やや濃い肌色|男性|男性警察官|警官|警察|警察官	man police officer: medium-dark skin tone|apprehend|arrest|citation|cop|law|man|medium-dark skin tone|officer|over|police|pulled|undercover
1f46e-1f3ff-200d-2642	男性警察官: 濃い肌色|お巡りさん|濃い肌色|男性|男性警察官|警官|警察|警察官	man police officer: dark skin tone|apprehend|arrest|citation|cop|dark skin tone|law|man|officer|over|police|pulled|undercover
1f46e-200d-2640	女性警察官|お巡りさん|女性|警官|警察|警察官	woman police officer|apprehend|arrest|citation|cop|law|officer|over|police|pulled|undercover|woman
1f46e-1f3fb-200d-2640	女性警察官: 薄い肌色|お巡りさん|女性|女性警察官|薄い肌色|警官|警察|警察官	woman police officer: light skin tone|apprehend|arrest|citation|cop|law|light skin tone|officer|over|police|pulled|undercover|woman
1f46e-1f3fc-200d-2640	女性警察官: やや薄い肌色|お巡りさん|やや薄い肌色|女性|女性警察官|警官|警察|警察官	woman police officer: medium-light skin tone|apprehend|arrest|citation|cop|law|medium-light skin tone|officer|over|police|pulled|undercover|woman
1f46e-1f3fd-200d-2640	女性警察官: 中間の肌色|お巡りさん|中間の肌色|女性|女性警察官|警官|警察|警察官	woman police officer: medium skin tone|apprehend|arrest|citation|cop|law|medium skin tone|officer|over|police|pulled|undercover|woman
1f46e-1f3fe-200d-2640	女性警察官: やや濃い肌色|お巡りさん|やや濃い肌色|女性|女性警察官|警官|警察|警察官	woman police officer: medium-dark skin tone|apprehend|arrest|citation|cop|law|medium-dark skin tone|officer|over|police|pulled|undercover|woman
1f46e-1f3ff-200d-2640	女性警察官: 濃い肌色|お巡りさん|女性|女性警察官|濃い肌色|警官|警察|警察官	woman police officer: dark skin tone|apprehend|arrest|citation|cop|dark skin tone|law|officer|over|police|pulled|undercover|woman
1f575	探偵|スパイ|私立探偵|虫めがね	detective|sleuth|spy
1f575-1f3fb	探偵: 薄い肌色|スパイ|探偵|私立探偵|薄い肌色|虫めがね	detective: light skin tone|detective|light skin tone|sleuth|spy
1f575-1f3fc	探偵: やや薄い肌色|スパイ|やや薄い肌色|探偵|私立探偵|虫めがね	detective: medium-light skin tone|detective|medium-light skin tone|sleuth|spy
1f575-1f3fd	探偵: 中間の肌色|スパイ|中間の肌色|探偵|私立探偵|虫めがね	detective: medium skin tone|detective|medium skin tone|sleuth|spy
1f575-1f3fe	探偵: やや濃い肌色|スパイ|やや濃い肌色|探偵|私立探偵|虫めがね	detective: medium-dark skin tone|detective|medium-dark skin tone|sleuth|spy
1f575-1f3ff	探偵: 濃い肌色|スパイ|探偵|濃い肌色|私立探偵|虫めがね	detective: dark skin tone|dark skin tone|detective|sleuth|spy
1f575-200d-2642	男性の探偵|探偵|男|男性|虫めがね	man detective|detective|man|sleuth|spy
1f575-1f3fb-200d-2642	男性の探偵: 薄い肌色|探偵|男|男性|男性の探偵|薄い肌色|虫めがね	man detective: light skin tone|detective|light skin tone|man|sleuth|spy
1f575-1f3fc-200d-2642	男性の探偵: やや薄い肌色|やや薄い肌色|探偵|男|男性|男性の探偵|虫めがね	man detective: medium-light skin tone|detective|man|medium-light skin tone|sleuth|spy
1f575-1f3fd-200d-2642	男性の探偵: 中間の肌色|中間の肌色|探偵|男|男性|男性の探偵|虫めがね	man detective: medium skin tone|detective|man|medium skin tone|sleuth|spy
1f575-1f3fe-200d-2642	男性の探偵: やや濃い肌色|やや濃い肌色|探偵|男|男性|男性の探偵|虫めがね	man detective: medium-dark skin tone|detective|man|medium-dark skin tone|sleuth|spy
1f575-1f3ff-200d-2642	男性の探偵: 濃い肌色|探偵|濃い肌色|男|男性|男性の探偵|虫めがね	man detective: dark skin tone|dark skin tone|detective|man|sleuth|spy
1f575-200d-2640	女性の探偵|女|女性|探偵|私立探偵|虫めがね	woman detective|detective|sleuth|spy|woman
1f575-1f3fb-200d-2640	女性の探偵: 薄い肌色|女|女性|女性の探偵|探偵|私立探偵|薄い肌色|虫めがね	woman detective: light skin tone|detective|light skin tone|sleuth|spy|woman
1f575-1f3fc-200d-2640	女性の探偵: やや薄い肌色|やや薄い肌色|女|女性|女性の探偵|探偵|私立探偵|虫めがね	woman detective: medium-light skin tone|detective|medium-light skin tone|sleuth|spy|woman
1f575-1f3fd-200d-2640	女性の探偵: 中間の肌色|中間の肌色|女|女性|女性の探偵|探偵|私立探偵|虫めがね	woman detective: medium skin tone|detective|medium skin tone|sleuth|spy|woman
1f575-1f3fe-200d-2640	女性の探偵: やや濃い肌色|やや濃い肌色|女|女性|女性の探偵|探偵|私立探偵|虫めがね	woman detective: medium-dark skin tone|detective|medium-dark skin tone|sleuth|spy|woman
1f575-1f3ff-200d-2640	女性の探偵: 濃い肌色|女|女性|女性の探偵|探偵|濃い肌色|私立探偵|虫めがね	woman detective: dark skin tone|dark skin tone|detective|sleuth|spy|woman
1f482	衛兵|守衛|警備|門番	guard|buckingham|helmet|london|palace
1f482-1f3fb	衛兵: 薄い肌色|守衛|薄い肌色|衛兵|警備|門番	guard: light skin tone|buckingham|guard|helmet|light skin tone|london|palace
1f482-1f3fc	衛兵: やや薄い肌色|やや薄い肌色|守衛|衛兵|警備|門番	guard: medium-light skin tone|buckingham|guard|helmet|london|medium-light skin tone|palace
1f482-1f3fd	衛兵: 中間の肌色|中間の肌色|守衛|衛兵|警備|門番	guard: medium skin tone|buckingham|guard|helmet|london|medium skin tone|palace
1f482-1f3fe	衛兵: やや濃い肌色|やや濃い肌色|守衛|衛兵|警備|門番	guard: medium-dark skin tone|buckingham|guard|helmet|london|medium-dark skin tone|palace
1f482-1f3ff	衛兵: 濃い肌色|守衛|濃い肌色|衛兵|警備|門番	guard: dark skin tone|buckingham|dark skin tone|guard|helmet|london|palace
1f482-200d-2642	男性の衛兵|守衛|男性|衛兵|警備|門番	man guard|buckingham|guard|helmet|london|man|palace
1f482-1f3fb-200d-2642	男性の衛兵: 薄い肌色|守衛|男性|男性の衛兵|薄い肌色|衛兵|警備|門番	man guard: light skin tone|buckingham|guard|helmet|light skin tone|london|man|palace
1f482-1f3fc-200d-2642	男性の衛兵: やや薄い肌色|やや薄い肌色|守衛|男性|男性の衛兵|衛兵|警備|門番	man guard: medium-light skin tone|buckingham|guard|helmet|london|man|medium-light skin tone|palace
1f482-1f3fd-200d-2642	男性の衛兵: 中間の肌色|中間の肌色|守衛|男性|男性の衛兵|衛兵|警備|門番	man guard: medium skin tone|buckingham|guard|helmet|london|man|medium skin tone|palace
1f482-1f3fe-200d-2642	男性の衛兵: やや濃い肌色|やや濃い肌色|守衛|男性|男性の衛兵|衛兵|警備|門番	man guard: medium-dark skin tone|buckingham|guard|helmet|london|man|medium-dark skin tone|palace
1f482-1f3ff-200d-2642	男性の衛兵: 濃い肌色|守衛|濃い肌色|男性|男性の衛兵|衛兵|警備|門番	man guard: dark skin tone|buckingham|dark skin tone|guard|helmet|london|man|palace
1f482-200d-2640	女性の衛兵|女性|守衛|衛兵|警備|門番	woman guard|buckingham|guard|helmet|london|palace|woman
1f482-1f3fb-200d-2640	女性の衛兵: 薄い肌色|女性|女性の衛兵|守衛|薄い肌色|衛兵|警備|門番	woman guard: light skin tone|buckingham|guard|helmet|light skin tone|london|palace|woman
1f482-1f3fc-200d-2640	女性の衛兵: やや薄い肌色|やや薄い肌色|女性|女性の衛兵|守衛|衛兵|警備|門番	woman guard: medium-light skin tone|buckingham|guard|helmet|london|medium-light skin tone|palace|woman
1f482-1f3fd-200d-2640	女性の衛兵: 中間の肌色|中間の肌色|女性|女性の衛兵|守衛|衛兵|警備|門番	woman guard: medium skin tone|buckingham|guard|helmet|london|medium skin tone|palace|woman
1f482-1f3fe-200d-2640	女性の衛兵: やや濃い肌色|やや濃い肌色|女性|女性の衛兵|守衛|衛兵|警備|門番	woman guard: medium-dark skin tone|buckingham|guard|helmet|london|medium-dark skin tone|palace|woman
1f482-1f3ff-200d-2640	女性の衛兵: 濃い肌色|女性|女性の衛兵|守衛|濃い肌色|衛兵|警備|門番	woman guard: dark skin tone|buckingham|dark skin tone|guard|helmet|london|palace|woman
1f977	忍者|スパイ|人|忍び|忍術|草の者|隠密	ninja|assassin|fight|fighter|hidden|person|secret|skills|sly|soldier|stealth|war
1f977-1f3fb	忍者: 薄い肌色|スパイ|人|忍び|忍者|忍術|草の者|薄い肌色|隠密	ninja: light skin tone|assassin|fight|fighter|hidden|light skin tone|ninja|person|secret|skills|sly|soldier|stealth|war
1f977-1f3fc	忍者: やや薄い肌色|スパイ|やや薄い肌色|人|忍び|忍者|忍術|草の者|隠密	ninja: medium-light skin tone|assassin|fight|fighter|hidden|medium-light skin tone|ninja|person|secret|skills|sly|soldier|stealth|war
1f977-1f3fd	忍者: 中間の肌色|スパイ|中間の肌色|人|忍び|忍者|忍術|草の者|隠密	ninja: medium skin tone|assassin|fight|fighter|hidden|medium skin tone|ninja|person|secret|skills|sly|soldier|stealth|war
1f977-1f3fe	忍者: やや濃い肌色|スパイ|やや濃い肌色|人|忍び|忍者|忍術|草の者|隠密	ninja: medium-dark skin tone|assassin|fight|fighter|hidden|medium-dark skin tone|ninja|person|secret|skills|sly|soldier|stealth|war
1f977-1f3ff	忍者: 濃い肌色|スパイ|人|忍び|忍者|忍術|濃い肌色|草の者|隠密	ninja: dark skin tone|assassin|dark skin tone|fight|fighter|hidden|ninja|person|secret|skills|sly|soldier|stealth|war
1f477	建設作業員|ハンマー|ヘルメット|作業員|工事|建設	construction worker|build|construction|fix|hardhat|hat|man|person|rebuild|remodel|repair|work|worker
1f477-1f3fb	建設作業員: 薄い肌色|ハンマー|ヘルメット|作業員|工事|建設|薄い肌色	construction worker: light skin tone|build|construction|fix|hardhat|hat|light skin tone|man|person|rebuild|remodel|repair|work|worker
1f477-1f3fc	建設作業員: やや薄い肌色|ハンマー|ヘルメット|やや薄い肌色|作業員|工事|建設	construction worker: medium-light skin tone|build|construction|fix|hardhat|hat|man|medium-light skin tone|person|rebuild|remodel|repair|work|worker
1f477-1f3fd	建設作業員: 中間の肌色|ハンマー|ヘルメット|中間の肌色|作業員|工事|建設	construction worker: medium skin tone|build|construction|fix|hardhat|hat|man|medium skin tone|person|rebuild|remodel|repair|work|worker
1f477-1f3fe	建設作業員: やや濃い肌色|ハンマー|ヘルメット|やや濃い肌色|作業員|工事|建設	construction worker: medium-dark skin tone|build|construction|fix|hardhat|hat|man|medium-dark skin tone|person|rebuild|remodel|repair|work|worker
1f477-1f3ff	建設作業員: 濃い肌色|ハンマー|ヘルメット|作業員|工事|建設|濃い肌色	construction worker: dark skin tone|build|construction|dark skin tone|fix|hardhat|hat|man|person|rebuild|remodel|repair|work|worker
1f477-200d-2642	男性の建設作業員|ハンマー|ヘルメット|作業員|工事|建設|男|男性	man construction worker|build|construction|fix|hardhat|hat|man|rebuild|remodel|repair|work|worker
1f477-1f3fb-200d-2642	男性の建設作業員: 薄い肌色|ハンマー|ヘルメット|作業員|工事|建設|男|男性|男性の建設作業員|薄い肌色	man construction worker: light skin tone|build|construction|fix|hardhat|hat|light skin tone|man|rebuild|remodel|repair|work|worker
1f477-1f3fc-200d-2642	男性の建設作業員: やや薄い肌色|ハンマー|ヘルメット|やや薄い肌色|作業員|工事|建設|男|男性|男性の建設作業員	man construction worker: medium-light skin tone|build|construction|fix|hardhat|hat|man|medium-light skin tone|rebuild|remodel|repair|work|worker
1f477-1f3fd-200d-2642	男性の建設作業員: 中間の肌色|ハンマー|ヘルメット|中間の肌色|作業員|工事|建設|男|男性|男性の建設作業員	man construction worker: medium skin tone|build|construction|fix|hardhat|hat|man|medium skin tone|rebuild|remodel|repair|work|worker
1f477-1f3fe-200d-2642	男性の建設作業員: やや濃い肌色|ハンマー|ヘルメット|やや濃い肌色|作業員|工事|建設|男|男性|男性の建設作業員	man construction worker: medium-dark skin tone|build|construction|fix|hardhat|hat|man|medium-dark skin tone|rebuild|remodel|repair|work|worker
1f477-1f3ff-200d-2642	男性の建設作業員: 濃い肌色|ハンマー|ヘルメット|作業員|工事|建設|濃い肌色|男|男性|男性の建設作業員	man construction worker: dark skin tone|build|construction|dark skin tone|fix|hardhat|hat|man|rebuild|remodel|repair|work|worker
1f477-200d-2640	女性の建設作業員|ハンマー|ヘルメット|作業員|女|女性|工事|建設	woman construction worker|build|construction|fix|hardhat|hat|man|rebuild|remodel|repair|woman|work|worker
1f477-1f3fb-200d-2640	女性の建設作業員: 薄い肌色|ハンマー|ヘルメット|作業員|女|女性|女性の建設作業員|工事|建設|薄い肌色	woman construction worker: light skin tone|build|construction|fix|hardhat|hat|light skin tone|man|rebuild|remodel|repair|woman|work|worker
1f477-1f3fc-200d-2640	女性の建設作業員: やや薄い肌色|ハンマー|ヘルメット|やや薄い肌色|作業員|女|女性|女性の建設作業員|工事|建設	woman construction worker: medium-light skin tone|build|construction|fix|hardhat|hat|man|medium-light skin tone|rebuild|remodel|repair|woman|work|worker
1f477-1f3fd-200d-2640	女性の建設作業員: 中間の肌色|ハンマー|ヘルメット|中間の肌色|作業員|女|女性|女性の建設作業員|工事|建設	woman construction worker: medium skin tone|build|construction|fix|hardhat|hat|man|medium skin tone|rebuild|remodel|repair|woman|work|worker
1f477-1f3fe-200d-2640	女性の建設作業員: やや濃い肌色|ハンマー|ヘルメット|やや濃い肌色|作業員|女|女性|女性の建設作業員|工事|建設	woman construction worker: medium-dark skin tone|build|construction|fix|hardhat|hat|man|medium-dark skin tone|rebuild|remodel|repair|woman|work|worker
1f477-1f3ff-200d-2640	女性の建設作業員: 濃い肌色|ハンマー|ヘルメット|作業員|女|女性|女性の建設作業員|工事|建設|濃い肌色	woman construction worker: dark skin tone|build|construction|dark skin tone|fix|hardhat|hat|man|rebuild|remodel|repair|woman|work|worker
1fac5	王冠をかぶった人|君主|国王|女王|王|王家|王族|王様	person with crown|crown|monarch|noble|person|regal|royal|royalty
1fac5-1f3fb	王冠をかぶった人: 薄い肌色|君主|国王|女王|王|王冠をかぶった人|王家|王族|王様|薄い肌色	person with crown: light skin tone|crown|light skin tone|monarch|noble|person|regal|royal|royalty
1fac5-1f3fc	王冠をかぶった人: やや薄い肌色|やや薄い肌色|君主|国王|女王|王|王冠をかぶった人|王家|王族|王様	person with crown: medium-light skin tone|crown|medium-light skin tone|monarch|noble|person|regal|royal|royalty
1fac5-1f3fd	王冠をかぶった人: 中間の肌色|中間の肌色|君主|国王|女王|王|王冠をかぶった人|王家|王族|王様	person with crown: medium skin tone|crown|medium skin tone|monarch|noble|person|regal|royal|royalty
1fac5-1f3fe	王冠をかぶった人: やや濃い肌色|やや濃い肌色|君主|国王|女王|王|王冠をかぶった人|王家|王族|王様	person with crown: medium-dark skin tone|crown|medium-dark skin tone|monarch|noble|person|regal|royal|royalty
1fac5-1f3ff	王冠をかぶった人: 濃い肌色|君主|国王|女王|濃い肌色|王|王冠をかぶった人|王家|王族|王様	person with crown: dark skin tone|crown|dark skin tone|monarch|noble|person|regal|royal|royalty
1f934	プリンス|王子|王族|男|男性	prince|crown|fairy|fairytale|fantasy|king|royal|royalty|tale
1f934-1f3fb	プリンス: 薄い肌色|プリンス|王子|王族|男|男性|薄い肌色	prince: light skin tone|crown|fairy|fairytale|fantasy|king|light skin tone|prince|royal|royalty|tale
1f934-1f3fc	プリンス: やや薄い肌色|プリンス|やや薄い肌色|王子|王族|男|男性	prince: medium-light skin tone|crown|fairy|fairytale|fantasy|king|medium-light skin tone|prince|royal|royalty|tale
1f934-1f3fd	プリンス: 中間の肌色|プリンス|中間の肌色|王子|王族|男|男性	prince: medium skin tone|crown|fairy|fairytale|fantasy|king|medium skin tone|prince|royal|royalty|tale
1f934-1f3fe	プリンス: やや濃い肌色|プリンス|やや濃い肌色|王子|王族|男|男性	prince: medium-dark skin tone|crown|fairy|fairytale|fantasy|king|medium-dark skin tone|prince|royal|royalty|tale
1f934-1f3ff	プリンス: 濃い肌色|プリンス|濃い肌色|王子|王族|男|男性	prince: dark skin tone|crown|dark skin tone|fairy|fairytale|fantasy|king|prince|royal|royalty|tale
1f478	プリンセス|お姫さま|クイーン|冠|女|女性|女王|王女|王妃	princess|crown|fairy|fairytale|fantasy|queen|royal|royalty|tale
1f478-1f3fb	プリンセス: 薄い肌色|お姫さま|クイーン|プリンセス|冠|女|女性|女王|王女|王妃|薄い肌色	princess: light skin tone|crown|fairy|fairytale|fantasy|light skin tone|princess|queen|royal|royalty|tale
1f478-1f3fc	プリンセス: やや薄い肌色|お姫さま|クイーン|プリンセス|やや薄い肌色|冠|女|女性|女王|王女|王妃	princess: medium-light skin tone|crown|fairy|fairytale|fantasy|medium-light skin tone|princess|queen|royal|royalty|tale
1f478-1f3fd	プリンセス: 中間の肌色|お姫さま|クイーン|プリンセス|中間の肌色|冠|女|女性|女王|王女|王妃	princess: medium skin tone|crown|fairy|fairytale|fantasy|medium skin tone|princess|queen|royal|royalty|tale
1f478-1f3fe	プリンセス: やや濃い肌色|お姫さま|クイーン|プリンセス|やや濃い肌色|冠|女|女性|女王|王女|王妃	princess: medium-dark skin tone|crown|fairy|fairytale|fantasy|medium-dark skin tone|princess|queen|royal|royalty|tale
1f478-1f3ff	プリンセス: 濃い肌色|お姫さま|クイーン|プリンセス|冠|女|女性|女王|濃い肌色|王女|王妃	princess: dark skin tone|crown|dark skin tone|fairy|fairytale|fantasy|princess|queen|royal|royalty|tale
1f473	ターバンの人|ターバン|帽子	person wearing turban|person|turban|wearing
1f473-1f3fb	ターバンの人: 薄い肌色|ターバン|ターバンの人|帽子|薄い肌色	person wearing turban: light skin tone|light skin tone|person|turban|wearing
1f473-1f3fc	ターバンの人: やや薄い肌色|ターバン|ターバンの人|やや薄い肌色|帽子	person wearing turban: medium-light skin tone|medium-light skin tone|person|turban|wearing
1f473-1f3fd	ターバンの人: 中間の肌色|ターバン|ターバンの人|中間の肌色|帽子	person wearing turban: medium skin tone|medium skin tone|person|turban|wearing
1f473-1f3fe	ターバンの人: やや濃い肌色|ターバン|ターバンの人|やや濃い肌色|帽子	person wearing turban: medium-dark skin tone|medium-dark skin tone|person|turban|wearing
1f473-1f3ff	ターバンの人: 濃い肌色|ターバン|ターバンの人|帽子|濃い肌色	person wearing turban: dark skin tone|dark skin tone|person|turban|wearing
1f473-200d-2642	ターバンの男性|ターバン|男|男性	man wearing turban|man|turban|wearing
1f473-1f3fb-200d-2642	ターバンの男性: 薄い肌色|ターバン|ターバンの男性|男|男性|薄い肌色	man wearing turban: light skin tone|light skin tone|man|turban|wearing
1f473-1f3fc-200d-2642	ターバンの男性: やや薄い肌色|ターバン|ターバンの男性|やや薄い肌色|男|男性	man wearing turban: medium-light skin tone|man|medium-light skin tone|turban|wearing
1f473-1f3fd-200d-2642	ターバンの男性: 中間の肌色|ターバン|ターバンの男性|中間の肌色|男|男性	man wearing turban: medium skin tone|man|medium skin tone|turban|wearing
1f473-1f3fe-200d-2642	ターバンの男性: やや濃い肌色|ターバン|ターバンの男性|やや濃い肌色|男|男性	man wearing turban: medium-dark skin tone|man|medium-dark skin tone|turban|wearing
1f473-1f3ff-200d-2642	ターバンの男性: 濃い肌色|ターバン|ターバンの男性|濃い肌色|男|男性	man wearing turban: dark skin tone|dark skin tone|man|turban|wearing
1f473-200d-2640	ターバンの女性|ターバン|女|女性	woman wearing turban|turban|wearing|woman
1f473-1f3fb-200d-2640	ターバンの女性: 薄い肌色|ターバン|ターバンの女性|女|女性|薄い肌色	woman wearing turban: light skin tone|light skin tone|turban|wearing|woman
1f473-1f3fc-200d-2640	ターバンの女性: やや薄い肌色|ターバン|ターバンの女性|やや薄い肌色|女|女性	woman wearing turban: medium-light skin tone|medium-light skin tone|turban|wearing|woman
1f473-1f3fd-200d-2640	ターバンの女性: 中間の肌色|ターバン|ターバンの女性|中間の肌色|女|女性	woman wearing turban: medium skin tone|medium skin tone|turban|wearing|woman
1f473-1f3fe-200d-2640	ターバンの女性: やや濃い肌色|ターバン|ターバンの女性|やや濃い肌色|女|女性	woman wearing turban: medium-dark skin tone|medium-dark skin tone|turban|wearing|woman
1f473-1f3ff-200d-2640	ターバンの女性: 濃い肌色|ターバン|ターバンの女性|女|女性|濃い肌色	woman wearing turban: dark skin tone|dark skin tone|turban|wearing|woman
1f472	中華帽の男性|おわん帽|男|男性	person with skullcap|cap|Chinese|gua|guapi|hat|mao|person|pi|skullcap
1f472-1f3fb	中華帽の男性: 薄い肌色|おわん帽|中華帽の男性|男|男性|薄い肌色	person with skullcap: light skin tone|cap|Chinese|gua|guapi|hat|light skin tone|mao|person|pi|skullcap
1f472-1f3fc	中華帽の男性: やや薄い肌色|おわん帽|やや薄い肌色|中華帽の男性|男|男性	person with skullcap: medium-light skin tone|cap|Chinese|gua|guapi|hat|mao|medium-light skin tone|person|pi|skullcap
1f472-1f3fd	中華帽の男性: 中間の肌色|おわん帽|中華帽の男性|中間の肌色|男|男性	person with skullcap: medium skin tone|cap|Chinese|gua|guapi|hat|mao|medium skin tone|person|pi|skullcap
1f472-1f3fe	中華帽の男性: やや濃い肌色|おわん帽|やや濃い肌色|中華帽の男性|男|男性	person with skullcap: medium-dark skin tone|cap|Chinese|gua|guapi|hat|mao|medium-dark skin tone|person|pi|skullcap
1f472-1f3ff	中華帽の男性: 濃い肌色|おわん帽|中華帽の男性|濃い肌色|男|男性	person with skullcap: dark skin tone|cap|Chinese|dark skin tone|gua|guapi|hat|mao|person|pi|skullcap
1f9d5	スカーフの女性|スカーフ|ヒジャブ|ベール|女|女性	woman with headscarf|bandana|head|headscarf|hijab|kerchief|mantilla|tichel|woman
1f9d5-1f3fb	スカーフの女性: 薄い肌色|スカーフ|スカーフの女性|ヒジャブ|ベール|女|女性|薄い肌色	woman with headscarf: light skin tone|bandana|head|headscarf|hijab|kerchief|light skin tone|mantilla|tichel|woman
1f9d5-1f3fc	スカーフの女性: やや薄い肌色|スカーフ|スカーフの女性|ヒジャブ|ベール|やや薄い肌色|女|女性	woman with headscarf: medium-light skin tone|bandana|head|headscarf|hijab|kerchief|mantilla|medium-light skin tone|tichel|woman
1f9d5-1f3fd	スカーフの女性: 中間の肌色|スカーフ|スカーフの女性|ヒジャブ|ベール|中間の肌色|女|女性	woman with headscarf: medium skin tone|bandana|head|headscarf|hijab|kerchief|mantilla|medium skin tone|tichel|woman
1f9d5-1f3fe	スカーフの女性: やや濃い肌色|スカーフ|スカーフの女性|ヒジャブ|ベール|やや濃い肌色|女|女性	woman with headscarf: medium-dark skin tone|bandana|head|headscarf|hijab|kerchief|mantilla|medium-dark skin tone|tichel|woman
1f9d5-1f3ff	スカーフの女性: 濃い肌色|スカーフ|スカーフの女性|ヒジャブ|ベール|女|女性|濃い肌色	woman with headscarf: dark skin tone|bandana|dark skin tone|head|headscarf|hijab|kerchief|mantilla|tichel|woman
1f935	タキシードの人|タキシード|フォーマル|人|正装|結婚	person in tuxedo|formal|person|tuxedo|wedding
1f935-1f3fb	タキシードの人: 薄い肌色|タキシード|タキシードの人|フォーマル|人|正装|結婚|薄い肌色	person in tuxedo: light skin tone|formal|light skin tone|person|tuxedo|wedding
1f935-1f3fc	タキシードの人: やや薄い肌色|タキシード|タキシードの人|フォーマル|やや薄い肌色|人|正装|結婚	person in tuxedo: medium-light skin tone|formal|medium-light skin tone|person|tuxedo|wedding
1f935-1f3fd	タキシードの人: 中間の肌色|タキシード|タキシードの人|フォーマル|中間の肌色|人|正装|結婚	person in tuxedo: medium skin tone|formal|medium skin tone|person|tuxedo|wedding
1f935-1f3fe	タキシードの人: やや濃い肌色|タキシード|タキシードの人|フォーマル|やや濃い肌色|人|正装|結婚	person in tuxedo: medium-dark skin tone|formal|medium-dark skin tone|person|tuxedo|wedding
1f935-1f3ff	タキシードの人: 濃い肌色|タキシード|タキシードの人|フォーマル|人|正装|濃い肌色|結婚	person in tuxedo: dark skin tone|dark skin tone|formal|person|tuxedo|wedding
1f935-200d-2642	タキシードの男性|タキシード|タキシードの男|男|男性	man in tuxedo|formal|groom|man|tuxedo|wedding
1f935-1f3fb-200d-2642	タキシードの男性: 薄い肌色|タキシード|タキシードの男|タキシードの男性|男|男性|薄い肌色	man in tuxedo: light skin tone|formal|groom|light skin tone|man|tuxedo|wedding
1f935-1f3fc-200d-2642	タキシードの男性: やや薄い肌色|タキシード|タキシードの男|タキシードの男性|やや薄い肌色|男|男性	man in tuxedo: medium-light skin tone|formal|groom|man|medium-light skin tone|tuxedo|wedding
1f935-1f3fd-200d-2642	タキシードの男性: 中間の肌色|タキシード|タキシードの男|タキシードの男性|中間の肌色|男|男性	man in tuxedo: medium skin tone|formal|groom|man|medium skin tone|tuxedo|wedding
1f935-1f3fe-200d-2642	タキシードの男性: やや濃い肌色|タキシード|タキシードの男|タキシードの男性|やや濃い肌色|男|男性	man in tuxedo: medium-dark skin tone|formal|groom|man|medium-dark skin tone|tuxedo|wedding
1f935-1f3ff-200d-2642	タキシードの男性: 濃い肌色|タキシード|タキシードの男|タキシードの男性|濃い肌色|男|男性	man in tuxedo: dark skin tone|dark skin tone|formal|groom|man|tuxedo|wedding
1f935-200d-2640	タキシードの女性|タキシード|タキシードの女|女|女性	woman in tuxedo|formal|tuxedo|wedding|woman
1f935-1f3fb-200d-2640	タキシードの女性: 薄い肌色|タキシード|タキシードの女|タキシードの女性|女|女性|薄い肌色	woman in tuxedo: light skin tone|formal|light skin tone|tuxedo|wedding|woman
1f935-1f3fc-200d-2640	タキシードの女性: やや薄い肌色|タキシード|タキシードの女|タキシードの女性|やや薄い肌色|女|女性	woman in tuxedo: medium-light skin tone|formal|medium-light skin tone|tuxedo|wedding|woman
1f935-1f3fd-200d-2640	タキシードの女性: 中間の肌色|タキシード|タキシードの女|タキシードの女性|中間の肌色|女|女性	woman in tuxedo: medium skin tone|formal|medium skin tone|tuxedo|wedding|woman
1f935-1f3fe-200d-2640	タキシードの女性: やや濃い肌色|タキシード|タキシードの女|タキシードの女性|やや濃い肌色|女|女性	woman in tuxedo: medium-dark skin tone|formal|medium-dark skin tone|tuxedo|wedding|woman
1f935-1f3ff-200d-2640	タキシードの女性: 濃い肌色|タキシード|タキシードの女|タキシードの女性|女|女性|濃い肌色	woman in tuxedo: dark skin tone|dark skin tone|formal|tuxedo|wedding|woman
1f470	ベールの人|ウェディング|ベール|人|結婚|顔	person with veil|person|veil|wedding
1f470-1f3fb	ベールの人: 薄い肌色|ウェディング|ベール|ベールの人|人|結婚|薄い肌色|顔	person with veil: light skin tone|light skin tone|person|veil|wedding
1f470-1f3fc	ベールの人: やや薄い肌色|ウェディング|ベール|ベールの人|やや薄い肌色|人|結婚|顔	person with veil: medium-light skin tone|medium-light skin tone|person|veil|wedding
1f470-1f3fd	ベールの人: 中間の肌色|ウェディング|ベール|ベールの人|中間の肌色|人|結婚|顔	person with veil: medium skin tone|medium skin tone|person|veil|wedding
1f470-1f3fe	ベールの人: やや濃い肌色|ウェディング|ベール|ベールの人|やや濃い肌色|人|結婚|顔	person with veil: medium-dark skin tone|medium-dark skin tone|person|veil|wedding
1f470-1f3ff	ベールの人: 濃い肌色|ウェディング|ベール|ベールの人|人|濃い肌色|結婚|顔	person with veil: dark skin tone|dark skin tone|person|veil|wedding
1f470-200d-2642	ベールの男性|ベール|男|男性	man with veil|man|veil|wedding
1f470-1f3fb-200d-2642	ベールの男性: 薄い肌色|ベール|ベールの男性|男|男性|薄い肌色	man with veil: light skin tone|light skin tone|man|veil|wedding
1f470-1f3fc-200d-2642	ベールの男性: やや薄い肌色|ベール|ベールの男性|やや薄い肌色|男|男性	man with veil: medium-light skin tone|man|medium-light skin tone|veil|wedding
1f470-1f3fd-200d-2642	ベールの男性: 中間の肌色|ベール|ベールの男性|中間の肌色|男|男性	man with veil: medium skin tone|man|medium skin tone|veil|wedding
1f470-1f3fe-200d-2642	ベールの男性: やや濃い肌色|ベール|ベールの男性|やや濃い肌色|男|男性	man with veil: medium-dark skin tone|man|medium-dark skin tone|veil|wedding
1f470-1f3ff-200d-2642	ベールの男性: 濃い肌色|ベール|ベールの男性|濃い肌色|男|男性	man with veil: dark skin tone|dark skin tone|man|veil|wedding
1f470-200d-2640	ベールの女性|ベール|女|女性	woman with veil|bride|veil|wedding|woman
1f470-1f3fb-200d-2640	ベールの女性: 薄い肌色|ベール|ベールの女性|女|女性|薄い肌色	woman with veil: light skin tone|bride|light skin tone|veil|wedding|woman
1f470-1f3fc-200d-2640	ベールの女性: やや薄い肌色|ベール|ベールの女性|やや薄い肌色|女|女性	woman with veil: medium-light skin tone|bride|medium-light skin tone|veil|wedding|woman
1f470-1f3fd-200d-2640	ベールの女性: 中間の肌色|ベール|ベールの女性|中間の肌色|女|女性	woman with veil: medium skin tone|bride|medium skin tone|veil|wedding|woman
1f470-1f3fe-200d-2640	ベールの女性: やや濃い肌色|ベール|ベールの女性|やや濃い肌色|女|女性	woman with veil: medium-dark skin tone|bride|medium-dark skin tone|veil|wedding|woman
1f470-1f3ff-200d-2640	ベールの女性: 濃い肌色|ベール|ベールの女性|女|女性|濃い肌色	woman with veil: dark skin tone|bride|dark skin tone|veil|wedding|woman
1f930	妊婦|女|女性|妊娠	pregnant woman|pregnant|woman
1f930-1f3fb	妊婦: 薄い肌色|女|女性|妊娠|妊婦|薄い肌色	pregnant woman: light skin tone|light skin tone|pregnant|woman
1f930-1f3fc	妊婦: やや薄い肌色|やや薄い肌色|女|女性|妊娠|妊婦	pregnant woman: medium-light skin tone|medium-light skin tone|pregnant|woman
1f930-1f3fd	妊婦: 中間の肌色|中間の肌色|女|女性|妊娠|妊婦	pregnant woman: medium skin tone|medium skin tone|pregnant|woman
1f930-1f3fe	妊婦: やや濃い肌色|やや濃い肌色|女|女性|妊娠|妊婦	pregnant woman: medium-dark skin tone|medium-dark skin tone|pregnant|woman
1f930-1f3ff	妊婦: 濃い肌色|女|女性|妊娠|妊婦|濃い肌色	pregnant woman: dark skin tone|dark skin tone|pregnant|woman
1fac3	妊夫|妊娠|妊娠した人|男|男性|食べ過ぎ	pregnant man|belly|bloated|full|man|overeat|pregnant
1fac3-1f3fb	妊夫: 薄い肌色|妊夫|妊娠|妊娠した人|男|男性|薄い肌色|食べ過ぎ	pregnant man: light skin tone|belly|bloated|full|light skin tone|man|overeat|pregnant
1fac3-1f3fc	妊夫: やや薄い肌色|やや薄い肌色|妊夫|妊娠|妊娠した人|男|男性|食べ過ぎ	pregnant man: medium-light skin tone|belly|bloated|full|man|medium-light skin tone|overeat|pregnant
1fac3-1f3fd	妊夫: 中間の肌色|中間の肌色|妊夫|妊娠|妊娠した人|男|男性|食べ過ぎ	pregnant man: medium skin tone|belly|bloated|full|man|medium skin tone|overeat|pregnant
1fac3-1f3fe	妊夫: やや濃い肌色|やや濃い肌色|妊夫|妊娠|妊娠した人|男|男性|食べ過ぎ	pregnant man: medium-dark skin tone|belly|bloated|full|man|medium-dark skin tone|overeat|pregnant
1fac3-1f3ff	妊夫: 濃い肌色|妊夫|妊娠|妊娠した人|濃い肌色|男|男性|食べ過ぎ	pregnant man: dark skin tone|belly|bloated|dark skin tone|full|man|overeat|pregnant
1fac4	妊娠した人|お腹|妊夫|妊娠|妊婦|食べ過ぎ	pregnant person|belly|bloated|full|overeat|person|pregnant|stuffed
1fac4-1f3fb	妊娠した人: 薄い肌色|お腹|妊夫|妊娠|妊娠した人|妊婦|薄い肌色|食べ過ぎ	pregnant person: light skin tone|belly|bloated|full|light skin tone|overeat|person|pregnant|stuffed
1fac4-1f3fc	妊娠した人: やや薄い肌色|お腹|やや薄い肌色|妊夫|妊娠|妊娠した人|妊婦|食べ過ぎ	pregnant person: medium-light skin tone|belly|bloated|full|medium-light skin tone|overeat|person|pregnant|stuffed
1fac4-1f3fd	妊娠した人: 中間の肌色|お腹|中間の肌色|妊夫|妊娠|妊娠した人|妊婦|食べ過ぎ	pregnant person: medium skin tone|belly|bloated|full|medium skin tone|overeat|person|pregnant|stuffed
1fac4-1f3fe	妊娠した人: やや濃い肌色|お腹|やや濃い肌色|妊夫|妊娠|妊娠した人|妊婦|食べ過ぎ	pregnant person: medium-dark skin tone|belly|bloated|full|medium-dark skin tone|overeat|person|pregnant|stuffed
1fac4-1f3ff	妊娠した人: 濃い肌色|お腹|妊夫|妊娠|妊娠した人|妊婦|濃い肌色|食べ過ぎ	pregnant person: dark skin tone|belly|bloated|dark skin tone|full|overeat|person|pregnant|stuffed
1f931	授乳|ミルク|女|女性|赤ちゃん	breast-feeding|baby|breast|feeding|mom|mother|nursing|woman
1f931-1f3fb	授乳: 薄い肌色|ミルク|女|女性|授乳|薄い肌色|赤ちゃん	breast-feeding: light skin tone|baby|breast|breast-feeding|feeding|light skin tone|mom|mother|nursing|woman
1f931-1f3fc	授乳: やや薄い肌色|ミルク|やや薄い肌色|女|女性|授乳|赤ちゃん	breast-feeding: medium-light skin tone|baby|breast|breast-feeding|feeding|medium-light skin tone|mom|mother|nursing|woman
1f931-1f3fd	授乳: 中間の肌色|ミルク|中間の肌色|女|女性|授乳|赤ちゃん	breast-feeding: medium skin tone|baby|breast|breast-feeding|feeding|medium skin tone|mom|mother|nursing|woman
1f931-1f3fe	授乳: やや濃い肌色|ミルク|やや濃い肌色|女|女性|授乳|赤ちゃん	breast-feeding: medium-dark skin tone|baby|breast|breast-feeding|feeding|medium-dark skin tone|mom|mother|nursing|woman
1f931-1f3ff	授乳: 濃い肌色|ミルク|女|女性|授乳|濃い肌色|赤ちゃん	breast-feeding: dark skin tone|baby|breast|breast-feeding|dark skin tone|feeding|mom|mother|nursing|woman
1f469-200d-1f37c	授乳する女性|ママ|人|女|女性|授乳|新生児|母親|赤ちゃん	woman feeding baby|baby|feed|feeding|mom|mother|nanny|newborn|nursing|woman
1f469-1f3fb-200d-1f37c	授乳する女性: 薄い肌色|ママ|人|女|女性|授乳|授乳する女性|新生児|母親|薄い肌色|赤ちゃん	woman feeding baby: light skin tone|baby|feed|feeding|light skin tone|mom|mother|nanny|newborn|nursing|woman
1f469-1f3fc-200d-1f37c	授乳する女性: やや薄い肌色|ママ|やや薄い肌色|人|女|女性|授乳|授乳する女性|新生児|母親|赤ちゃん	woman feeding baby: medium-light skin tone|baby|feed|feeding|medium-light skin tone|mom|mother|nanny|newborn|nursing|woman
1f469-1f3fd-200d-1f37c	授乳する女性: 中間の肌色|ママ|中間の肌色|人|女|女性|授乳|授乳する女性|新生児|母親|赤ちゃん	woman feeding baby: medium skin tone|baby|feed|feeding|medium skin tone|mom|mother|nanny|newborn|nursing|woman
1f469-1f3fe-200d-1f37c	授乳する女性: やや濃い肌色|ママ|やや濃い肌色|人|女|女性|授乳|授乳する女性|新生児|母親|赤ちゃん	woman feeding baby: medium-dark skin tone|baby|feed|feeding|medium-dark skin tone|mom|mother|nanny|newborn|nursing|woman
1f469-1f3ff-200d-1f37c	授乳する女性: 濃い肌色|ママ|人|女|女性|授乳|授乳する女性|新生児|母親|濃い肌色|赤ちゃん	woman feeding baby: dark skin tone|baby|dark skin tone|feed|feeding|mom|mother|nanny|newborn|nursing|woman
1f468-200d-1f37c	授乳する男性|パパ|人|授乳|新生児|父親|男|男性|赤ちゃん	man feeding baby|baby|dad|father|feed|feeding|man|nanny|newborn|nursing
1f468-1f3fb-200d-1f37c	授乳する男性: 薄い肌色|パパ|人|授乳|授乳する男性|新生児|父親|男|男性|薄い肌色|赤ちゃん	man feeding baby: light skin tone|baby|dad|father|feed|feeding|light skin tone|man|nanny|newborn|nursing
1f468-1f3fc-200d-1f37c	授乳する男性: やや薄い肌色|パパ|やや薄い肌色|人|授乳|授乳する男性|新生児|父親|男|男性|赤ちゃん	man feeding baby: medium-light skin tone|baby|dad|father|feed|feeding|man|medium-light skin tone|nanny|newborn|nursing
1f468-1f3fd-200d-1f37c	授乳する男性: 中間の肌色|パパ|中間の肌色|人|授乳|授乳する男性|新生児|父親|男|男性|赤ちゃん	man feeding baby: medium skin tone|baby|dad|father|feed|feeding|man|medium skin tone|nanny|newborn|nursing
1f468-1f3fe-200d-1f37c	授乳する男性: やや濃い肌色|パパ|やや濃い肌色|人|授乳|授乳する男性|新生児|父親|男|男性|赤ちゃん	man feeding baby: medium-dark skin tone|baby|dad|father|feed|feeding|man|medium-dark skin tone|nanny|newborn|nursing
1f468-1f3ff-200d-1f37c	授乳する男性: 濃い肌色|パパ|人|授乳|授乳する男性|新生児|濃い肌色|父親|男|男性|赤ちゃん	man feeding baby: dark skin tone|baby|dad|dark skin tone|father|feed|feeding|man|nanny|newborn|nursing
1f9d1-200d-1f37c	授乳する人|人|授乳|新生児|母親|父親|赤ちゃん	person feeding baby|baby|feed|feeding|nanny|newborn|nursing|parent
1f9d1-1f3fb-200d-1f37c	授乳する人: 薄い肌色|人|授乳|授乳する人|新生児|母親|父親|薄い肌色|赤ちゃん	person feeding baby: light skin tone|baby|feed|feeding|light skin tone|nanny|newborn|nursing|parent
1f9d1-1f3fc-200d-1f37c	授乳する人: やや薄い肌色|やや薄い肌色|人|授乳|授乳する人|新生児|母親|父親|赤ちゃん	person feeding baby: medium-light skin tone|baby|feed|feeding|medium-light skin tone|nanny|newborn|nursing|parent
1f9d1-1f3fd-200d-1f37c	授乳する人: 中間の肌色|中間の肌色|人|授乳|授乳する人|新生児|母親|父親|赤ちゃん	person feeding baby: medium skin tone|baby|feed|feeding|medium skin tone|nanny|newborn|nursing|parent
1f9d1-1f3fe-200d-1f37c	授乳する人: やや濃い肌色|やや濃い肌色|人|授乳|授乳する人|新生児|母親|父親|赤ちゃん	person feeding baby: medium-dark skin tone|baby|feed|feeding|medium-dark skin tone|nanny|newborn|nursing|parent
1f9d1-1f3ff-200d-1f37c	授乳する人: 濃い肌色|人|授乳|授乳する人|新生児|母親|濃い肌色|父親|赤ちゃん	person feeding baby: dark skin tone|baby|dark skin tone|feed|feeding|nanny|newborn|nursing|parent
1f47c	天使|エンジェル|エンゼル|赤ちゃん天使|顔	baby angel|angel|baby|church|face|fairy|fairytale|fantasy|tale
1f47c-1f3fb	天使: 薄い肌色|エンジェル|エンゼル|天使|薄い肌色|赤ちゃん天使|顔	baby angel: light skin tone|angel|baby|church|face|fairy|fairytale|fantasy|light skin tone|tale
1f47c-1f3fc	天使: やや薄い肌色|エンジェル|エンゼル|やや薄い肌色|天使|赤ちゃん天使|顔	baby angel: medium-light skin tone|angel|baby|church|face|fairy|fairytale|fantasy|medium-light skin tone|tale
1f47c-1f3fd	天使: 中間の肌色|エンジェル|エンゼル|中間の肌色|天使|赤ちゃん天使|顔	baby angel: medium skin tone|angel|baby|church|face|fairy|fairytale|fantasy|medium skin tone|tale
1f47c-1f3fe	天使: やや濃い肌色|エンジェル|エンゼル|やや濃い肌色|天使|赤ちゃん天使|顔	baby angel: medium-dark skin tone|angel|baby|church|face|fairy|fairytale|fantasy|medium-dark skin tone|tale
1f47c-1f3ff	天使: 濃い肌色|エンジェル|エンゼル|天使|濃い肌色|赤ちゃん天使|顔	baby angel: dark skin tone|angel|baby|church|dark skin tone|face|fairy|fairytale|fantasy|tale
1f385	サンタ|クリスマス|サンタクロース|顔	Santa Claus|celebration|Christmas|claus|fairy|fantasy|father|holiday|merry|santa|tale|xmas
1f385-1f3fb	サンタ: 薄い肌色|クリスマス|サンタ|サンタクロース|薄い肌色|顔	Santa Claus: light skin tone|celebration|Christmas|claus|fairy|fantasy|father|holiday|light skin tone|merry|santa|tale|xmas
1f385-1f3fc	サンタ: やや薄い肌色|クリスマス|サンタ|サンタクロース|やや薄い肌色|顔	Santa Claus: medium-light skin tone|celebration|Christmas|claus|fairy|fantasy|father|holiday|medium-light skin tone|merry|santa|tale|xmas
1f385-1f3fd	サンタ: 中間の肌色|クリスマス|サンタ|サンタクロース|中間の肌色|顔	Santa Claus: medium skin tone|celebration|Christmas|claus|fairy|fantasy|father|holiday|medium skin tone|merry|santa|tale|xmas
1f385-1f3fe	サンタ: やや濃い肌色|クリスマス|サンタ|サンタクロース|やや濃い肌色|顔	Santa Claus: medium-dark skin tone|celebration|Christmas|claus|fairy|fantasy|father|holiday|medium-dark skin tone|merry|santa|tale|xmas
1f385-1f3ff	サンタ: 濃い肌色|クリスマス|サンタ|サンタクロース|濃い肌色|顔	Santa Claus: dark skin tone|celebration|Christmas|claus|dark skin tone|fairy|fantasy|father|holiday|merry|santa|tale|xmas
1f936	女性のサンタ|クリスマス|サンタクロース|女|女性	Mrs. Claus|celebration|Christmas|claus|fairy|fantasy|holiday|merry|mother|Mrs|santa|tale|xmas
1f936-1f3fb	女性のサンタ: 薄い肌色|クリスマス|サンタクロース|女|女性|女性のサンタ|薄い肌色	Mrs. Claus: light skin tone|celebration|Christmas|claus|fairy|fantasy|holiday|light skin tone|merry|mother|Mrs|santa|tale|xmas
1f936-1f3fc	女性のサンタ: やや薄い肌色|クリスマス|サンタクロース|やや薄い肌色|女|女性|女性のサンタ	Mrs. Claus: medium-light skin tone|celebration|Christmas|claus|fairy|fantasy|holiday|medium-light skin tone|merry|mother|Mrs|santa|tale|xmas
1f936-1f3fd	女性のサンタ: 中間の肌色|クリスマス|サンタクロース|中間の肌色|女|女性|女性のサンタ	Mrs. Claus: medium skin tone|celebration|Christmas|claus|fairy|fantasy|holiday|medium skin tone|merry|mother|Mrs|santa|tale|xmas
1f936-1f3fe	女性のサンタ: やや濃い肌色|クリスマス|サンタクロース|やや濃い肌色|女|女性|女性のサンタ	Mrs. Claus: medium-dark skin tone|celebration|Christmas|claus|fairy|fantasy|holiday|medium-dark skin tone|merry|mother|Mrs|santa|tale|xmas
1f936-1f3ff	女性のサンタ: 濃い肌色|クリスマス|サンタクロース|女|女性|女性のサンタ|濃い肌色	Mrs. Claus: dark skin tone|celebration|Christmas|claus|dark skin tone|fairy|fantasy|holiday|merry|mother|Mrs|santa|tale|xmas
1f9d1-200d-1f384	サンタさん|クリスマス|サンタ|サンタクロース|人|帽子	Mx Claus|celebration|Christmas|claus|fairy|fantasy|holiday|merry|Mx|santa|tale|xmas
1f9d1-1f3fb-200d-1f384	サンタさん: 薄い肌色|クリスマス|サンタ|サンタクロース|サンタさん|人|帽子|薄い肌色	Mx Claus: light skin tone|celebration|Christmas|claus|fairy|fantasy|holiday|light skin tone|merry|Mx|santa|tale|xmas
1f9d1-1f3fc-200d-1f384	サンタさん: やや薄い肌色|クリスマス|サンタ|サンタクロース|サンタさん|やや薄い肌色|人|帽子	Mx Claus: medium-light skin tone|celebration|Christmas|claus|fairy|fantasy|holiday|medium-light skin tone|merry|Mx|santa|tale|xmas
1f9d1-1f3fd-200d-1f384	サンタさん: 中間の肌色|クリスマス|サンタ|サンタクロース|サンタさん|中間の肌色|人|帽子	Mx Claus: medium skin tone|celebration|Christmas|claus|fairy|fantasy|holiday|medium skin tone|merry|Mx|santa|tale|xmas
1f9d1-1f3fe-200d-1f384	サンタさん: やや濃い肌色|クリスマス|サンタ|サンタクロース|サンタさん|やや濃い肌色|人|帽子	Mx Claus: medium-dark skin tone|celebration|Christmas|claus|fairy|fantasy|holiday|medium-dark skin tone|merry|Mx|santa|tale|xmas
1f9d1-1f3ff-200d-1f384	サンタさん: 濃い肌色|クリスマス|サンタ|サンタクロース|サンタさん|人|帽子|濃い肌色	Mx Claus: dark skin tone|celebration|Christmas|claus|dark skin tone|fairy|fantasy|holiday|merry|Mx|santa|tale|xmas
1f9b8	スーパーヒーロー|スーパーマン|ヒーロー|ヒロイン|善|巨大勢力|超人	superhero|good|hero|superpower
1f9b8-1f3fb	スーパーヒーロー: 薄い肌色|スーパーヒーロー|スーパーマン|ヒーロー|ヒロイン|善|巨大勢力|薄い肌色|超人	superhero: light skin tone|good|hero|light skin tone|superhero|superpower
1f9b8-1f3fc	スーパーヒーロー: やや薄い肌色|スーパーヒーロー|スーパーマン|ヒーロー|ヒロイン|やや薄い肌色|善|巨大勢力|超人	superhero: medium-light skin tone|good|hero|medium-light skin tone|superhero|superpower
1f9b8-1f3fd	スーパーヒーロー: 中間の肌色|スーパーヒーロー|スーパーマン|ヒーロー|ヒロイン|中間の肌色|善|巨大勢力|超人	superhero: medium skin tone|good|hero|medium skin tone|superhero|superpower
1f9b8-1f3fe	スーパーヒーロー: やや濃い肌色|スーパーヒーロー|スーパーマン|ヒーロー|ヒロイン|やや濃い肌色|善|巨大勢力|超人	superhero: medium-dark skin tone|good|hero|medium-dark skin tone|superhero|superpower
1f9b8-1f3ff	スーパーヒーロー: 濃い肌色|スーパーヒーロー|スーパーマン|ヒーロー|ヒロイン|善|巨大勢力|濃い肌色|超人	superhero: dark skin tone|dark skin tone|good|hero|superhero|superpower
1f9b8-200d-2642	男性のスーパーヒーロー|ヒーロー|善|男性|超人	man superhero|good|hero|man|superhero|superpower
1f9b8-1f3fb-200d-2642	男性のスーパーヒーロー: 薄い肌色|ヒーロー|善|男性|男性のスーパーヒーロー|薄い肌色|超人	man superhero: light skin tone|good|hero|light skin tone|man|superhero|superpower
1f9b8-1f3fc-200d-2642	男性のスーパーヒーロー: やや薄い肌色|ヒーロー|やや薄い肌色|善|男性|男性のスーパーヒーロー|超人	man superhero: medium-light skin tone|good|hero|man|medium-light skin tone|superhero|superpower
1f9b8-1f3fd-200d-2642	男性のスーパーヒーロー: 中間の肌色|ヒーロー|中間の肌色|善|男性|男性のスーパーヒーロー|超人	man superhero: medium skin tone|good|hero|man|medium skin tone|superhero|superpower
1f9b8-1f3fe-200d-2642	男性のスーパーヒーロー: やや濃い肌色|ヒーロー|やや濃い肌色|善|男性|男性のスーパーヒーロー|超人	man superhero: medium-dark skin tone|good|hero|man|medium-dark skin tone|superhero|superpower
1f9b8-1f3ff-200d-2642	男性のスーパーヒーロー: 濃い肌色|ヒーロー|善|濃い肌色|男性|男性のスーパーヒーロー|超人	man superhero: dark skin tone|dark skin tone|good|hero|man|superhero|superpower
1f9b8-200d-2640	女性のスーパーヒーロー|ヒーロー|ヒロイン|善|女性|超人	woman superhero|good|hero|heroine|superhero|superpower|woman
1f9b8-1f3fb-200d-2640	女性のスーパーヒーロー: 薄い肌色|ヒーロー|ヒロイン|善|女性|女性のスーパーヒーロー|薄い肌色|超人	woman superhero: light skin tone|good|hero|heroine|light skin tone|superhero|superpower|woman
1f9b8-1f3fc-200d-2640	女性のスーパーヒーロー: やや薄い肌色|ヒーロー|ヒロイン|やや薄い肌色|善|女性|女性のスーパーヒーロー|超人	woman superhero: medium-light skin tone|good|hero|heroine|medium-light skin tone|superhero|superpower|woman
1f9b8-1f3fd-200d-2640	女性のスーパーヒーロー: 中間の肌色|ヒーロー|ヒロイン|中間の肌色|善|女性|女性のスーパーヒーロー|超人	woman superhero: medium skin tone|good|hero|heroine|medium skin tone|superhero|superpower|woman
1f9b8-1f3fe-200d-2640	女性のスーパーヒーロー: やや濃い肌色|ヒーロー|ヒロイン|やや濃い肌色|善|女性|女性のスーパーヒーロー|超人	woman superhero: medium-dark skin tone|good|hero|heroine|medium-dark skin tone|superhero|superpower|woman
1f9b8-1f3ff-200d-2640	女性のスーパーヒーロー: 濃い肌色|ヒーロー|ヒロイン|善|女性|女性のスーパーヒーロー|濃い肌色|超人	woman superhero: dark skin tone|dark skin tone|good|hero|heroine|superhero|superpower|woman
1f9b9	悪役|ヴィラン|人|悪|悪い人|悪人|悪玉|犯人|犯罪者|超悪玉	supervillain|bad|criminal|evil|superpower|villain
1f9b9-1f3fb	悪役: 薄い肌色|ヴィラン|人|悪|悪い人|悪人|悪役|悪玉|犯人|犯罪者|薄い肌色|超悪玉	supervillain: light skin tone|bad|criminal|evil|light skin tone|superpower|supervillain|villain
1f9b9-1f3fc	悪役: やや薄い肌色|ヴィラン|やや薄い肌色|人|悪|悪い人|悪人|悪役|悪玉|犯人|犯罪者|超悪玉	supervillain: medium-light skin tone|bad|criminal|evil|medium-light skin tone|superpower|supervillain|villain
1f9b9-1f3fd	悪役: 中間の肌色|ヴィラン|中間の肌色|人|悪|悪い人|悪人|悪役|悪玉|犯人|犯罪者|超悪玉	supervillain: medium skin tone|bad|criminal|evil|medium skin tone|superpower|supervillain|villain
1f9b9-1f3fe	悪役: やや濃い肌色|ヴィラン|やや濃い肌色|人|悪|悪い人|悪人|悪役|悪玉|犯人|犯罪者|超悪玉	supervillain: medium-dark skin tone|bad|criminal|evil|medium-dark skin tone|superpower|supervillain|villain
1f9b9-1f3ff	悪役: 濃い肌色|ヴィラン|人|悪|悪い人|悪人|悪役|悪玉|濃い肌色|犯人|犯罪者|超悪玉	supervillain: dark skin tone|bad|criminal|dark skin tone|evil|superpower|supervillain|villain
1f9b9-200d-2642	男性の悪役|ヴィラン|悪|犯人|男性|超人	man supervillain|bad|criminal|evil|man|superpower|supervillain|villain
1f9b9-1f3fb-200d-2642	男性の悪役: 薄い肌色|ヴィラン|悪|犯人|男性|男性の悪役|薄い肌色|超人	man supervillain: light skin tone|bad|criminal|evil|light skin tone|man|superpower|supervillain|villain
1f9b9-1f3fc-200d-2642	男性の悪役: やや薄い肌色|ヴィラン|やや薄い肌色|悪|犯人|男性|男性の悪役|超人	man supervillain: medium-light skin tone|bad|criminal|evil|man|medium-light skin tone|superpower|supervillain|villain
1f9b9-1f3fd-200d-2642	男性の悪役: 中間の肌色|ヴィラン|中間の肌色|悪|犯人|男性|男性の悪役|超人	man supervillain: medium skin tone|bad|criminal|evil|man|medium skin tone|superpower|supervillain|villain
1f9b9-1f3fe-200d-2642	男性の悪役: やや濃い肌色|ヴィラン|やや濃い肌色|悪|犯人|男性|男性の悪役|超人	man supervillain: medium-dark skin tone|bad|criminal|evil|man|medium-dark skin tone|superpower|supervillain|villain
1f9b9-1f3ff-200d-2642	男性の悪役: 濃い肌色|ヴィラン|悪|濃い肌色|犯人|男性|男性の悪役|超人	man supervillain: dark skin tone|bad|criminal|dark skin tone|evil|man|superpower|supervillain|villain
1f9b9-200d-2640	女性の悪役|ヴィラン|女性|悪|犯人|超人	woman supervillain|bad|criminal|evil|superpower|supervillain|villain|woman
1f9b9-1f3fb-200d-2640	女性の悪役: 薄い肌色|ヴィラン|女性|女性の悪役|悪|犯人|薄い肌色|超人	woman supervillain: light skin tone|bad|criminal|evil|light skin tone|superpower|supervillain|villain|woman
1f9b9-1f3fc-200d-2640	女性の悪役: やや薄い肌色|ヴィラン|やや薄い肌色|女性|女性の悪役|悪|犯人|超人	woman supervillain: medium-light skin tone|bad|criminal|evil|medium-light skin tone|superpower|supervillain|villain|woman
1f9b9-1f3fd-200d-2640	女性の悪役: 中間の肌色|ヴィラン|中間の肌色|女性|女性の悪役|悪|犯人|超人	woman supervillain: medium skin tone|bad|criminal|evil|medium skin tone|superpower|supervillain|villain|woman
1f9b9-1f3fe-200d-2640	女性の悪役: やや濃い肌色|ヴィラン|やや濃い肌色|女性|女性の悪役|悪|犯人|超人	woman supervillain: medium-dark skin tone|bad|criminal|evil|medium-dark skin tone|superpower|supervillain|villain|woman
1f9b9-1f3ff-200d-2640	女性の悪役: 濃い肌色|ヴィラン|女性|女性の悪役|悪|濃い肌色|犯人|超人	woman supervillain: dark skin tone|bad|criminal|dark skin tone|evil|superpower|supervillain|villain|woman
1f9d9	魔法使い|ファンタジー|ロールプレイ|召喚|呪文|魔女|魔法|魔術師	mage|fantasy|magic|play|sorcerer|sorceress|sorcery|spell|summon|witch|wizard
1f9d9-1f3fb	魔法使い: 薄い肌色|ファンタジー|ロールプレイ|召喚|呪文|薄い肌色|魔女|魔法|魔法使い|魔術師	mage: light skin tone|fantasy|light skin tone|mage|magic|play|sorcerer|sorceress|sorcery|spell|summon|witch|wizard
1f9d9-1f3fc	魔法使い: やや薄い肌色|ファンタジー|やや薄い肌色|ロールプレイ|召喚|呪文|魔女|魔法|魔法使い|魔術師	mage: medium-light skin tone|fantasy|mage|magic|medium-light skin tone|play|sorcerer|sorceress|sorcery|spell|summon|witch|wizard
1f9d9-1f3fd	魔法使い: 中間の肌色|ファンタジー|ロールプレイ|中間の肌色|召喚|呪文|魔女|魔法|魔法使い|魔術師	mage: medium skin tone|fantasy|mage|magic|medium skin tone|play|sorcerer|sorceress|sorcery|spell|summon|witch|wizard
1f9d9-1f3fe	魔法使い: やや濃い肌色|ファンタジー|やや濃い肌色|ロールプレイ|召喚|呪文|魔女|魔法|魔法使い|魔術師	mage: medium-dark skin tone|fantasy|mage|magic|medium-dark skin tone|play|sorcerer|sorceress|sorcery|spell|summon|witch|wizard
1f9d9-1f3ff	魔法使い: 濃い肌色|ファンタジー|ロールプレイ|召喚|呪文|濃い肌色|魔女|魔法|魔法使い|魔術師	mage: dark skin tone|dark skin tone|fantasy|mage|magic|play|sorcerer|sorceress|sorcery|spell|summon|witch|wizard
1f9d9-200d-2642	男の魔法使い|男|男性|魔法使い	man mage|fantasy|mage|magic|man|play|sorcerer|sorceress|sorcery|spell|summon|witch|wizard
1f9d9-1f3fb-200d-2642	男の魔法使い: 薄い肌色|男|男の魔法使い|男性|薄い肌色|魔法使い	man mage: light skin tone|fantasy|light skin tone|mage|magic|man|play|sorcerer|sorceress|sorcery|spell|summon|witch|wizard
1f9d9-1f3fc-200d-2642	男の魔法使い: やや薄い肌色|やや薄い肌色|男|男の魔法使い|男性|魔法使い	man mage: medium-light skin tone|fantasy|mage|magic|man|medium-light skin tone|play|sorcerer|sorceress|sorcery|spell|summon|witch|wizard
1f9d9-1f3fd-200d-2642	男の魔法使い: 中間の肌色|中間の肌色|男|男の魔法使い|男性|魔法使い	man mage: medium skin tone|fantasy|mage|magic|man|medium skin tone|play|sorcerer|sorceress|sorcery|spell|summon|witch|wizard
1f9d9-1f3fe-200d-2642	男の魔法使い: やや濃い肌色|やや濃い肌色|男|男の魔法使い|男性|魔法使い	man mage: medium-dark skin tone|fantasy|mage|magic|man|medium-dark skin tone|play|sorcerer|sorceress|sorcery|spell|summon|witch|wizard
1f9d9-1f3ff-200d-2642	男の魔法使い: 濃い肌色|濃い肌色|男|男の魔法使い|男性|魔法使い	man mage: dark skin tone|dark skin tone|fantasy|mage|magic|man|play|sorcerer|sorceress|sorcery|spell|summon|witch|wizard
1f9d9-200d-2640	女の魔法使い|女|女性|魔女|魔法使い	woman mage|fantasy|mage|magic|play|sorcerer|sorceress|sorcery|spell|summon|witch|wizard|woman
1f9d9-1f3fb-200d-2640	女の魔法使い: 薄い肌色|女|女の魔法使い|女性|薄い肌色|魔女|魔法使い	woman mage: light skin tone|fantasy|light skin tone|mage|magic|play|sorcerer|sorceress|sorcery|spell|summon|witch|wizard|woman
1f9d9-1f3fc-200d-2640	女の魔法使い: やや薄い肌色|やや薄い肌色|女|女の魔法使い|女性|魔女|魔法使い	woman mage: medium-light skin tone|fantasy|mage|magic|medium-light skin tone|play|sorcerer|sorceress|sorcery|spell|summon|witch|wizard|woman
1f9d9-1f3fd-200d-2640	女の魔法使い: 中間の肌色|中間の肌色|女|女の魔法使い|女性|魔女|魔法使い	woman mage: medium skin tone|fantasy|mage|magic|medium skin tone|play|sorcerer|sorceress|sorcery|spell|summon|witch|wizard|woman
1f9d9-1f3fe-200d-2640	女の魔法使い: やや濃い肌色|やや濃い肌色|女|女の魔法使い|女性|魔女|魔法使い	woman mage: medium-dark skin tone|fantasy|mage|magic|medium-dark skin tone|play|sorcerer|sorceress|sorcery|spell|summon|witch|wizard|woman
1f9d9-1f3ff-200d-2640	女の魔法使い: 濃い肌色|女|女の魔法使い|女性|濃い肌色|魔女|魔法使い	woman mage: dark skin tone|dark skin tone|fantasy|mage|magic|play|sorcerer|sorceress|sorcery|spell|summon|witch|wizard|woman
1f9da	妖精|おとぎ話|オベロン|パック|ファンタジー|伝説|神話|童話|魔法	fairy|fairytale|fantasy|myth|person|pixie|tale|wings
1f9da-1f3fb	妖精: 薄い肌色|おとぎ話|オベロン|パック|ファンタジー|伝説|妖精|神話|童話|薄い肌色|魔法	fairy: light skin tone|fairy|fairytale|fantasy|light skin tone|myth|person|pixie|tale|wings
1f9da-1f3fc	妖精: やや薄い肌色|おとぎ話|オベロン|パック|ファンタジー|やや薄い肌色|伝説|妖精|神話|童話|魔法	fairy: medium-light skin tone|fairy|fairytale|fantasy|medium-light skin tone|myth|person|pixie|tale|wings
1f9da-1f3fd	妖精: 中間の肌色|おとぎ話|オベロン|パック|ファンタジー|中間の肌色|伝説|妖精|神話|童話|魔法	fairy: medium skin tone|fairy|fairytale|fantasy|medium skin tone|myth|person|pixie|tale|wings
1f9da-1f3fe	妖精: やや濃い肌色|おとぎ話|オベロン|パック|ファンタジー|やや濃い肌色|伝説|妖精|神話|童話|魔法	fairy: medium-dark skin tone|fairy|fairytale|fantasy|medium-dark skin tone|myth|person|pixie|tale|wings
1f9da-1f3ff	妖精: 濃い肌色|おとぎ話|オベロン|パック|ファンタジー|伝説|妖精|濃い肌色|神話|童話|魔法	fairy: dark skin tone|dark skin tone|fairy|fairytale|fantasy|myth|person|pixie|tale|wings
1f9da-200d-2642	男の妖精|妖精|男|男性	man fairy|fairy|fairytale|fantasy|man|myth|Oberon|person|pixie|Puck|tale|wings
1f9da-1f3fb-200d-2642	男の妖精: 薄い肌色|妖精|男|男の妖精|男性|薄い肌色	man fairy: light skin tone|fairy|fairytale|fantasy|light skin tone|man|myth|Oberon|person|pixie|Puck|tale|wings
1f9da-1f3fc-200d-2642	男の妖精: やや薄い肌色|やや薄い肌色|妖精|男|男の妖精|男性	man fairy: medium-light skin tone|fairy|fairytale|fantasy|man|medium-light skin tone|myth|Oberon|person|pixie|Puck|tale|wings
1f9da-1f3fd-200d-2642	男の妖精: 中間の肌色|中間の肌色|妖精|男|男の妖精|男性	man fairy: medium skin tone|fairy|fairytale|fantasy|man|medium skin tone|myth|Oberon|person|pixie|Puck|tale|wings
1f9da-1f3fe-200d-2642	男の妖精: やや濃い肌色|やや濃い肌色|妖精|男|男の妖精|男性	man fairy: medium-dark skin tone|fairy|fairytale|fantasy|man|medium-dark skin tone|myth|Oberon|person|pixie|Puck|tale|wings
1f9da-1f3ff-200d-2642	男の妖精: 濃い肌色|妖精|濃い肌色|男|男の妖精|男性	man fairy: dark skin tone|dark skin tone|fairy|fairytale|fantasy|man|myth|Oberon|person|pixie|Puck|tale|wings
1f9da-200d-2640	女の妖精|女|女性|妖精	woman fairy|fairy|fairytale|fantasy|myth|person|pixie|tale|Titania|wings|woman
1f9da-1f3fb-200d-2640	女の妖精: 薄い肌色|女|女の妖精|女性|妖精|薄い肌色	woman fairy: light skin tone|fairy|fairytale|fantasy|light skin tone|myth|person|pixie|tale|Titania|wings|woman
1f9da-1f3fc-200d-2640	女の妖精: やや薄い肌色|やや薄い肌色|女|女の妖精|女性|妖精	woman fairy: medium-light skin tone|fairy|fairytale|fantasy|medium-light skin tone|myth|person|pixie|tale|Titania|wings|woman
1f9da-1f3fd-200d-2640	女の妖精: 中間の肌色|中間の肌色|女|女の妖精|女性|妖精	woman fairy: medium skin tone|fairy|fairytale|fantasy|medium skin tone|myth|person|pixie|tale|Titania|wings|woman
1f9da-1f3fe-200d-2640	女の妖精: やや濃い肌色|やや濃い肌色|女|女の妖精|女性|妖精	woman fairy: medium-dark skin tone|fairy|fairytale|fantasy|medium-dark skin tone|myth|person|pixie|tale|Titania|wings|woman
1f9da-1f3ff-200d-2640	女の妖精: 濃い肌色|女|女の妖精|女性|妖精|濃い肌色	woman fairy: dark skin tone|dark skin tone|fairy|fairytale|fantasy|myth|person|pixie|tale|Titania|wings|woman
1f9db	吸血鬼|ドラキュラ|ハロウィーン|バンパイア|不死身|恐怖|歯|牙|血	vampire|blood|Dracula|fangs|halloween|scary|supernatural|teeth|undead
1f9db-1f3fb	吸血鬼: 薄い肌色|ドラキュラ|ハロウィーン|バンパイア|不死身|吸血鬼|恐怖|歯|牙|薄い肌色|血	vampire: light skin tone|blood|Dracula|fangs|halloween|light skin tone|scary|supernatural|teeth|undead|vampire
1f9db-1f3fc	吸血鬼: やや薄い肌色|ドラキュラ|ハロウィーン|バンパイア|やや薄い肌色|不死身|吸血鬼|恐怖|歯|牙|血	vampire: medium-light skin tone|blood|Dracula|fangs|halloween|medium-light skin tone|scary|supernatural|teeth|undead|vampire
1f9db-1f3fd	吸血鬼: 中間の肌色|ドラキュラ|ハロウィーン|バンパイア|不死身|中間の肌色|吸血鬼|恐怖|歯|牙|血	vampire: medium skin tone|blood|Dracula|fangs|halloween|medium skin tone|scary|supernatural|teeth|undead|vampire
1f9db-1f3fe	吸血鬼: やや濃い肌色|ドラキュラ|ハロウィーン|バンパイア|やや濃い肌色|不死身|吸血鬼|恐怖|歯|牙|血	vampire: medium-dark skin tone|blood|Dracula|fangs|halloween|medium-dark skin tone|scary|supernatural|teeth|undead|vampire
1f9db-1f3ff	吸血鬼: 濃い肌色|ドラキュラ|ハロウィーン|バンパイア|不死身|吸血鬼|恐怖|歯|濃い肌色|牙|血	vampire: dark skin tone|blood|dark skin tone|Dracula|fangs|halloween|scary|supernatural|teeth|undead|vampire
1f9db-200d-2642	男の吸血鬼|ドラキュラ|バンパイア|吸血鬼|男|男性	man vampire|blood|fangs|halloween|man|scary|supernatural|teeth|undead|vampire
1f9db-1f3fb-200d-2642	男の吸血鬼: 薄い肌色|ドラキュラ|バンパイア|吸血鬼|男|男の吸血鬼|男性|薄い肌色	man vampire: light skin tone|blood|fangs|halloween|light skin tone|man|scary|supernatural|teeth|undead|vampire
1f9db-1f3fc-200d-2642	男の吸血鬼: やや薄い肌色|ドラキュラ|バンパイア|やや薄い肌色|吸血鬼|男|男の吸血鬼|男性	man vampire: medium-light skin tone|blood|fangs|halloween|man|medium-light skin tone|scary|supernatural|teeth|undead|vampire
1f9db-1f3fd-200d-2642	男の吸血鬼: 中間の肌色|ドラキュラ|バンパイア|中間の肌色|吸血鬼|男|男の吸血鬼|男性	man vampire: medium skin tone|blood|fangs|halloween|man|medium skin tone|scary|supernatural|teeth|undead|vampire
1f9db-1f3fe-200d-2642	男の吸血鬼: やや濃い肌色|ドラキュラ|バンパイア|やや濃い肌色|吸血鬼|男|男の吸血鬼|男性	man vampire: medium-dark skin tone|blood|fangs|halloween|man|medium-dark skin tone|scary|supernatural|teeth|undead|vampire
1f9db-1f3ff-200d-2642	男の吸血鬼: 濃い肌色|ドラキュラ|バンパイア|吸血鬼|濃い肌色|男|男の吸血鬼|男性	man vampire: dark skin tone|blood|dark skin tone|fangs|halloween|man|scary|supernatural|teeth|undead|vampire
1f9db-200d-2640	女の吸血鬼|ドラキュラ|バンパイア|吸血鬼|女|女性	woman vampire|blood|fangs|halloween|scary|supernatural|teeth|undead|vampire|woman
1f9db-1f3fb-200d-2640	女の吸血鬼: 薄い肌色|ドラキュラ|バンパイア|吸血鬼|女|女の吸血鬼|女性|薄い肌色	woman vampire: light skin tone|blood|fangs|halloween|light skin tone|scary|supernatural|teeth|undead|vampire|woman
1f9db-1f3fc-200d-2640	女の吸血鬼: やや薄い肌色|ドラキュラ|バンパイア|やや薄い肌色|吸血鬼|女|女の吸血鬼|女性	woman vampire: medium-light skin tone|blood|fangs|halloween|medium-light skin tone|scary|supernatural|teeth|undead|vampire|woman
1f9db-1f3fd-200d-2640	女の吸血鬼: 中間の肌色|ドラキュラ|バンパイア|中間の肌色|吸血鬼|女|女の吸血鬼|女性	woman vampire: medium skin tone|blood|fangs|halloween|medium skin tone|scary|supernatural|teeth|undead|vampire|woman
1f9db-1f3fe-200d-2640	女の吸血鬼: やや濃い肌色|ドラキュラ|バンパイア|やや濃い肌色|吸血鬼|女|女の吸血鬼|女性	woman vampire: medium-dark skin tone|blood|fangs|halloween|medium-dark skin tone|scary|supernatural|teeth|undead|vampire|woman
1f9db-1f3ff-200d-2640	女の吸血鬼: 濃い肌色|ドラキュラ|バンパイア|吸血鬼|女|女の吸血鬼|女性|濃い肌色	woman vampire: dark skin tone|blood|dark skin tone|fangs|halloween|scary|supernatural|teeth|undead|vampire|woman
1f9dc	人魚|おとぎ話|サイレン|マーメイド|伝説|半魚人|海の生物|海底	merperson|creature|fairytale|folklore|ocean|sea|siren|trident
1f9dc-1f3fb	人魚: 薄い肌色|おとぎ話|サイレン|マーメイド|人魚|伝説|半魚人|海の生物|海底|薄い肌色	merperson: light skin tone|creature|fairytale|folklore|light skin tone|merperson|ocean|sea|siren|trident
1f9dc-1f3fc	人魚: やや薄い肌色|おとぎ話|サイレン|マーメイド|やや薄い肌色|人魚|伝説|半魚人|海の生物|海底	merperson: medium-light skin tone|creature|fairytale|folklore|medium-light skin tone|merperson|ocean|sea|siren|trident
1f9dc-1f3fd	人魚: 中間の肌色|おとぎ話|サイレン|マーメイド|中間の肌色|人魚|伝説|半魚人|海の生物|海底	merperson: medium skin tone|creature|fairytale|folklore|medium skin tone|merperson|ocean|sea|siren|trident
1f9dc-1f3fe	人魚: やや濃い肌色|おとぎ話|サイレン|マーメイド|やや濃い肌色|人魚|伝説|半魚人|海の生物|海底	merperson: medium-dark skin tone|creature|fairytale|folklore|medium-dark skin tone|merperson|ocean|sea|siren|trident
1f9dc-1f3ff	人魚: 濃い肌色|おとぎ話|サイレン|マーメイド|人魚|伝説|半魚人|海の生物|海底|濃い肌色	merperson: dark skin tone|creature|dark skin tone|fairytale|folklore|merperson|ocean|sea|siren|trident
1f9dc-200d-2642	マーマン|人魚|男|男性	merman|creature|fairytale|folklore|Neptune|ocean|Poseidon|sea|siren|trident|Triton
1f9dc-1f3fb-200d-2642	マーマン: 薄い肌色|マーマン|人魚|男|男性|薄い肌色	merman: light skin tone|creature|fairytale|folklore|light skin tone|merman|Neptune|ocean|Poseidon|sea|siren|trident|Triton
1f9dc-1f3fc-200d-2642	マーマン: やや薄い肌色|マーマン|やや薄い肌色|人魚|男|男性	merman: medium-light skin tone|creature|fairytale|folklore|medium-light skin tone|merman|Neptune|ocean|Poseidon|sea|siren|trident|Triton
1f9dc-1f3fd-200d-2642	マーマン: 中間の肌色|マーマン|中間の肌色|人魚|男|男性	merman: medium skin tone|creature|fairytale|folklore|medium skin tone|merman|Neptune|ocean|Poseidon|sea|siren|trident|Triton
1f9dc-1f3fe-200d-2642	マーマン: やや濃い肌色|マーマン|やや濃い肌色|人魚|男|男性	merman: medium-dark skin tone|creature|fairytale|folklore|medium-dark skin tone|merman|Neptune|ocean|Poseidon|sea|siren|trident|Triton
1f9dc-1f3ff-200d-2642	マーマン: 濃い肌色|マーマン|人魚|濃い肌色|男|男性	merman: dark skin tone|creature|dark skin tone|fairytale|folklore|merman|Neptune|ocean|Poseidon|sea|siren|trident|Triton
1f9dc-200d-2640	マーメイド|人魚|女|女性	mermaid|creature|fairytale|folklore|merwoman|ocean|sea|siren|trident
1f9dc-1f3fb-200d-2640	マーメイド: 薄い肌色|マーメイド|人魚|女|女性|薄い肌色	mermaid: light skin tone|creature|fairytale|folklore|light skin tone|mermaid|merwoman|ocean|sea|siren|trident
1f9dc-1f3fc-200d-2640	マーメイド: やや薄い肌色|マーメイド|やや薄い肌色|人魚|女|女性	mermaid: medium-light skin tone|creature|fairytale|folklore|medium-light skin tone|mermaid|merwoman|ocean|sea|siren|trident
1f9dc-1f3fd-200d-2640	マーメイド: 中間の肌色|マーメイド|中間の肌色|人魚|女|女性	mermaid: medium skin tone|creature|fairytale|folklore|medium skin tone|mermaid|merwoman|ocean|sea|siren|trident
1f9dc-1f3fe-200d-2640	マーメイド: やや濃い肌色|マーメイド|やや濃い肌色|人魚|女|女性	mermaid: medium-dark skin tone|creature|fairytale|folklore|medium-dark skin tone|mermaid|merwoman|ocean|sea|siren|trident
1f9dc-1f3ff-200d-2640	マーメイド: 濃い肌色|マーメイド|人魚|女|女性|濃い肌色	mermaid: dark skin tone|creature|dark skin tone|fairytale|folklore|mermaid|merwoman|ocean|sea|siren|trident
1f9dd	エルフ|ファンタジー|伝説|妖精|神秘的|神話|魔力|魔法	elf|elves|enchantment|fantasy|folklore|magic|magical|myth
1f9dd-1f3fb	エルフ: 薄い肌色|エルフ|ファンタジー|伝説|妖精|神秘的|神話|薄い肌色|魔力|魔法	elf: light skin tone|elf|elves|enchantment|fantasy|folklore|light skin tone|magic|magical|myth
1f9dd-1f3fc	エルフ: やや薄い肌色|エルフ|ファンタジー|やや薄い肌色|伝説|妖精|神秘的|神話|魔力|魔法	elf: medium-light skin tone|elf|elves|enchantment|fantasy|folklore|magic|magical|medium-light skin tone|myth
1f9dd-1f3fd	エルフ: 中間の肌色|エルフ|ファンタジー|中間の肌色|伝説|妖精|神秘的|神話|魔力|魔法	elf: medium skin tone|elf|elves|enchantment|fantasy|folklore|magic|magical|medium skin tone|myth
1f9dd-1f3fe	エルフ: やや濃い肌色|エルフ|ファンタジー|やや濃い肌色|伝説|妖精|神秘的|神話|魔力|魔法	elf: medium-dark skin tone|elf|elves|enchantment|fantasy|folklore|magic|magical|medium-dark skin tone|myth
1f9dd-1f3ff	エルフ: 濃い肌色|エルフ|ファンタジー|伝説|妖精|濃い肌色|神秘的|神話|魔力|魔法	elf: dark skin tone|dark skin tone|elf|elves|enchantment|fantasy|folklore|magic|magical|myth
1f9dd-200d-2642	男のエルフ|エルフ|男|男性	man elf|elf|elves|enchantment|fantasy|folklore|magic|magical|man|myth
1f9dd-1f3fb-200d-2642	男のエルフ: 薄い肌色|エルフ|男|男のエルフ|男性|薄い肌色	man elf: light skin tone|elf|elves|enchantment|fantasy|folklore|light skin tone|magic|magical|man|myth
1f9dd-1f3fc-200d-2642	男のエルフ: やや薄い肌色|エルフ|やや薄い肌色|男|男のエルフ|男性	man elf: medium-light skin tone|elf|elves|enchantment|fantasy|folklore|magic|magical|man|medium-light skin tone|myth
1f9dd-1f3fd-200d-2642	男のエルフ: 中間の肌色|エルフ|中間の肌色|男|男のエルフ|男性	man elf: medium skin tone|elf|elves|enchantment|fantasy|folklore|magic|magical|man|medium skin tone|myth
1f9dd-1f3fe-200d-2642	男のエルフ: やや濃い肌色|エルフ|やや濃い肌色|男|男のエルフ|男性	man elf: medium-dark skin tone|elf|elves|enchantment|fantasy|folklore|magic|magical|man|medium-dark skin tone|myth
1f9dd-1f3ff-200d-2642	男のエルフ: 濃い肌色|エルフ|濃い肌色|男|男のエルフ|男性	man elf: dark skin tone|dark skin tone|elf|elves|enchantment|fantasy|folklore|magic|magical|man|myth
1f9dd-200d-2640	女のエルフ|エルフ|女|女性	woman elf|elf|elves|enchantment|fantasy|folklore|magic|magical|myth|woman
1f9dd-1f3fb-200d-2640	女のエルフ: 薄い肌色|エルフ|女|女のエルフ|女性|薄い肌色	woman elf: light skin tone|elf|elves|enchantment|fantasy|folklore|light skin tone|magic|magical|myth|woman
1f9dd-1f3fc-200d-2640	女のエルフ: やや薄い肌色|エルフ|やや薄い肌色|女|女のエルフ|女性	woman elf: medium-light skin tone|elf|elves|enchantment|fantasy|folklore|magic|magical|medium-light skin tone|myth|woman
1f9dd-1f3fd-200d-2640	女のエルフ: 中間の肌色|エルフ|中間の肌色|女|女のエルフ|女性	woman elf: medium skin tone|elf|elves|enchantment|fantasy|folklore|magic|magical|medium skin tone|myth|woman
1f9dd-1f3fe-200d-2640	女のエルフ: やや濃い肌色|エルフ|やや濃い肌色|女|女のエルフ|女性	woman elf: medium-dark skin tone|elf|elves|enchantment|fantasy|folklore|magic|magical|medium-dark skin tone|myth|woman
1f9dd-1f3ff-200d-2640	女のエルフ: 濃い肌色|エルフ|女|女のエルフ|女性|濃い肌色	woman elf: dark skin tone|dark skin tone|elf|elves|enchantment|fantasy|folklore|magic|magical|myth|woman
1f9de	精霊|ジニー|ファンタジー|ランプをこする|不可思議|神話|魔人	genie|djinn|fantasy|jinn|lamp|myth|rub|wishes
1f9de-200d-2642	男の精霊|男|男性|精霊|魔神	man genie|djinn|fantasy|genie|jinn|lamp|man|myth|rub|wishes
1f9de-200d-2640	女の精霊|女|女性|精霊|魔神	woman genie|djinn|fantasy|genie|jinn|lamp|myth|rub|wishes|woman
1f9df	ゾンビ|アンデッド|ハロウィーン|ホラー|大災害|恐怖|歩く屍	zombie|apocalypse|dead|halloween|horror|scary|undead|walking
1f9df-200d-2642	男のゾンビ|ゾンビ|ホラー|男|男性	man zombie|apocalypse|dead|halloween|horror|man|scary|undead|walking|zombie
1f9df-200d-2640	女のゾンビ|ゾンビ|ホラー|女|女性	woman zombie|apocalypse|dead|halloween|horror|scary|undead|walking|woman|zombie
1f9cc	トロール|おとぎ話|ファンタジー|モンスター	troll|fairy|fantasy|monster|tale|trolling
1f486	フェイスマッサージ中の人|エステ|サロン|スパ|セラピー|フェイスマッサージ|マッサージ|リラックス|施術|癒し	person getting massage|face|getting|headache|massage|person|relax|relaxing|salon|soothe|spa|tension|therapy|treatment
1f486-1f3fb	フェイスマッサージ中の人: 薄い肌色|エステ|サロン|スパ|セラピー|フェイスマッサージ|フェイスマッサージ中の人|マッサージ|リラックス|施術|癒し|薄い肌色	person getting massage: light skin tone|face|getting|headache|light skin tone|massage|person|relax|relaxing|salon|soothe|spa|tension|therapy|treatment
1f486-1f3fc	フェイスマッサージ中の人: やや薄い肌色|エステ|サロン|スパ|セラピー|フェイスマッサージ|フェイスマッサージ中の人|マッサージ|やや薄い肌色|リラックス|施術|癒し	person getting massage: medium-light skin tone|face|getting|headache|massage|medium-light skin tone|person|relax|relaxing|salon|soothe|spa|tension|therapy|treatment
1f486-1f3fd	フェイスマッサージ中の人: 中間の肌色|エステ|サロン|スパ|セラピー|フェイスマッサージ|フェイスマッサージ中の人|マッサージ|リラックス|中間の肌色|施術|癒し	person getting massage: medium skin tone|face|getting|headache|massage|medium skin tone|person|relax|relaxing|salon|soothe|spa|tension|therapy|treatment
1f486-1f3fe	フェイスマッサージ中の人: やや濃い肌色|エステ|サロン|スパ|セラピー|フェイスマッサージ|フェイスマッサージ中の人|マッサージ|やや濃い肌色|リラックス|施術|癒し	person getting massage: medium-dark skin tone|face|getting|headache|massage|medium-dark skin tone|person|relax|relaxing|salon|soothe|spa|tension|therapy|treatment
1f486-1f3ff	フェイスマッサージ中の人: 濃い肌色|エステ|サロン|スパ|セラピー|フェイスマッサージ|フェイスマッサージ中の人|マッサージ|リラックス|施術|濃い肌色|癒し	person getting massage: dark skin tone|dark skin tone|face|getting|headache|massage|person|relax|relaxing|salon|soothe|spa|tension|therapy|treatment
1f486-200d-2642	フェイスマッサージ中の男|エステ|フェイスマッサージ|マッサージ|リラックス|男|男性|顔	man getting massage|face|getting|headache|man|massage|relax|relaxing|salon|soothe|spa|tension|therapy|treatment
1f486-1f3fb-200d-2642	フェイスマッサージ中の男: 薄い肌色|エステ|フェイスマッサージ|フェイスマッサージ中の男|マッサージ|リラックス|男|男性|薄い肌色|顔	man getting massage: light skin tone|face|getting|headache|light skin tone|man|massage|relax|relaxing|salon|soothe|spa|tension|therapy|treatment
1f486-1f3fc-200d-2642	フェイスマッサージ中の男: やや薄い肌色|エステ|フェイスマッサージ|フェイスマッサージ中の男|マッサージ|やや薄い肌色|リラックス|男|男性|顔	man getting massage: medium-light skin tone|face|getting|headache|man|massage|medium-light skin tone|relax|relaxing|salon|soothe|spa|tension|therapy|treatment
1f486-1f3fd-200d-2642	フェイスマッサージ中の男: 中間の肌色|エステ|フェイスマッサージ|フェイスマッサージ中の男|マッサージ|リラックス|中間の肌色|男|男性|顔	man getting massage: medium skin tone|face|getting|headache|man|massage|medium skin tone|relax|relaxing|salon|soothe|spa|tension|therapy|treatment
1f486-1f3fe-200d-2642	フェイスマッサージ中の男: やや濃い肌色|エステ|フェイスマッサージ|フェイスマッサージ中の男|マッサージ|やや濃い肌色|リラックス|男|男性|顔	man getting massage: medium-dark skin tone|face|getting|headache|man|massage|medium-dark skin tone|relax|relaxing|salon|soothe|spa|tension|therapy|treatment
1f486-1f3ff-200d-2642	フェイスマッサージ中の男: 濃い肌色|エステ|フェイスマッサージ|フェイスマッサージ中の男|マッサージ|リラックス|濃い肌色|男|男性|顔	man getting massage: dark skin tone|dark skin tone|face|getting|headache|man|massage|relax|relaxing|salon|soothe|spa|tension|therapy|treatment
1f486-200d-2640	フェイスマッサージ中の女|エステ|フェイスマッサージ|マッサージ|女|女性	woman getting massage|face|getting|headache|massage|relax|relaxing|salon|soothe|spa|tension|therapy|treatment|woman
1f486-1f3fb-200d-2640	フェイスマッサージ中の女: 薄い肌色|エステ|フェイスマッサージ|フェイスマッサージ中の女|マッサージ|女|女性|薄い肌色	woman getting massage: light skin tone|face|getting|headache|light skin tone|massage|relax|relaxing|salon|soothe|spa|tension|therapy|treatment|woman
1f486-1f3fc-200d-2640	フェイスマッサージ中の女: やや薄い肌色|エステ|フェイスマッサージ|フェイスマッサージ中の女|マッサージ|やや薄い肌色|女|女性	woman getting massage: medium-light skin tone|face|getting|headache|massage|medium-light skin tone|relax|relaxing|salon|soothe|spa|tension|therapy|treatment|woman
1f486-1f3fd-200d-2640	フェイスマッサージ中の女: 中間の肌色|エステ|フェイスマッサージ|フェイスマッサージ中の女|マッサージ|中間の肌色|女|女性	woman getting massage: medium skin tone|face|getting|headache|massage|medium skin tone|relax|relaxing|salon|soothe|spa|tension|therapy|treatment|woman
1f486-1f3fe-200d-2640	フェイスマッサージ中の女: やや濃い肌色|エステ|フェイスマッサージ|フェイスマッサージ中の女|マッサージ|やや濃い肌色|女|女性	woman getting massage: medium-dark skin tone|face|getting|headache|massage|medium-dark skin tone|relax|relaxing|salon|soothe|spa|tension|therapy|treatment|woman
1f486-1f3ff-200d-2640	フェイスマッサージ中の女: 濃い肌色|エステ|フェイスマッサージ|フェイスマッサージ中の女|マッサージ|女|女性|濃い肌色	woman getting massage: dark skin tone|dark skin tone|face|getting|headache|massage|relax|relaxing|salon|soothe|spa|tension|therapy|treatment|woman
1f487	散髪される人|カット|ヘアカット|床屋|理容室|理容院|美容室|美容院|髪	person getting haircut|barber|beauty|chop|cosmetology|cut|groom|hair|haircut|parlor|person|shears|style
1f487-1f3fb	散髪される人: 薄い肌色|カット|ヘアカット|床屋|散髪される人|理容室|理容院|美容室|美容院|薄い肌色|髪	person getting haircut: light skin tone|barber|beauty|chop|cosmetology|cut|groom|hair|haircut|light skin tone|parlor|person|shears|style
1f487-1f3fc	散髪される人: やや薄い肌色|カット|ヘアカット|やや薄い肌色|床屋|散髪される人|理容室|理容院|美容室|美容院|髪	person getting haircut: medium-light skin tone|barber|beauty|chop|cosmetology|cut|groom|hair|haircut|medium-light skin tone|parlor|person|shears|style
1f487-1f3fd	散髪される人: 中間の肌色|カット|ヘアカット|中間の肌色|床屋|散髪される人|理容室|理容院|美容室|美容院|髪	person getting haircut: medium skin tone|barber|beauty|chop|cosmetology|cut|groom|hair|haircut|medium skin tone|parlor|person|shears|style
1f487-1f3fe	散髪される人: やや濃い肌色|カット|ヘアカット|やや濃い肌色|床屋|散髪される人|理容室|理容院|美容室|美容院|髪	person getting haircut: medium-dark skin tone|barber|beauty|chop|cosmetology|cut|groom|hair|haircut|medium-dark skin tone|parlor|person|shears|style
1f487-1f3ff	散髪される人: 濃い肌色|カット|ヘアカット|床屋|散髪される人|濃い肌色|理容室|理容院|美容室|美容院|髪	person getting haircut: dark skin tone|barber|beauty|chop|cosmetology|cut|dark skin tone|groom|hair|haircut|parlor|person|shears|style
1f487-200d-2642	散髪される男|カット|ヘアカット|床屋|理容室|理容院|男|男性|美容室|美容院	man getting haircut|barber|beauty|chop|cosmetology|cut|groom|hair|haircut|man|parlor|person|shears|style
1f487-1f3fb-200d-2642	散髪される男: 薄い肌色|カット|ヘアカット|床屋|散髪される男|理容室|理容院|男|男性|美容室|美容院|薄い肌色	man getting haircut: light skin tone|barber|beauty|chop|cosmetology|cut|groom|hair|haircut|light skin tone|man|parlor|person|shears|style
1f487-1f3fc-200d-2642	散髪される男: やや薄い肌色|カット|ヘアカット|やや薄い肌色|床屋|散髪される男|理容室|理容院|男|男性|美容室|美容院	man getting haircut: medium-light skin tone|barber|beauty|chop|cosmetology|cut|groom|hair|haircut|man|medium-light skin tone|parlor|person|shears|style
1f487-1f3fd-200d-2642	散髪される男: 中間の肌色|カット|ヘアカット|中間の肌色|床屋|散髪される男|理容室|理容院|男|男性|美容室|美容院	man getting haircut: medium skin tone|barber|beauty|chop|cosmetology|cut|groom|hair|haircut|man|medium skin tone|parlor|person|shears|style
1f487-1f3fe-200d-2642	散髪される男: やや濃い肌色|カット|ヘアカット|やや濃い肌色|床屋|散髪される男|理容室|理容院|男|男性|美容室|美容院	man getting haircut: medium-dark skin tone|barber|beauty|chop|cosmetology|cut|groom|hair|haircut|man|medium-dark skin tone|parlor|person|shears|style
1f487-1f3ff-200d-2642	散髪される男: 濃い肌色|カット|ヘアカット|床屋|散髪される男|濃い肌色|理容室|理容院|男|男性|美容室|美容院	man getting haircut: dark skin tone|barber|beauty|chop|cosmetology|cut|dark skin tone|groom|hair|haircut|man|parlor|person|shears|style
1f487-200d-2640	散髪される女|ヘアカット|女性|床屋|美容室|美容院	woman getting haircut|barber|beauty|chop|cosmetology|cut|groom|hair|haircut|parlor|person|shears|style|woman
1f487-1f3fb-200d-2640	散髪される女: 薄い肌色|ヘアカット|女性|床屋|散髪される女|美容室|美容院|薄い肌色	woman getting haircut: light skin tone|barber|beauty|chop|cosmetology|cut|groom|hair|haircut|light skin tone|parlor|person|shears|style|woman
1f487-1f3fc-200d-2640	散髪される女: やや薄い肌色|ヘアカット|やや薄い肌色|女性|床屋|散髪される女|美容室|美容院	woman getting haircut: medium-light skin tone|barber|beauty|chop|cosmetology|cut|groom|hair|haircut|medium-light skin tone|parlor|person|shears|style|woman
1f487-1f3fd-200d-2640	散髪される女: 中間の肌色|ヘアカット|中間の肌色|女性|床屋|散髪される女|美容室|美容院	woman getting haircut: medium skin tone|barber|beauty|chop|cosmetology|cut|groom|hair|haircut|medium skin tone|parlor|person|shears|style|woman
1f487-1f3fe-200d-2640	散髪される女: やや濃い肌色|ヘアカット|やや濃い肌色|女性|床屋|散髪される女|美容室|美容院	woman getting haircut: medium-dark skin tone|barber|beauty|chop|cosmetology|cut|groom|hair|haircut|medium-dark skin tone|parlor|person|shears|style|woman
1f487-1f3ff-200d-2640	散髪される女: 濃い肌色|ヘアカット|女性|床屋|散髪される女|濃い肌色|美容室|美容院	woman getting haircut: dark skin tone|barber|beauty|chop|cosmetology|cut|dark skin tone|groom|hair|haircut|parlor|person|shears|style|woman
1f6b6	歩く人|ウォーキング|ハイキング|ぶらつく|人|大股|散歩|歩く|歩行|歩行者	person walking|amble|gait|hike|man|pace|pedestrian|person|stride|stroll|walk|walking
1f6b6-1f3fb	歩く人: 薄い肌色|ウォーキング|ハイキング|ぶらつく|人|大股|散歩|歩く|歩行|歩行者|薄い肌色	person walking: light skin tone|amble|gait|hike|light skin tone|man|pace|pedestrian|person|stride|stroll|walk|walking
1f6b6-1f3fc	歩く人: やや薄い肌色|ウォーキング|ハイキング|ぶらつく|やや薄い肌色|人|大股|散歩|歩く|歩行|歩行者	person walking: medium-light skin tone|amble|gait|hike|man|medium-light skin tone|pace|pedestrian|person|stride|stroll|walk|walking
1f6b6-1f3fd	歩く人: 中間の肌色|ウォーキング|ハイキング|ぶらつく|中間の肌色|人|大股|散歩|歩く|歩行|歩行者	person walking: medium skin tone|amble|gait|hike|man|medium skin tone|pace|pedestrian|person|stride|stroll|walk|walking
1f6b6-1f3fe	歩く人: やや濃い肌色|ウォーキング|ハイキング|ぶらつく|やや濃い肌色|人|大股|散歩|歩く|歩行|歩行者	person walking: medium-dark skin tone|amble|gait|hike|man|medium-dark skin tone|pace|pedestrian|person|stride|stroll|walk|walking
1f6b6-1f3ff	歩く人: 濃い肌色|ウォーキング|ハイキング|ぶらつく|人|大股|散歩|歩く|歩行|歩行者|濃い肌色	person walking: dark skin tone|amble|dark skin tone|gait|hike|man|pace|pedestrian|person|stride|stroll|walk|walking
1f6b6-200d-2642	歩く男|ウォーキング|歩行|歩行者|男性	man walking|amble|gait|hike|man|pace|pedestrian|stride|stroll|walk|walking
1f6b6-1f3fb-200d-2642	歩く男: 薄い肌色|ウォーキング|歩く男|歩行|歩行者|男性|薄い肌色	man walking: light skin tone|amble|gait|hike|light skin tone|man|pace|pedestrian|stride|stroll|walk|walking
1f6b6-1f3fc-200d-2642	歩く男: やや薄い肌色|ウォーキング|やや薄い肌色|歩く男|歩行|歩行者|男性	man walking: medium-light skin tone|amble|gait|hike|man|medium-light skin tone|pace|pedestrian|stride|stroll|walk|walking
1f6b6-1f3fd-200d-2642	歩く男: 中間の肌色|ウォーキング|中間の肌色|歩く男|歩行|歩行者|男性	man walking: medium skin tone|amble|gait|hike|man|medium skin tone|pace|pedestrian|stride|stroll|walk|walking
1f6b6-1f3fe-200d-2642	歩く男: やや濃い肌色|ウォーキング|やや濃い肌色|歩く男|歩行|歩行者|男性	man walking: medium-dark skin tone|amble|gait|hike|man|medium-dark skin tone|pace|pedestrian|stride|stroll|walk|walking
1f6b6-1f3ff-200d-2642	歩く男: 濃い肌色|ウォーキング|歩く男|歩行|歩行者|濃い肌色|男性	man walking: dark skin tone|amble|dark skin tone|gait|hike|man|pace|pedestrian|stride|stroll|walk|walking
1f6b6-200d-2640	歩く女|ウォーキング|ハイキング|女性|散歩|歩く|歩行|歩行者	woman walking|amble|gait|hike|man|pace|pedestrian|stride|stroll|walk|walking|woman
1f6b6-1f3fb-200d-2640	歩く女: 薄い肌色|ウォーキング|ハイキング|女性|散歩|歩く|歩く女|歩行|歩行者|薄い肌色	woman walking: light skin tone|amble|gait|hike|light skin tone|man|pace|pedestrian|stride|stroll|walk|walking|woman
1f6b6-1f3fc-200d-2640	歩く女: やや薄い肌色|ウォーキング|ハイキング|やや薄い肌色|女性|散歩|歩く|歩く女|歩行|歩行者	woman walking: medium-light skin tone|amble|gait|hike|man|medium-light skin tone|pace|pedestrian|stride|stroll|walk|walking|woman
1f6b6-1f3fd-200d-2640	歩く女: 中間の肌色|ウォーキング|ハイキング|中間の肌色|女性|散歩|歩く|歩く女|歩行|歩行者	woman walking: medium skin tone|amble|gait|hike|man|medium skin tone|pace|pedestrian|stride|stroll|walk|walking|woman
1f6b6-1f3fe-200d-2640	歩く女: やや濃い肌色|ウォーキング|ハイキング|やや濃い肌色|女性|散歩|歩く|歩く女|歩行|歩行者	woman walking: medium-dark skin tone|amble|gait|hike|man|medium-dark skin tone|pace|pedestrian|stride|stroll|walk|walking|woman
1f6b6-1f3ff-200d-2640	歩く女: 濃い肌色|ウォーキング|ハイキング|女性|散歩|歩く|歩く女|歩行|歩行者|濃い肌色	woman walking: dark skin tone|amble|dark skin tone|gait|hike|man|pace|pedestrian|stride|stroll|walk|walking|woman
1f9cd	立つ人|人|立っている|起立	person standing|person|stand|standing
1f9cd-1f3fb	立つ人: 薄い肌色|人|立っている|立つ人|薄い肌色|起立	person standing: light skin tone|light skin tone|person|stand|standing
1f9cd-1f3fc	立つ人: やや薄い肌色|やや薄い肌色|人|立っている|立つ人|起立	person standing: medium-light skin tone|medium-light skin tone|person|stand|standing
1f9cd-1f3fd	立つ人: 中間の肌色|中間の肌色|人|立っている|立つ人|起立	person standing: medium skin tone|medium skin tone|person|stand|standing
1f9cd-1f3fe	立つ人: やや濃い肌色|やや濃い肌色|人|立っている|立つ人|起立	person standing: medium-dark skin tone|medium-dark skin tone|person|stand|standing
1f9cd-1f3ff	立つ人: 濃い肌色|人|濃い肌色|立っている|立つ人|起立	person standing: dark skin tone|dark skin tone|person|stand|standing
1f9cd-200d-2642	立つ男|男性|起立	man standing|man|stand|standing
1f9cd-1f3fb-200d-2642	立つ男: 薄い肌色|男性|立つ男|薄い肌色|起立	man standing: light skin tone|light skin tone|man|stand|standing
1f9cd-1f3fc-200d-2642	立つ男: やや薄い肌色|やや薄い肌色|男性|立つ男|起立	man standing: medium-light skin tone|man|medium-light skin tone|stand|standing
1f9cd-1f3fd-200d-2642	立つ男: 中間の肌色|中間の肌色|男性|立つ男|起立	man standing: medium skin tone|man|medium skin tone|stand|standing
1f9cd-1f3fe-200d-2642	立つ男: やや濃い肌色|やや濃い肌色|男性|立つ男|起立	man standing: medium-dark skin tone|man|medium-dark skin tone|stand|standing
1f9cd-1f3ff-200d-2642	立つ男: 濃い肌色|濃い肌色|男性|立つ男|起立	man standing: dark skin tone|dark skin tone|man|stand|standing
1f9cd-200d-2640	立つ女|女性|起立	woman standing|stand|standing|woman
1f9cd-1f3fb-200d-2640	立つ女: 薄い肌色|女性|立つ女|薄い肌色|起立	woman standing: light skin tone|light skin tone|stand|standing|woman
1f9cd-1f3fc-200d-2640	立つ女: やや薄い肌色|やや薄い肌色|女性|立つ女|起立	woman standing: medium-light skin tone|medium-light skin tone|stand|standing|woman
1f9cd-1f3fd-200d-2640	立つ女: 中間の肌色|中間の肌色|女性|立つ女|起立	woman standing: medium skin tone|medium skin tone|stand|standing|woman
1f9cd-1f3fe-200d-2640	立つ女: やや濃い肌色|やや濃い肌色|女性|立つ女|起立	woman standing: medium-dark skin tone|medium-dark skin tone|stand|standing|woman
1f9cd-1f3ff-200d-2640	立つ女: 濃い肌色|女性|濃い肌色|立つ女|起立	woman standing: dark skin tone|dark skin tone|stand|standing|woman
1f9ce	正座する人|ひざまずく|人|座る	person kneeling|kneel|kneeling|knees|person
1f9ce-1f3fb	正座する人: 薄い肌色|ひざまずく|人|座る|正座する人|薄い肌色	person kneeling: light skin tone|kneel|kneeling|knees|light skin tone|person
1f9ce-1f3fc	正座する人: やや薄い肌色|ひざまずく|やや薄い肌色|人|座る|正座する人	person kneeling: medium-light skin tone|kneel|kneeling|knees|medium-light skin tone|person
1f9ce-1f3fd	正座する人: 中間の肌色|ひざまずく|中間の肌色|人|座る|正座する人	person kneeling: medium skin tone|kneel|kneeling|knees|medium skin tone|person
1f9ce-1f3fe	正座する人: やや濃い肌色|ひざまずく|やや濃い肌色|人|座る|正座する人	person kneeling: medium-dark skin tone|kneel|kneeling|knees|medium-dark skin tone|person
1f9ce-1f3ff	正座する人: 濃い肌色|ひざまずく|人|座る|正座する人|濃い肌色	person kneeling: dark skin tone|dark skin tone|kneel|kneeling|knees|person
1f9ce-200d-2642	正座する男性|ひざまずく|座る|男性	man kneeling|kneel|kneeling|knees|man
1f9ce-1f3fb-200d-2642	正座する男性: 薄い肌色|ひざまずく|座る|正座する男性|男性|薄い肌色	man kneeling: light skin tone|kneel|kneeling|knees|light skin tone|man
1f9ce-1f3fc-200d-2642	正座する男性: やや薄い肌色|ひざまずく|やや薄い肌色|座る|正座する男性|男性	man kneeling: medium-light skin tone|kneel|kneeling|knees|man|medium-light skin tone
1f9ce-1f3fd-200d-2642	正座する男性: 中間の肌色|ひざまずく|中間の肌色|座る|正座する男性|男性	man kneeling: medium skin tone|kneel|kneeling|knees|man|medium skin tone
1f9ce-1f3fe-200d-2642	正座する男性: やや濃い肌色|ひざまずく|やや濃い肌色|座る|正座する男性|男性	man kneeling: medium-dark skin tone|kneel|kneeling|knees|man|medium-dark skin tone
1f9ce-1f3ff-200d-2642	正座する男性: 濃い肌色|ひざまずく|座る|正座する男性|濃い肌色|男性	man kneeling: dark skin tone|dark skin tone|kneel|kneeling|knees|man
1f9ce-200d-2640	正座する女性|ひざまずく|女性|座る	woman kneeling|kneel|kneeling|knees|woman
1f9ce-1f3fb-200d-2640	正座する女性: 薄い肌色|ひざまずく|女性|座る|正座する女性|薄い肌色	woman kneeling: light skin tone|kneel|kneeling|knees|light skin tone|woman
1f9ce-1f3fc-200d-2640	正座する女性: やや薄い肌色|ひざまずく|やや薄い肌色|女性|座る|正座する女性	woman kneeling: medium-light skin tone|kneel|kneeling|knees|medium-light skin tone|woman
1f9ce-1f3fd-200d-2640	正座する女性: 中間の肌色|ひざまずく|中間の肌色|女性|座る|正座する女性	woman kneeling: medium skin tone|kneel|kneeling|knees|medium skin tone|woman
1f9ce-1f3fe-200d-2640	正座する女性: やや濃い肌色|ひざまずく|やや濃い肌色|女性|座る|正座する女性	woman kneeling: medium-dark skin tone|kneel|kneeling|knees|medium-dark skin tone|woman
1f9ce-1f3ff-200d-2640	正座する女性: 濃い肌色|ひざまずく|女性|座る|正座する女性|濃い肌色	woman kneeling: dark skin tone|dark skin tone|kneel|kneeling|knees|woman
1f9d1-200d-1f9af	杖をついた人|アクセシビリティ|目|視覚|障がい	person with white cane|accessibility|blind|cane|person|probing|white
1f9d1-1f3fb-200d-1f9af	杖をついた人: 薄い肌色|アクセシビリティ|杖をついた人|目|視覚|薄い肌色|障がい	person with white cane: light skin tone|accessibility|blind|cane|light skin tone|person|probing|white
1f9d1-1f3fc-200d-1f9af	杖をついた人: やや薄い肌色|アクセシビリティ|やや薄い肌色|杖をついた人|目|視覚|障がい	person with white cane: medium-light skin tone|accessibility|blind|cane|medium-light skin tone|person|probing|white
1f9d1-1f3fd-200d-1f9af	杖をついた人: 中間の肌色|アクセシビリティ|中間の肌色|杖をついた人|目|視覚|障がい	person with white cane: medium skin tone|accessibility|blind|cane|medium skin tone|person|probing|white
1f9d1-1f3fe-200d-1f9af	杖をついた人: やや濃い肌色|アクセシビリティ|やや濃い肌色|杖をついた人|目|視覚|障がい	person with white cane: medium-dark skin tone|accessibility|blind|cane|medium-dark skin tone|person|probing|white
1f9d1-1f3ff-200d-1f9af	杖をついた人: 濃い肌色|アクセシビリティ|杖をついた人|濃い肌色|目|視覚|障がい	person with white cane: dark skin tone|accessibility|blind|cane|dark skin tone|person|probing|white
1f468-200d-1f9af	杖をついた男性|アクセシビリティ|男性|白杖をついた男性|目|視覚|障がい	man with white cane|accessibility|blind|cane|man|probing|white
1f468-1f3fb-200d-1f9af	杖をついた男性: 薄い肌色|アクセシビリティ|杖をついた男性|男性|白杖をついた男性|目|視覚|薄い肌色|障がい	man with white cane: light skin tone|accessibility|blind|cane|light skin tone|man|probing|white
1f468-1f3fc-200d-1f9af	杖をついた男性: やや薄い肌色|アクセシビリティ|やや薄い肌色|杖をついた男性|男性|白杖をついた男性|目|視覚|障がい	man with white cane: medium-light skin tone|accessibility|blind|cane|man|medium-light skin tone|probing|white
1f468-1f3fd-200d-1f9af	杖をついた男性: 中間の肌色|アクセシビリティ|中間の肌色|杖をついた男性|男性|白杖をついた男性|目|視覚|障がい	man with white cane: medium skin tone|accessibility|blind|cane|man|medium skin tone|probing|white
1f468-1f3fe-200d-1f9af	杖をついた男性: やや濃い肌色|アクセシビリティ|やや濃い肌色|杖をついた男性|男性|白杖をついた男性|目|視覚|障がい	man with white cane: medium-dark skin tone|accessibility|blind|cane|man|medium-dark skin tone|probing|white
1f468-1f3ff-200d-1f9af	杖をついた男性: 濃い肌色|アクセシビリティ|杖をついた男性|濃い肌色|男性|白杖をついた男性|目|視覚|障がい	man with white cane: dark skin tone|accessibility|blind|cane|dark skin tone|man|probing|white
1f469-200d-1f9af	杖をついた女性|アクセシビリティ|女性|白杖をついた女性|目|視覚|障がい	woman with white cane|accessibility|blind|cane|probing|white|woman
1f469-1f3fb-200d-1f9af	杖をついた女性: 薄い肌色|アクセシビリティ|女性|杖をついた女性|白杖をついた女性|目|視覚|薄い肌色|障がい	woman with white cane: light skin tone|accessibility|blind|cane|light skin tone|probing|white|woman
1f469-1f3fc-200d-1f9af	杖をついた女性: やや薄い肌色|アクセシビリティ|やや薄い肌色|女性|杖をついた女性|白杖をついた女性|目|視覚|障がい	woman with white cane: medium-light skin tone|accessibility|blind|cane|medium-light skin tone|probing|white|woman
1f469-1f3fd-200d-1f9af	杖をついた女性: 中間の肌色|アクセシビリティ|中間の肌色|女性|杖をついた女性|白杖をついた女性|目|視覚|障がい	woman with white cane: medium skin tone|accessibility|blind|cane|medium skin tone|probing|white|woman
1f469-1f3fe-200d-1f9af	杖をついた女性: やや濃い肌色|アクセシビリティ|やや濃い肌色|女性|杖をついた女性|白杖をついた女性|目|視覚|障がい	woman with white cane: medium-dark skin tone|accessibility|blind|cane|medium-dark skin tone|probing|white|woman
1f469-1f3ff-200d-1f9af	杖をついた女性: 濃い肌色|アクセシビリティ|女性|杖をついた女性|濃い肌色|白杖をついた女性|目|視覚|障がい	woman with white cane: dark skin tone|accessibility|blind|cane|dark skin tone|probing|white|woman
1f9d1-200d-1f9bc	電動車椅子の人|アクセシビリティ|車いす|障がい	person in motorized wheelchair|accessibility|motorized|person|wheelchair
1f9d1-1f3fb-200d-1f9bc	電動車椅子の人: 薄い肌色|アクセシビリティ|薄い肌色|車いす|障がい|電動車椅子の人	person in motorized wheelchair: light skin tone|accessibility|light skin tone|motorized|person|wheelchair
1f9d1-1f3fc-200d-1f9bc	電動車椅子の人: やや薄い肌色|アクセシビリティ|やや薄い肌色|車いす|障がい|電動車椅子の人	person in motorized wheelchair: medium-light skin tone|accessibility|medium-light skin tone|motorized|person|wheelchair
1f9d1-1f3fd-200d-1f9bc	電動車椅子の人: 中間の肌色|アクセシビリティ|中間の肌色|車いす|障がい|電動車椅子の人	person in motorized wheelchair: medium skin tone|accessibility|medium skin tone|motorized|person|wheelchair
1f9d1-1f3fe-200d-1f9bc	電動車椅子の人: やや濃い肌色|アクセシビリティ|やや濃い肌色|車いす|障がい|電動車椅子の人	person in motorized wheelchair: medium-dark skin tone|accessibility|medium-dark skin tone|motorized|person|wheelchair
1f9d1-1f3ff-200d-1f9bc	電動車椅子の人: 濃い肌色|アクセシビリティ|濃い肌色|車いす|障がい|電動車椅子の人	person in motorized wheelchair: dark skin tone|accessibility|dark skin tone|motorized|person|wheelchair
1f468-200d-1f9bc	電動車椅子の男性|アクセシビリティ|男性|車いす|障がい	man in motorized wheelchair|accessibility|man|motorized|wheelchair
1f468-1f3fb-200d-1f9bc	電動車椅子の男性: 薄い肌色|アクセシビリティ|男性|薄い肌色|車いす|障がい|電動車椅子の男性	man in motorized wheelchair: light skin tone|accessibility|light skin tone|man|motorized|wheelchair
1f468-1f3fc-200d-1f9bc	電動車椅子の男性: やや薄い肌色|アクセシビリティ|やや薄い肌色|男性|車いす|障がい|電動車椅子の男性	man in motorized wheelchair: medium-light skin tone|accessibility|man|medium-light skin tone|motorized|wheelchair
1f468-1f3fd-200d-1f9bc	電動車椅子の男性: 中間の肌色|アクセシビリティ|中間の肌色|男性|車いす|障がい|電動車椅子の男性	man in motorized wheelchair: medium skin tone|accessibility|man|medium skin tone|motorized|wheelchair
1f468-1f3fe-200d-1f9bc	電動車椅子の男性: やや濃い肌色|アクセシビリティ|やや濃い肌色|男性|車いす|障がい|電動車椅子の男性	man in motorized wheelchair: medium-dark skin tone|accessibility|man|medium-dark skin tone|motorized|wheelchair
1f468-1f3ff-200d-1f9bc	電動車椅子の男性: 濃い肌色|アクセシビリティ|濃い肌色|男性|車いす|障がい|電動車椅子の男性	man in motorized wheelchair: dark skin tone|accessibility|dark skin tone|man|motorized|wheelchair
1f469-200d-1f9bc	電動車椅子の女性|アクセシビリティ|女性|車いす|障がい	woman in motorized wheelchair|accessibility|motorized|wheelchair|woman
1f469-1f3fb-200d-1f9bc	電動車椅子の女性: 薄い肌色|アクセシビリティ|女性|薄い肌色|車いす|障がい|電動車椅子の女性	woman in motorized wheelchair: light skin tone|accessibility|light skin tone|motorized|wheelchair|woman
1f469-1f3fc-200d-1f9bc	電動車椅子の女性: やや薄い肌色|アクセシビリティ|やや薄い肌色|女性|車いす|障がい|電動車椅子の女性	woman in motorized wheelchair: medium-light skin tone|accessibility|medium-light skin tone|motorized|wheelchair|woman
1f469-1f3fd-200d-1f9bc	電動車椅子の女性: 中間の肌色|アクセシビリティ|中間の肌色|女性|車いす|障がい|電動車椅子の女性	woman in motorized wheelchair: medium skin tone|accessibility|medium skin tone|motorized|wheelchair|woman
1f469-1f3fe-200d-1f9bc	電動車椅子の女性: やや濃い肌色|アクセシビリティ|やや濃い肌色|女性|車いす|障がい|電動車椅子の女性	woman in motorized wheelchair: medium-dark skin tone|accessibility|medium-dark skin tone|motorized|wheelchair|woman
1f469-1f3ff-200d-1f9bc	電動車椅子の女性: 濃い肌色|アクセシビリティ|女性|濃い肌色|車いす|障がい|電動車椅子の女性	woman in motorized wheelchair: dark skin tone|accessibility|dark skin tone|motorized|wheelchair|woman
1f9d1-200d-1f9bd	手動式車椅子の人|アクセシビリティ|車いす|障がい	person in manual wheelchair|accessibility|manual|person|wheelchair
1f9d1-1f3fb-200d-1f9bd	手動式車椅子の人: 薄い肌色|アクセシビリティ|手動式車椅子の人|薄い肌色|車いす|障がい	person in manual wheelchair: light skin tone|accessibility|light skin tone|manual|person|wheelchair
1f9d1-1f3fc-200d-1f9bd	手動式車椅子の人: やや薄い肌色|アクセシビリティ|やや薄い肌色|手動式車椅子の人|車いす|障がい	person in manual wheelchair: medium-light skin tone|accessibility|manual|medium-light skin tone|person|wheelchair
1f9d1-1f3fd-200d-1f9bd	手動式車椅子の人: 中間の肌色|アクセシビリティ|中間の肌色|手動式車椅子の人|車いす|障がい	person in manual wheelchair: medium skin tone|accessibility|manual|medium skin tone|person|wheelchair
1f9d1-1f3fe-200d-1f9bd	手動式車椅子の人: やや濃い肌色|アクセシビリティ|やや濃い肌色|手動式車椅子の人|車いす|障がい	person in manual wheelchair: medium-dark skin tone|accessibility|manual|medium-dark skin tone|person|wheelchair
1f9d1-1f3ff-200d-1f9bd	手動式車椅子の人: 濃い肌色|アクセシビリティ|手動式車椅子の人|濃い肌色|車いす|障がい	person in manual wheelchair: dark skin tone|accessibility|dark skin tone|manual|person|wheelchair
1f468-200d-1f9bd	手動式車椅子の男性|アクセシビリティ|男性|車いす|障がい	man in manual wheelchair|accessibility|man|manual|wheelchair
1f468-1f3fb-200d-1f9bd	手動式車椅子の男性: 薄い肌色|アクセシビリティ|手動式車椅子の男性|男性|薄い肌色|車いす|障がい	man in manual wheelchair: light skin tone|accessibility|light skin tone|man|manual|wheelchair
1f468-1f3fc-200d-1f9bd	手動式車椅子の男性: やや薄い肌色|アクセシビリティ|やや薄い肌色|手動式車椅子の男性|男性|車いす|障がい	man in manual wheelchair: medium-light skin tone|accessibility|man|manual|medium-light skin tone|wheelchair
1f468-1f3fd-200d-1f9bd	手動式車椅子の男性: 中間の肌色|アクセシビリティ|中間の肌色|手動式車椅子の男性|男性|車いす|障がい	man in manual wheelchair: medium skin tone|accessibility|man|manual|medium skin tone|wheelchair
1f468-1f3fe-200d-1f9bd	手動式車椅子の男性: やや濃い肌色|アクセシビリティ|やや濃い肌色|手動式車椅子の男性|男性|車いす|障がい	man in manual wheelchair: medium-dark skin tone|accessibility|man|manual|medium-dark skin tone|wheelchair
1f468-1f3ff-200d-1f9bd	手動式車椅子の男性: 濃い肌色|アクセシビリティ|手動式車椅子の男性|濃い肌色|男性|車いす|障がい	man in manual wheelchair: dark skin tone|accessibility|dark skin tone|man|manual|wheelchair
1f469-200d-1f9bd	手動式車椅子の女性|アクセシビリティ|女性|車いす|障がい	woman in manual wheelchair|accessibility|manual|wheelchair|woman
1f469-1f3fb-200d-1f9bd	手動式車椅子の女性: 薄い肌色|アクセシビリティ|女性|手動式車椅子の女性|薄い肌色|車いす|障がい	woman in manual wheelchair: light skin tone|accessibility|light skin tone|manual|wheelchair|woman
1f469-1f3fc-200d-1f9bd	手動式車椅子の女性: やや薄い肌色|アクセシビリティ|やや薄い肌色|女性|手動式車椅子の女性|車いす|障がい	woman in manual wheelchair: medium-light skin tone|accessibility|manual|medium-light skin tone|wheelchair|woman
1f469-1f3fd-200d-1f9bd	手動式車椅子の女性: 中間の肌色|アクセシビリティ|中間の肌色|女性|手動式車椅子の女性|車いす|障がい	woman in manual wheelchair: medium skin tone|accessibility|manual|medium skin tone|wheelchair|woman
1f469-1f3fe-200d-1f9bd	手動式車椅子の女性: やや濃い肌色|アクセシビリティ|やや濃い肌色|女性|手動式車椅子の女性|車いす|障がい	woman in manual wheelchair: medium-dark skin tone|accessibility|manual|medium-dark skin tone|wheelchair|woman
1f469-1f3ff-200d-1f9bd	手動式車椅子の女性: 濃い肌色|アクセシビリティ|女性|手動式車椅子の女性|濃い肌色|車いす|障がい	woman in manual wheelchair: dark skin tone|accessibility|dark skin tone|manual|wheelchair|woman
1f3c3	走る人|ジョギング|マラソン|ランナー|ランニング|急ぐ|走る|駆け足	person running|fast|hurry|marathon|move|person|quick|race|racing|run|rush|speed
1f3c3-1f3fb	走る人: 薄い肌色|ジョギング|マラソン|ランナー|ランニング|急ぐ|薄い肌色|走る|走る人|駆け足	person running: light skin tone|fast|hurry|light skin tone|marathon|move|person|quick|race|racing|run|rush|speed
1f3c3-1f3fc	走る人: やや薄い肌色|ジョギング|マラソン|やや薄い肌色|ランナー|ランニング|急ぐ|走る|走る人|駆け足	person running: medium-light skin tone|fast|hurry|marathon|medium-light skin tone|move|person|quick|race|racing|run|rush|speed
1f3c3-1f3fd	走る人: 中間の肌色|ジョギング|マラソン|ランナー|ランニング|中間の肌色|急ぐ|走る|走る人|駆け足	person running: medium skin tone|fast|hurry|marathon|medium skin tone|move|person|quick|race|racing|run|rush|speed
1f3c3-1f3fe	走る人: やや濃い肌色|ジョギング|マラソン|やや濃い肌色|ランナー|ランニング|急ぐ|走る|走る人|駆け足	person running: medium-dark skin tone|fast|hurry|marathon|medium-dark skin tone|move|person|quick|race|racing|run|rush|speed
1f3c3-1f3ff	走る人: 濃い肌色|ジョギング|マラソン|ランナー|ランニング|急ぐ|濃い肌色|走る|走る人|駆け足	person running: dark skin tone|dark skin tone|fast|hurry|marathon|move|person|quick|race|racing|run|rush|speed
1f3c3-200d-2642	走る男|ジョギング|マラソン|ランナー|ランニング|男性	man running|fast|hurry|man|marathon|move|quick|race|racing|run|rush|speed
1f3c3-1f3fb-200d-2642	走る男: 薄い肌色|ジョギング|マラソン|ランナー|ランニング|男性|薄い肌色|走る男	man running: light skin tone|fast|hurry|light skin tone|man|marathon|move|quick|race|racing|run|rush|speed
1f3c3-1f3fc-200d-2642	走る男: やや薄い肌色|ジョギング|マラソン|やや薄い肌色|ランナー|ランニング|男性|走る男	man running: medium-light skin tone|fast|hurry|man|marathon|medium-light skin tone|move|quick|race|racing|run|rush|speed
1f3c3-1f3fd-200d-2642	走る男: 中間の肌色|ジョギング|マラソン|ランナー|ランニング|中間の肌色|男性|走る男	man running: medium skin tone|fast|hurry|man|marathon|medium skin tone|move|quick|race|racing|run|rush|speed
1f3c3-1f3fe-200d-2642	走る男: やや濃い肌色|ジョギング|マラソン|やや濃い肌色|ランナー|ランニング|男性|走る男	man running: medium-dark skin tone|fast|hurry|man|marathon|medium-dark skin tone|move|quick|race|racing|run|rush|speed
1f3c3-1f3ff-200d-2642	走る男: 濃い肌色|ジョギング|マラソン|ランナー|ランニング|濃い肌色|男性|走る男	man running: dark skin tone|dark skin tone|fast|hurry|man|marathon|move|quick|race|racing|run|rush|speed
1f3c3-200d-2640	走る女|ジョギング|マラソン|ランナー|ランニング|女性|急ぐ|走る|駆け足	woman running|fast|hurry|marathon|move|quick|race|racing|run|rush|speed|woman
1f3c3-1f3fb-200d-2640	走る女: 薄い肌色|ジョギング|マラソン|ランナー|ランニング|女性|急ぐ|薄い肌色|走る|走る女|駆け足	woman running: light skin tone|fast|hurry|light skin tone|marathon|move|quick|race|racing|run|rush|speed|woman
1f3c3-1f3fc-200d-2640	走る女: やや薄い肌色|ジョギング|マラソン|やや薄い肌色|ランナー|ランニング|女性|急ぐ|走る|走る女|駆け足	woman running: medium-light skin tone|fast|hurry|marathon|medium-light skin tone|move|quick|race|racing|run|rush|speed|woman
1f3c3-1f3fd-200d-2640	走る女: 中間の肌色|ジョギング|マラソン|ランナー|ランニング|中間の肌色|女性|急ぐ|走る|走る女|駆け足	woman running: medium skin tone|fast|hurry|marathon|medium skin tone|move|quick|race|racing|run|rush|speed|woman
1f3c3-1f3fe-200d-2640	走る女: やや濃い肌色|ジョギング|マラソン|やや濃い肌色|ランナー|ランニング|女性|急ぐ|走る|走る女|駆け足	woman running: medium-dark skin tone|fast|hurry|marathon|medium-dark skin tone|move|quick|race|racing|run|rush|speed|woman
1f3c3-1f3ff-200d-2640	走る女: 濃い肌色|ジョギング|マラソン|ランナー|ランニング|女性|急ぐ|濃い肌色|走る|走る女|駆け足	woman running: dark skin tone|dark skin tone|fast|hurry|marathon|move|quick|race|racing|run|rush|speed|woman
1f483	踊る女|サルサ|タンゴ|ダンサー|ダンス|フラメンコ|女|女性|踊り子	woman dancing|dance|dancer|dancing|elegant|festive|flair|flamenco|groove|let’s|salsa|tango|woman
1f483-1f3fb	踊る女: 薄い肌色|サルサ|タンゴ|ダンサー|ダンス|フラメンコ|女|女性|薄い肌色|踊り子|踊る女	woman dancing: light skin tone|dance|dancer|dancing|elegant|festive|flair|flamenco|groove|let’s|light skin tone|salsa|tango|woman
1f483-1f3fc	踊る女: やや薄い肌色|サルサ|タンゴ|ダンサー|ダンス|フラメンコ|やや薄い肌色|女|女性|踊り子|踊る女	woman dancing: medium-light skin tone|dance|dancer|dancing|elegant|festive|flair|flamenco|groove|let’s|medium-light skin tone|salsa|tango|woman
1f483-1f3fd	踊る女: 中間の肌色|サルサ|タンゴ|ダンサー|ダンス|フラメンコ|中間の肌色|女|女性|踊り子|踊る女	woman dancing: medium skin tone|dance|dancer|dancing|elegant|festive|flair|flamenco|groove|let’s|medium skin tone|salsa|tango|woman
1f483-1f3fe	踊る女: やや濃い肌色|サルサ|タンゴ|ダンサー|ダンス|フラメンコ|やや濃い肌色|女|女性|踊り子|踊る女	woman dancing: medium-dark skin tone|dance|dancer|dancing|elegant|festive|flair|flamenco|groove|let’s|medium-dark skin tone|salsa|tango|woman
1f483-1f3ff	踊る女: 濃い肌色|サルサ|タンゴ|ダンサー|ダンス|フラメンコ|女|女性|濃い肌色|踊り子|踊る女	woman dancing: dark skin tone|dance|dancer|dancing|dark skin tone|elegant|festive|flair|flamenco|groove|let’s|salsa|tango|woman
1f57a	踊る男|サルサ|タンゴ|ダンサー|ダンス|フラメンコ|男|男性	man dancing|dance|dancer|dancing|elegant|festive|flair|flamenco|groove|let’s|man|salsa|tango
1f57a-1f3fb	踊る男: 薄い肌色|サルサ|タンゴ|ダンサー|ダンス|フラメンコ|男|男性|薄い肌色|踊る男	man dancing: light skin tone|dance|dancer|dancing|elegant|festive|flair|flamenco|groove|let’s|light skin tone|man|salsa|tango
1f57a-1f3fc	踊る男: やや薄い肌色|サルサ|タンゴ|ダンサー|ダンス|フラメンコ|やや薄い肌色|男|男性|踊る男	man dancing: medium-light skin tone|dance|dancer|dancing|elegant|festive|flair|flamenco|groove|let’s|man|medium-light skin tone|salsa|tango
1f57a-1f3fd	踊る男: 中間の肌色|サルサ|タンゴ|ダンサー|ダンス|フラメンコ|中間の肌色|男|男性|踊る男	man dancing: medium skin tone|dance|dancer|dancing|elegant|festive|flair|flamenco|groove|let’s|man|medium skin tone|salsa|tango
1f57a-1f3fe	踊る男: やや濃い肌色|サルサ|タンゴ|ダンサー|ダンス|フラメンコ|やや濃い肌色|男|男性|踊る男	man dancing: medium-dark skin tone|dance|dancer|dancing|elegant|festive|flair|flamenco|groove|let’s|man|medium-dark skin tone|salsa|tango
1f57a-1f3ff	踊る男: 濃い肌色|サルサ|タンゴ|ダンサー|ダンス|フラメンコ|濃い肌色|男|男性|踊る男	man dancing: dark skin tone|dance|dancer|dancing|dark skin tone|elegant|festive|flair|flamenco|groove|let’s|man|salsa|tango
1f574	浮いてるビジネスマン|スーツ|ビジネスマン|男|男性|空中浮遊	person in suit levitating|business|levitating|person|suit
1f574-1f3fb	浮いてるビジネスマン: 薄い肌色|スーツ|ビジネスマン|浮いてるビジネスマン|男|男性|空中浮遊|薄い肌色	person in suit levitating: light skin tone|business|levitating|light skin tone|person|suit
1f574-1f3fc	浮いてるビジネスマン: やや薄い肌色|スーツ|ビジネスマン|やや薄い肌色|浮いてるビジネスマン|男|男性|空中浮遊	person in suit levitating: medium-light skin tone|business|levitating|medium-light skin tone|person|suit
1f574-1f3fd	浮いてるビジネスマン: 中間の肌色|スーツ|ビジネスマン|中間の肌色|浮いてるビジネスマン|男|男性|空中浮遊	person in suit levitating: medium skin tone|business|levitating|medium skin tone|person|suit
1f574-1f3fe	浮いてるビジネスマン: やや濃い肌色|スーツ|ビジネスマン|やや濃い肌色|浮いてるビジネスマン|男|男性|空中浮遊	person in suit levitating: medium-dark skin tone|business|levitating|medium-dark skin tone|person|suit
1f574-1f3ff	浮いてるビジネスマン: 濃い肌色|スーツ|ビジネスマン|浮いてるビジネスマン|濃い肌色|男|男性|空中浮遊	person in suit levitating: dark skin tone|business|dark skin tone|levitating|person|suit
1f46f	バニー|うさ耳|ずっ友|そっくり|ダンサー|パーティ|ペア|双子|相方|親友	people with bunny ears|bestie|bff|bunny|counterpart|dancer|double|ear|identical|pair|party|partying|people|soulmate|twin|twinsies
1f46f-200d-2642	バニーボーイ|うさ耳|ダンサー|パーティー|男|男性|親友	men with bunny ears|bestie|bff|bunny|counterpart|dancer|double|ear|identical|men|pair|party|partying|people|soulmate|twin|twinsies
1f46f-200d-2640	バニーガール|うさ耳|ダンサー|パーティー|女|女性	women with bunny ears|bestie|bff|bunny|counterpart|dancer|double|ear|identical|pair|party|partying|people|soulmate|twin|twinsies|women
1f9d6	サウナに入る人|くつろぐ|サウナ|スパ|リラックス|蒸しぶろ|蒸気	person in steamy room|day|luxurious|pamper|person|relax|room|sauna|spa|steam|steambath|unwind
1f9d6-1f3fb	サウナに入る人: 薄い肌色|くつろぐ|サウナ|サウナに入る人|スパ|リラックス|蒸しぶろ|蒸気|薄い肌色	person in steamy room: light skin tone|day|light skin tone|luxurious|pamper|person|relax|room|sauna|spa|steam|steambath|unwind
1f9d6-1f3fc	サウナに入る人: やや薄い肌色|くつろぐ|サウナ|サウナに入る人|スパ|やや薄い肌色|リラックス|蒸しぶろ|蒸気	person in steamy room: medium-light skin tone|day|luxurious|medium-light skin tone|pamper|person|relax|room|sauna|spa|steam|steambath|unwind
1f9d6-1f3fd	サウナに入る人: 中間の肌色|くつろぐ|サウナ|サウナに入る人|スパ|リラックス|中間の肌色|蒸しぶろ|蒸気	person in steamy room: medium skin tone|day|luxurious|medium skin tone|pamper|person|relax|room|sauna|spa|steam|steambath|unwind
1f9d6-1f3fe	サウナに入る人: やや濃い肌色|くつろぐ|サウナ|サウナに入る人|スパ|やや濃い肌色|リラックス|蒸しぶろ|蒸気	person in steamy room: medium-dark skin tone|day|luxurious|medium-dark skin tone|pamper|person|relax|room|sauna|spa|steam|steambath|unwind
1f9d6-1f3ff	サウナに入る人: 濃い肌色|くつろぐ|サウナ|サウナに入る人|スパ|リラックス|濃い肌色|蒸しぶろ|蒸気	person in steamy room: dark skin tone|dark skin tone|day|luxurious|pamper|person|relax|room|sauna|spa|steam|steambath|unwind
1f9d6-200d-2642	サウナに入る男|サウナ|男|男性	man in steamy room|day|luxurious|man|pamper|relax|room|sauna|spa|steam|steambath|unwind
1f9d6-1f3fb-200d-2642	サウナに入る男: 薄い肌色|サウナ|サウナに入る男|男|男性|薄い肌色	man in steamy room: light skin tone|day|light skin tone|luxurious|man|pamper|relax|room|sauna|spa|steam|steambath|unwind
1f9d6-1f3fc-200d-2642	サウナに入る男: やや薄い肌色|サウナ|サウナに入る男|やや薄い肌色|男|男性	man in steamy room: medium-light skin tone|day|luxurious|man|medium-light skin tone|pamper|relax|room|sauna|spa|steam|steambath|unwind
1f9d6-1f3fd-200d-2642	サウナに入る男: 中間の肌色|サウナ|サウナに入る男|中間の肌色|男|男性	man in steamy room: medium skin tone|day|luxurious|man|medium skin tone|pamper|relax|room|sauna|spa|steam|steambath|unwind
1f9d6-1f3fe-200d-2642	サウナに入る男: やや濃い肌色|サウナ|サウナに入る男|やや濃い肌色|男|男性	man in steamy room: medium-dark skin tone|day|luxurious|man|medium-dark skin tone|pamper|relax|room|sauna|spa|steam|steambath|unwind
1f9d6-1f3ff-200d-2642	サウナに入る男: 濃い肌色|サウナ|サウナに入る男|濃い肌色|男|男性	man in steamy room: dark skin tone|dark skin tone|day|luxurious|man|pamper|relax|room|sauna|spa|steam|steambath|unwind
1f9d6-200d-2640	サウナに入る女|サウナ|女|女性	woman in steamy room|day|luxurious|pamper|relax|room|sauna|spa|steam|steambath|unwind|woman
1f9d6-1f3fb-200d-2640	サウナに入る女: 薄い肌色|サウナ|サウナに入る女|女|女性|薄い肌色	woman in steamy room: light skin tone|day|light skin tone|luxurious|pamper|relax|room|sauna|spa|steam|steambath|unwind|woman
1f9d6-1f3fc-200d-2640	サウナに入る女: やや薄い肌色|サウナ|サウナに入る女|やや薄い肌色|女|女性	woman in steamy room: medium-light skin tone|day|luxurious|medium-light skin tone|pamper|relax|room|sauna|spa|steam|steambath|unwind|woman
1f9d6-1f3fd-200d-2640	サウナに入る女: 中間の肌色|サウナ|サウナに入る女|中間の肌色|女|女性	woman in steamy room: medium skin tone|day|luxurious|medium skin tone|pamper|relax|room|sauna|spa|steam|steambath|unwind|woman
1f9d6-1f3fe-200d-2640	サウナに入る女: やや濃い肌色|サウナ|サウナに入る女|やや濃い肌色|女|女性	woman in steamy room: medium-dark skin tone|day|luxurious|medium-dark skin tone|pamper|relax|room|sauna|spa|steam|steambath|unwind|woman
1f9d6-1f3ff-200d-2640	サウナに入る女: 濃い肌色|サウナ|サウナに入る女|女|女性|濃い肌色	woman in steamy room: dark skin tone|dark skin tone|day|luxurious|pamper|relax|room|sauna|spa|steam|steambath|unwind|woman
1f9d7	山を登る人|ロッククライマー|山|山登り|登る|登山	person climbing|climb|climber|climbing|mountain|person|rock|scale|up
1f9d7-1f3fb	山を登る人: 薄い肌色|ロッククライマー|山|山を登る人|山登り|登る|登山|薄い肌色	person climbing: light skin tone|climb|climber|climbing|light skin tone|mountain|person|rock|scale|up
1f9d7-1f3fc	山を登る人: やや薄い肌色|やや薄い肌色|ロッククライマー|山|山を登る人|山登り|登る|登山	person climbing: medium-light skin tone|climb|climber|climbing|medium-light skin tone|mountain|person|rock|scale|up
1f9d7-1f3fd	山を登る人: 中間の肌色|ロッククライマー|中間の肌色|山|山を登る人|山登り|登る|登山	person climbing: medium skin tone|climb|climber|climbing|medium skin tone|mountain|person|rock|scale|up
1f9d7-1f3fe	山を登る人: やや濃い肌色|やや濃い肌色|ロッククライマー|山|山を登る人|山登り|登る|登山	person climbing: medium-dark skin tone|climb|climber|climbing|medium-dark skin tone|mountain|person|rock|scale|up
1f9d7-1f3ff	山を登る人: 濃い肌色|ロッククライマー|山|山を登る人|山登り|濃い肌色|登る|登山	person climbing: dark skin tone|climb|climber|climbing|dark skin tone|mountain|person|rock|scale|up
1f9d7-200d-2642	山を登る男|山登り|男|男性|登山	man climbing|climb|climber|climbing|man|mountain|rock|scale|up
1f9d7-1f3fb-200d-2642	山を登る男: 薄い肌色|山を登る男|山登り|男|男性|登山|薄い肌色	man climbing: light skin tone|climb|climber|climbing|light skin tone|man|mountain|rock|scale|up
1f9d7-1f3fc-200d-2642	山を登る男: やや薄い肌色|やや薄い肌色|山を登る男|山登り|男|男性|登山	man climbing: medium-light skin tone|climb|climber|climbing|man|medium-light skin tone|mountain|rock|scale|up
1f9d7-1f3fd-200d-2642	山を登る男: 中間の肌色|中間の肌色|山を登る男|山登り|男|男性|登山	man climbing: medium skin tone|climb|climber|climbing|man|medium skin tone|mountain|rock|scale|up
1f9d7-1f3fe-200d-2642	山を登る男: やや濃い肌色|やや濃い肌色|山を登る男|山登り|男|男性|登山	man climbing: medium-dark skin tone|climb|climber|climbing|man|medium-dark skin tone|mountain|rock|scale|up
1f9d7-1f3ff-200d-2642	山を登る男: 濃い肌色|山を登る男|山登り|濃い肌色|男|男性|登山	man climbing: dark skin tone|climb|climber|climbing|dark skin tone|man|mountain|rock|scale|up
1f9d7-200d-2640	山を登る女|女|女性|山登り|登山	woman climbing|climb|climber|climbing|mountain|rock|scale|up|woman
1f9d7-1f3fb-200d-2640	山を登る女: 薄い肌色|女|女性|山を登る女|山登り|登山|薄い肌色	woman climbing: light skin tone|climb|climber|climbing|light skin tone|mountain|rock|scale|up|woman
1f9d7-1f3fc-200d-2640	山を登る女: やや薄い肌色|やや薄い肌色|女|女性|山を登る女|山登り|登山	woman climbing: medium-light skin tone|climb|climber|climbing|medium-light skin tone|mountain|rock|scale|up|woman
1f9d7-1f3fd-200d-2640	山を登る女: 中間の肌色|中間の肌色|女|女性|山を登る女|山登り|登山	woman climbing: medium skin tone|climb|climber|climbing|medium skin tone|mountain|rock|scale|up|woman
1f9d7-1f3fe-200d-2640	山を登る女: やや濃い肌色|やや濃い肌色|女|女性|山を登る女|山登り|登山	woman climbing: medium-dark skin tone|climb|climber|climbing|medium-dark skin tone|mountain|rock|scale|up|woman
1f9d7-1f3ff-200d-2640	山を登る女: 濃い肌色|女|女性|山を登る女|山登り|濃い肌色|登山	woman climbing: dark skin tone|climb|climber|climbing|dark skin tone|mountain|rock|scale|up|woman
1f93a	フェンシングをする人|スポーツ|フェンシング	person fencing|fencer|fencing|person|sword
1f3c7	競馬|ジョッキー|スポーツ|乗馬|競走馬|馬|騎手	horse racing|horse|jockey|racehorse|racing|riding|sport
1f3c7-1f3fb	競馬: 薄い肌色|ジョッキー|スポーツ|乗馬|競走馬|競馬|薄い肌色|馬|騎手	horse racing: light skin tone|horse|jockey|light skin tone|racehorse|racing|riding|sport
1f3c7-1f3fc	競馬: やや薄い肌色|ジョッキー|スポーツ|やや薄い肌色|乗馬|競走馬|競馬|馬|騎手	horse racing: medium-light skin tone|horse|jockey|medium-light skin tone|racehorse|racing|riding|sport
1f3c7-1f3fd	競馬: 中間の肌色|ジョッキー|スポーツ|中間の肌色|乗馬|競走馬|競馬|馬|騎手	horse racing: medium skin tone|horse|jockey|medium skin tone|racehorse|racing|riding|sport
1f3c7-1f3fe	競馬: やや濃い肌色|ジョッキー|スポーツ|やや濃い肌色|乗馬|競走馬|競馬|馬|騎手	horse racing: medium-dark skin tone|horse|jockey|medium-dark skin tone|racehorse|racing|riding|sport
1f3c7-1f3ff	競馬: 濃い肌色|ジョッキー|スポーツ|乗馬|濃い肌色|競走馬|競馬|馬|騎手	horse racing: dark skin tone|dark skin tone|horse|jockey|racehorse|racing|riding|sport
26f7	スキーヤー|スキー|ストック|スポーツ	skier|ski|snow
1f3c2	スノーボーダー|スノーボード|スノボ|スポーツ	snowboarder|ski|snow|snowboard|sport
1f3c2-1f3fb	スノーボーダー: 薄い肌色|スノーボーダー|スノーボード|スノボ|スポーツ|薄い肌色	snowboarder: light skin tone|light skin tone|ski|snow|snowboard|snowboarder|sport
1f3c2-1f3fc	スノーボーダー: やや薄い肌色|スノーボーダー|スノーボード|スノボ|スポーツ|やや薄い肌色	snowboarder: medium-light skin tone|medium-light skin tone|ski|snow|snowboard|snowboarder|sport
1f3c2-1f3fd	スノーボーダー: 中間の肌色|スノーボーダー|スノーボード|スノボ|スポーツ|中間の肌色	snowboarder: medium skin tone|medium skin tone|ski|snow|snowboard|snowboarder|sport
1f3c2-1f3fe	スノーボーダー: やや濃い肌色|スノーボーダー|スノーボード|スノボ|スポーツ|やや濃い肌色	snowboarder: medium-dark skin tone|medium-dark skin tone|ski|snow|snowboard|snowboarder|sport
1f3c2-1f3ff	スノーボーダー: 濃い肌色|スノーボーダー|スノーボード|スノボ|スポーツ|濃い肌色	snowboarder: dark skin tone|dark skin tone|ski|snow|snowboard|snowboarder|sport
1f3cc	ゴルフをする人|ゴルフ|ゴルファー|スポーツ|打ちっぱなし|球技	person golfing|ball|birdie|caddy|driving|golf|golfing|green|person|pga|putt|range|tee
1f3cc-1f3fb	ゴルフをする人: 薄い肌色|ゴルフ|ゴルファー|ゴルフをする人|スポーツ|打ちっぱなし|球技|薄い肌色	person golfing: light skin tone|ball|birdie|caddy|driving|golf|golfing|green|light skin tone|person|pga|putt|range|tee
1f3cc-1f3fc	ゴルフをする人: やや薄い肌色|ゴルフ|ゴルファー|ゴルフをする人|スポーツ|やや薄い肌色|打ちっぱなし|球技	person golfing: medium-light skin tone|ball|birdie|caddy|driving|golf|golfing|green|medium-light skin tone|person|pga|putt|range|tee
1f3cc-1f3fd	ゴルフをする人: 中間の肌色|ゴルフ|ゴルファー|ゴルフをする人|スポーツ|中間の肌色|打ちっぱなし|球技	person golfing: medium skin tone|ball|birdie|caddy|driving|golf|golfing|green|medium skin tone|person|pga|putt|range|tee
1f3cc-1f3fe	ゴルフをする人: やや濃い肌色|ゴルフ|ゴルファー|ゴルフをする人|スポーツ|やや濃い肌色|打ちっぱなし|球技	person golfing: medium-dark skin tone|ball|birdie|caddy|driving|golf|golfing|green|medium-dark skin tone|person|pga|putt|range|tee
1f3cc-1f3ff	ゴルフをする人: 濃い肌色|ゴルフ|ゴルファー|ゴルフをする人|スポーツ|打ちっぱなし|濃い肌色|球技	person golfing: dark skin tone|ball|birdie|caddy|dark skin tone|driving|golf|golfing|green|person|pga|putt|range|tee
1f3cc-200d-2642	ゴルフをする男|ゴルフ|ゴルファー|スポーツ|男|男性	man golfing|ball|birdie|caddy|driving|golf|golfing|green|man|pga|putt|range|tee
1f3cc-1f3fb-200d-2642	ゴルフをする男: 薄い肌色|ゴルフ|ゴルファー|ゴルフをする男|スポーツ|男|男性|薄い肌色	man golfing: light skin tone|ball|birdie|caddy|driving|golf|golfing|green|light skin tone|man|pga|putt|range|tee
1f3cc-1f3fc-200d-2642	ゴルフをする男: やや薄い肌色|ゴルフ|ゴルファー|ゴルフをする男|スポーツ|やや薄い肌色|男|男性	man golfing: medium-light skin tone|ball|birdie|caddy|driving|golf|golfing|green|man|medium-light skin tone|pga|putt|range|tee
1f3cc-1f3fd-200d-2642	ゴルフをする男: 中間の肌色|ゴルフ|ゴルファー|ゴルフをする男|スポーツ|中間の肌色|男|男性	man golfing: medium skin tone|ball|birdie|caddy|driving|golf|golfing|green|man|medium skin tone|pga|putt|range|tee
1f3cc-1f3fe-200d-2642	ゴルフをする男: やや濃い肌色|ゴルフ|ゴルファー|ゴルフをする男|スポーツ|やや濃い肌色|男|男性	man golfing: medium-dark skin tone|ball|birdie|caddy|driving|golf|golfing|green|man|medium-dark skin tone|pga|putt|range|tee
1f3cc-1f3ff-200d-2642	ゴルフをする男: 濃い肌色|ゴルフ|ゴルファー|ゴルフをする男|スポーツ|濃い肌色|男|男性	man golfing: dark skin tone|ball|birdie|caddy|dark skin tone|driving|golf|golfing|green|man|pga|putt|range|tee
1f3cc-200d-2640	ゴルフをする女|ゴルフ|ゴルファー|スポーツ|女|女性|球技	woman golfing|ball|birdie|caddy|driving|golf|golfing|green|pga|putt|range|tee|woman
1f3cc-1f3fb-200d-2640	ゴルフをする女: 薄い肌色|ゴルフ|ゴルファー|ゴルフをする女|スポーツ|女|女性|球技|薄い肌色	woman golfing: light skin tone|ball|birdie|caddy|driving|golf|golfing|green|light skin tone|pga|putt|range|tee|woman
1f3cc-1f3fc-200d-2640	ゴルフをする女: やや薄い肌色|ゴルフ|ゴルファー|ゴルフをする女|スポーツ|やや薄い肌色|女|女性|球技	woman golfing: medium-light skin tone|ball|birdie|caddy|driving|golf|golfing|green|medium-light skin tone|pga|putt|range|tee|woman
1f3cc-1f3fd-200d-2640	ゴルフをする女: 中間の肌色|ゴルフ|ゴルファー|ゴルフをする女|スポーツ|中間の肌色|女|女性|球技	woman golfing: medium skin tone|ball|birdie|caddy|driving|golf|golfing|green|medium skin tone|pga|putt|range|tee|woman
1f3cc-1f3fe-200d-2640	ゴルフをする女: やや濃い肌色|ゴルフ|ゴルファー|ゴルフをする女|スポーツ|やや濃い肌色|女|女性|球技	woman golfing: medium-dark skin tone|ball|birdie|caddy|driving|golf|golfing|green|medium-dark skin tone|pga|putt|range|tee|woman
1f3cc-1f3ff-200d-2640	ゴルフをする女: 濃い肌色|ゴルフ|ゴルファー|ゴルフをする女|スポーツ|女|女性|濃い肌色|球技	woman golfing: dark skin tone|ball|birdie|caddy|dark skin tone|driving|golf|golfing|green|pga|putt|range|tee|woman
1f3c4	サーフィンする人|サーファー|サーフィン|スポーツ|波|波乗り|海	person surfing|beach|ocean|person|sport|surf|surfer|surfing|swell|waves
1f3c4-1f3fb	サーフィンする人: 薄い肌色|サーファー|サーフィン|サーフィンする人|スポーツ|波|波乗り|海|薄い肌色	person surfing: light skin tone|beach|light skin tone|ocean|person|sport|surf|surfer|surfing|swell|waves
1f3c4-1f3fc	サーフィンする人: やや薄い肌色|サーファー|サーフィン|サーフィンする人|スポーツ|やや薄い肌色|波|波乗り|海	person surfing: medium-light skin tone|beach|medium-light skin tone|ocean|person|sport|surf|surfer|surfing|swell|waves
1f3c4-1f3fd	サーフィンする人: 中間の肌色|サーファー|サーフィン|サーフィンする人|スポーツ|中間の肌色|波|波乗り|海	person surfing: medium skin tone|beach|medium skin tone|ocean|person|sport|surf|surfer|surfing|swell|waves
1f3c4-1f3fe	サーフィンする人: やや濃い肌色|サーファー|サーフィン|サーフィンする人|スポーツ|やや濃い肌色|波|波乗り|海	person surfing: medium-dark skin tone|beach|medium-dark skin tone|ocean|person|sport|surf|surfer|surfing|swell|waves
1f3c4-1f3ff	サーフィンする人: 濃い肌色|サーファー|サーフィン|サーフィンする人|スポーツ|波|波乗り|海|濃い肌色	person surfing: dark skin tone|beach|dark skin tone|ocean|person|sport|surf|surfer|surfing|swell|waves
1f3c4-200d-2642	サーフィンする男|サーファー|スポーツ|波乗り|男|男性	man surfing|beach|man|ocean|sport|surf|surfer|surfing|swell|waves
1f3c4-1f3fb-200d-2642	サーフィンする男: 薄い肌色|サーファー|サーフィンする男|スポーツ|波乗り|男|男性|薄い肌色	man surfing: light skin tone|beach|light skin tone|man|ocean|sport|surf|surfer|surfing|swell|waves
1f3c4-1f3fc-200d-2642	サーフィンする男: やや薄い肌色|サーファー|サーフィンする男|スポーツ|やや薄い肌色|波乗り|男|男性	man surfing: medium-light skin tone|beach|man|medium-light skin tone|ocean|sport|surf|surfer|surfing|swell|waves
1f3c4-1f3fd-200d-2642	サーフィンする男: 中間の肌色|サーファー|サーフィンする男|スポーツ|中間の肌色|波乗り|男|男性	man surfing: medium skin tone|beach|man|medium skin tone|ocean|sport|surf|surfer|surfing|swell|waves
1f3c4-1f3fe-200d-2642	サーフィンする男: やや濃い肌色|サーファー|サーフィンする男|スポーツ|やや濃い肌色|波乗り|男|男性	man surfing: medium-dark skin tone|beach|man|medium-dark skin tone|ocean|sport|surf|surfer|surfing|swell|waves
1f3c4-1f3ff-200d-2642	サーフィンする男: 濃い肌色|サーファー|サーフィンする男|スポーツ|波乗り|濃い肌色|男|男性	man surfing: dark skin tone|beach|dark skin tone|man|ocean|sport|surf|surfer|surfing|swell|waves
1f3c4-200d-2640	サーフィンする女|サーファー|スポーツ|女|女性|波乗り	woman surfing|beach|ocean|person|sport|surf|surfer|surfing|swell|waves
1f3c4-1f3fb-200d-2640	サーフィンする女: 薄い肌色|サーファー|サーフィンする女|スポーツ|女|女性|波乗り|薄い肌色	woman surfing: light skin tone|beach|light skin tone|ocean|person|sport|surf|surfer|surfing|swell|waves
1f3c4-1f3fc-200d-2640	サーフィンする女: やや薄い肌色|サーファー|サーフィンする女|スポーツ|やや薄い肌色|女|女性|波乗り	woman surfing: medium-light skin tone|beach|medium-light skin tone|ocean|person|sport|surf|surfer|surfing|swell|waves
1f3c4-1f3fd-200d-2640	サーフィンする女: 中間の肌色|サーファー|サーフィンする女|スポーツ|中間の肌色|女|女性|波乗り	woman surfing: medium skin tone|beach|medium skin tone|ocean|person|sport|surf|surfer|surfing|swell|waves
1f3c4-1f3fe-200d-2640	サーフィンする女: やや濃い肌色|サーファー|サーフィンする女|スポーツ|やや濃い肌色|女|女性|波乗り	woman surfing: medium-dark skin tone|beach|medium-dark skin tone|ocean|person|sport|surf|surfer|surfing|swell|waves
1f3c4-1f3ff-200d-2640	サーフィンする女: 濃い肌色|サーファー|サーフィンする女|スポーツ|女|女性|波乗り|濃い肌色	woman surfing: dark skin tone|beach|dark skin tone|ocean|person|sport|surf|surfer|surfing|swell|waves
1f6a3	ボートをこぐ人|オール|カヌー|カヤック|スポーツ|パドル|ボート|手漕ぎボート|漕ぐ|船	person rowing boat|boat|canoe|cruise|fishing|lake|oar|paddle|person|raft|river|row|rowboat|rowing
1f6a3-1f3fb	ボートをこぐ人: 薄い肌色|オール|カヌー|カヤック|スポーツ|パドル|ボート|ボートをこぐ人|手漕ぎボート|漕ぐ|船|薄い肌色	person rowing boat: light skin tone|boat|canoe|cruise|fishing|lake|light skin tone|oar|paddle|person|raft|river|row|rowboat|rowing
1f6a3-1f3fc	ボートをこぐ人: やや薄い肌色|オール|カヌー|カヤック|スポーツ|パドル|ボート|ボートをこぐ人|やや薄い肌色|手漕ぎボート|漕ぐ|船	person rowing boat: medium-light skin tone|boat|canoe|cruise|fishing|lake|medium-light skin tone|oar|paddle|person|raft|river|row|rowboat|rowing
1f6a3-1f3fd	ボートをこぐ人: 中間の肌色|オール|カヌー|カヤック|スポーツ|パドル|ボート|ボートをこぐ人|中間の肌色|手漕ぎボート|漕ぐ|船	person rowing boat: medium skin tone|boat|canoe|cruise|fishing|lake|medium skin tone|oar|paddle|person|raft|river|row|rowboat|rowing
1f6a3-1f3fe	ボートをこぐ人: やや濃い肌色|オール|カヌー|カヤック|スポーツ|パドル|ボート|ボートをこぐ人|やや濃い肌色|手漕ぎボート|漕ぐ|船	person rowing boat: medium-dark skin tone|boat|canoe|cruise|fishing|lake|medium-dark skin tone|oar|paddle|person|raft|river|row|rowboat|rowing
1f6a3-1f3ff	ボートをこぐ人: 濃い肌色|オール|カヌー|カヤック|スポーツ|パドル|ボート|ボートをこぐ人|手漕ぎボート|漕ぐ|濃い肌色|船	person rowing boat: dark skin tone|boat|canoe|cruise|dark skin tone|fishing|lake|oar|paddle|person|raft|river|row|rowboat|rowing
1f6a3-200d-2642	ボートをこぐ男|カヌー|カヤック|スポーツ|男性|船	man rowing boat|boat|canoe|cruise|fishing|lake|man|oar|paddle|raft|river|row|rowboat|rowing
1f6a3-1f3fb-200d-2642	ボートをこぐ男: 薄い肌色|カヌー|カヤック|スポーツ|ボートをこぐ男|男性|船|薄い肌色	man rowing boat: light skin tone|boat|canoe|cruise|fishing|lake|light skin tone|man|oar|paddle|raft|river|row|rowboat|rowing
1f6a3-1f3fc-200d-2642	ボートをこぐ男: やや薄い肌色|カヌー|カヤック|スポーツ|ボートをこぐ男|やや薄い肌色|男性|船	man rowing boat: medium-light skin tone|boat|canoe|cruise|fishing|lake|man|medium-light skin tone|oar|paddle|raft|river|row|rowboat|rowing
1f6a3-1f3fd-200d-2642	ボートをこぐ男: 中間の肌色|カヌー|カヤック|スポーツ|ボートをこぐ男|中間の肌色|男性|船	man rowing boat: medium skin tone|boat|canoe|cruise|fishing|lake|man|medium skin tone|oar|paddle|raft|river|row|rowboat|rowing
1f6a3-1f3fe-200d-2642	ボートをこぐ男: やや濃い肌色|カヌー|カヤック|スポーツ|ボートをこぐ男|やや濃い肌色|男性|船	man rowing boat: medium-dark skin tone|boat|canoe|cruise|fishing|lake|man|medium-dark skin tone|oar|paddle|raft|river|row|rowboat|rowing
1f6a3-1f3ff-200d-2642	ボートをこぐ男: 濃い肌色|カヌー|カヤック|スポーツ|ボートをこぐ男|濃い肌色|男性|船	man rowing boat: dark skin tone|boat|canoe|cruise|dark skin tone|fishing|lake|man|oar|paddle|raft|river|row|rowboat|rowing
1f6a3-200d-2640	ボートをこぐ女|カヌー|カヤック|スポーツ|ボート|女|女性|手漕ぎボート|船	woman rowing boat|boat|canoe|cruise|fishing|lake|oar|paddle|raft|river|row|rowboat|rowing|woman
1f6a3-1f3fb-200d-2640	ボートをこぐ女: 薄い肌色|カヌー|カヤック|スポーツ|ボート|ボートをこぐ女|女|女性|手漕ぎボート|船|薄い肌色	woman rowing boat: light skin tone|boat|canoe|cruise|fishing|lake|light skin tone|oar|paddle|raft|river|row|rowboat|rowing|woman
1f6a3-1f3fc-200d-2640	ボートをこぐ女: やや薄い肌色|カヌー|カヤック|スポーツ|ボート|ボートをこぐ女|やや薄い肌色|女|女性|手漕ぎボート|船	woman rowing boat: medium-light skin tone|boat|canoe|cruise|fishing|lake|medium-light skin tone|oar|paddle|raft|river|row|rowboat|rowing|woman
1f6a3-1f3fd-200d-2640	ボートをこぐ女: 中間の肌色|カヌー|カヤック|スポーツ|ボート|ボートをこぐ女|中間の肌色|女|女性|手漕ぎボート|船	woman rowing boat: medium skin tone|boat|canoe|cruise|fishing|lake|medium skin tone|oar|paddle|raft|river|row|rowboat|rowing|woman
1f6a3-1f3fe-200d-2640	ボートをこぐ女: やや濃い肌色|カヌー|カヤック|スポーツ|ボート|ボートをこぐ女|やや濃い肌色|女|女性|手漕ぎボート|船	woman rowing boat: medium-dark skin tone|boat|canoe|cruise|fishing|lake|medium-dark skin tone|oar|paddle|raft|river|row|rowboat|rowing|woman
1f6a3-1f3ff-200d-2640	ボートをこぐ女: 濃い肌色|カヌー|カヤック|スポーツ|ボート|ボートをこぐ女|女|女性|手漕ぎボート|濃い肌色|船	woman rowing boat: dark skin tone|boat|canoe|cruise|dark skin tone|fishing|lake|oar|paddle|raft|river|row|rowboat|rowing|woman
1f3ca	泳ぐ人|クロール|スイマー|スイミング|スイム|スポーツ|トライアスロン|水泳|自由形	person swimming|freestyle|person|sport|swim|swimmer|swimming|triathlon
1f3ca-1f3fb	泳ぐ人: 薄い肌色|クロール|スイマー|スイミング|スイム|スポーツ|トライアスロン|水泳|泳ぐ人|自由形|薄い肌色	person swimming: light skin tone|freestyle|light skin tone|person|sport|swim|swimmer|swimming|triathlon
1f3ca-1f3fc	泳ぐ人: やや薄い肌色|クロール|スイマー|スイミング|スイム|スポーツ|トライアスロン|やや薄い肌色|水泳|泳ぐ人|自由形	person swimming: medium-light skin tone|freestyle|medium-light skin tone|person|sport|swim|swimmer|swimming|triathlon
1f3ca-1f3fd	泳ぐ人: 中間の肌色|クロール|スイマー|スイミング|スイム|スポーツ|トライアスロン|中間の肌色|水泳|泳ぐ人|自由形	person swimming: medium skin tone|freestyle|medium skin tone|person|sport|swim|swimmer|swimming|triathlon
1f3ca-1f3fe	泳ぐ人: やや濃い肌色|クロール|スイマー|スイミング|スイム|スポーツ|トライアスロン|やや濃い肌色|水泳|泳ぐ人|自由形	person swimming: medium-dark skin tone|freestyle|medium-dark skin tone|person|sport|swim|swimmer|swimming|triathlon
1f3ca-1f3ff	泳ぐ人: 濃い肌色|クロール|スイマー|スイミング|スイム|スポーツ|トライアスロン|水泳|泳ぐ人|濃い肌色|自由形	person swimming: dark skin tone|dark skin tone|freestyle|person|sport|swim|swimmer|swimming|triathlon
1f3ca-200d-2642	泳ぐ男|スイマー|スイミング|スイム|スポーツ|水泳|男性	man swimming|freestyle|man|sport|swim|swimmer|swimming|triathlon
1f3ca-1f3fb-200d-2642	泳ぐ男: 薄い肌色|スイマー|スイミング|スイム|スポーツ|水泳|泳ぐ男|男性|薄い肌色	man swimming: light skin tone|freestyle|light skin tone|man|sport|swim|swimmer|swimming|triathlon
1f3ca-1f3fc-200d-2642	泳ぐ男: やや薄い肌色|スイマー|スイミング|スイム|スポーツ|やや薄い肌色|水泳|泳ぐ男|男性	man swimming: medium-light skin tone|freestyle|man|medium-light skin tone|sport|swim|swimmer|swimming|triathlon
1f3ca-1f3fd-200d-2642	泳ぐ男: 中間の肌色|スイマー|スイミング|スイム|スポーツ|中間の肌色|水泳|泳ぐ男|男性	man swimming: medium skin tone|freestyle|man|medium skin tone|sport|swim|swimmer|swimming|triathlon
1f3ca-1f3fe-200d-2642	泳ぐ男: やや濃い肌色|スイマー|スイミング|スイム|スポーツ|やや濃い肌色|水泳|泳ぐ男|男性	man swimming: medium-dark skin tone|freestyle|man|medium-dark skin tone|sport|swim|swimmer|swimming|triathlon
1f3ca-1f3ff-200d-2642	泳ぐ男: 濃い肌色|スイマー|スイミング|スイム|スポーツ|水泳|泳ぐ男|濃い肌色|男性	man swimming: dark skin tone|dark skin tone|freestyle|man|sport|swim|swimmer|swimming|triathlon
1f3ca-200d-2640	泳ぐ女|スイマー|スイミング|スイム|スポーツ|女|女性|水泳	woman swimming|freestyle|man|sport|swim|swimmer|swimming|triathlon
1f3ca-1f3fb-200d-2640	泳ぐ女: 薄い肌色|スイマー|スイミング|スイム|スポーツ|女|女性|水泳|泳ぐ女|薄い肌色	woman swimming: light skin tone|freestyle|light skin tone|man|sport|swim|swimmer|swimming|triathlon
1f3ca-1f3fc-200d-2640	泳ぐ女: やや薄い肌色|スイマー|スイミング|スイム|スポーツ|やや薄い肌色|女|女性|水泳|泳ぐ女	woman swimming: medium-light skin tone|freestyle|man|medium-light skin tone|sport|swim|swimmer|swimming|triathlon
1f3ca-1f3fd-200d-2640	泳ぐ女: 中間の肌色|スイマー|スイミング|スイム|スポーツ|中間の肌色|女|女性|水泳|泳ぐ女	woman swimming: medium skin tone|freestyle|man|medium skin tone|sport|swim|swimmer|swimming|triathlon
1f3ca-1f3fe-200d-2640	泳ぐ女: やや濃い肌色|スイマー|スイミング|スイム|スポーツ|やや濃い肌色|女|女性|水泳|泳ぐ女	woman swimming: medium-dark skin tone|freestyle|man|medium-dark skin tone|sport|swim|swimmer|swimming|triathlon
1f3ca-1f3ff-200d-2640	泳ぐ女: 濃い肌色|スイマー|スイミング|スイム|スポーツ|女|女性|水泳|泳ぐ女|濃い肌色	woman swimming: dark skin tone|dark skin tone|freestyle|man|sport|swim|swimmer|swimming|triathlon
26f9	バスケットボールをする人|スポーツ|ドリブル|バスケ|バスケットボール|バスケットボール選手|球技	person bouncing ball|athletic|ball|basketball|bouncing|championship|dribble|net|person|player|throw
26f9-1f3fb	バスケットボールをする人: 薄い肌色|スポーツ|ドリブル|バスケ|バスケットボール|バスケットボールをする人|バスケットボール選手|球技|薄い肌色	person bouncing ball: light skin tone|athletic|ball|basketball|bouncing|championship|dribble|light skin tone|net|person|player|throw
26f9-1f3fc	バスケットボールをする人: やや薄い肌色|スポーツ|ドリブル|バスケ|バスケットボール|バスケットボールをする人|バスケットボール選手|やや薄い肌色|球技	person bouncing ball: medium-light skin tone|athletic|ball|basketball|bouncing|championship|dribble|medium-light skin tone|net|person|player|throw
26f9-1f3fd	バスケットボールをする人: 中間の肌色|スポーツ|ドリブル|バスケ|バスケットボール|バスケットボールをする人|バスケットボール選手|中間の肌色|球技	person bouncing ball: medium skin tone|athletic|ball|basketball|bouncing|championship|dribble|medium skin tone|net|person|player|throw
26f9-1f3fe	バスケットボールをする人: やや濃い肌色|スポーツ|ドリブル|バスケ|バスケットボール|バスケットボールをする人|バスケットボール選手|やや濃い肌色|球技	person bouncing ball: medium-dark skin tone|athletic|ball|basketball|bouncing|championship|dribble|medium-dark skin tone|net|person|player|throw
26f9-1f3ff	バスケットボールをする人: 濃い肌色|スポーツ|ドリブル|バスケ|バスケットボール|バスケットボールをする人|バスケットボール選手|濃い肌色|球技	person bouncing ball: dark skin tone|athletic|ball|basketball|bouncing|championship|dark skin tone|dribble|net|person|player|throw
26f9-200d-2642	バスケットボールをする男|スポーツ|バスケ|バスケットボール|球技|男性	man bouncing ball|athletic|ball|basketball|bouncing|championship|dribble|man|net|player|throw
26f9-1f3fb-200d-2642	バスケットボールをする男: 薄い肌色|スポーツ|バスケ|バスケットボール|バスケットボールをする男|球技|男性|薄い肌色	man bouncing ball: light skin tone|athletic|ball|basketball|bouncing|championship|dribble|light skin tone|man|net|player|throw
26f9-1f3fc-200d-2642	バスケットボールをする男: やや薄い肌色|スポーツ|バスケ|バスケットボール|バスケットボールをする男|やや薄い肌色|球技|男性	man bouncing ball: medium-light skin tone|athletic|ball|basketball|bouncing|championship|dribble|man|medium-light skin tone|net|player|throw
26f9-1f3fd-200d-2642	バスケットボールをする男: 中間の肌色|スポーツ|バスケ|バスケットボール|バスケットボールをする男|中間の肌色|球技|男性	man bouncing ball: medium skin tone|athletic|ball|basketball|bouncing|championship|dribble|man|medium skin tone|net|player|throw
26f9-1f3fe-200d-2642	バスケットボールをする男: やや濃い肌色|スポーツ|バスケ|バスケットボール|バスケットボールをする男|やや濃い肌色|球技|男性	man bouncing ball: medium-dark skin tone|athletic|ball|basketball|bouncing|championship|dribble|man|medium-dark skin tone|net|player|throw
26f9-1f3ff-200d-2642	バスケットボールをする男: 濃い肌色|スポーツ|バスケ|バスケットボール|バスケットボールをする男|濃い肌色|球技|男性	man bouncing ball: dark skin tone|athletic|ball|basketball|bouncing|championship|dark skin tone|dribble|man|net|player|throw
26f9-200d-2640	バスケットボールをする女|スポーツ|ドリブル|バスケ|バスケットボール|女性|球技	woman bouncing ball|athletic|ball|basketball|bouncing|championship|dribble|net|player|throw|woman
26f9-1f3fb-200d-2640	バスケットボールをする女: 薄い肌色|スポーツ|ドリブル|バスケ|バスケットボール|バスケットボールをする女|女性|球技|薄い肌色	woman bouncing ball: light skin tone|athletic|ball|basketball|bouncing|championship|dribble|light skin tone|net|player|throw|woman
26f9-1f3fc-200d-2640	バスケットボールをする女: やや薄い肌色|スポーツ|ドリブル|バスケ|バスケットボール|バスケットボールをする女|やや薄い肌色|女性|球技	woman bouncing ball: medium-light skin tone|athletic|ball|basketball|bouncing|championship|dribble|medium-light skin tone|net|player|throw|woman
26f9-1f3fd-200d-2640	バスケットボールをする女: 中間の肌色|スポーツ|ドリブル|バスケ|バスケットボール|バスケットボールをする女|中間の肌色|女性|球技	woman bouncing ball: medium skin tone|athletic|ball|basketball|bouncing|championship|dribble|medium skin tone|net|player|throw|woman
26f9-1f3fe-200d-2640	バスケットボールをする女: やや濃い肌色|スポーツ|ドリブル|バスケ|バスケットボール|バスケットボールをする女|やや濃い肌色|女性|球技	woman bouncing ball: medium-dark skin tone|athletic|ball|basketball|bouncing|championship|dribble|medium-dark skin tone|net|player|throw|woman
26f9-1f3ff-200d-2640	バスケットボールをする女: 濃い肌色|スポーツ|ドリブル|バスケ|バスケットボール|バスケットボールをする女|女性|濃い肌色|球技	woman bouncing ball: dark skin tone|athletic|ball|basketball|bouncing|championship|dark skin tone|dribble|net|player|throw|woman
1f3cb	重量挙げをする人|ウェイトリフティング|スポーツ|デッドリフト|バーベル|パワーリフティング|ボディビルダー|筋トレ|運動|重量挙げ	person lifting weights|barbell|bodybuilder|deadlift|lifter|lifting|person|powerlifting|weight|weightlifter|weights|workout
1f3cb-1f3fb	重量挙げをする人: 薄い肌色|ウェイトリフティング|スポーツ|デッドリフト|バーベル|パワーリフティング|ボディビルダー|筋トレ|薄い肌色|運動|重量挙げ	person lifting weights: light skin tone|barbell|bodybuilder|deadlift|lifter|lifting|light skin tone|person|powerlifting|weight|weightlifter|weights|workout
1f3cb-1f3fc	重量挙げをする人: やや薄い肌色|ウェイトリフティング|スポーツ|デッドリフト|バーベル|パワーリフティング|ボディビルダー|やや薄い肌色|筋トレ|運動|重量挙げ	person lifting weights: medium-light skin tone|barbell|bodybuilder|deadlift|lifter|lifting|medium-light skin tone|person|powerlifting|weight|weightlifter|weights|workout
1f3cb-1f3fd	重量挙げをする人: 中間の肌色|ウェイトリフティング|スポーツ|デッドリフト|バーベル|パワーリフティング|ボディビルダー|中間の肌色|筋トレ|運動|重量挙げ	person lifting weights: medium skin tone|barbell|bodybuilder|deadlift|lifter|lifting|medium skin tone|person|powerlifting|weight|weightlifter|weights|workout
1f3cb-1f3fe	重量挙げをする人: やや濃い肌色|ウェイトリフティング|スポーツ|デッドリフト|バーベル|パワーリフティング|ボディビルダー|やや濃い肌色|筋トレ|運動|重量挙げ	person lifting weights: medium-dark skin tone|barbell|bodybuilder|deadlift|lifter|lifting|medium-dark skin tone|person|powerlifting|weight|weightlifter|weights|workout
1f3cb-1f3ff	重量挙げをする人: 濃い肌色|ウェイトリフティング|スポーツ|デッドリフト|バーベル|パワーリフティング|ボディビルダー|濃い肌色|筋トレ|運動|重量挙げ	person lifting weights: dark skin tone|barbell|bodybuilder|dark skin tone|deadlift|lifter|lifting|person|powerlifting|weight|weightlifter|weights|workout
1f3cb-200d-2642	重量挙げをする男|ウェイトリフティング|スポーツ|男|男性	man lifting weights|barbell|bodybuilder|deadlift|lifter|lifting|man|powerlifting|weight|weightlifter|weights|workout
1f3cb-1f3fb-200d-2642	重量挙げをする男: 薄い肌色|ウェイトリフティング|スポーツ|男|男性|薄い肌色|重量挙げをする男	man lifting weights: light skin tone|barbell|bodybuilder|deadlift|lifter|lifting|light skin tone|man|powerlifting|weight|weightlifter|weights|workout
1f3cb-1f3fc-200d-2642	重量挙げをする男: やや薄い肌色|ウェイトリフティング|スポーツ|やや薄い肌色|男|男性|重量挙げをする男	man lifting weights: medium-light skin tone|barbell|bodybuilder|deadlift|lifter|lifting|man|medium-light skin tone|powerlifting|weight|weightlifter|weights|workout
1f3cb-1f3fd-200d-2642	重量挙げをする男: 中間の肌色|ウェイトリフティング|スポーツ|中間の肌色|男|男性|重量挙げをする男	man lifting weights: medium skin tone|barbell|bodybuilder|deadlift|lifter|lifting|man|medium skin tone|powerlifting|weight|weightlifter|weights|workout
1f3cb-1f3fe-200d-2642	重量挙げをする男: やや濃い肌色|ウェイトリフティング|スポーツ|やや濃い肌色|男|男性|重量挙げをする男	man lifting weights: medium-dark skin tone|barbell|bodybuilder|deadlift|lifter|lifting|man|medium-dark skin tone|powerlifting|weight|weightlifter|weights|workout
1f3cb-1f3ff-200d-2642	重量挙げをする男: 濃い肌色|ウェイトリフティング|スポーツ|濃い肌色|男|男性|重量挙げをする男	man lifting weights: dark skin tone|barbell|bodybuilder|dark skin tone|deadlift|lifter|lifting|man|powerlifting|weight|weightlifter|weights|workout
1f3cb-200d-2640	重量挙げをする女|ウェイトリフティング|スポーツ|女|女性	woman lifting weights|barbell|bodybuilder|deadlift|lifter|lifting|powerlifting|weight|weightlifter|weights|woman|workout
1f3cb-1f3fb-200d-2640	重量挙げをする女: 薄い肌色|ウェイトリフティング|スポーツ|女|女性|薄い肌色|重量挙げをする女	woman lifting weights: light skin tone|barbell|bodybuilder|deadlift|lifter|lifting|light skin tone|powerlifting|weight|weightlifter|weights|woman|workout
1f3cb-1f3fc-200d-2640	重量挙げをする女: やや薄い肌色|ウェイトリフティング|スポーツ|やや薄い肌色|女|女性|重量挙げをする女	woman lifting weights: medium-light skin tone|barbell|bodybuilder|deadlift|lifter|lifting|medium-light skin tone|powerlifting|weight|weightlifter|weights|woman|workout
1f3cb-1f3fd-200d-2640	重量挙げをする女: 中間の肌色|ウェイトリフティング|スポーツ|中間の肌色|女|女性|重量挙げをする女	woman lifting weights: medium skin tone|barbell|bodybuilder|deadlift|lifter|lifting|medium skin tone|powerlifting|weight|weightlifter|weights|woman|workout
1f3cb-1f3fe-200d-2640	重量挙げをする女: やや濃い肌色|ウェイトリフティング|スポーツ|やや濃い肌色|女|女性|重量挙げをする女	woman lifting weights: medium-dark skin tone|barbell|bodybuilder|deadlift|lifter|lifting|medium-dark skin tone|powerlifting|weight|weightlifter|weights|woman|workout
1f3cb-1f3ff-200d-2640	重量挙げをする女: 濃い肌色|ウェイトリフティング|スポーツ|女|女性|濃い肌色|重量挙げをする女	woman lifting weights: dark skin tone|barbell|bodybuilder|dark skin tone|deadlift|lifter|lifting|powerlifting|weight|weightlifter|weights|woman|workout
1f6b4	自転車に乗る人|サイクリスト|サイクリング|スポーツ|ロードバイク|ロードレース|競輪|自転車|自転車乗り	person biking|bicycle|bicyclist|bike|biking|cycle|cyclist|person|riding|sport
1f6b4-1f3fb	自転車に乗る人: 薄い肌色|サイクリスト|サイクリング|スポーツ|ロードバイク|ロードレース|競輪|自転車|自転車乗り|薄い肌色	person biking: light skin tone|bicycle|bicyclist|bike|biking|cycle|cyclist|light skin tone|person|riding|sport
1f6b4-1f3fc	自転車に乗る人: やや薄い肌色|サイクリスト|サイクリング|スポーツ|やや薄い肌色|ロードバイク|ロードレース|競輪|自転車|自転車乗り	person biking: medium-light skin tone|bicycle|bicyclist|bike|biking|cycle|cyclist|medium-light skin tone|person|riding|sport
1f6b4-1f3fd	自転車に乗る人: 中間の肌色|サイクリスト|サイクリング|スポーツ|ロードバイク|ロードレース|中間の肌色|競輪|自転車|自転車乗り	person biking: medium skin tone|bicycle|bicyclist|bike|biking|cycle|cyclist|medium skin tone|person|riding|sport
1f6b4-1f3fe	自転車に乗る人: やや濃い肌色|サイクリスト|サイクリング|スポーツ|やや濃い肌色|ロードバイク|ロードレース|競輪|自転車|自転車乗り	person biking: medium-dark skin tone|bicycle|bicyclist|bike|biking|cycle|cyclist|medium-dark skin tone|person|riding|sport
1f6b4-1f3ff	自転車に乗る人: 濃い肌色|サイクリスト|サイクリング|スポーツ|ロードバイク|ロードレース|濃い肌色|競輪|自転車|自転車乗り	person biking: dark skin tone|bicycle|bicyclist|bike|biking|cycle|cyclist|dark skin tone|person|riding|sport
1f6b4-200d-2642	自転車に乗る男|サイクリング|スポーツ|ロードレース|男性|競輪	man biking|bicycle|bicyclist|bike|biking|cycle|cyclist|man|riding|sport
1f6b4-1f3fb-200d-2642	自転車に乗る男: 薄い肌色|サイクリング|スポーツ|ロードレース|男性|競輪|自転車に乗る男|薄い肌色	man biking: light skin tone|bicycle|bicyclist|bike|biking|cycle|cyclist|light skin tone|man|riding|sport
1f6b4-1f3fc-200d-2642	自転車に乗る男: やや薄い肌色|サイクリング|スポーツ|やや薄い肌色|ロードレース|男性|競輪|自転車に乗る男	man biking: medium-light skin tone|bicycle|bicyclist|bike|biking|cycle|cyclist|man|medium-light skin tone|riding|sport
1f6b4-1f3fd-200d-2642	自転車に乗る男: 中間の肌色|サイクリング|スポーツ|ロードレース|中間の肌色|男性|競輪|自転車に乗る男	man biking: medium skin tone|bicycle|bicyclist|bike|biking|cycle|cyclist|man|medium skin tone|riding|sport
1f6b4-1f3fe-200d-2642	自転車に乗る男: やや濃い肌色|サイクリング|スポーツ|やや濃い肌色|ロードレース|男性|競輪|自転車に乗る男	man biking: medium-dark skin tone|bicycle|bicyclist|bike|biking|cycle|cyclist|man|medium-dark skin tone|riding|sport
1f6b4-1f3ff-200d-2642	自転車に乗る男: 濃い肌色|サイクリング|スポーツ|ロードレース|濃い肌色|男性|競輪|自転車に乗る男	man biking: dark skin tone|bicycle|bicyclist|bike|biking|cycle|cyclist|dark skin tone|man|riding|sport
1f6b4-200d-2640	自転車に乗る女|サイクリスト|サイクリング|スポーツ|ロードレース|女|女性|競輪|自転車|自転車乗り	woman biking|bicycle|bicyclist|bike|biking|cycle|cyclist|riding|sport|woman
1f6b4-1f3fb-200d-2640	自転車に乗る女: 薄い肌色|サイクリスト|サイクリング|スポーツ|ロードレース|女|女性|競輪|自転車|自転車に乗る女|自転車乗り|薄い肌色	woman biking: light skin tone|bicycle|bicyclist|bike|biking|cycle|cyclist|light skin tone|riding|sport|woman
1f6b4-1f3fc-200d-2640	自転車に乗る女: やや薄い肌色|サイクリスト|サイクリング|スポーツ|やや薄い肌色|ロードレース|女|女性|競輪|自転車|自転車に乗る女|自転車乗り	woman biking: medium-light skin tone|bicycle|bicyclist|bike|biking|cycle|cyclist|medium-light skin tone|riding|sport|woman
1f6b4-1f3fd-200d-2640	自転車に乗る女: 中間の肌色|サイクリスト|サイクリング|スポーツ|ロードレース|中間の肌色|女|女性|競輪|自転車|自転車に乗る女|自転車乗り	woman biking: medium skin tone|bicycle|bicyclist|bike|biking|cycle|cyclist|medium skin tone|riding|sport|woman
1f6b4-1f3fe-200d-2640	自転車に乗る女: やや濃い肌色|サイクリスト|サイクリング|スポーツ|やや濃い肌色|ロードレース|女|女性|競輪|自転車|自転車に乗る女|自転車乗り	woman biking: medium-dark skin tone|bicycle|bicyclist|bike|biking|cycle|cyclist|medium-dark skin tone|riding|sport|woman
1f6b4-1f3ff-200d-2640	自転車に乗る女: 濃い肌色|サイクリスト|サイクリング|スポーツ|ロードレース|女|女性|濃い肌色|競輪|自転車|自転車に乗る女|自転車乗り	woman biking: dark skin tone|bicycle|bicyclist|bike|biking|cycle|cyclist|dark skin tone|riding|sport|woman
1f6b5	マウンテンバイクに乗る人|サイクリスト|サイクリング|スポーツ|マウンテンバイク|山|競技|自転車|自転車乗り	person mountain biking|bicycle|bicyclist|bike|biking|cycle|cyclist|mountain|person|riding|sport
1f6b5-1f3fb	マウンテンバイクに乗る人: 薄い肌色|サイクリスト|サイクリング|スポーツ|マウンテンバイク|マウンテンバイクに乗る人|山|競技|自転車|自転車乗り|薄い肌色	person mountain biking: light skin tone|bicycle|bicyclist|bike|biking|cycle|cyclist|light skin tone|mountain|person|riding|sport
1f6b5-1f3fc	マウンテンバイクに乗る人: やや薄い肌色|サイクリスト|サイクリング|スポーツ|マウンテンバイク|マウンテンバイクに乗る人|やや薄い肌色|山|競技|自転車|自転車乗り	person mountain biking: medium-light skin tone|bicycle|bicyclist|bike|biking|cycle|cyclist|medium-light skin tone|mountain|person|riding|sport
1f6b5-1f3fd	マウンテンバイクに乗る人: 中間の肌色|サイクリスト|サイクリング|スポーツ|マウンテンバイク|マウンテンバイクに乗る人|中間の肌色|山|競技|自転車|自転車乗り	person mountain biking: medium skin tone|bicycle|bicyclist|bike|biking|cycle|cyclist|medium skin tone|mountain|person|riding|sport
1f6b5-1f3fe	マウンテンバイクに乗る人: やや濃い肌色|サイクリスト|サイクリング|スポーツ|マウンテンバイク|マウンテンバイクに乗る人|やや濃い肌色|山|競技|自転車|自転車乗り	person mountain biking: medium-dark skin tone|bicycle|bicyclist|bike|biking|cycle|cyclist|medium-dark skin tone|mountain|person|riding|sport
1f6b5-1f3ff	マウンテンバイクに乗る人: 濃い肌色|サイクリスト|サイクリング|スポーツ|マウンテンバイク|マウンテンバイクに乗る人|山|濃い肌色|競技|自転車|自転車乗り	person mountain biking: dark skin tone|bicycle|bicyclist|bike|biking|cycle|cyclist|dark skin tone|mountain|person|riding|sport
1f6b5-200d-2642	マウンテンバイクに乗る男|サイクリング|スポーツ|男|男性|自転車	man mountain biking|bicycle|bicyclist|bike|biking|cycle|cyclist|man|mountain|riding|sport
1f6b5-1f3fb-200d-2642	マウンテンバイクに乗る男: 薄い肌色|サイクリング|スポーツ|マウンテンバイクに乗る男|男|男性|自転車|薄い肌色	man mountain biking: light skin tone|bicycle|bicyclist|bike|biking|cycle|cyclist|light skin tone|man|mountain|riding|sport
1f6b5-1f3fc-200d-2642	マウンテンバイクに乗る男: やや薄い肌色|サイクリング|スポーツ|マウンテンバイクに乗る男|やや薄い肌色|男|男性|自転車	man mountain biking: medium-light skin tone|bicycle|bicyclist|bike|biking|cycle|cyclist|man|medium-light skin tone|mountain|riding|sport
1f6b5-1f3fd-200d-2642	マウンテンバイクに乗る男: 中間の肌色|サイクリング|スポーツ|マウンテンバイクに乗る男|中間の肌色|男|男性|自転車	man mountain biking: medium skin tone|bicycle|bicyclist|bike|biking|cycle|cyclist|man|medium skin tone|mountain|riding|sport
1f6b5-1f3fe-200d-2642	マウンテンバイクに乗る男: やや濃い肌色|サイクリング|スポーツ|マウンテンバイクに乗る男|やや濃い肌色|男|男性|自転車	man mountain biking: medium-dark skin tone|bicycle|bicyclist|bike|biking|cycle|cyclist|man|medium-dark skin tone|mountain|riding|sport
1f6b5-1f3ff-200d-2642	マウンテンバイクに乗る男: 濃い肌色|サイクリング|スポーツ|マウンテンバイクに乗る男|濃い肌色|男|男性|自転車	man mountain biking: dark skin tone|bicycle|bicyclist|bike|biking|cycle|cyclist|dark skin tone|man|mountain|riding|sport
1f6b5-200d-2640	マウンテンバイクに乗る女|サイクリスト|サイクリング|スポーツ|女|女性|自転車|自転車乗り	woman mountain biking|bicycle|bicyclist|bike|biking|cycle|cyclist|mountain|riding|sport|woman
1f6b5-1f3fb-200d-2640	マウンテンバイクに乗る女: 薄い肌色|サイクリスト|サイクリング|スポーツ|マウンテンバイクに乗る女|女|女性|自転車|自転車乗り|薄い肌色	woman mountain biking: light skin tone|bicycle|bicyclist|bike|biking|cycle|cyclist|light skin tone|mountain|riding|sport|woman
1f6b5-1f3fc-200d-2640	マウンテンバイクに乗る女: やや薄い肌色|サイクリスト|サイクリング|スポーツ|マウンテンバイクに乗る女|やや薄い肌色|女|女性|自転車|自転車乗り	woman mountain biking: medium-light skin tone|bicycle|bicyclist|bike|biking|cycle|cyclist|medium-light skin tone|mountain|riding|sport|woman
1f6b5-1f3fd-200d-2640	マウンテンバイクに乗る女: 中間の肌色|サイクリスト|サイクリング|スポーツ|マウンテンバイクに乗る女|中間の肌色|女|女性|自転車|自転車乗り	woman mountain biking: medium skin tone|bicycle|bicyclist|bike|biking|cycle|cyclist|medium skin tone|mountain|riding|sport|woman
1f6b5-1f3fe-200d-2640	マウンテンバイクに乗る女: やや濃い肌色|サイクリスト|サイクリング|スポーツ|マウンテンバイクに乗る女|やや濃い肌色|女|女性|自転車|自転車乗り	woman mountain biking: medium-dark skin tone|bicycle|bicyclist|bike|biking|cycle|cyclist|medium-dark skin tone|mountain|riding|sport|woman
1f6b5-1f3ff-200d-2640	マウンテンバイクに乗る女: 濃い肌色|サイクリスト|サイクリング|スポーツ|マウンテンバイクに乗る女|女|女性|濃い肌色|自転車|自転車乗り	woman mountain biking: dark skin tone|bicycle|bicyclist|bike|biking|cycle|cyclist|dark skin tone|mountain|riding|sport|woman
1f938	側転する人|スポーツ|トンボ返り|体操|側転|幸せ|活動的|活発|興奮	person cartwheeling|active|cartwheel|cartwheeling|excited|flip|gymnastics|happy|person|somersault
1f938-1f3fb	側転する人: 薄い肌色|スポーツ|トンボ返り|体操|側転|側転する人|幸せ|活動的|活発|興奮|薄い肌色	person cartwheeling: light skin tone|active|cartwheel|cartwheeling|excited|flip|gymnastics|happy|light skin tone|person|somersault
1f938-1f3fc	側転する人: やや薄い肌色|スポーツ|トンボ返り|やや薄い肌色|体操|側転|側転する人|幸せ|活動的|活発|興奮	person cartwheeling: medium-light skin tone|active|cartwheel|cartwheeling|excited|flip|gymnastics|happy|medium-light skin tone|person|somersault
1f938-1f3fd	側転する人: 中間の肌色|スポーツ|トンボ返り|中間の肌色|体操|側転|側転する人|幸せ|活動的|活発|興奮	person cartwheeling: medium skin tone|active|cartwheel|cartwheeling|excited|flip|gymnastics|happy|medium skin tone|person|somersault
1f938-1f3fe	側転する人: やや濃い肌色|スポーツ|トンボ返り|やや濃い肌色|体操|側転|側転する人|幸せ|活動的|活発|興奮	person cartwheeling: medium-dark skin tone|active|cartwheel|cartwheeling|excited|flip|gymnastics|happy|medium-dark skin tone|person|somersault
1f938-1f3ff	側転する人: 濃い肌色|スポーツ|トンボ返り|体操|側転|側転する人|幸せ|活動的|活発|濃い肌色|興奮	person cartwheeling: dark skin tone|active|cartwheel|cartwheeling|dark skin tone|excited|flip|gymnastics|happy|person|somersault
1f938-200d-2642	側転する男|スポーツ|トンボ返り|体操|側転|幸せ|活発|男性|興奮	man cartwheeling|active|cartwheel|cartwheeling|excited|flip|gymnastics|happy|man|somersault
1f938-1f3fb-200d-2642	側転する男: 薄い肌色|スポーツ|トンボ返り|体操|側転|側転する男|幸せ|活発|男性|興奮|薄い肌色	man cartwheeling: light skin tone|active|cartwheel|cartwheeling|excited|flip|gymnastics|happy|light skin tone|man|somersault
1f938-1f3fc-200d-2642	側転する男: やや薄い肌色|スポーツ|トンボ返り|やや薄い肌色|体操|側転|側転する男|幸せ|活発|男性|興奮	man cartwheeling: medium-light skin tone|active|cartwheel|cartwheeling|excited|flip|gymnastics|happy|man|medium-light skin tone|somersault
1f938-1f3fd-200d-2642	側転する男: 中間の肌色|スポーツ|トンボ返り|中間の肌色|体操|側転|側転する男|幸せ|活発|男性|興奮	man cartwheeling: medium skin tone|active|cartwheel|cartwheeling|excited|flip|gymnastics|happy|man|medium skin tone|somersault
1f938-1f3fe-200d-2642	側転する男: やや濃い肌色|スポーツ|トンボ返り|やや濃い肌色|体操|側転|側転する男|幸せ|活発|男性|興奮	man cartwheeling: medium-dark skin tone|active|cartwheel|cartwheeling|excited|flip|gymnastics|happy|man|medium-dark skin tone|somersault
1f938-1f3ff-200d-2642	側転する男: 濃い肌色|スポーツ|トンボ返り|体操|側転|側転する男|幸せ|活発|濃い肌色|男性|興奮	man cartwheeling: dark skin tone|active|cartwheel|cartwheeling|dark skin tone|excited|flip|gymnastics|happy|man|somersault
1f938-200d-2640	側転する女|スポーツ|トンボ返り|体操|側転|女性|幸せ|活発|興奮	woman cartwheeling|active|cartwheel|cartwheeling|excited|flip|gymnastics|happy|somersault|woman
1f938-1f3fb-200d-2640	側転する女: 薄い肌色|スポーツ|トンボ返り|体操|側転|側転する女|女性|幸せ|活発|興奮|薄い肌色	woman cartwheeling: light skin tone|active|cartwheel|cartwheeling|excited|flip|gymnastics|happy|light skin tone|somersault|woman
1f938-1f3fc-200d-2640	側転する女: やや薄い肌色|スポーツ|トンボ返り|やや薄い肌色|体操|側転|側転する女|女性|幸せ|活発|興奮	woman cartwheeling: medium-light skin tone|active|cartwheel|cartwheeling|excited|flip|gymnastics|happy|medium-light skin tone|somersault|woman
1f938-1f3fd-200d-2640	側転する女: 中間の肌色|スポーツ|トンボ返り|中間の肌色|体操|側転|側転する女|女性|幸せ|活発|興奮	woman cartwheeling: medium skin tone|active|cartwheel|cartwheeling|excited|flip|gymnastics|happy|medium skin tone|somersault|woman
1f938-1f3fe-200d-2640	側転する女: やや濃い肌色|スポーツ|トンボ返り|やや濃い肌色|体操|側転|側転する女|女性|幸せ|活発|興奮	woman cartwheeling: medium-dark skin tone|active|cartwheel|cartwheeling|excited|flip|gymnastics|happy|medium-dark skin tone|somersault|woman
1f938-1f3ff-200d-2640	側転する女: 濃い肌色|スポーツ|トンボ返り|体操|側転|側転する女|女性|幸せ|活発|濃い肌色|興奮	woman cartwheeling: dark skin tone|active|cartwheel|cartwheeling|dark skin tone|excited|flip|gymnastics|happy|somersault|woman
1f93c	レスリングする人|スポーツ|デュエル|リング内|レスラー|レスリング|レスリング大会|取っ組み合い|格闘	people wrestling|combat|duel|grapple|people|ring|tournament|wrestle|wrestling
1f93c-200d-2642	レスリングする男|スポーツ|デュエル|リング内|レスリング|レスリングをする|レスリング大会|取っ組み合い|格闘|男性	men wrestling|combat|duel|grapple|men|ring|tournament|wrestle|wrestling
1f93c-200d-2640	レスリングする女|スポーツ|デュエル|リング内|レスリング|レスリングをする|レスリング大会|取っ組み合い|女性|格闘	women wrestling|combat|duel|grapple|ring|tournament|women|wrestle|wrestling
1f93d	水球をする人|スポーツ|水上競技|水泳|水球|球技	person playing water polo|person|playing|polo|sport|swimming|water|waterpolo
1f93d-1f3fb	水球をする人: 薄い肌色|スポーツ|水上競技|水泳|水球|水球をする人|球技|薄い肌色	person playing water polo: light skin tone|light skin tone|person|playing|polo|sport|swimming|water|waterpolo
1f93d-1f3fc	水球をする人: やや薄い肌色|スポーツ|やや薄い肌色|水上競技|水泳|水球|水球をする人|球技	person playing water polo: medium-light skin tone|medium-light skin tone|person|playing|polo|sport|swimming|water|waterpolo
1f93d-1f3fd	水球をする人: 中間の肌色|スポーツ|中間の肌色|水上競技|水泳|水球|水球をする人|球技	person playing water polo: medium skin tone|medium skin tone|person|playing|polo|sport|swimming|water|waterpolo
1f93d-1f3fe	水球をする人: やや濃い肌色|スポーツ|やや濃い肌色|水上競技|水泳|水球|水球をする人|球技	person playing water polo: medium-dark skin tone|medium-dark skin tone|person|playing|polo|sport|swimming|water|waterpolo
1f93d-1f3ff	水球をする人: 濃い肌色|スポーツ|水上競技|水泳|水球|水球をする人|濃い肌色|球技	person playing water polo: dark skin tone|dark skin tone|person|playing|polo|sport|swimming|water|waterpolo
1f93d-200d-2642	水球をする男|スポーツ|水上競技|水泳|水球|球技|男性	man playing water polo|man|playing|polo|sport|swimming|water|waterpolo
1f93d-1f3fb-200d-2642	水球をする男: 薄い肌色|スポーツ|水上競技|水泳|水球|水球をする男|球技|男性|薄い肌色	man playing water polo: light skin tone|light skin tone|man|playing|polo|sport|swimming|water|waterpolo
1f93d-1f3fc-200d-2642	水球をする男: やや薄い肌色|スポーツ|やや薄い肌色|水上競技|水泳|水球|水球をする男|球技|男性	man playing water polo: medium-light skin tone|man|medium-light skin tone|playing|polo|sport|swimming|water|waterpolo
1f93d-1f3fd-200d-2642	水球をする男: 中間の肌色|スポーツ|中間の肌色|水上競技|水泳|水球|水球をする男|球技|男性	man playing water polo: medium skin tone|man|medium skin tone|playing|polo|sport|swimming|water|waterpolo
1f93d-1f3fe-200d-2642	水球をする男: やや濃い肌色|スポーツ|やや濃い肌色|水上競技|水泳|水球|水球をする男|球技|男性	man playing water polo: medium-dark skin tone|man|medium-dark skin tone|playing|polo|sport|swimming|water|waterpolo
1f93d-1f3ff-200d-2642	水球をする男: 濃い肌色|スポーツ|水上競技|水泳|水球|水球をする男|濃い肌色|球技|男性	man playing water polo: dark skin tone|dark skin tone|man|playing|polo|sport|swimming|water|waterpolo
1f93d-200d-2640	水球をする女|スポーツ|女性|水上競技|水泳|水球|球技	woman playing water polo|playing|polo|sport|swimming|water|waterpolo|woman
1f93d-1f3fb-200d-2640	水球をする女: 薄い肌色|スポーツ|女性|水上競技|水泳|水球|水球をする女|球技|薄い肌色	woman playing water polo: light skin tone|light skin tone|playing|polo|sport|swimming|water|waterpolo|woman
1f93d-1f3fc-200d-2640	水球をする女: やや薄い肌色|スポーツ|やや薄い肌色|女性|水上競技|水泳|水球|水球をする女|球技	woman playing water polo: medium-light skin tone|medium-light skin tone|playing|polo|sport|swimming|water|waterpolo|woman
1f93d-1f3fd-200d-2640	水球をする女: 中間の肌色|スポーツ|中間の肌色|女性|水上競技|水泳|水球|水球をする女|球技	woman playing water polo: medium skin tone|medium skin tone|playing|polo|sport|swimming|water|waterpolo|woman
1f93d-1f3fe-200d-2640	水球をする女: やや濃い肌色|スポーツ|やや濃い肌色|女性|水上競技|水泳|水球|水球をする女|球技	woman playing water polo: medium-dark skin tone|medium-dark skin tone|playing|polo|sport|swimming|water|waterpolo|woman
1f93d-1f3ff-200d-2640	水球をする女: 濃い肌色|スポーツ|女性|水上競技|水泳|水球|水球をする女|濃い肌色|球技	woman playing water polo: dark skin tone|dark skin tone|playing|polo|sport|swimming|water|waterpolo|woman
1f93e	ハンドボールをする人|アスリート|キャッチ|スポーツ|スローする|ハンドボール|ボール|投げる|放る|球技	person playing handball|athletics|ball|catch|chuck|handball|hurl|lob|person|pitch|playing|sport|throw|toss
1f93e-1f3fb	ハンドボールをする人: 薄い肌色|アスリート|キャッチ|スポーツ|スローする|ハンドボール|ハンドボールをする人|ボール|投げる|放る|球技|薄い肌色	person playing handball: light skin tone|athletics|ball|catch|chuck|handball|hurl|light skin tone|lob|person|pitch|playing|sport|throw|toss
1f93e-1f3fc	ハンドボールをする人: やや薄い肌色|アスリート|キャッチ|スポーツ|スローする|ハンドボール|ハンドボールをする人|ボール|やや薄い肌色|投げる|放る|球技	person playing handball: medium-light skin tone|athletics|ball|catch|chuck|handball|hurl|lob|medium-light skin tone|person|pitch|playing|sport|throw|toss
1f93e-1f3fd	ハンドボールをする人: 中間の肌色|アスリート|キャッチ|スポーツ|スローする|ハンドボール|ハンドボールをする人|ボール|中間の肌色|投げる|放る|球技	person playing handball: medium skin tone|athletics|ball|catch|chuck|handball|hurl|lob|medium skin tone|person|pitch|playing|sport|throw|toss
1f93e-1f3fe	ハンドボールをする人: やや濃い肌色|アスリート|キャッチ|スポーツ|スローする|ハンドボール|ハンドボールをする人|ボール|やや濃い肌色|投げる|放る|球技	person playing handball: medium-dark skin tone|athletics|ball|catch|chuck|handball|hurl|lob|medium-dark skin tone|person|pitch|playing|sport|throw|toss
1f93e-1f3ff	ハンドボールをする人: 濃い肌色|アスリート|キャッチ|スポーツ|スローする|ハンドボール|ハンドボールをする人|ボール|投げる|放る|濃い肌色|球技	person playing handball: dark skin tone|athletics|ball|catch|chuck|dark skin tone|handball|hurl|lob|person|pitch|playing|sport|throw|toss
1f93e-200d-2642	ハンドボールをする男|スポーツ|ハンドボール|球技|男|男性	man playing handball|athletics|ball|catch|chuck|handball|hurl|lob|man|pitch|playing|sport|throw|toss
1f93e-1f3fb-200d-2642	ハンドボールをする男: 薄い肌色|スポーツ|ハンドボール|ハンドボールをする男|球技|男|男性|薄い肌色	man playing handball: light skin tone|athletics|ball|catch|chuck|handball|hurl|light skin tone|lob|man|pitch|playing|sport|throw|toss
1f93e-1f3fc-200d-2642	ハンドボールをする男: やや薄い肌色|スポーツ|ハンドボール|ハンドボールをする男|やや薄い肌色|球技|男|男性	man playing handball: medium-light skin tone|athletics|ball|catch|chuck|handball|hurl|lob|man|medium-light skin tone|pitch|playing|sport|throw|toss
1f93e-1f3fd-200d-2642	ハンドボールをする男: 中間の肌色|スポーツ|ハンドボール|ハンドボールをする男|中間の肌色|球技|男|男性	man playing handball: medium skin tone|athletics|ball|catch|chuck|handball|hurl|lob|man|medium skin tone|pitch|playing|sport|throw|toss
1f93e-1f3fe-200d-2642	ハンドボールをする男: やや濃い肌色|スポーツ|ハンドボール|ハンドボールをする男|やや濃い肌色|球技|男|男性	man playing handball: medium-dark skin tone|athletics|ball|catch|chuck|handball|hurl|lob|man|medium-dark skin tone|pitch|playing|sport|throw|toss
1f93e-1f3ff-200d-2642	ハンドボールをする男: 濃い肌色|スポーツ|ハンドボール|ハンドボールをする男|濃い肌色|球技|男|男性	man playing handball: dark skin tone|athletics|ball|catch|chuck|dark skin tone|handball|hurl|lob|man|pitch|playing|sport|throw|toss
1f93e-200d-2640	ハンドボールをする女|キャッチ|スポーツ|スローする|ハンドボール|ボール|女性|投げる|放る|球技	woman playing handball|athletics|ball|catch|chuck|handball|hurl|lob|pitch|playing|sport|throw|toss|woman
1f93e-1f3fb-200d-2640	ハンドボールをする女: 薄い肌色|キャッチ|スポーツ|スローする|ハンドボール|ハンドボールをする女|ボール|女性|投げる|放る|球技|薄い肌色	woman playing handball: light skin tone|athletics|ball|catch|chuck|handball|hurl|light skin tone|lob|pitch|playing|sport|throw|toss|woman
1f93e-1f3fc-200d-2640	ハンドボールをする女: やや薄い肌色|キャッチ|スポーツ|スローする|ハンドボール|ハンドボールをする女|ボール|やや薄い肌色|女性|投げる|放る|球技	woman playing handball: medium-light skin tone|athletics|ball|catch|chuck|handball|hurl|lob|medium-light skin tone|pitch|playing|sport|throw|toss|woman
1f93e-1f3fd-200d-2640	ハンドボールをする女: 中間の肌色|キャッチ|スポーツ|スローする|ハンドボール|ハンドボールをする女|ボール|中間の肌色|女性|投げる|放る|球技	woman playing handball: medium skin tone|athletics|ball|catch|chuck|handball|hurl|lob|medium skin tone|pitch|playing|sport|throw|toss|woman
1f93e-1f3fe-200d-2640	ハンドボールをする女: やや濃い肌色|キャッチ|スポーツ|スローする|ハンドボール|ハンドボールをする女|ボール|やや濃い肌色|女性|投げる|放る|球技	woman playing handball: medium-dark skin tone|athletics|ball|catch|chuck|handball|hurl|lob|medium-dark skin tone|pitch|playing|sport|throw|toss|woman
1f93e-1f3ff-200d-2640	ハンドボールをする女: 濃い肌色|キャッチ|スポーツ|スローする|ハンドボール|ハンドボールをする女|ボール|女性|投げる|放る|濃い肌色|球技	woman playing handball: dark skin tone|athletics|ball|catch|chuck|dark skin tone|handball|hurl|lob|pitch|playing|sport|throw|toss|woman
1f939	ジャグリングをする人|ジャグラー|ジャグリング|ジャグリングする人|バランス演技|マルチタスク|大道芸|操る	person juggling|act|balance|balancing|handle|juggle|juggling|manage|multitask|person|skill
1f939-1f3fb	ジャグリングをする人: 薄い肌色|ジャグラー|ジャグリング|ジャグリングする人|ジャグリングをする人|バランス演技|マルチタスク|大道芸|操る|薄い肌色	person juggling: light skin tone|act|balance|balancing|handle|juggle|juggling|light skin tone|manage|multitask|person|skill
1f939-1f3fc	ジャグリングをする人: やや薄い肌色|ジャグラー|ジャグリング|ジャグリングする人|ジャグリングをする人|バランス演技|マルチタスク|やや薄い肌色|大道芸|操る	person juggling: medium-light skin tone|act|balance|balancing|handle|juggle|juggling|manage|medium-light skin tone|multitask|person|skill
1f939-1f3fd	ジャグリングをする人: 中間の肌色|ジャグラー|ジャグリング|ジャグリングする人|ジャグリングをする人|バランス演技|マルチタスク|中間の肌色|大道芸|操る	person juggling: medium skin tone|act|balance|balancing|handle|juggle|juggling|manage|medium skin tone|multitask|person|skill
1f939-1f3fe	ジャグリングをする人: やや濃い肌色|ジャグラー|ジャグリング|ジャグリングする人|ジャグリングをする人|バランス演技|マルチタスク|やや濃い肌色|大道芸|操る	person juggling: medium-dark skin tone|act|balance|balancing|handle|juggle|juggling|manage|medium-dark skin tone|multitask|person|skill
1f939-1f3ff	ジャグリングをする人: 濃い肌色|ジャグラー|ジャグリング|ジャグリングする人|ジャグリングをする人|バランス演技|マルチタスク|大道芸|操る|濃い肌色	person juggling: dark skin tone|act|balance|balancing|dark skin tone|handle|juggle|juggling|manage|multitask|person|skill
1f939-200d-2642	ジャグリングをする男|ジャグラー|ジャグリング|バランス演技|マルチタスク|大道芸|操る|男性	man juggling|act|balance|balancing|handle|juggle|juggling|man|manage|multitask|skill
1f939-1f3fb-200d-2642	ジャグリングをする男: 薄い肌色|ジャグラー|ジャグリング|ジャグリングをする男|バランス演技|マルチタスク|大道芸|操る|男性|薄い肌色	man juggling: light skin tone|act|balance|balancing|handle|juggle|juggling|light skin tone|man|manage|multitask|skill
1f939-1f3fc-200d-2642	ジャグリングをする男: やや薄い肌色|ジャグラー|ジャグリング|ジャグリングをする男|バランス演技|マルチタスク|やや薄い肌色|大道芸|操る|男性	man juggling: medium-light skin tone|act|balance|balancing|handle|juggle|juggling|man|manage|medium-light skin tone|multitask|skill
1f939-1f3fd-200d-2642	ジャグリングをする男: 中間の肌色|ジャグラー|ジャグリング|ジャグリングをする男|バランス演技|マルチタスク|中間の肌色|大道芸|操る|男性	man juggling: medium skin tone|act|balance|balancing|handle|juggle|juggling|man|manage|medium skin tone|multitask|skill
1f939-1f3fe-200d-2642	ジャグリングをする男: やや濃い肌色|ジャグラー|ジャグリング|ジャグリングをする男|バランス演技|マルチタスク|やや濃い肌色|大道芸|操る|男性	man juggling: medium-dark skin tone|act|balance|balancing|handle|juggle|juggling|man|manage|medium-dark skin tone|multitask|skill
1f939-1f3ff-200d-2642	ジャグリングをする男: 濃い肌色|ジャグラー|ジャグリング|ジャグリングをする男|バランス演技|マルチタスク|大道芸|操る|濃い肌色|男性	man juggling: dark skin tone|act|balance|balancing|dark skin tone|handle|juggle|juggling|man|manage|multitask|skill
1f939-200d-2640	ジャグリングをする女|ジャグラー|ジャグリング|大道芸|女|女性	woman juggling|act|balance|balancing|handle|juggle|juggling|manage|multitask|skill|woman
1f939-1f3fb-200d-2640	ジャグリングをする女: 薄い肌色|ジャグラー|ジャグリング|ジャグリングをする女|大道芸|女|女性|薄い肌色	woman juggling: light skin tone|act|balance|balancing|handle|juggle|juggling|light skin tone|manage|multitask|skill|woman
1f939-1f3fc-200d-2640	ジャグリングをする女: やや薄い肌色|ジャグラー|ジャグリング|ジャグリングをする女|やや薄い肌色|大道芸|女|女性	woman juggling: medium-light skin tone|act|balance|balancing|handle|juggle|juggling|manage|medium-light skin tone|multitask|skill|woman
1f939-1f3fd-200d-2640	ジャグリングをする女: 中間の肌色|ジャグラー|ジャグリング|ジャグリングをする女|中間の肌色|大道芸|女|女性	woman juggling: medium skin tone|act|balance|balancing|handle|juggle|juggling|manage|medium skin tone|multitask|skill|woman
1f939-1f3fe-200d-2640	ジャグリングをする女: やや濃い肌色|ジャグラー|ジャグリング|ジャグリングをする女|やや濃い肌色|大道芸|女|女性	woman juggling: medium-dark skin tone|act|balance|balancing|handle|juggle|juggling|manage|medium-dark skin tone|multitask|skill|woman
1f939-1f3ff-200d-2640	ジャグリングをする女: 濃い肌色|ジャグラー|ジャグリング|ジャグリングをする女|大道芸|女|女性|濃い肌色	woman juggling: dark skin tone|act|balance|balancing|dark skin tone|handle|juggle|juggling|manage|multitask|skill|woman
1f9d8	ヨガのポーズをする人|くつろぎ|ヨガ|ヨガ行者|リラックス|平安|瞑想|禅|胡坐|蓮華座のポーズ	person in lotus position|cross|legged|legs|lotus|meditation|peace|person|position|relax|serenity|yoga|yogi|zen
1f9d8-1f3fb	ヨガのポーズをする人: 薄い肌色|くつろぎ|ヨガ|ヨガのポーズをする人|ヨガ行者|リラックス|平安|瞑想|禅|胡坐|蓮華座のポーズ|薄い肌色	person in lotus position: light skin tone|cross|legged|legs|light skin tone|lotus|meditation|peace|person|position|relax|serenity|yoga|yogi|zen
1f9d8-1f3fc	ヨガのポーズをする人: やや薄い肌色|くつろぎ|やや薄い肌色|ヨガ|ヨガのポーズをする人|ヨガ行者|リラックス|平安|瞑想|禅|胡坐|蓮華座のポーズ	person in lotus position: medium-light skin tone|cross|legged|legs|lotus|meditation|medium-light skin tone|peace|person|position|relax|serenity|yoga|yogi|zen
1f9d8-1f3fd	ヨガのポーズをする人: 中間の肌色|くつろぎ|ヨガ|ヨガのポーズをする人|ヨガ行者|リラックス|中間の肌色|平安|瞑想|禅|胡坐|蓮華座のポーズ	person in lotus position: medium skin tone|cross|legged|legs|lotus|meditation|medium skin tone|peace|person|position|relax|serenity|yoga|yogi|zen
1f9d8-1f3fe	ヨガのポーズをする人: やや濃い肌色|くつろぎ|やや濃い肌色|ヨガ|ヨガのポーズをする人|ヨガ行者|リラックス|平安|瞑想|禅|胡坐|蓮華座のポーズ	person in lotus position: medium-dark skin tone|cross|legged|legs|lotus|meditation|medium-dark skin tone|peace|person|position|relax|serenity|yoga|yogi|zen
1f9d8-1f3ff	ヨガのポーズをする人: 濃い肌色|くつろぎ|ヨガ|ヨガのポーズをする人|ヨガ行者|リラックス|平安|濃い肌色|瞑想|禅|胡坐|蓮華座のポーズ	person in lotus position: dark skin tone|cross|dark skin tone|legged|legs|lotus|meditation|peace|person|position|relax|serenity|yoga|yogi|zen
1f9d8-200d-2642	ヨガのポーズをする男|ヨガ|男|男性|瞑想	man in lotus position|cross|legged|legs|lotus|man|meditation|peace|position|relax|serenity|yoga|yogi|zen
1f9d8-1f3fb-200d-2642	ヨガのポーズをする男: 薄い肌色|ヨガ|ヨガのポーズをする男|男|男性|瞑想|薄い肌色	man in lotus position: light skin tone|cross|legged|legs|light skin tone|lotus|man|meditation|peace|position|relax|serenity|yoga|yogi|zen
1f9d8-1f3fc-200d-2642	ヨガのポーズをする男: やや薄い肌色|やや薄い肌色|ヨガ|ヨガのポーズをする男|男|男性|瞑想	man in lotus position: medium-light skin tone|cross|legged|legs|lotus|man|meditation|medium-light skin tone|peace|position|relax|serenity|yoga|yogi|zen
1f9d8-1f3fd-200d-2642	ヨガのポーズをする男: 中間の肌色|ヨガ|ヨガのポーズをする男|中間の肌色|男|男性|瞑想	man in lotus position: medium skin tone|cross|legged|legs|lotus|man|meditation|medium skin tone|peace|position|relax|serenity|yoga|yogi|zen
1f9d8-1f3fe-200d-2642	ヨガのポーズをする男: やや濃い肌色|やや濃い肌色|ヨガ|ヨガのポーズをする男|男|男性|瞑想	man in lotus position: medium-dark skin tone|cross|legged|legs|lotus|man|meditation|medium-dark skin tone|peace|position|relax|serenity|yoga|yogi|zen
1f9d8-1f3ff-200d-2642	ヨガのポーズをする男: 濃い肌色|ヨガ|ヨガのポーズをする男|濃い肌色|男|男性|瞑想	man in lotus position: dark skin tone|cross|dark skin tone|legged|legs|lotus|man|meditation|peace|position|relax|serenity|yoga|yogi|zen
1f9d8-200d-2640	ヨガのポーズをする女|ヨガ|女|女性|瞑想	woman in lotus position|cross|legged|legs|lotus|meditation|peace|position|relax|serenity|woman|yoga|yogi|zen
1f9d8-1f3fb-200d-2640	ヨガのポーズをする女: 薄い肌色|ヨガ|ヨガのポーズをする女|女|女性|瞑想|薄い肌色	woman in lotus position: light skin tone|cross|legged|legs|light skin tone|lotus|meditation|peace|position|relax|serenity|woman|yoga|yogi|zen
1f9d8-1f3fc-200d-2640	ヨガのポーズをする女: やや薄い肌色|やや薄い肌色|ヨガ|ヨガのポーズをする女|女|女性|瞑想	woman in lotus position: medium-light skin tone|cross|legged|legs|lotus|meditation|medium-light skin tone|peace|position|relax|serenity|woman|yoga|yogi|zen
1f9d8-1f3fd-200d-2640	ヨガのポーズをする女: 中間の肌色|ヨガ|ヨガのポーズをする女|中間の肌色|女|女性|瞑想	woman in lotus position: medium skin tone|cross|legged|legs|lotus|meditation|medium skin tone|peace|position|relax|serenity|woman|yoga|yogi|zen
1f9d8-1f3fe-200d-2640	ヨガのポーズをする女: やや濃い肌色|やや濃い肌色|ヨガ|ヨガのポーズをする女|女|女性|瞑想	woman in lotus position: medium-dark skin tone|cross|legged|legs|lotus|meditation|medium-dark skin tone|peace|position|relax|serenity|woman|yoga|yogi|zen
1f9d8-1f3ff-200d-2640	ヨガのポーズをする女: 濃い肌色|ヨガ|ヨガのポーズをする女|女|女性|濃い肌色|瞑想	woman in lotus position: dark skin tone|cross|dark skin tone|legged|legs|lotus|meditation|peace|position|relax|serenity|woman|yoga|yogi|zen
1f6c0	風呂に入る人|バスタブ|浴槽|風呂	person taking bath|bath|bathtub|person|taking|tub
1f6c0-1f3fb	風呂に入る人: 薄い肌色|バスタブ|浴槽|薄い肌色|風呂|風呂に入る人	person taking bath: light skin tone|bath|bathtub|light skin tone|person|taking|tub
1f6c0-1f3fc	風呂に入る人: やや薄い肌色|バスタブ|やや薄い肌色|浴槽|風呂|風呂に入る人	person taking bath: medium-light skin tone|bath|bathtub|medium-light skin tone|person|taking|tub
1f6c0-1f3fd	風呂に入る人: 中間の肌色|バスタブ|中間の肌色|浴槽|風呂|風呂に入る人	person taking bath: medium skin tone|bath|bathtub|medium skin tone|person|taking|tub
1f6c0-1f3fe	風呂に入る人: やや濃い肌色|バスタブ|やや濃い肌色|浴槽|風呂|風呂に入る人	person taking bath: medium-dark skin tone|bath|bathtub|medium-dark skin tone|person|taking|tub
1f6c0-1f3ff	風呂に入る人: 濃い肌色|バスタブ|浴槽|濃い肌色|風呂|風呂に入る人	person taking bath: dark skin tone|bath|bathtub|dark skin tone|person|taking|tub
1f6cc	ベッドに寝る人|おやすみ|グーグー|ベッド|ホテル|寝る|就寝中	person in bed|bed|bedtime|good|goodnight|hotel|nap|night|person|sleep|tired|zzz
1f6cc-1f3fb	ベッドに寝る人: 薄い肌色|おやすみ|グーグー|ベッド|ベッドに寝る人|ホテル|寝る|就寝中|薄い肌色	person in bed: light skin tone|bed|bedtime|good|goodnight|hotel|light skin tone|nap|night|person|sleep|tired|zzz
1f6cc-1f3fc	ベッドに寝る人: やや薄い肌色|おやすみ|グーグー|ベッド|ベッドに寝る人|ホテル|やや薄い肌色|寝る|就寝中	person in bed: medium-light skin tone|bed|bedtime|good|goodnight|hotel|medium-light skin tone|nap|night|person|sleep|tired|zzz
1f6cc-1f3fd	ベッドに寝る人: 中間の肌色|おやすみ|グーグー|ベッド|ベッドに寝る人|ホテル|中間の肌色|寝る|就寝中	person in bed: medium skin tone|bed|bedtime|good|goodnight|hotel|medium skin tone|nap|night|person|sleep|tired|zzz
1f6cc-1f3fe	ベッドに寝る人: やや濃い肌色|おやすみ|グーグー|ベッド|ベッドに寝る人|ホテル|やや濃い肌色|寝る|就寝中	person in bed: medium-dark skin tone|bed|bedtime|good|goodnight|hotel|medium-dark skin tone|nap|night|person|sleep|tired|zzz
1f6cc-1f3ff	ベッドに寝る人: 濃い肌色|おやすみ|グーグー|ベッド|ベッドに寝る人|ホテル|寝る|就寝中|濃い肌色	person in bed: dark skin tone|bed|bedtime|dark skin tone|good|goodnight|hotel|nap|night|person|sleep|tired|zzz
1f5e3	話す人のシルエット|シルエット|話す|顔	speaking head|face|head|silhouette|speak|speaking
1f464	人のシルエット|1人|シルエット|上半身|謎の人	bust in silhouette|bust|mysterious|shadow|silhouette
1f465	2人のシルエット|2人|シルエット|上半身|友達	busts in silhouette|bff|bust|busts|everyone|friend|friends|people|silhouette
1fac2	ハグする人|ありがとう|お別れ|こんにちは|さようなら|ハグ|友情|慰め|抱擁|挨拶	people hugging|comfort|embrace|farewell|friendship|goodbye|hello|hug|hugging|love|people|thanks
1f463	足あと|裸足|足	footprints|barefoot|clothing|footprint|omw|print|walk
1f435	サルの顔|サル|動物|猿|顔	monkey face|animal|banana|face|monkey
1f412	サル|動物|猿	monkey|animal|banana
1f98d	ゴリラ|動物|顔	gorilla|animal
1f9a7	オランウータン|サル|動物|森の人|猿	orangutan|animal|ape|monkey
1f436	イヌの顔|イヌ|ペット|動物|子犬|犬|顔	dog face|adorbs|animal|dog|face|pet|puppies|puppy
1f415	イヌ|ペット|動物|犬	dog|animal|animals|dogs|pet
1f9ae	盲導犬|アクセシビリティ|犬|視覚|補助|補助犬|障がい	guide dog|accessibility|animal|blind|dog|guide
1f415-200d-1f9ba	介助犬|アクセシビリティ|サービス|犬|補助	service dog|accessibility|animal|assistance|dog|service
1f429	プードル|ペット|動物|犬	poodle|animal|dog|fluffy
1f43a	オオカミの顔|オオカミ|動物|狼|顔	wolf|animal|face
1f98a	キツネの顔|キツネ|動物|狐|顔	fox|animal|face
1f99d	アライグマ|ずる賢い|動物|好奇心|詮索好き	raccoon|animal|curious|sly
1f431	ネコの顔|ネコ|ペット|動物|子猫|猫|顔	cat face|animal|cat|face|kitten|kitty|pet
1f408	ネコ|ペット|動物|猫	cat|animal|animals|cats|kitten|pet
1f408-200d-2b1b	黒猫|ネコ|不吉|動物|猫|黒	black cat|animal|black|cat|feline|halloween|meow|unlucky
1f981	ライオンの顔|しし座|ライオン|動物|星座|顔	lion|alpha|animal|face|Leo|mane|order|rawr|roar|safari|strong|zodiac
1f42f	トラの顔|トラ|動物|虎|顔	tiger face|animal|big|cat|face|predator|tiger
1f405	トラ|タイガー|動物|肉食動物|虎	tiger|animal|big|cat|predator|zoo
1f406	ヒョウ|動物|肉食動物	leopard|animal|big|cat|predator|zoo
1f434	馬の顔|ウマ|動物|顔|馬	horse face|animal|dressage|equine|face|farm|horse|horses
1f40e	馬|ウマ|ダービー|乗馬|動物|家畜|競走馬|競馬	horse|animal|equestrian|farm|racehorse|racing
1f984	ユニコーンの顔|ユニコーン|一角獣|動物|顔	unicorn|face
1f993	シマウマ|しましま|ゼブラ|動物|縞	zebra|animal|stripe
1f98c	シカ|動物|顔|鹿	deer|animal
1f9ac	バイソン|バッファロー|動物|牛|群れ|野牛	bison|animal|buffalo|herd|wisent
1f42e	牛の顔|ウシ|動物|牛|顔	cow face|animal|cow|face|farm|milk|moo
1f402	牡牛|ウシ|おうし座|動物|星座|牛	ox|animal|animals|bull|farm|Taurus|zodiac
1f403	水牛|バッファロー|動物|牛	water buffalo|animal|buffalo|water|zoo
1f404	牝牛|ウシ|乳牛|動物|家畜|牛	cow|animal|animals|farm|milk|moo
1f437	ブタの顔|ブタ|動物|豚|顔	pig face|animal|bacon|face|farm|pig|pork
1f416	ブタ|ポーク|動物|家畜|豚	pig|animal|bacon|farm|pork|sow
1f417	イノシシ|動物|猪|顔	boar|animal|pig
1f43d	ブタ鼻|ブタ|動物|豚|顔|鼻	pig nose|animal|face|farm|nose|pig|smell|snout
1f40f	牡羊|おひつじ座|ヒツジ|動物|星座|羊	ram|animal|Aries|horns|male|sheep|zodiac|zoo
1f411	羊|ウール|ヒツジ|動物|家畜|羊毛	ewe|animal|baa|farm|female|fluffy|lamb|sheep|wool
1f410	山羊|ヤギ|やぎ座|動物|家畜|星座	goat|animal|Capricorn|farm|milk|zodiac
1f42a	ラクダ|コブ|ヒトコブラクダ|動物|砂漠	camel|animal|desert|dromedary|hump|one
1f42b	フタコブラクダ|コブ|フタコブ|ラクダ|動物|砂漠	two-hump camel|animal|bactrian|camel|desert|hump|two|two-hump
1f999	ラマ|アルパカ|ウール|グアナコ|ビクーナ|動物|羊毛	llama|alpaca|animal|guanaco|vicuña|wool
1f992	キリン|動物	giraffe|animal|spots
1f418	ゾウ|動物|象	elephant|animal
1f9a3	マンモス|動物|巨大|牙|絶滅	mammoth|animal|extinction|large|tusk|wooly
1f98f	サイ|動物|顔	rhinoceros|animal
1f99b	カバ|動物	hippopotamus|animal|hippo
1f42d	ネズミの顔|ねずみ|ネズミ|動物|顔	mouse face|animal|face|mouse
1f401	ハツカネズミ|ねずみ|ネズミ|マウス|動物	mouse|animal|animals
1f400	ネズミ|ねずみ|ラット|動物	rat|animal
1f439	ハムスターの顔|ネズミ|ハムスター|ペット|動物|顔	hamster|animal|face|pet
1f430	ウサギの顔|うさぎ|ウサギ|ペット|動物|顔	rabbit face|animal|bunny|face|pet|rabbit
1f407	ウサギ|うさぎ|ペット|動物	rabbit|animal|bunny|pet
1f43f	リス|シマリス|りす|動物	chipmunk|animal|squirrel
1f9ab	ビーバー|ダム作り|動物	beaver|animal|dam|teeth
1f994	ハリネズミ|とげ|はりねずみ|ヤマアラシ|動物	hedgehog|animal|spiny
1f987	コウモリ|こうもり|バンパイア|動物|吸血鬼	bat|animal|vampire
1f43b	クマの顔|くま|クマ|動物|熊|顔	bear|animal|face|grizzly|growl|honey
1f43b-200d-2744	シロクマ|クマ|ホッキョクグマ|動物|北極|白	polar bear|animal|arctic|bear|polar|white
1f428	コアラ|動物|顔	koala|animal|australia|bear|down|face|marsupial|under
1f43c	パンダの顔|パンダ|動物|顔	panda|animal|bamboo|face
1f9a5	ナマケモノ|のんびり|ものぐさ|動物	sloth|lazy|slow
1f9a6	カワウソ|ラッコ|動物|遊び好き|魚を食べる	otter|animal|fishing|playful
1f9a8	スカンク|動物|悪臭	skunk|animal|stink
1f998	カンガルー|オーストラリア|ジャンプ|ジョーイ|動物|有袋類	kangaroo|animal|joey|jump|marsupial
1f9a1	アナグマ|ミツアナグマ|ラーテル|動物	badger|animal|honey|pester
1f43e	肉球|動物|犬|猫|足跡	paw prints|feet|paw|paws|print|prints
1f983	七面鳥|ターキー|動物|鳥	turkey|bird|gobble|thanksgiving
1f414	にわとり|ニワトリ|動物|顔|鳥	chicken|animal|bird|ornithology
1f413	おんどり|にわとり|ニワトリ|動物|鳥	rooster|animal|bird|ornithology
1f423	卵からかえったひよこ|ひな|ひよこ|動物|卵|顔|鳥	hatching chick|animal|baby|bird|chick|egg|hatching
1f424	ひよこ|ひな|動物|横を向いているひよこ|顔|鳥	baby chick|animal|baby|bird|chick|ornithology
1f425	前を向いているひよこ|ひな|ひよこ|動物|鳥	front-facing baby chick|animal|baby|bird|chick|front-facing|newborn|ornithology
1f426	鳥|動物|顔	bird|animal|ornithology
1f427	ペンギン|動物|顔|鳥	penguin|animal|antarctica|bird|ornithology
1f54a	ハト|動物|平和|鳥|鳩	dove|bird|fly|ornithology|peace
1f985	ワシ|イーグル|動物|鳥	eagle|animal|bird|ornithology
1f986	カモ|動物|鳥	duck|animal|bird|ornithology
1f9a2	白鳥|ひな|みにくいアヒルの子|動物|鳥	swan|animal|bird|cygnet|duckling|ornithology|ugly
1f989	フクロウ|ミミズク|動物|鳥	owl|animal|bird|ornithology|wise
1f9a4	ドードー|モーリシャス島|絶滅|飛べない鳥|鳥	dodo|animal|bird|extinction|large|ornithology
1fab6	羽|羽根|羽毛|軽い|飛ぶ|鳥	feather|bird|flight|light|plumage
1f9a9	フラミンゴ|ピンク色|動物|派手|熱帯|鳥	flamingo|animal|bird|flamboyant|ornithology|tropical
1f99a	クジャク|ピーコック|孔雀|派手|鳥	peacock|animal|bird|colorful|ornithology|ostentatious|peahen|pretty|proud
1f99c	オウム|しゃべる|動物|海賊|鳥	parrot|animal|bird|ornithology|pirate|talk
1f438	カエルの顔|カエル|動物|顔	frog|animal|face
1f40a	ワニ|クロコダイル|動物|爬虫類	crocodile|animal|zoo
1f422	カメ|亀|動物|爬虫類	turtle|animal|terrapin|tortoise
1f98e	トカゲ|ヤモリ|動物|爬虫類	lizard|animal|reptile
1f40d	ヘビ|へびつかい座|動物|星座|毒|爬虫類	snake|animal|bearer|Ophiuchus|serpent|zodiac
1f432	ドラゴンの顔|ドラゴン|動物|竜|顔|龍	dragon face|animal|dragon|face|fairy|fairytale|tale
1f409	ドラゴン|動物|竜|龍	dragon|animal|fairy|fairytale|knights|tale
1f995	草食恐竜|ディプロドクス|ブラキオサウルス|ブロントサウルス|恐竜|竜脚類	sauropod|brachiosaurus|brontosaurus|dinosaur|diplodocus
1f996	ティラノサウルス|恐竜	T-Rex|dinosaur|Rex|T|Tyrannosaurus
1f433	潮吹きクジラ|クジラ|動物|潮吹き	spouting whale|animal|beach|face|ocean|spouting|whale
1f40b	クジラ|動物	whale|animal|beach|ocean
1f42c	イルカ|ドルフィン|動物	dolphin|animal|beach|flipper|ocean
1f9ad	アザラシ|アシカ|オットセイ|トド|動物|海獣	seal|animal|lion|ocean|sea
1f41f	魚|うお座|フィッシング|動物|星座|釣り	fish|animal|dinner|fishes|fishing|Pisces|zodiac
1f420	熱帯魚|動物|魚	tropical fish|animal|fish|fishes|tropical
1f421	フグ|動物|魚	blowfish|animal|fish
1f988	サメ|動物|魚	shark|animal|fish
1f419	タコ|オクトパス|動物|軟体動物	octopus|animal|creature|ocean
1f41a	巻き貝|動物|貝|貝殻	spiral shell|animal|beach|conch|sea|shell|spiral
1fab8	サンゴ|気候変動|海|珊瑚礁	coral|change|climate|ocean|reef|sea
1f980	カニ|動物|星座	crab|Cancer|zodiac
1f99e	ザリガニ|シーフード|はさみ|ビスク|レッドロブスター|ロブスター|動物	lobster|animal|bisque|claws|seafood
1f990	エビ|シーフード|シュリンプ|動物|小エビ	shrimp|food|shellfish|small
1f991	イカ|シーフード|動物|軟体動物	squid|animal|food|mollusk
1f9aa	牡蠣|オイスター|カキ|シーフード|ダイビング|生ガキ|真珠|貝|魚介	oyster|diving|pearl
1f40c	かたつむり|エスカルゴ|カタツムリ|でんでん虫|虫	snail|animal|escargot|garden|nature|slug
1f98b	チョウ|バタフライ|昆虫|虫|蝶	butterfly|insect|pretty
1f41b	毛虫|イモムシ|芋虫|虫	bug|animal|garden|insect
1f41c	アリ|昆虫|虫	ant|animal|garden|insect
1f41d	ミツバチ|ハチ|虫|蜂	honeybee|animal|bee|bumblebee|honey|insect|nature|spring
1fab2	カブトムシ|つの|昆虫|虫	beetle|animal|bug|insect
1f41e	テントウムシ|てんとう虫|虫	lady beetle|animal|beetle|garden|insect|lady|ladybird|ladybug|nature
1f997	バッタ|コオロギ|昆虫|直翅目|虫	cricket|animal|bug|grasshopper|insect|Orthoptera
1fab3	ゴキブリ|害虫|虫	cockroach|animal|insect|pest|roach
1f577	クモ|スパイダー|虫	spider|animal|insect
1f578	クモの巣|ウェブ|クモ|スパイダー	spider web|spider|web
1f982	サソリ|さそり座|星座|虫	scorpion|Scorpio|Scorpius|zodiac
1f99f	蚊|ウイルス|マラリア|刺す|熱|病気|虫	mosquito|bite|disease|fever|insect|malaria|pest|virus
1fab0	ハエ|不潔|害虫|病原菌|虫	fly|animal|disease|insect|maggot|pest|rotting
1fab1	ミミズ|寄生虫|虫	worm|animal|annelid|earthworm|parasite
1f9a0	微生物|アメーバ|ウイルス|バクテリア|科学|細菌	microbe|amoeba|bacteria|science|virus
1f490	花束|ブーケ|植物|花	bouquet|anniversary|birthday|date|flower|love|plant|romance
1f338	桜|サクラ|植物|花|開花	cherry blossom|blossom|cherry|flower|plant|spring|springtime
1f4ae	大変よくできました|はなまる|よくできました|花	white flower|flower|white
1fab7	ハスの花|ヒンドゥー教|仏教|極楽|清浄|花	lotus|beauty|Buddhism|calm|flower|Hinduism|peace|purity|serenity
1f3f5	花飾り|植物|花	rosette|plant
1f339	バラ|ローズ|植物|花|薔薇|赤いバラ	rose|beauty|elegant|flower|love|plant|red|valentine
1f940	しおれた花|しおれた|花	wilted flower|dying|flower|wilted
1f33a	ハイビスカス|植物|花	hibiscus|flower|plant
1f33b	ヒマワリ|ひまわり|花	sunflower|flower|outdoors|plant|sun
1f33c	開花|キンポウゲ|咲いた花|植物|花	blossom|buttercup|dandelion|flower|plant
1f337	チューリップ|植物|花|開花	tulip|blossom|flower|growth|plant
1f331	新芽|双葉|芽	seedling|plant|sapling|sprout|young
1fab4	鉢植え|ベランダ|植木鉢|植物|水やり|緑|苗|観葉植物	potted plant|decor|grow|house|nurturing|plant|pot|potted
1f332	常緑樹|木|森	evergreen tree|christmas|evergreen|forest|pine|tree
1f333	落葉樹|木|森	deciduous tree|deciduous|forest|green|habitat|shedding|tree
1f334	ヤシの木|ビーチ|ヤシ|木|熱帯	palm tree|beach|palm|plant|tree|tropical
1f335	サボテン|植物|砂漠	cactus|desert|drought|nature|plant
1f33e	稲|ススキ|稲穂|穀物|米|草	sheaf of rice|ear|grain|grains|plant|rice|sheaf
1f33f	ハーブ|草|葉|薬草|香草	herb|leaf|plant
2618	クローバー|植物|草|葉	shamrock|irish|plant
1f340	四つ葉のクローバー|4|クローバー|植物|草|葉	four leaf clover|4|clover|four|four-leaf|irish|leaf|lucky|plant
1f341	かえで|カエデ|もみじ|紅葉|落ち葉|葉	maple leaf|falling|leaf|maple
1f342	落ち葉|木の葉|枯れ葉|葉|葉っぱ	fallen leaf|autumn|fall|fallen|falling|leaf
1f343	風に揺れる葉|木の葉|落ち葉|葉|葉っぱ|風	leaf fluttering in wind|blow|flutter|fluttering|leaf|wind
1fab9	空っぽの巣|営巣|巣|巣作り	empty nest|branch|empty|home|nest|nesting
1faba	鳥の卵と巣|卵|営巣|巣|巣作り|鳥の巣	nest with eggs|bird|branch|egg|eggs|nest|nesting
1f344	キノコ|きのこ|マッシュルーム|毒|菌類|野菜	mushroom|fungus|toadstool
1f347	ぶどう|グレープ|ブドウ|果物	grapes|Dionysus|fruit|grape
1f348	メロン|マスクメロン|果物|野菜	melon|cantaloupe|fruit
1f349	スイカ|果物|野菜	watermelon|fruit
1f34a	みかん|オレンジ|ネクタリン|ビタミンＣ|果物|柑橘類	tangerine|c|citrus|fruit|nectarine|orange|vitamin
1f34b	レモン|果物|柑橘類|酸っぱい	lemon|citrus|fruit|sour
1f34c	バナナ|カリウム|果物	banana|fruit|potassium
1f34d	パイナップル|トロピカル|パイン|果物	pineapple|colada|fruit|pina|tropical
1f96d	マンゴー|トロピカル|フルーツ|果物|食べ物	mango|food|fruit|tropical
1f34e	赤リンゴ|アップル|りんご|果物	red apple|apple|diet|food|fruit|health|red|ripe
1f34f	青リンゴ|アップル|りんご|果物	green apple|apple|fruit|green
1f350	洋ナシ|ナシ|果物|西洋ナシ	pear|fruit
1f351	桃|ピーチ|果物	peach|fruit
1f352	さくらんぼ|チェリー|果物	cherries|berries|cherry|fruit|red
1f353	いちご|ストロベリー|果物|苺	strawberry|berry|fruit
1fad0	ブルーベリー|ビルベリー|ベリー|果物|食べ物	blueberries|berries|berry|bilberry|blue|blueberry|food|fruit
1f95d	キウイフルーツ|キウイ|果物	kiwi fruit|food|fruit|kiwi
1f345	トマト|果物|野菜	tomato|food|fruit|vegetable
1fad2	オリーブ|実|果実|食べ物	olive|food
1f965	ココナツ|ココナッツ|ヤシの実|果物	coconut|colada|palm|piña
1f951	アボカド|果物|野菜	avocado|food|fruit
1f346	ナス|野菜	eggplant|aubergine|vegetable
1f954	ジャガイモ|イモ|じゃがいも|ポテト|野菜	potato|food|vegetable
1f955	人参|ニンジン|野菜	carrot|food|vegetable
1f33d	とうもろこし|コーン|トウモロコシ|野菜	ear of corn|corn|crops|ear|farm|maize|maze
1f336	とうがらし|辛い|野菜|香辛料	hot pepper|hot|pepper
1fad1	ピーマン|とうがらし|パプリカ|野菜|青ピーマン	bell pepper|bell|capsicum|food|pepper|vegetable
1f952	キュウリ|ピクルス|漬け物|野菜	cucumber|food|pickle|vegetable
1f96c	葉野菜|キャベツ|ケール|サラダ|チンゲン菜|レタス	leafy green|bok|burgers|cabbage|choy|green|kale|leafy|lettuce|salad
1f966	ブロッコリー|野菜	broccoli|cabbage|wild
1f9c4	ニンニク|ガーリック|におい|薬味|野菜|香り	garlic|flavoring
1f9c5	タマネギ|ねぎ|玉ねぎ|薬味|野菜	onion|flavoring
1f95c	ピーナッツ|ナッツ|落花生|野菜	peanuts|food|nut|peanut|vegetable
1fad8	豆|キドニービーンズ|ビーンズ|レッドキドニー|小豆|赤インゲン豆|金時豆|食べ物	beans|food|kidney|legume|small
1f330	くり|栗|野菜	chestnut|almond|plant
1f35e	食パン|パン|ベーカリー|小麦	bread|carbs|food|grain|loaf|restaurant|toast|wheat
1f950	クロワッサン|パン|フランス|ベーカリー	croissant|bread|breakfast|crescent|food|french|roll
1f956	バゲット|パン|フランスパン|ベーカリー	baguette bread|baguette|bread|food|french
1fad3	フラットブレッド|アレパ|ナン|パン|ピタパン|ラバシ|食べ物	flatbread|arepa|bread|food|gordita|lavash|naan|pita
1f968	プレッツェル|ねじり|パン	pretzel|convoluted|twisted
1f96f	ベーグル|クリームチーズ|パン|パン屋|ベーカリー|朝食	bagel|bakery|bread|breakfast|schmear
1f95e	パンケーキ|ホットケーキ	pancakes|breakfast|crêpe|food|hotcake|pancake
1f9c7	ワッフル|ふんわり|朝食|焼き菓子	waffle|breakfast|indecisive|iron
1f9c0	チーズ	cheese wedge|cheese|wedge
1f356	骨付き肉|もも肉|肉|骨	meat on bone|bone|meat
1f357	鶏もも肉|チキン|もも肉|肉|骨|骨付き肉	poultry leg|bone|chicken|drumstick|hungry|leg|poultry|turkey
1f969	ステーキ肉|ステーキ|ビーフ|ポーク|ラム|肉|赤身肉	cut of meat|chop|cut|lambchop|meat|porkchop|red|steak
1f953	ベーコン|肉	bacon|breakfast|food|meat
1f354	ハンバーガー|バーガー|ファストフード	hamburger|burger|eat|fast|food|hungry
1f35f	フライドポテト|ファストフード|フレンチフライ|ポテト|ポテトフライ	french fries|fast|food|french|fries
1f355	ピザ|チーズ|ピッツァ|ペパロニ	pizza|cheese|food|hungry|pepperoni|slice
1f32d	ホットドッグ|ソーセージ|フランクフルト	hot dog|dog|frankfurter|hot|hotdog|sausage
1f96a	サンドイッチ|パン	sandwich|bread
1f32e	タコス|メキシカン|メキシコ料理	taco|mexican
1f32f	ブリトー|ソフトタコス|メキシカン|メキシコ料理|ラップサンド	burrito|mexican|wrap
1fad4	タマル|タマレス|ちまき|パモーニャ|メキシカン|食べ物	tamale|food|mexican|pamonha|wrapped
1f959	ケバブサンド|ケバブ|ピタパン|ラップサンド	stuffed flatbread|falafel|flatbread|food|gyro|kebab|stuffed
1f9c6	ファラフェル|コロッケ|ヒヨコマメ|肉団子	falafel|chickpea|meatball
1f95a	卵	egg|breakfast|food
1f373	料理|フライパン|レストラン|卵|朝食|目玉焼き	cooking|breakfast|easy|egg|fry|frying|over|pan|restaurant|side|sunny|up
1f958	パエリア|シーフード|パエリア鍋	shallow pan of food|casserole|food|paella|pan|shallow
1f372	なべ|シチュー|スープ|煮物|煮込み	pot of food|food|pot|soup|stew
1fad5	フォンデュ|スイス|チーズ|チーズフォンデュ|チョコ|溶かす|鍋|食べ物	fondue|cheese|chocolate|food|melted|pot|ski
1f963	ボウルとスプーン|オートミール|おかゆ|シリアル|朝食|粥	bowl with spoon|bowl|breakfast|cereal|congee|oatmeal|porridge|spoon
1f957	グリーンサラダ|グリーン|サラダ	green salad|food|green|salad
1f37f	ポップコーン|お菓子	popcorn|corn|movie|pop
1f9c8	バター|乳製品	butter|dairy
1f9c2	塩|しょっぱい|振りかけ容器|薬味|調味料	salt|condiment|flavor|mad|salty|shaker|taste|upset
1f96b	缶詰|缶|非常食	canned food|can|canned|food
1f371	弁当|幕の内|弁当箱|駅弁	bento box|bento|box|food
1f358	せんべい|お菓子	rice cracker|cracker|food|rice
1f359	おにぎり|おむすび|和食|米	rice ball|ball|food|Japanese|rice
1f35a	ごはん|ライス|米	cooked rice|cooked|food|rice
1f35b	カレーライス|カレー|ライス	curry rice|curry|food|rice
1f35c	ラーメン|スープ|どんぶり|ヌードル|熱々|箸|麺	steaming bowl|bowl|chopsticks|food|noodle|pho|ramen|soup|steaming
1f35d	スパゲッティ|イタリア料理|スパゲッティー|スパゲティ|パスタ|ミートソース	spaghetti|food|meatballs|pasta|restaurant
1f360	焼き芋|サツマイモ|芋	roasted sweet potato|food|potato|roasted|sweet
1f362	おでん|串|練り物	oden|food|kebab|restaurant|seafood|skewer|stick
1f363	すし|お寿司|寿司	sushi|food
1f364	エビフライ|エビ|エビ天|フライ|天ぷら	fried shrimp|fried|prawn|shrimp|tempura
1f365	なると|渦巻き|練り物	fish cake with swirl|cake|fish|food|pastry|restaurant|swirl
1f96e	月餅|お祝い|中秋節|中華菓子|秋	moon cake|autumn|cake|festival|moon|yuèbǐng
1f361	だんご|お団子|デザート|串|和菓子	dango|dessert|Japanese|skewer|stick|sweet
1f95f	点心|ギョーザ|ぎょうざ|肉まん|餃子	dumpling|empanada|gyōza|jiaozi|pierogi|potsticker
1f960	フォーチュンクッキー|おみくじ	fortune cookie|cookie|fortune|prophecy
1f961	テイクアウト弁当|デリバリー|中華|弁当|持ち帰り|箸	takeout box|box|chopsticks|delivery|food|oyster|pail|takeout
1f366	ソフトクリーム|アイス|スイーツ|ソフト|デザート	soft ice cream|cream|dessert|food|ice|icecream|restaurant|serve|soft|sweet
1f367	かき氷|アイス|シェイブアイス|スイーツ|デザート|氷	shaved ice|dessert|ice|restaurant|shaved|sweet
1f368	アイスクリーム|アイス|スイーツ|デザート	ice cream|cream|dessert|food|ice|restaurant|sweet
1f369	ドーナツ|お菓子|スイーツ|デザート	doughnut|breakfast|dessert|donut|food|sweet
1f36a	クッキー|お菓子|スイーツ|チョコレートチップ|デザート	cookie|chip|chocolate|dessert|sweet
1f382	バースデーケーキ|お祝い|お菓子|ケーキ|スイーツ|バースデー|ハッピーバースデー|誕生日	birthday cake|bday|birthday|cake|celebration|dessert|happy|pastry|sweet
1f370	ショートケーキ|お菓子|ケーキ|スイーツ|デザート	shortcake|cake|dessert|pastry|slice|sweet
1f9c1	カップケーキ|おやつ|お菓子|ケーキ|スイーツ|ベーカリー|砂糖	cupcake|bakery|dessert|sprinkles|sugar|sweet|treat
1f967	パイ|アップルパイ|お菓子|タルト|パンプキンパイ|ミートパイ	pie|apple|filling|fruit|meat|pastry|pumpkin|slice
1f36b	チョコレート|お菓子|スイーツ|チョコ|デザート|板チョコ	chocolate bar|bar|candy|chocolate|dessert|halloween|sweet|tooth
1f36c	キャンディ|あめ|お菓子|虫歯	candy|cavities|dessert|halloween|restaurant|sweet|tooth|wrapper
1f36d	ぺろぺろキャンディ|あめ|お菓子|キャンディ|棒付きキャンディ	lollipop|candy|dessert|food|restaurant|sweet
1f36e	プリン|お菓子|カスタード|スイーツ|デザート	custard|dessert|pudding|sweet
1f36f	はちみつ|ハチミツ|ハニー|プーさん|壺|甘い	honey pot|barrel|bear|food|honey|honeypot|jar|pot|sweet
1f37c	ほにゅう瓶|ミルク|哺乳瓶|新生児|赤ちゃん	baby bottle|babies|baby|birth|born|bottle|drink|infant|milk|newborn
1f95b	牛乳入りのコップ|グラス|コップ|ミルク|牛乳	glass of milk|drink|glass|milk
2615	温かい飲み物|カフェ|カフェイン|コーヒー|ホットドリンク|紅茶|飲み物	hot beverage|beverage|cafe|caffeine|chai|coffee|drink|hot|morning|steaming|tea
1fad6	ティーポット|お茶|急須|茶器|飲み物	teapot|brew|drink|food|pot|tea
1f375	湯飲み|お茶|緑茶|茶碗|飲み物	teacup without handle|beverage|cup|drink|handle|oolong|tea|teacup
1f376	徳利|日本酒|猪口|酒	sake|bar|beverage|bottle|cup|drink|restaurant
1f37e	シャンパン|コルク|シャンペン|スパークリングワイン|スプマンテ|バー|ボトル|泡|飲み物	bottle with popping cork|bar|bottle|cork|drink|popping
1f377	ワイングラス|アルコール|お酒|グラス|バー|ワイン	wine glass|alcohol|bar|beverage|booze|club|drink|drinking|drinks|glass|restaurant|wine
1f378	カクテルグラス|アルコール|お酒|カクテル|グラス|クラブ|バー|マティーニ	cocktail glass|alcohol|bar|booze|club|cocktail|drink|drinking|drinks|glass|mad|martini|men
1f379	トロピカルドリンク|アルコール|お酒|カクテル|トロピカル|バー|マイタイ	tropical drink|alcohol|bar|booze|club|cocktail|drink|drinking|drinks|drunk|mai|party|tai|tropical|tropics
1f37a	ビールジョッキ|アルコール|オクトーバーフェスト|お酒|ジョッキ|バー|ビール|居酒屋	beer mug|alcohol|ale|bar|beer|booze|drink|drinking|drinks|mug|octoberfest|oktoberfest|pint|stein|summer
1f37b	ビールで乾杯|アルコール|ジョッキ|バー|ビール|乾杯|宴会	clinking beer mugs|alcohol|bar|beer|booze|bottoms|cheers|clink|clinking|drinking|drinks|mugs
1f942	グラスで乾杯|グラス|シャンパン|シャンペン|スパークリングワイン|スプマンテ|乾杯|祝杯	clinking glasses|celebrate|clink|clinking|drink|glass|glasses
1f943	タンブラーグラス|ウィスキー|ウイスキー|グラス|ショット|スコッチ|タンブラー	tumbler glass|glass|liquor|scotch|shot|tumbler|whiskey|whisky
1fad7	コップから注ぐ|ガラス|こぼす|水|液体|飲み物	pouring liquid|accident|drink|empty|glass|liquid|oops|pour|pouring|spill|water
1f964	ストローカップ|コップ|ジュース|ソーダ|ソフトドリンク|水	cup with straw|cup|drink|juice|malt|soda|soft|straw|water
1f9cb	タピオカドリンク|お茶|タピオカ|ドリンク|バブルティー|ミルクティー|飲み物	bubble tea|boba|bubble|food|milk|pearl|tea
1f9c3	紙パック飲料|ジュース|ストロー|ドリンク|飲み物	beverage box|beverage|box|juice|straw|sweet
1f9c9	マテ茶|お茶|ドリンク|飲み物	mate|drink
1f9ca	角氷|冷たい|氷|氷山	ice|cold|cube|iceberg
1f962	はし|おはし|箸	chopsticks|hashi|jeotgarak|kuaizi
1f37d	ナイフとフォークと皿|お皿|ディナー|ナイフ|フォーク|皿|食器	fork and knife with plate|cooking|dinner|eat|fork|knife|plate
1f374	ナイフとフォーク|カトラリー|ごちそう|ディナー|ナイフ|フォーク|レストラン|朝食|食事|食器	fork and knife|breakfast|breaky|cooking|cutlery|delicious|dinner|eat|feed|food|fork|hungry|knife|lunch|restaurant|yum|yummy
1f944	スプーン|カトラリー|食器	spoon|eat|tableware
1f52a	包丁|ナイフ|凶器|料理|調理器具	kitchen knife|chef|cooking|hocho|kitchen|knife|tool|weapon
1fad9	瓶|ジャー|びん|保存|容器|空|空き瓶|調味料	jar|condiment|container|empty|nothing|sauce|store
1f3fa	壺|かめ|星座|水瓶	amphora|Aquarius|cooking|drink|jug|tool|weapon|zodiac
1f30d	地球（ヨーロッパとアフリカ）|アフリカ|ヨーロッパ|世界|地球	globe showing Europe-Africa|Africa|earth|Europe|Europe-Africa|globe|showing|world
1f30e	地球（アメリカ大陸）|アメリカ|アメリカ大陸|世界|地球	globe showing Americas|Americas|earth|globe|showing|world
1f30f	地球（アジアとオーストラリア）|アジア|オーストラリア|世界|地球	globe showing Asia-Australia|Asia|Asia-Australia|Australia|earth|globe|showing|world
1f310	子午線のある地球|インターネット|地球|子午線	globe with meridians|earth|globe|internet|meridians|web|world|worldwide
1f5fa	世界地図|マップ|世界|地図	world map|map|world
1f5fe	日本地図|地図|日本	map of Japan|Japan|map
1f9ed	コンパス|オリエンテーリング|方位磁針|方角|磁石|航海|航空	compass|direction|magnetic|navigation|orienteering
1f3d4	雪山|冠雪|山|雪	snow-capped mountain|cold|mountain|snow|snow-capped
26f0	山|山岳	mountain
1f30b	火山|噴火|山|溶岩	volcano|eruption|mountain|nature
1f5fb	富士山|山	mount fuji|fuji|mount|mountain|nature
1f3d5	キャンプ|テント|山	camping
1f3d6	ビーチパラソル|パラソル|ビーチ|砂浜	beach with umbrella|beach|umbrella
1f3dc	砂漠|サボテン|サボテンのある砂漠	desert
1f3dd	無人島|ヤシ|ヤシの木のある島|島	desert island|desert|island
1f3de	国立公園|公園|自然	national park|national|park
1f3df	競技場|スタジアム|野球場	stadium
1f3db	歴史的な建物|古代|史跡|歴史|歴史的建造物	classical building|building|classical
1f3d7	建設中|クレーン|工事|建築|建設	building construction|building|construction|crane
1f9f1	れんが|しっくい|ブロック|モルタル|壁|煉瓦|粘土	brick|bricks|clay|mortar|wall
1faa8	岩石|岩|巨岩|石|石材|硬い|重たい	rock|boulder|heavy|solid|stone|tough
1fab5	丸太|ログ|切り株|木|木材|材木|樹木	wood|log|lumber|timber
1f6d6	わらぶき小屋|バンガロー|ユルト|家|小屋	hut|home|house|roundhouse|shelter|yurt
1f3d8	住宅街|家|街|複数の家	houses|house
1f3da	廃屋|家|建物|空き家	derelict house|derelict|home|house
1f3e0	家|マイホーム|一戸建て|建物|郊外	house|building|country|heart|home|ranch|settle|simple|suburban|suburbia|where
1f3e1	庭付きの家|マイホーム|一戸建て|家|庭|建物|郊外	house with garden|building|country|garden|heart|home|house|ranch|settle|simple|suburban|suburbia|where
1f3e2	オフィスビル|会社|建物|社屋|都会	office building|building|city|cubical|job|office
1f3e3	郵便局|建物|郵便	Japanese post office|building|Japanese|office|post
1f3e4	西洋の郵便局|建物|郵便	post office|building|European|office|post
1f3e5	病院|医者|建物|薬	hospital|building|doctor|medicine
1f3e6	銀行|建物	bank|building
1f3e8	ホテル|建物	hotel|building
1f3e9	ラブホテル|ホテル|ラブホ|建物	love hotel|building|hotel|love
1f3ea	コンビニ|24時間営業|コンビニエンスストア|店|建物	convenience store|24|building|convenience|hours|store
1f3eb	学校|建物|校舎	school|building
1f3ec	デパート|ビル|店舗|建物|百貨店	department store|building|department|store
1f3ed	工場|ファクトリー|建物|煙突	factory|building
1f3ef	城|建物|日本|日本の城	Japanese castle|building|castle|Japanese
1f3f0	西洋の城|キャッスル|城|建物	castle|building|European
1f492	結婚式|チャペル|ロマンス|建物|式場|教会|礼拝堂|結婚	wedding|chapel|hitched|nuptials|romance
1f5fc	東京タワー|タワー|塔|東京	Tokyo tower|Tokyo|tower
1f5fd	自由の女神|アメリカ|ニューヨーク|彫像	Statue of Liberty|liberty|Liberty|new|ny|nyc|statue|Statue|york
26ea	教会|キリスト教|チャペル|十字架|宗教|建物|礼拝堂	church|bless|chapel|Christian|cross|religion
1f54c	モスク|イスラム教|宗教|建物	mosque|islam|masjid|Muslim|religion
1f6d5	ヒンドゥー教の寺院|ヒンズー教|宗教|寺|建物	hindu temple|hindu|temple
1f54d	シナゴーグ|ユダヤ教|宗教|建物	synagogue|Jew|Jewish|judaism|religion|temple
26e9	鳥居|宗教|建物|神社|神道	shinto shrine|religion|shinto|shrine
1f54b	カーバ|イスラム教|メッカ|宗教|建物|聖地|巡礼	kaaba|hajj|islam|Muslim|religion|umrah
26f2	噴水	fountain
26fa	テント|キャンプ	tent|camping
1f301	霧の都会|もや|都会|霧	foggy|fog
1f303	夜の都会|夜|夜景|星|星空	night with stars|night|star|stars
1f3d9	高層ビル|ビル群|都会|都市	cityscape|city
1f304	山から日の出|ご来光|太陽|日の出|朝|朝日	sunrise over mountains|morning|mountains|over|sun|sunrise
1f305	日の出|太陽|日光|朝|朝日	sunrise|morning|nature|sun
1f306	夕暮れの都会|ビル|夕方|夕日|夕暮れ|都会|都市	cityscape at dusk|at|building|city|cityscape|dusk|evening|landscape|sun|sunset
1f307	夕日|ビル|夕方|夕暮れ|太陽|日暮れ|日没	sunset|building|dusk|sun
1f309	夜の橋|夜|夜景|橋	bridge at night|at|bridge|night
2668	温泉マーク|温泉|湯気	hot springs|hot|hotsprings|springs|steaming
1f3a0	メリーゴーランド|メリーゴーラウンド|回転木馬|遊園地|馬	carousel horse|carousel|entertainment|horse
1f6dd	すべり台|公園|遊具	playground slide|amusement|park|play|playground|playing|slide|sliding|theme
1f3a1	観覧車|アミューズメントパーク|遊園地	ferris wheel|amusement|ferris|park|theme|wheel
1f3a2	ジェットコースター|アミューズメントパーク|遊園地	roller coaster|amusement|coaster|park|roller|theme
1f488	床屋|バーバー|ヘアサロン|理容室|理容院|理髪店|美容室|美容院	barber pole|barber|cut|fresh|haircut|pole|shave
1f3aa	サーカス|サーカス小屋|テント	circus tent|circus|tent
1f682	蒸気機関車|SL|乗り物|列車|機関車|汽車|鉄道	locomotive|caboose|engine|railway|steam|train|trains|travel
1f683	電車|トロリーバス|乗り物|列車|鉄道	railway car|car|electric|railway|train|tram|travel|trolleybus
1f684	新幹線|乗り物|鉄道|電車|高速列車	high-speed train|high-speed|railway|shinkansen|speed|train
1f685	0系新幹線|0系|丸い新幹線|乗り物|新幹線|鉄道|電車|高速列車	bullet train|bullet|high-speed|nose|railway|shinkansen|speed|train|travel
1f686	電車正面|乗り物|列車|電車	train|arrived|choo|railway
1f687	地下鉄|メトロ|乗り物|電車	metro|subway|travel
1f688	ライトレール|モノレール|乗り物|鉄道|電車	light rail|arrived|light|monorail|rail|railway
1f689	駅|ステーション|乗り物|列車|電車	station|railway|train
1f68a	路面電車正面|乗り物|路面電車|電車	tram|trolleybus
1f69d	モノレール|乗り物|電車	monorail|vehicle
1f69e	登山鉄道|乗り物|登山電車|電車	mountain railway|car|mountain|railway|trip
1f68b	路面電車|トロリーバス|乗り物|電車	tram car|bus|car|tram|trolley|trolleybus
1f68c	バス|スクールバス|乗り物|車	bus|school|vehicle
1f68d	バス正面|バス|乗り物|車	oncoming bus|bus|cars|oncoming
1f68e	トロリーバス|バス|乗り物|路面電車	trolleybus|bus|tram|trolley
1f690	マイクロバス|バス|ミニバス|乗り物|小型バス|車	minibus|bus|drive|van|vehicle
1f691	救急車|乗り物|車	ambulance|emergency|vehicle
1f692	消防車|乗り物|車	fire engine|engine|fire|truck
1f693	パトカー|パトロール|乗り物|警察	police car|5–0|car|cops|patrol|police
1f694	パトカー正面|パトカー|乗り物|警察	oncoming police car|car|oncoming|police
1f695	タクシー|イエローキャブ|乗り物|車	taxi|cab|cabbie|car|drive|vehicle|yellow
1f696	タクシー正面|イエローキャブ|タクシー|乗り物|車	oncoming taxi|cab|cabbie|cars|drove|hail|oncoming|taxi|yellow
1f697	自動車|ドライブ|乗り物|乗用車|車	automobile|car|driving|vehicle
1f698	自動車正面|ドライブ|乗り物|乗用車|自動車|車	oncoming automobile|automobile|car|cars|drove|oncoming|vehicle
1f699	アールブイ車|RV車|SUV車|乗り物|乗用車|自動車|車	sport utility vehicle|car|drive|recreational|sport|sportutility|utility|vehicle
1f6fb	軽トラック|トラック|ピックアップトラック|乗り物|自動車|車|配達	pickup truck|automobile|car|flatbed|pick-up|pickup|transportation|truck
1f69a	トラック|乗り物|車|配送|配達	delivery truck|car|delivery|drive|truck|vehicle
1f69b	トレーラー|トラック|乗り物|車	articulated lorry|articulated|car|drive|lorry|move|semi|truck|vehicle
1f69c	トラクター|乗り物|車	tractor|vehicle
1f3ce	レーシングカー|F1|カーレース|スポーツ|モータースポーツ|レース|乗り物|車	racing car|car|racing|zoom
1f3cd	オートバイ|オートレース|スポーツ|バイク|モータースポーツ|乗り物	motorcycle|racing
1f6f5	スクーター|オートバイ|バイク|原付	motor scooter|motor|scooter
1f9bd	手動式車椅子|アクセシビリティ|椅子|車椅子	manual wheelchair|accessibility|manual|wheelchair
1f9bc	電動車椅子|アクセシビリティ|椅子|車椅子	motorized wheelchair|accessibility|motorized|wheelchair
1f6fa	三輪タクシー|オートリクシャー|タクシー|トゥクトゥク|リクシャー	auto rickshaw|auto|rickshaw|tuk
1f6b2	自転車|サイクリング|乗り物	bicycle|bike|class|cycle|cycling|cyclist|gang|ride|spin|spinning
1f6f4	キックボード|キックスクーター|キックスケーター	kick scooter|kick|scooter
1f6f9	スケートボード|スケボー|ボード	skateboard|board|skate|skater|wheels
1f6fc	ローラースケート|スケート|スポーツ	roller skate|blades|roller|skate|skates|sport
1f68f	バス停|バス乗り場|乗り物|停留所	bus stop|bus|busstop|stop
1f6e3	高速道路|ハイウェイ|道路|高速	motorway|highway|road
1f6e4	線路|軌道|鉄道	railway track|railway|track|train
1f6e2	ドラム缶|オイル|石油	oil drum|drum|oil
26fd	ガソリンスタンド|ガソリン|ガソリンノズル|給油	fuel pump|diesel|fuel|fuelpump|gas|gasoline|pump|station
1f6de	ホイール|スポーク|タイヤ|自動車|車|車輪	wheel|car|circle|tire|turn|vehicle
1f6a8	パトランプ|サイレン|パトカー|緊急|警察|赤色灯	police car light|alarm|alert|beacon|car|emergency|light|police|revolving|siren
1f6a5	信号横|交差点|交通|信号|信号機	horizontal traffic light|horizontal|intersection|light|signal|stop|stoplight|traffic
1f6a6	信号縦|交差点|交通|信号|信号機	vertical traffic light|drove|intersection|light|signal|stop|stoplight|traffic|vertical
1f6d1	止まれの標識|ストップ|八角形|標識|止まれ	stop sign|octagonal|sign|stop
1f6a7	工事中|サイン|通行止め	construction|barrier
2693	錨|いかり|碇|船	anchor|ship|tool
1f6df	救命浮環|ブイ|ライフセーバー|レスキュー|安全|救助|救命具|浮き輪	ring buoy|buoy|float|life|lifesaver|preserver|rescue|ring|safety|save|saver|swim
26f5	ヨット|セーリング|乗り物|帆船|船	sailboat|boat|resort|sailing|sea|yacht
1f6f6	カヌー|カヤック|ボート|乗り物|船	canoe|boat
1f6a4	スピードボート|ボート|モーターボート|乗り物|快速艇|船	speedboat|billionaire|boat|lake|luxury|millionaire|summer|travel
1f6f3	客船|乗り物|旅客船|船	passenger ship|passenger|ship
26f4	フェリー|乗り物|客船|船	ferry|boat|passenger
1f6e5	モーターボート|ボート|乗り物|船	motor boat|boat|motor|motorboat
1f6a2	船|タイタニック号|乗り物|客船	ship|boat|passenger|travel
2708	飛行機|ジェット機|乗り物|旅行|航空機	airplane|aeroplane|fly|flying|jet|plane|travel
1f6e9	小型飛行機|乗り物|小型機|航空機|飛行機	small airplane|aeroplane|airplane|plane|small
1f6eb	飛行機離陸|乗り物|航空機|離陸|飛行機	airplane departure|aeroplane|airplane|check-in|departure|departures|plane
1f6ec	飛行機着陸|乗り物|着陸|航空機|飛行機	airplane arrival|aeroplane|airplane|arrival|arrivals|arriving|landing|plane
1fa82	パラシュート|スカイダイビング|パラグライダー|パラセーリング|ハンググライダー	parachute|hang-glide|parasail|skydive
1f4ba	座席|シート|席|椅子	seat|chair
1f681	ヘリコプター|ヘリ|乗り物	helicopter|copter|roflcopter|travel|vehicle
1f69f	懸垂式モノレール|モノレール|乗り物|電車	suspension railway|railway|suspension
1f6a0	ケーブルカー|ゴンドラ|リフト|乗り物	mountain cableway|cable|cableway|gondola|lift|mountain|ski
1f6a1	ロープウェイ|ゴンドラ|乗り物	aerial tramway|aerial|cable|car|gondola|ropeway|tramway
1f6f0	人工衛星|宇宙	satellite|space
1f680	ロケット|乗り物|宇宙|宇宙旅行|発射	rocket|launch|rockets|space|travel
1f6f8	空飛ぶ円盤|UFO|乗り物|宇宙|宇宙人|未確認飛行物体	flying saucer|aliens|extra|flying|saucer|terrestrial|UFO
1f6ce	ベルボーイベル|ベル|ホテル	bellhop bell|bell|bellhop|hotel
1f9f3	スーツケース|キャリーケース|パッキング|旅行|旅行かばん	luggage|bag|packing|roller|suitcase|travel
231b	砂時計|タイマー|時計|砂	hourglass done|done|hourglass|sand|time|timer
23f3	砂が落ちている砂時計|タイマー|時計|時間|砂|砂時計	hourglass not done|done|flowing|hourglass|hours|not|sand|timer|waiting|yolo
231a	腕時計|ウォッチ|時計|時間	watch|clock|time
23f0	目覚まし時計|アラーム|時計|時間|目覚まし	alarm clock|alarm|clock|hours|hrs|late|time|waiting
23f1	ストップウォッチ|タイム|時計	stopwatch|clock|time
23f2	タイマー|時計	timer clock|clock|timer
1f570	置時計|マンテルクロック|時計|時間|置き時計	mantelpiece clock|clock|mantelpiece|time
1f55b	12時|12:00|時計|正午|零時	twelve o’clock|12|12:00|clock|o’clock|time|twelve
1f567	12時半|12:30|12時30分|時計	twelve-thirty|12|12:30|30|clock|thirty|time|twelve
1f550	1時|1:00|時計	one o’clock|1|1:00|clock|o’clock|one|time
1f55c	1時半|1:30|1時30分|時計	one-thirty|1|1:30|30|clock|one|thirty|time
1f551	2時|2:00|時計	two o’clock|2|2:00|clock|o’clock|time|two
1f55d	2時半|2:30|2時30分|時計	two-thirty|2|2:30|30|clock|thirty|time|two
1f552	3時|3:00|時計	three o’clock|3|3:00|clock|o’clock|three|time
1f55e	3時半|3:30|3時30分|時計	three-thirty|3|3:30|30|clock|thirty|three|time
1f553	4時|4:00|時計	four o’clock|4|4:00|clock|four|o’clock|time
1f55f	4時半|4:30|4時30分|時計	four-thirty|30|4|4:30|clock|four|thirty|time
1f554	5時|5:00|時計	five o’clock|5|5:00|clock|five|o’clock|time
1f560	5時半|5:30|5時30分|時計	five-thirty|30|5|5:30|clock|five|thirty|time
1f555	6時|6:00|時計	six o’clock|6|6:00|clock|o’clock|six|time
1f561	6時半|6:30|6時30分|時計	six-thirty|30|6|6:30|clock|six|thirty
1f556	7時|7:00|時計	seven o’clock|0|7|7:00|clock|o’clock|seven
1f562	7時半|7:30|7時30分|時計	seven-thirty|30|7|7:30|clock|seven|thirty
1f557	8時|8:00|時計	eight o’clock|8|8:00|clock|eight|o’clock|time
1f563	8時半|8:30|8時30分|時計	eight-thirty|30|8|8:30|clock|eight|thirty|time
1f558	9時|9:00|時計	nine o’clock|9|9:00|clock|nine|o’clock|time
1f564	9時半|9:30|9時30分|時計	nine-thirty|30|9|9:30|clock|nine|thirty|time
1f559	10時|10:00|時計	ten o’clock|0|10|10:00|clock|o’clock|ten
1f565	10時半|10:30|10時30分|時計	ten-thirty|10|10:30|30|clock|ten|thirty|time
1f55a	11時|11:00|時計	eleven o’clock|11|11:00|clock|eleven|o’clock|time
1f566	11時半|11:30|11時30分|時計	eleven-thirty|11|11:30|30|clock|eleven|thirty|time
1f311	新月|宇宙|月|闇	new moon|dark|moon|new|space
1f312	初月|三日月|宇宙|月	waxing crescent moon|crescent|dreams|moon|space|waxing
1f313	上弦の月|上弦|半月|宇宙|月	first quarter moon|first|moon|quarter|space
1f314	十三夜月|十日夜の月|宇宙|月	waxing gibbous moon|gibbous|moon|space|waxing
1f315	満月|宇宙|月	full moon|full|moon|space
1f316	寝待月|宇宙|居待月|月	waning gibbous moon|gibbous|moon|space|waning
1f317	下弦の月|下弦|半月|宇宙|月	last quarter moon|last|moon|quarter|space
1f318	有明月|三日月|宇宙|月	waning crescent moon|crescent|moon|space|waning
1f319	三日月|宇宙|月	crescent moon|crescent|moon|ramadan|space
1f31a	顔のある新月|新月|月|顔	new moon face|face|moon|new|space
1f31b	顔のある上弦の月|上弦の月|半月|月|顔	first quarter moon face|face|first|moon|quarter|space
1f31c	顔のある下弦の月|下弦の月|半月|月|顔	last quarter moon face|dreams|face|last|moon|quarter
1f321	温度計|天気|寒暖計|気温|温度	thermometer|weather
2600	太陽|天気|日光|晴れ	sun|bright|rays|space|sunny|weather
1f31d	顔のある満月|月|満月|顔	full moon face|bright|face|full|moon
1f31e	顔のある太陽|太陽|顔	sun with face|beach|bright|day|face|heat|shine|sun|sunny|sunshine|weather
1fa90	環のある惑星|リング|土星|天体|惑星|星	ringed planet|planet|ringed|saturn|saturnine
2b50	スター|天文学|星	star|astronomy|medium|stars|white
1f31f	きらきら星|きらきら|キラキラ|スター|星|輝き	glowing star|glittery|glow|glowing|night|shining|sparkle|star|win
1f320	流れ星|スター|夜|宇宙|星	shooting star|falling|night|shooting|space|star
1f30c	天の川|ミルキーウェイ|夜空|宇宙|星空|銀河	milky way|milky|space|way
2601	雲|天気|曇り	cloud|weather
26c5	曇り時々晴れ|天気|太陽|曇り|雲	sun behind cloud|behind|cloud|cloudy|sun|weather
26c8	雷雨|天気|稲妻|雨|雲|雷|雷雲	cloud with lightning and rain|cloud|lightning|rain|thunder|thunderstorm
1f324	晴れ時々曇り|天気|太陽|晴れ|雲	sun behind small cloud|behind|cloud|sun|weather
1f325	曇り一時晴れ|天気|太陽|曇り|雲	sun behind large cloud|behind|cloud|sun|weather
1f326	雨時々晴れ|天気|天気雨|太陽|曇り|雲	sun behind rain cloud|behind|cloud|rain|sun|weather
1f327	雨雲|天気|雨|雲	cloud with rain|cloud|rain|weather
1f328	雪雲|天気|雪|雲	cloud with snow|cloud|cold|snow|weather
1f329	雷雲|天気|稲妻|雲|雷	cloud with lightning|cloud|lightning|weather
1f32a	竜巻|トルネード|天気|突風	tornado|cloud|weather|whirlwind
1f32b	霧|天気|曇り|雲	fog|cloud|weather
1f32c	顔のある風|雲|顔|風	wind face|blow|cloud|face|wind
1f300	渦巻き|サイクロン|ハリケーン|めまい|もやもや|台風|天気	cyclone|dizzy|hurricane|twister|typhoon|weather
1f308	虹|GLBT|GLBTQ|LGBT|LGBTQ|ゲイ|トランスジェンダー|バイセクシュアル|レインボー|レズビアン|天気	rainbow|gay|genderqueer|glbt|glbtq|lesbian|lgbt|lgbtq|lgbtqia|nature|pride|queer|rain|trans|transgender|weather
1f302	閉じた傘|傘|天気|持ち物|雨	closed umbrella|closed|clothing|rain|umbrella
2602	傘|天気|持ち物|雨	umbrella|clothing|rain
2614	傘と雨|傘|天気|持ち物|雨|雨粒	umbrella with rain drops|clothing|drop|drops|rain|umbrella|weather
26f1	パラソル|ビーチ|傘|日傘|砂浜|雨	umbrella on ground|ground|rain|sun|umbrella
26a1	高電圧|危険|稲妻|雷|電気	high voltage|danger|electric|electricity|high|lightning|nature|thunder|thunderbolt|voltage|zap
2744	雪の結晶|天気|結晶|雪	snowflake|cold|snow|weather
2603	雪だるまと雪|雪|雪だるま	snowman|cold|man|snow
26c4	雪だるま|雪	snowman without snow|cold|man|snow|snowman
2604	彗星|すい星|宇宙	comet|space
1f525	火|ファイアー|ファイヤー|炎|熱い|燃える	fire|af|burn|flame|hot|lit|litaf|tool
1f4a7	水滴|しずく|たらーっ|水|汗|涙	droplet|cold|comic|drop|nature|sad|sweat|tear|water|weather
1f30a	波|天気|波浪|海|自然	water wave|nature|ocean|surf|surfer|surfing|water|wave
1f383	ハロウィンかぼちゃ|かぼちゃ|ハロウィーン|ハロウィン	jack-o-lantern|celebration|halloween|jack|lantern|pumpkin
1f384	クリスマスツリー|クリスマス|クリスマスイブ|ツリー	Christmas tree|celebration|Christmas|tree
1f386	打ち上げ花火|お祭り|どーん|花火|花火大会	fireworks|boom|celebration|entertainment|yolo
1f387	線香花火|お祭り|火花|花火	sparkler|boom|celebration|fireworks|sparkle
1f9e8	爆竹|ダイナマイト|火花|火薬|爆発|爆発物|爆薬|花火	firecracker|dynamite|explosive|fire|fireworks|light|pop|popping|spark
2728	きらきら|キラキラ|スター|ぴかぴか|星	sparkles|*|magic|sparkle|star
1f388	風船|バルーン	balloon|birthday|celebrate|celebration
1f389	クラッカー|お祝い|パーティー|パーティークラッカー|誕生日	party popper|awesome|birthday|celebrate|celebration|excited|hooray|party|popper|tada|woohoo
1f38a	くす玉|お祝い|パーティー|紙吹雪	confetti ball|ball|celebrate|celebration|confetti|party|woohoo
1f38b	七夕|和|日本|短冊|笹飾り	tanabata tree|banner|celebration|Japanese|tanabata|tree
1f38d	門松|お祝い|和|日本|正月|竹	pine decoration|bamboo|celebration|decoration|Japanese|pine|plant
1f38e	ひな祭り|おだいり様|おひな様|お祝い|ひな人形|人形|和|日本	Japanese dolls|celebration|doll|dolls|festival|Japanese
1f38f	こいのぼり|お祝い|子供の日	carp streamer|carp|celebration|streamer
1f390	風鈴|夏|鈴|風	wind chime|bell|celebration|chime|wind
1f391	月見|ススキ|十五夜|団子|月	moon viewing ceremony|celebration|ceremony|moon|viewing
1f9e7	赤い封筒|お年玉|お金|ご祝儀|幸運|紅包	red envelope|envelope|gift|good|hóngbāo|lai|luck|money|red|see
1f380	リボン|お祝い	ribbon|celebration
1f381	プレゼント|お祝い|ギフト|リボン|箱	wrapped gift|birthday|bow|box|celebration|christmas|gift|present|surprise|wrapped
1f397	リマインダーリボン|お祝い|リボン|リマインダー	reminder ribbon|celebration|reminder|ribbon
1f39f	入場券|チケット|入場パス|半券	admission tickets|admission|ticket|tickets
1f3ab	チケット|入場券|切符|半券	ticket|admission|stub
1f396	勲章|お祝い|メダル|表彰	military medal|award|celebration|medal|military
1f3c6	トロフィー|チャンピオン|優勝|優勝カップ|表彰|賞杯	trophy|champion|champs|prize|slay|sport|victory|win|winning
1f3c5	メダル|スポーツ|優勝|表彰|金|金メダル	sports medal|award|gold|medal|sports|winner
1f947	金メダル|1位|ゴールド|メダル|優勝|金	1st place medal|1st|first|gold|medal|place
1f948	銀メダル|2位|シルバー|メダル|銀	2nd place medal|2nd|medal|place|second|silver
1f949	銅メダル|3位|ブロンズ|メダル|銅	3rd place medal|3rd|bronze|medal|place|third
26bd	サッカー|サッカーボール|スポーツ|ボール	soccer ball|ball|football|futbol|soccer|sport
26be	野球|スポーツ|ボール	baseball|ball|sport
1f94e	ソフトボール|スポーツ|ボール|下手投げ	softball|ball|glove|sports|underarm
1f3c0	バスケットボール|スポーツ|バスケ|ボール	basketball|ball|hoop|sport
1f3d0	バレーボール|スポーツ|バレー|ボール	volleyball|ball|game
1f3c8	アメフト|アメリカンフットボール|スポーツ|フットボール|ボール	american football|american|ball|bowl|football|sport|super
1f3c9	ラグビー|スポーツ|ボール|ラグビーボール	rugby football|ball|football|rugby|sport
1f3be	テニス|スポーツ|テニスボール|ボール|ラケット	tennis|ball|racquet|sport
1f94f	フリスビー|アルティメット|フライングディスク|円盤	flying disc|disc|flying|ultimate
1f3b3	ボウリング|ストライク|スポーツ|ボール|球	bowling|ball|game|sport|strike
1f3cf	クリケット|スポーツ|バット|ボール	cricket game|ball|bat|cricket|game
1f3d1	ホッケー|スティック|スポーツ|フィールドホッケー|ボール	field hockey|ball|field|game|hockey|stick
1f3d2	アイスホッケー|スティック|スポーツ|パック|ホッケー	ice hockey|game|hockey|ice|puck|stick
1f94d	ラクロス|ゴール|スティック|スポーツ|ボール	lacrosse|ball|goal|sports|stick
1f3d3	卓球|スポーツ|ピンポン|ボール|ラケット	ping pong|ball|bat|game|paddle|ping|pingpong|pong|table|tennis
1f3f8	バドミントン|シャトル|スポーツ|ラケット	badminton|birdie|game|racquet|shuttlecock
1f94a	ボクシング|グローブ|スポーツ|ボクシンググローブ	boxing glove|boxing|glove
1f94b	武道|スポーツ|テコンドー|柔道|格闘技|空手|道着	martial arts uniform|arts|judo|karate|martial|taekwondo|uniform
1f945	ゴールネット|ゴール|スポーツ|ネット	goal net|goal|net
26f3	ゴルフ|スポーツ|フラグ|フラッグ|ホール|旗	flag in hole|flag|golf|hole|sport
26f8	アイススケート|スケート|スポーツ|フィギュアスケート	ice skate|ice|skate|skating
1f3a3	釣り|スポーツ|フィッシング|釣り竿|魚	fishing pole|entertainment|fish|fishing|pole|sport
1f93f	ダイビング マスク|シュノーケリング|スキューバ|スポーツ|ダイビング|マスク	diving mask|diving|mask|scuba|snorkeling
1f3bd	長距離走|スポーツ|たすき|ランニング|ランニングシャツ|駅伝	running shirt|athletics|running|sash|shirt
1f3bf	スキー|ストック|スポーツ|板|雪	skis|ski|snow|sport
1f6f7	そり競技|スケルトン|スポーツ|そり|トボガン|ボブスレー|リュージュ	sled|luge|sledge|sleigh|snow|toboggan
1f94c	カーリング|ゲーム|ストーン|スポーツ|試合	curling stone|curling|game|rock|stone
1f3af	的|スポーツ|ダーツ|ブルズアイ|当たり|的中	bullseye|bull|dart|direct|entertainment|game|hit|target
1fa80	ヨーヨー|おもちゃ|上下|回転|玩具	yo-yo|fluctuate|toy
1fa81	たこ|おもちゃ|カイト|凧揚げ|玩具	kite|fly|soar
1f52b	水鉄砲|ピストル|リボルバー|拳銃|武器|銃	water pistol|gun|handgun|pistol|revolver|tool|water|weapon
1f3b1	ビリヤード|エイトボール|スポーツ|ボール|玉突き	pool 8 ball|8|8ball|ball|billiard|eight|game|pool
1f52e	水晶玉|クリスタル|占い|水晶|水晶球|玉|運命|魔法	crystal ball|ball|crystal|fairy|fairytale|fantasy|fortune|future|magic|tale|tool
1fa84	魔法の杖|つえ|マジック|手品|杖|魔法|魔術|魔術師	magic wand|magic|magician|wand|witch|wizard
1f579	ジョイスティック|ゲーム|コントローラ|スティック|テレビゲーム|ビデオゲーム	joystick|game|video|videogame
1f3b0	スロットマシン|カジノ|ギャンブル|ゲーム|スリーセブン|スロット	slot machine|casino|gamble|gambling|game|machine|slot|slots
1f3b2	サイコロ|ゲーム|ダイス	game die|dice|die|entertainment|game
1f9e9	ジグソーパズル|パズル|ピース|組み合わせ|鍵	puzzle piece|clue|interlocking|jigsaw|piece|puzzle
1f9f8	テディベア|おもちゃ|くま|ぬいぐるみ|玩具	teddy bear|bear|plaything|plush|stuffed|teddy|toy
1fa85	ピニャータ|お祝い|パーティー|メキシコ|人形|誕生日	piñata|candy|celebrate|celebration|cinco|de|festive|mayo|party|pinada|pinata
1faa9	ミラーボール|キラキラ|ダンス|ディスコ|パーティー	mirror ball|ball|dance|disco|glitter|mirror|party
1fa86	マトリョーシカ|ロシア|人形|入れ子	nesting dolls|babooshka|baboushka|babushka|doll|dolls|matryoshka|nesting|russia
2660	スペード|カード|トランプ	spade suit|card|game|spade|suit
2665	ハート|カード|トランプ	heart suit|card|emotion|game|heart|hearts|suit
2666	ダイヤ|カード|ダイア|トランプ	diamond suit|card|diamond|game|suit
2663	クラブ|カード|クローバー|トランプ	club suit|card|club|clubs|game|suit
265f	チェスの駒|チェス|捨て駒|駒	chess pawn|chess|dupe|expendable|pawn
1f0cf	ジョーカー|カード|ジジ|トランプ|ババ	joker|card|game|wildcard
1f004	麻雀|ゲーム|中|牌|麻雀牌	mahjong red dragon|dragon|game|mahjong|red
1f3b4	花札|カード|ゲーム	flower playing cards|card|cards|flower|game|Japanese|playing
1f3ad	舞台芸術|仮面|俳優|劇場|女優|役者|演劇|演芸|芸術	performing arts|actor|actress|art|arts|entertainment|mask|performing|theater|theatre|thespian
1f5bc	絵画|アート|絵|美術館|芸術|額	framed picture|art|frame|framed|museum|painting|picture
1f3a8	絵の具パレット|パレット|画家|絵|絵画|美術館|芸術	artist palette|art|artist|artsy|arty|colorful|creative|entertainment|museum|painter|painting|palette
1f9f5	糸|ソーイング|ひも|糸巻き|縫い針|裁縫	thread|needle|sewing|spool|string
1faa1	縫い針|ステッチ|刺繍|糸|縫う|裁縫|針	sewing needle|embroidery|needle|sew|sewing|stitches|sutures|tailoring|thread
1f9f6	毛糸|かぎ針|ニット|毛糸玉|編み物	yarn|ball|crochet|knit
1faa2	結び目|ねじれ|ノット|ひも|ロープ|綱	knot|cord|rope|tangled|tie|twine|twist
1f453	メガネ|眼鏡	glasses|clothing|eye|eyeglasses|eyewear
1f576	サングラス|メガネ|眼鏡	sunglasses|dark|eye|eyewear|glasses
1f97d	ゴーグル|スキューバ|ダイビング|保護メガネ|水泳|溶接	goggles|dive|eye|protection|scuba|swimming|welding
1f97c	白衣|上着|医者|実験|服|科学者	lab coat|clothes|coat|doctor|dr|experiment|jacket|lab|scientist|white
1f9ba	安全ベスト|チョッキ|ベスト|反射|安全|工事|緊急	safety vest|emergency|safety|vest
1f454	ネクタイ|シャツ|ワイシャツ|会社員|服	necktie|clothing|employed|serious|shirt|tie
1f455	Tシャツ|シャツ|服	t-shirt|blue|casual|clothes|clothing|collar|dressed|shirt|shopping|tshirt|weekend
1f456	ジーンズ|カジュアル|ズボン|デニム|パンツ|ブルージーンズ|服	jeans|blue|casual|clothes|clothing|denim|dressed|pants|shopping|trousers|weekend
1f9e3	マフラー|スカーフ|厚着|寒い|襟巻き|首巻き	scarf|bundle|cold|neck|up
1f9e4	手袋|手	gloves|hand
1f9e5	コート|アウター|オーバー|ジャケット|厚着|寒い|服	coat|brr|bundle|cold|jacket|up
1f9e6	ソックス|靴下	socks|stocking
1f457	ワンピース|ドレス|服	dress|clothes|clothing|dressed|fancy|shopping
1f458	着物|和服|服	kimono|clothing|comfortable
1f97b	サリー|ドレス|服|民族衣装	sari|clothing|dress
1fa71	ワンピースの水着|スイムウェア|水着	one-piece swimsuit|bathing|one-piece|suit|swimsuit
1fa72	ブリーフ|スイムウェア|パンツ|下着|水着	briefs|bathing|one-piece|suit|swimsuit|underwear
1fa73	ショーツ|スイムウェア|パンツ|下着|水着	shorts|bathing|pants|suit|swimsuit|underwear
1f459	ビキニ|ビーチ|プール|水着	bikini|bathing|beach|clothing|pool|suit|swim
1f45a	婦人服|シャツ|ブラウス|服	woman’s clothes|blouse|clothes|clothing|collar|dress|dressed|lady|shirt|shopping|woman|woman’s
1f45b	がま口|小銭入れ|財布	purse|clothes|clothing|coin|dress|fancy|handbag|shopping
1f45c	ハンドバッグ|かばん|ショッピング|バッグ	handbag|bag|clothes|clothing|dress|lady|purse|shopping
1f45d	ポーチ|クラッチバッグ|バッグ|ハンドバッグ	clutch bag|bag|clothes|clothing|clutch|dress|handbag|pouch|purse
1f6cd	紙袋|ショッピングバッグ|バッグ|紙手提げ	shopping bags|bag|bags|hotel|shopping
1f392	バックパック|ランドセル|リュックサック|学校|小学校|小学生	backpack|backpacking|bag|bookbag|education|rucksack|satchel|school
1fa74	ビーチサンダル|ゴムぞうり|サンダル|トングサンダル|ビーサン|靴	thong sandal|beach|flip|flop|sandal|sandals|shoe|thong|thongs|zōri
1f45e	紳士靴|ローファー|革靴|靴	man’s shoe|brown|clothes|clothing|feet|foot|kick|man|man’s|shoe|shoes|shopping
1f45f	スニーカー|ジョギングシューズ|テニスシューズ|靴	running shoe|athletic|clothes|clothing|fast|kick|running|shoe|shoes|shopping|sneaker|tennis
1f97e	ハイキングシューズ|アウトドア|キャンプ|ハイキング|ブーツ|登山靴|茶色い靴|靴	hiking boot|backpacking|boot|brown|camping|hiking|outdoors|shoe
1f97f	フラットシューズ|スリッポン|バレエシューズ|ぺたんこ靴	flat shoe|ballet|comfy|flat|flats|shoe|slip-on|slipper
1f460	ハイヒール|ピンヒール|婦人靴|靴	high-heeled shoe|clothes|clothing|dress|fashion|heel|heels|high-heeled|shoe|shoes|shopping|stiletto|woman
1f461	サンダル|婦人靴|靴	woman’s sandal|clothing|sandal|shoe|woman|woman’s
1fa70	トウシューズ|シューズ|ダンス|バレエ|バレエシューズ|靴	ballet shoes|ballet|dance|shoes
1f462	ブーツ|ロングブーツ|婦人靴|靴	woman’s boot|boot|clothes|clothing|dress|shoe|shoes|shopping|woman|woman’s
1f451	王冠|クラウン|冠|王族	crown|clothing|family|king|medieval|queen|royal|royalty|win
1f452	婦人帽子|帽子|麦わら|麦わら帽子	woman’s hat|clothes|clothing|garden|hat|hats|party|woman|woman’s
1f3a9	シルクハット|山高帽|帽子	top hat|clothes|clothing|fancy|formal|hat|magic|top|tophat
1f393	角帽|卒業|学者|帽子	graduation cap|cap|celebration|clothing|education|graduation|hat|scholar
1f9e2	キャップ|帽子|野球帽	billed cap|baseball|bent|billed|cap|dad|hat
1fa96	軍用ヘルメット|ヘルメット|ミリタリー|兵士|戦闘|軍隊	military helmet|army|helmet|military|soldier|war|warrior
26d1	白十字ヘルメット|ヘルメット|帽子|救助隊|救急|白十字	rescue worker’s helmet|aid|cross|face|hat|helmet|rescue|worker’s
1f4ff	数珠|ネックレス|ロザリオ|宗教|念珠|祈る	prayer beads|beads|clothing|necklace|prayer|religion
1f484	口紅|コスメ|メーク|リップ|リップスティック|化粧|化粧品	lipstick|cosmetics|date|makeup
1f48d	指輪|ジュエリー|ダイア|ダイヤ|ダイヤモンド|リング|婚約指輪	ring|diamond|engaged|engagement|married|romance|shiny|sparkling|wedding
1f48e	宝石|ジュエリー|ダイア|ダイヤ|ダイヤモンド	gem stone|diamond|engagement|gem|jewel|money|romance|stone|wedding
1f507	スピーカー消音|スピーカー|ミュート|消音|無音|音無し	muted speaker|mute|muted|quiet|silent|sound|speaker
1f508	スピーカー|ボリューム|音量	speaker low volume|low|soft|sound|speaker|volume
1f509	スピーカー音量小|スピーカー|ボリューム|音量|音量小	speaker medium volume|medium|sound|speaker|volume
1f50a	スピーカー音量大|スピーカー|ボリューム|大音量|音量|音量大	speaker high volume|high|loud|music|sound|speaker|volume
1f4e2	拡声器|スピーカー|メガホン|放送	loudspeaker|address|communication|loud|public|sound
1f4e3	メガホン|スピーカー|応援|拡声器	megaphone|cheering|sound
1f4ef	郵便ラッパ|ラッパ|郵便	postal horn|horn|post|postal
1f514	ベル|教会|鈴|鐘	bell|break|church|sound
1f515	ベル消音|ミュート|消音|鈴|鐘|音無し	bell with slash|bell|forbidden|mute|no|not|prohibited|quiet|silent|slash|sound
1f3bc	楽譜|スコア|ト音記号|五線譜|音楽	musical score|music|musical|note|score
1f3b5	音符|8分音符|連符|音楽	musical note|music|musical|note|sound
1f3b6	複数の音符|8分音符|音楽|音符	musical notes|music|musical|note|notes|sound
1f399	スタジオマイク|マイク|音楽	studio microphone|mic|microphone|music|studio
1f39a	レベルスライダー|スライダー|レベル|音楽	level slider|level|music|slider
1f39b	コントロールつまみ|コントロール|つまみ|ノブ|調整|音楽	control knobs|control|knobs|music
1f3a4	マイク|カラオケ|歌|音楽	microphone|karaoke|mic|music|sing|sound
1f3a7	ヘッドホン|イヤホン|ヘッドフォン|音楽	headphone|earbud|sound
1f4fb	ラジオ|受信機|放送|音楽	radio|entertainment|tbt|video
1f3b7	サックス|サキソフォン|サクソフォン|楽器|音楽	saxophone|instrument|music|sax
1f3ba	トランペット|ラッパ|楽器|音楽	trumpet|instrument|music
1fa97	アコーディオン|じゃばら|楽器|音楽	accordion|box|concertina|instrument|music|squeeze|squeezebox
1f3b8	ギター|エレキギター|楽器|音楽	guitar|instrument|music|strat
1f3b9	鍵盤|キーボード|ピアノ|楽器|音楽	musical keyboard|instrument|keyboard|music|musical|piano
1f3bb	バイオリン|ヴィオラ|ストラディバリウス|楽器|音楽	violin|instrument|music
1fa95	バンジョー|弦楽器|楽器|音楽	banjo|music|stringed
1f941	ドラム|ドラムスティック|太鼓|楽器|音楽	drum|drumsticks|music
1fa98	コンガ|ドラム|ビート|リズム|太鼓|楽器|音楽	long drum|beat|conga|drum|instrument|long|rhythm
1f4f1	携帯電話|スマートフォン|スマホ|モバイル|携帯	mobile phone|cell|communication|mobile|phone|telephone
1f4f2	着信中|スマートフォン|スマホ|モバイル|受信|携帯受信|携帯電話|電話	mobile phone with arrow|arrow|build|call|cell|communication|mobile|phone|receive|telephone
260e	固定電話|ボタン式電話|親機|電話|黒電話	telephone|phone
1f4de	受話器|子機|電話	telephone receiver|communication|phone|receiver|telephone|voip
1f4df	ポケベル|ページャー|ポケットベル	pager|communication
1f4e0	ファックス|FAX|複合機|電話	fax machine|communication|fax|machine
1f50b	電池|バッテリー|乾電池	battery
1faab	バッテリー残量低下|バッテリー|充電不足|電池切れ寸前|電池残量低下	low battery|battery|drained|electronic|energy|low|power
1f50c	コンセント|プラグ|電気|電源	electric plug|electric|electricity|plug
1f4bb	ノートパソコン|PC|コンピューター|パソコン|ラップトップ	laptop|computer|office|pc|personal
1f5a5	デスクトップパソコン|PC|コンピューター|デスクトップ|パソコン|モニター	desktop computer|computer|desktop|monitor
1f5a8	プリンタ|コピー機|コンピューター|プリンター|印刷機|複合機	printer|computer
2328	キーボード|PC|コンピューター|パソコン	keyboard|computer
1f5b1	マウス|PC|コンピューター|パソコン	computer mouse|computer|mouse
1f5b2	トラックボール|PC|コンピューター|パソコン	trackball|computer
1f4bd	MD|MO|コンピューター|ミニディスク	computer disk|computer|disk|minidisk|optical
1f4be	フロッピー|FD|コンピューター|ディスク|フロッピーディスク	floppy disk|computer|disk|floppy
1f4bf	CD|Blu-ray|DVD|コンピューター|ディスク|ブルーレイ|光ディスク	optical disk|blu-ray|CD|computer|disk|dvd|optical
1f4c0	DVD|Blu-ray|CD|ディスク|ブルーレイ	dvd|Blu-ray|cd|computer|disk|DVD|optical
1f9ee	そろばん|アバカス|算盤|計算	abacus|calculation|calculator
1f3a5	映画カメラ|カメラ|シネマ|ハリウッド|フィルム|ムービー|撮影|映画	movie camera|bollywood|camera|cinema|film|hollywood|movie|record
1f39e	映画フィルム|シネマ|フィルム|フレーム|ムービー|映画	film frames|cinema|film|frames|movie
1f4fd	映写機|ビデオ|フィルム|プロジェクター|ムービー|映画	film projector|cinema|film|movie|projector|video
1f3ac	カチンコ|映画	clapper board|action|board|clapper|movie
1f4fa	テレビ|TV|ビデオ	television|tv|video
1f4f7	カメラ|写真	camera|photo|selfie|snap|tbt|trip|video
1f4f8	フラッシュを焚いているカメラ|カメラ|カメラフラッシュ|フラッシュ|写真	camera with flash|camera|flash|video
1f4f9	ビデオカメラ|カメラ|ビデオ|ムービー|動画|録画	video camera|camcorder|camera|tbt|video
1f4fc	ビデオテープ|VHS|テープ|ビデオ|ビデオカセット|動画	videocassette|old|school|tape|vcr|vhs|video
1f50d	虫眼鏡左|ルーペ|拡大鏡|検索|科学|虫めがね	magnifying glass tilted left|glass|lab|left|left-pointing|magnifying|science|search|tilted|tool
1f50e	虫眼鏡右|ルーペ|拡大鏡|検索|科学|虫めがね	magnifying glass tilted right|contact|glass|lab|magnifying|right|right-pointing|science|search|tilted|tool
1f56f	ろうそく|キャンドル|ロウソク|明かり	candle|light
1f4a1	電球|ぴこーん|ひらめき|マンガ|明かり	light bulb|bulb|comic|electric|idea|light
1f526	懐中電灯|ライト|明かり	flashlight|electric|light|tool|torch
1f3ee	赤ちょうちん|ちょうちん|居酒屋|飲み屋	red paper lantern|bar|lantern|light|paper|red|restaurant
1fa94	ディヤランプ|オイル|ランプ|明かり	diya lamp|diya|lamp|light|oil
1f4d4	表紙付きノート|ノート|学校|文具|文房具|本	notebook with decorative cover|book|cover|decorated|decorative|education|notebook|school|writing
1f4d5	閉じた本|書籍|本|赤い本	closed book|book|closed|education
1f4d6	開いた本|図書館|小説|書籍|本|知識|読書	open book|book|education|fantasy|knowledge|library|novels|open|reading
1f4d7	緑の本|図書館|書籍|本|読書	green book|book|education|fantasy|green|library|reading
1f4d8	青の本|図書館|書籍|本|読書|青い本	blue book|blue|book|education|fantasy|library|reading
1f4d9	オレンジの本|図書館|書籍|本|読書	orange book|book|education|fantasy|library|orange|reading
1f4da	本の山|勉強|学校|小説|書籍|本|読書	books|book|education|fantasy|knowledge|library|novels|reading|school|study
1f4d3	ノート|手帳|文具|文房具	notebook
1f4d2	リングノート|ノート|台帳|文具|文房具	ledger|notebook
1f4c3	巻きページ|カール|ドキュメント|文書|書類	page with curl|curl|document|page|paper
1f4dc	巻き物|文書|書類|紙	scroll|paper
1f4c4	ページ|ドキュメント|文書|書類	page facing up|document|facing|page|paper|up
1f4f0	新聞|ニュース|新聞紙	newspaper|communication|news|paper
1f5de	丸めた新聞|ニュース|新聞|新聞紙	rolled-up newspaper|news|newspaper|paper|rolled|rolled-up
1f4d1	ページに付箋|ふせん|付箋|文具|文房具	bookmark tabs|bookmark|mark|marker|tabs
1f516	しおり|タグ|ブックマーク|付箋	bookmark|mark
1f3f7	荷札|タグ|ラベル	label|tag
1fa99	コイン|お金|小銭|硬貨|金貨|銀貨	coin|dollar|euro|gold|metal|money|rich|silver|treasure
1f4b0	ドル袋|お金|キャッシュ|ドル|現金|賞金|賭け金|金持ち|金袋|銀行	money bag|bag|bank|bet|billion|cash|cost|dollar|gold|million|money|moneybag|paid|paying|pot|rich|win
1f4b4	円札|お札|お金|円|札束|紙幣|通貨	yen banknote|bank|banknote|bill|currency|money|note|yen
1f4b5	ドル札|お札|お金|ドル|札束|紙幣|通貨	dollar banknote|bank|banknote|bill|currency|dollar|money|note
1f4b6	ユーロ札|お札|お金|ユーロ|札束|紙幣|通貨	euro banknote|100|bank|banknote|bill|currency|euro|money|note|rich
1f4b7	ポンド札|お札|お金|ポンド|札束|現金|紙幣|通貨	pound banknote|bank|banknote|bill|billion|cash|currency|money|note|pound|pounds
1f4b8	羽が生えたお金|お札|お金|ドル|支払い|札束|紙幣	money with wings|bank|banknote|bill|billion|cash|dollar|fly|million|money|note|pay|wings
1f4b3	クレジットカード|お金|カード|キャッシュカード|支払い|銀行	credit card|bank|card|cash|charge|credit|money|pay
1f9fe	レシート|会計|簿記|請求書|領収書	receipt|accounting|bookkeeping|evidence|invoice|proof
1f4b9	為替|グラフ|チャート|円|円高|市場|株|株価	chart increasing with yen|bank|chart|currency|graph|growth|increasing|market|money|rise|trend|upward|yen
2709	封筒|Eメール|メール|手紙|郵便|電子メール	envelope|e-mail|email|letter
1f4e7	Eメール|メール|封筒|手紙|郵便|電子メール	e-mail|email|letter|mail
1f4e8	メール受信中|Eメール|受信中|受信箱|封筒|手紙|電子メール	incoming envelope|delivering|e-mail|email|envelope|incoming|letter|mail|receive|sent
1f4e9	メール受信|Eメール|メール送信|受信|封筒と矢印|送信|電子メール	envelope with arrow|arrow|communication|down|e-mail|email|envelope|letter|mail|outgoing|send|sent
1f4e4	送信トレイ|Eメール|トレイ|箱|送信|送信箱|電子メール	outbox tray|box|email|letter|mail|outbox|sent|tray
1f4e5	受信トレイ|Eメール|トレイ|受信|受信なし|受信箱|箱|電子メール	inbox tray|box|email|inbox|letter|mail|receive|tray|zero
1f4e6	荷物|宅急便|宅配便|小包|段ボール|箱|配送|配達	package|box|communication|delivery|parcel|shipping
1f4eb	閉じた郵便受け（手紙あり）|ポスト|手紙あり|郵便受け|郵便箱|閉じた	closed mailbox with raised flag|closed|communication|flag|mail|mailbox|postbox|raised
1f4ea	閉じた郵便受け（手紙なし）|ポスト|手紙なし|郵便受け|郵便箱|閉じた	closed mailbox with lowered flag|closed|flag|lowered|mail|mailbox|postbox
1f4ec	開いた郵便受け（手紙あり）|ポスト|手紙あり|郵便受け|郵便箱|開いた	open mailbox with raised flag|flag|mail|mailbox|open|postbox|raised
1f4ed	開いた郵便受け（手紙なし）|ポスト|手紙なし|郵便受け|郵便箱|開いた	open mailbox with lowered flag|flag|lowered|mail|mailbox|open|postbox
1f4ee	郵便ポスト|ポスト|手紙|郵便|郵便箱	postbox|mail|mailbox
1f5f3	投票箱|投票|選挙	ballot box with ballot|ballot|box
270f	鉛筆|文具|文房具	pencil
2712	ペン先|万年筆|文具|文房具	black nib|black|nib|pen
1f58b	万年筆|ペン|文具|文房具	fountain pen|fountain|pen
1f58a	ペン|ボールペン|文具|文房具	pen|ballpoint
1f58c	絵筆|文具|文房具|絵の具	paintbrush|painting
1f58d	クレヨン|文具|文房具	crayon
1f4dd	鉛筆とメモ|メモ|文具|文房具|紙と鉛筆|鉛筆	memo|communication|media|notes|pencil
1f4bc	ブリーフケース|かばん|鞄	briefcase|office
1f4c1	フォルダー|ファイル|文具|文房具	file folder|file|folder
1f4c2	開いたフォルダー|ファイル|フォルダー|文具|文房具|開く	open file folder|file|folder|open
1f5c2	カードフォルダー|インデックス|フォルダー|文具|文房具	card index dividers|card|dividers|index
1f4c5	カレンダー|スケジュール|予定|日付	calendar|date
1f4c6	日めくりカレンダー|カレンダー|スケジュール|予定|日付	tear-off calendar|calendar|tear-off
1f5d2	メモ帳|ノート|リングメモ|文具|文房具	spiral notepad|note|notepad|pad|spiral
1f5d3	月めくりカレンダー|カレンダー|スケジュール|予定|日付	spiral calendar|calendar|pad|spiral
1f4c7	カードインデックス|名刺ホルダー|文具|文房具	card index|card|index|old|rolodex|school
1f4c8	グラフ上向き|グラフ|チャート|データ|上向き|上昇|右肩上がり|成長|折れ線グラフ	chart increasing|chart|data|graph|growth|increasing|right|trend|up|upward
1f4c9	グラフ下向き|チャート|データ|下向き|下降|右肩下がり|折れ線グラフ	chart decreasing|chart|data|decreasing|down|downward|graph|negative|trend
1f4ca	棒グラフ|グラフ|チャート|データ	bar chart|bar|chart|data|graph
1f4cb	クリップボード|クリップ|メモ|文具|文房具	clipboard|do|list|notes
1f4cc	押しピン|文具|文房具|画鋲	pushpin|collage|pin
1f4cd	丸い押しピン|ピン|プッシュピン|地図|押しピン|文具|文房具|画びょう	round pushpin|location|map|pin|pushpin|round
1f587	つながったクリップ|クリップ|ペーパークリップ|文具|文房具|紙クリップ	linked paperclips|link|linked|paperclip|paperclips
1f4cf	定規|ものさし|文具|文房具|直定規	straight ruler|angle|edge|math|ruler|straight|straightedge
1f4d0	三角定規|定規|文具|文房具	triangular ruler|angle|math|rule|ruler|set|slide|triangle|triangular
2702	はさみ|カット|ハサミ|切る|文具|文房具	scissors|cut|cutting|paper|tool
1f5c3	カードファイルボックス|カード|ファイル|ボックス|文具|文房具|箱	card file box|box|card|file
1f5c4	ファイルキャビネット|キャビネット|ファイル|引き出し	file cabinet|cabinet|file|filing|paper
1f5d1	ごみ箱|くずかご|ごみかご|ゴミ箱	wastebasket|can|garbage|trash|waste
1f512	閉じた錠|ロック|南京錠|施錠|錠|鍵	locked|closed|lock|private
1f513	開いた錠|ロック|南京錠|解錠|錠|鍵	unlocked|cracked|lock|open|unlock
1f50f	閉じた錠とペン|プライバシー|ロック|南京錠|鍵	locked with pen|ink|lock|locked|nib|pen|privacy
1f510	閉じた錠と鍵|キー|セキュリティ|ロック|南京錠|安全|錠|鍵	locked with key|bike|closed|key|lock|locked|secure
1f511	鍵|キー|パスワード|開錠	key|keys|lock|major|password|unlock
1f5dd	古い鍵|キー|パスワード|手がかり|鍵	old key|clue|key|lock|old
1f528	ハンマー|かなづち|とんかち|工具	hammer|home|improvement|repairs|tool
1fa93	斧|おの|ハチェット|工具|木|薪割り	axe|ax|chop|hatchet|split|wood
26cf	つるはし|工具|採掘	pick|hammer|mining|tool
2692	ハンマーとつるはし|かなづち|つるはし|とんかち|ハンマー|工具	hammer and pick|hammer|pick|tool
1f6e0	ハンマーとレンチ|かなづち|スパナ|とんかち|レンチ|工具	hammer and wrench|hammer|spanner|tool|wrench
1f5e1	短刀|ダガー|ナイフ|武器|短剣	dagger|knife|weapon
2694	クロスした剣|つるぎ|刀|剣|武器	crossed swords|crossed|swords|weapon
1f4a3	爆弾|危険|爆発	bomb|boom|comic|dangerous|explosion|hot
1fa83	ブーメラン|オーストラリア|武器|玩具|跳ね返り|返って来る	boomerang|rebound|repercussion|weapon
1f3f9	弓矢|射手|射手座|弓|星座|武器|矢	bow and arrow|archer|archery|arrow|bow|Sagittarius|tool|weapon|zodiac
1f6e1	盾|シールド|防具	shield|weapon
1fa9a	のこぎり|ノコ|刃|切る|大工|工具|木工	carpentry saw|carpenter|carpentry|cut|lumber|saw|tool|trim
1f527	レンチ|スパナ|工具	wrench|home|improvement|spanner|tool
1fa9b	ねじ回し|スクリュードライバー|ドライバー|マイナスドライバー|工具	screwdriver|flathead|handy|screw|tool
1f529	ボルトとナット|ナット|ボルト|工具	nut and bolt|bolt|home|improvement|nut|tool
2699	歯車|ギア|工具	gear|cog|cogwheel|tool
1f5dc	万力|クランプ|バイス|工具	clamp|compress|tool|vice
2696	天秤|はかり|バランス|化学|天秤座|実験|星座	balance scale|balance|justice|Libra|scale|scales|tool|weight|zodiac
1f9af	白杖|アクセシビリティ|つえ|視覚|障がい	white cane|accessibility|blind|cane|probing|white
1f517	リンクシンボル|リンク|環	link|links
26d3	鎖|くさり|チェーン	chains|chain
1fa9d	フック|引っかけ|引っ掛け|掛け金|留め金|鉤	hook|catch|crook|curve|ensnare|point|selling
1f9f0	工具箱|ツールボックス|メカニック|整備士|機械工|箱|赤い箱	toolbox|box|chest|mechanic|red|tool
1f9f2	U字型磁石|マグネット|引き付ける|正負|磁石|蹄鉄	magnet|attraction|horseshoe|magnetic|negative|positive|shape|u
1fa9c	はしご|ステッパー|梯子|登る|高所作業	ladder|climb|rung|step
2697	蒸留器|化学|実験	alembic|chemistry|tool
1f9ea	試験管|ラボ|化学|化学者|実験|科学	test tube|chemist|chemistry|experiment|lab|science|test|tube
1f9eb	ペトリ皿|バクテリア|培養|実験|生物学|生物学者	petri dish|bacteria|biologist|biology|culture|dish|lab|petri
1f9ec	DNA|生命|生物学|生物学者|進化|遺伝子	dna|biologist|evolution|gene|genetics|life
1f52c	顕微鏡|サイエンス|実験|研究|科学	microscope|experiment|lab|science|tool
1f52d	望遠鏡|サイエンス|天体観測|科学|観測	telescope|contact|extraterrestrial|science|tool
1f4e1	パラボラアンテナ|アンテナ|パラボラ|科学|衛星アンテナ|電波	satellite antenna|aliens|antenna|contact|dish|satellite|science
1f489	注射器|予防接種|医療器具|医者|注射|病気|薬|針	syringe|doctor|flu|medicine|needle|shot|sick|tool|vaccination
1fa78	血液|けが|出血|医療|医者|献血|生理	drop of blood|bleed|blood|donation|drop|injury|medicine|menstruation
1f48a	薬|カプセル|ビタミン剤|医者|病気	pill|doctor|drugs|medicated|medicine|pills|sick|vitamin
1fa79	絆創膏|けが|ばんそうこう|傷|手当て|薬	adhesive bandage|adhesive|bandage
1fa7c	松葉杖|ステッキ|怪我|杖|歩行補助|障がい	crutch|aid|cane|disability|help|hurt|injured|mobility|stick
1fa7a	聴診器|医療|医者|心臓|病気	stethoscope|doctor|heart|medicine
1fa7b	X線|レントゲン|医者|骨|骨格	x-ray|bones|doctor|medical|skeleton|skull|xray
1f6aa	ドア|戸|扉|玄関	door|back|closet|front
1f6d7	エレベーター|アクセシビリティ|バリアフリー|リフト|昇降機	elevator|accessibility|hoist|lift
1fa9e	鏡|ミラー|メーク|反射|姿見|身だしなみ	mirror|makeup|reflection|reflector|speculum
1fa9f	窓|ウィンドウ|フレーム|換気|眺め|開ける	window|air|frame|fresh|opening|transparent|view
1f6cf	ベッド|ホテル|寝る|睡眠	bed|hotel|sleep
1f6cb	ソファとランプ|ソファ|ホテル|ランプ|長椅子	couch and lamp|couch|hotel|lamp
1fa91	椅子|シート|チェア|家具|腰掛け	chair|seat|sit
1f6bd	便器|お手洗い|トイレ|便座	toilet|bathroom
1faa0	ラバーカップ|すっぽん|トイレ|プランジャー|吸引カップ|通水カップ	plunger|cup|force|plumber|poop|suction|toilet
1f6bf	シャワー|風呂	shower|water
1f6c1	バスタブ|泡風呂|浴槽|風呂	bathtub|bath
1faa4	ねずみ捕り|おびき寄せる|チーズ|ばね|マウストラップ|わな|仕掛け	mouse trap|bait|cheese|lure|mouse|mousetrap|snare|trap
1fa92	剃刀|かみそり|ひげそり|レーザー|レザー|刃|刃物|鋭い	razor|sharp|shave
1f9f4	ローション|シャンプー|ローションボトル|化粧水|日焼け止め	lotion bottle|bottle|lotion|moisturizer|shampoo|sunscreen
1f9f7	安全ピン|止めピン	safety pin|diaper|pin|punk|rock|safety
1f9f9	ほうき|掃く|掃除|魔女	broom|cleaning|sweeping|witch
1f9fa	かご|ピクニック|収穫|洗濯	basket|farming|laundry|picnic
1f9fb	トイレットペーパー|キッチンペーパー|ペーパータオル|ロールペーパー	roll of paper|paper|roll|toilet|towels
1faa3	バケツ|おけ|ばけつ|ポリバケツ|容器	bucket|cask|pail|vat
1f9fc	石けん|ソープ|泡|清潔|風呂	soap|bar|bathing|clean|cleaning|lather|soapdish
1fae7	泡|あぶく|シャボン玉|バブル|水中|石けん	bubbles|bubble|burp|clean|floating|pearl|soap|underwater
1faa5	歯ブラシ|お手入れ|ブラシ|歯磨き|洗面所|虫歯|衛生	toothbrush|bathroom|brush|clean|dental|hygiene|teeth|toiletry
1f9fd	スポンジ|吸収|掃除|海綿	sponge|absorbing|cleaning|porous|soak
1f9ef	消火器|消火|消火器具|消防|火事	fire extinguisher|extinguish|extinguisher|fire|quench
1f6d2	ショッピングカート|カート|ショッピング|スーパー|買い物	shopping cart|cart|shopping|trolley
1f6ac	煙草|たばこ|タバコ|喫煙	cigarette|smoking
26b0	棺桶|吸血鬼|埋葬|棺|死|死者	coffin|dead|death|vampire
1faa6	墓石|お墓|埋葬|墓地|墓場|石碑|追悼	headstone|cemetery|dead|grave|graveyard|memorial|rip|tomb|tombstone
26b1	骨壺|埋葬|死|葬儀|遺灰	funeral urn|ashes|death|funeral|urn
1f9ff	ナザール・ボンジュウ|お守り|ナザール|ビーズ|邪視|青|魔除け	nazar amulet|amulet|bead|blue|charm|evil-eye|nazar|talisman
1faac	ハムサ|お守り|ファーティマ|ミリアム|手|目|護符	hamsa|amulet|Fatima|fortune|guide|hand|Mary|Miriam|palm|protect|protection
1f5ff	モアイ|モヤイ|像|石像|顔	moai|face|moyai|statue|stoneface|travel
1faa7	プラカード|デモ|主張|抗議|異議|看板	placard|card|demonstration|notice|picket|plaque|protest|sign
1faaa	身分証|ID|セキュリティ|免許証|身分証明書|運転免許証	identification card|card|credentials|document|ID|identification|license|security
1f3e7	ATM|現金自動預け払い機|銀行	ATM sign|ATM|automated|bank|cash|money|sign|teller
1f6ae	ゴミ箱|くずかご|ゴミ捨て|ごみ箱	litter in bin sign|bin|litter|litterbin|sign
1f6b0	飲料水|水|水道|飲み水	potable water|drinking|potable|water
267f	車椅子|バリアフリー|バリヤフリー	wheelchair symbol|access|handicap|symbol|wheelchair
1f6b9	男子トイレ|WC|お手洗い|トイレ|化粧室|男性	men’s room|bathroom|lavatory|man|men’s|restroom|room|toilet|WC
1f6ba	女子トイレ|WC|お手洗い|トイレ|化粧室|女性	women’s room|bathroom|lavatory|restroom|room|toilet|WC|woman|women’s
1f6bb	トイレ|WC|お手洗い|化粧室	restroom|bathroom|lavatory|toilet|WC
1f6bc	ベビーマーク|ベビー|ベビーシート|赤ちゃん|赤ん坊	baby symbol|baby|changing|symbol
1f6be	WC|お手洗い|トイレ|化粧室	water closet|bathroom|closet|lavatory|restroom|toilet|water|WC
1f6c2	出入国審査|パスポートコントロール|入出国|出入国	passport control|control|passport
1f6c3	税関|通関	customs|packing
1f6c4	手荷物受取|スーツケース|バゲッジクレーム|手荷物|預け入れ荷物	baggage claim|arrived|baggage|bags|case|checked|claim|journey|packing|plane|ready|travel|trip
1f6c5	手荷物預かり|コインロッカー|スーツケース|ロッカー|手荷物	left luggage|baggage|case|left|locker|luggage
26a0	警告|標識|注意	warning|caution
1f6b8	児童横断|子供|学校、幼稚園、保育所等あり|標識|通学路	children crossing|child|children|crossing|pedestrian|traffic
26d4	車両進入禁止|標識|禁止|規制|進入禁止|道路	no entry|do|entry|fail|forbidden|no|not|pass|prohibited|traffic
1f6ab	車両通行止め|標識|禁止|規制|通行止め|道路	prohibited|entry|forbidden|no|not|smoke
1f6b3	自転車禁止|標識|禁止|自転車|規制|道路	no bicycles|bicycle|bicycles|bike|forbidden|no|not|prohibited
1f6ad	禁煙|タバコ|煙草|禁止	no smoking|forbidden|no|not|prohibited|smoke|smoking
1f6af	ポイ捨て禁止|ごみ|ゴミ|ゴミ捨て禁止|禁止	no littering|forbidden|litter|littering|no|not|prohibited
1f6b1	飲用不可|禁止|飲めない水|飲用禁止	non-potable water|dry|non-drinking|non-potable|prohibited|water
1f6b7	歩行者立入禁止|標識|禁止|規制|道路	no pedestrians|forbidden|no|not|pedestrian|pedestrians|prohibited
1f4f5	携帯電話禁止|スマートフォン禁止|スマホ禁止|携帯禁止	no mobile phones|cell|forbidden|mobile|no|not|phone|phones|prohibited|telephone
1f51e	18歳未満禁止|18禁|年齢制限|未成年|禁止	no one under eighteen|18|age|eighteen|forbidden|no|not|one|prohibited|restriction|underage
2622	放射能|危険|放射性|放射線	radioactive|sign
2623	バイオハザード|危険|有害物質	biohazard|sign
2b06	上矢印|上|北|矢印	up arrow|arrow|cardinal|direction|north|up
2197	右上矢印|北東|右上|矢印	up-right arrow|arrow|direction|intercardinal|northeast|up-right
27a1	右矢印|右|東|矢印	right arrow|arrow|cardinal|direction|east|right
2198	右下矢印|南東|右下|矢印	down-right arrow|arrow|direction|down-right|intercardinal|southeast
2b07	下矢印|下|南|矢印	down arrow|arrow|cardinal|direction|down|south
2199	左下矢印|南西|左下|矢印	down-left arrow|arrow|direction|down-left|intercardinal|southwest
2b05	左矢印|左|矢印|西	left arrow|arrow|cardinal|direction|left|west
2196	左上矢印|北西|左上|矢印	up-left arrow|arrow|direction|intercardinal|northwest|up-left
2195	上下矢印|上下|矢印	up-down arrow|arrow|up-down
2194	左右矢印|左右|矢印	left-right arrow|arrow|left-right
21a9	右カーブ矢印|カーブ|左|曲線|矢印	right arrow curving left|arrow|curving|left|right
21aa	左カーブ矢印|カーブ|右|曲線|矢印	left arrow curving right|arrow|curving|left|right
2934	上カーブ矢印|カーブ|上|曲線|矢印	right arrow curving up|arrow|curving|right|up
2935	下カーブ矢印|カーブ|下|曲線|矢印	right arrow curving down|arrow|curving|down|right
1f503	右回り縦矢印|リロード|再読み込み|右回り|時計回り|矢印	clockwise vertical arrows|arrow|arrows|clockwise|refresh|reload|vertical
1f504	左回り矢印|リピート|反時計回り|更新|矢印|繰り返し|逆回り	counterclockwise arrows button|again|anticlockwise|arrow|arrows|button|counterclockwise|deja|refresh|rewindershins|vu
1f519	BACK矢印|BACK|バック|戻る|矢印	BACK arrow|arrow|BACK
1f51a	END矢印|END|エンド|矢印|終わり	END arrow|arrow|END
1f51b	ON矢印|ON|オン|矢印	ON! arrow|arrow|mark|ON!
1f51c	SOON矢印|SOON|すぐ|矢印	SOON arrow|arrow|brb|omw|SOON
1f51d	TOP矢印|TOP|トップ|上|矢印	TOP arrow|arrow|homie|TOP|up
1f6d0	礼拝所|宗教|礼拝|祈り	place of worship|place|pray|religion|worship
269b	原子のシンボル|元素|分子|原子|無神論	atom symbol|atheist|atom|symbol
1f549	オーム|ヒンズー教|ヒンドゥー教|宗教	om|Hindu|religion
2721	ダビデの星|ユダヤ教|六芒星|宗教|星	star of David|David|Jew|Jewish|judaism|religion|star
2638	法輪|仏教|宗教|転法輪	wheel of dharma|Buddhist|dharma|religion|wheel
262f	陰陽|インヤン|宗教|道教	yin yang|difficult|lives|religion|tao|taoist|total|yang|yin|yinyang
271d	十字架|キリスト教|クロス|ラテン十字|宗教	latin cross|christ|Christian|cross|latin|religion
2626	八端十字架|キリスト教|十字架|宗教	orthodox cross|Christian|cross|orthodox|religion
262a	星と三日月|イスラム教|ムスリム|三日月|宗教|星	star and crescent|crescent|islam|Muslim|ramadan|religion|star
262e	ピースマーク|平和|平和のシンボル	peace symbol|healing|peace|peaceful|symbol
1f54e	メノーラー|ハヌカー|メノラー|ユダヤ教|宗教|燭台	menorah|candelabrum|candlestick|hanukkah|jewish|judaism|religion
1f52f	六芒星|ダビデ|ユダヤ教|六角星|占い|星	dotted six-pointed star|dotted|fortune|jewish|judaism|six-pointed|star
2648	おひつじ座|星座|牡羊座	Aries|horoscope|ram|zodiac
2649	おうし座|星座|牡牛座	Taurus|bull|horoscope|ox|zodiac
264a	ふたご座|双子座|星座	Gemini|horoscope|twins|zodiac
264b	かに座|星座|蟹座	Cancer|crab|horoscope|zodiac
264c	しし座|星座|獅子座	Leo|horoscope|lion|zodiac
264d	おとめ座|乙女座|星座	Virgo|horoscope|zodiac
264e	てんびん座|天秤座|星座	Libra|balance|horoscope|justice|scales|zodiac
264f	さそり座|星座|蠍座	Scorpio|horoscope|scorpion|Scorpius|zodiac
2650	いて座|射手座|星座	Sagittarius|archer|horoscope|zodiac
2651	やぎ座|山羊座|星座	Capricorn|goat|horoscope|zodiac
2652	みずがめ座|星座|水瓶座	Aquarius|bearer|horoscope|water|zodiac
2653	うお座|星座|魚座	Pisces|fish|horoscope|zodiac
26ce	へびつかい座|星座|蛇遣座	Ophiuchus|bearer|serpent|snake|zodiac
1f500	シャッフルボタン|シャッフル|ボタン|交差|矢印	shuffle tracks button|arrow|button|crossed|shuffle|tracks
1f501	リピートボタン|ボタン|リピート|全曲|時計回り|矢印|繰り返し	repeat button|arrow|button|clockwise|repeat
1f502	1曲リピートボタン|ボタン|リピート|時計回り|矢印|繰り返し	repeat single button|arrow|button|clockwise|once|repeat|single
25b6	再生ボタン|プレイ|ボタン|再生|矢印	play button|arrow|button|play|right|triangle
23e9	早送りボタン|ボタン|倍速|早送り|矢印	fast-forward button|arrow|button|double|fast|fast-forward|forward
23ed	次の曲ボタン|ボタン|次のシーン|次のトラック|矢印	next track button|arrow|button|next|scene|track|triangle
23ef	再生／一時停止ボタン|ボタン|一時停止|再生|矢印	play or pause button|arrow|button|pause|play|right|triangle
25c0	逆再生ボタン|ボタン|巻き戻し|矢印|逆再生	reverse button|arrow|button|left|reverse|triangle
23ea	早戻しボタン|倍速|巻き戻し|戻る|早戻し|矢印	fast reverse button|arrow|button|double|fast|reverse|rewind
23ee	前の曲ボタン|ボタン|前のシーン|前のトラック|矢印	last track button|arrow|button|last|previous|scene|track|triangle
1f53c	上ボタン|ボタン|上|矢印	upwards button|arrow|button|red|up|upwards
23eb	高速上ボタン|ボタン|上|二重|矢印	fast up button|arrow|button|double|fast|up
1f53d	下ボタン|ボタン|下|矢印	downwards button|arrow|button|down|downwards|red
23ec	高速下ボタン|ボタン|下|二重|矢印	fast down button|arrow|button|double|down|fast
23f8	一時停止ボタン|ポーズ|ボタン|一時停止	pause button|bar|button|double|pause|vertical
23f9	停止ボタン|ストップ|ボタン|停止|四角	stop button|button|square|stop
23fa	録音録画ボタン|ボタン|丸|録画|録音	record button|button|circle|record
23cf	取り出しボタン|イジェクト|ボタン|取り出し	eject button|button|eject
1f3a6	映画|カメラ|動画|映画館	cinema|camera|film|movie
1f505	低輝度|ブライトネス|明るさ|暗い|輝度	dim button|brightness|button|dim|low
1f506	高輝度|ブライトネス|明るい|明るさ|輝度	bright button|bright|brightness|button|light
1f4f6	アンテナマーク|スマートフォン|スマホ|圏内|携帯電話|電波	antenna bars|antenna|bar|bars|cell|communication|mobile|phone|signal|telephone
1f4f3	マナーモード|スマートフォン|スマホ|携帯|携帯電話	vibration mode|cell|communication|mobile|mode|phone|telephone|vibration
1f4f4	携帯電話電源オフ|オフ|スマートフォン|スマホ|携帯電話|電源オフ	mobile phone off|cell|mobile|off|phone|telephone
2640	女性のマーク|シンボル|女|女性	female sign|female|sign|woman
2642	男性のマーク|シンボル|男|男性	male sign|male|man|sign
26a7	トランスジェンダーのマーク|LGBT|TG|シンボル|性別	transgender symbol|symbol|transgender
2716	掛け算|キャンセル|バツ|ペケ|乗算|記号	multiply|×|cancel|multiplication|sign|x
2795	プラス|+|加算|記号|足し算|足す	plus|+
2796	マイナス|-|引き算|引く|減算|計算|記号	minus|-|−|heavy|math|sign
2797	割り算|/|割る|記号|除算	divide|÷|division|heavy|math|sign
1f7f0	太字の等号|イコール|数学|等しい|等号	heavy equals sign|answer|equal|equality|equals|heavy|math|sign
267e	無限大|万物|永遠|無限	infinity|forever|unbounded|universal
203c	二重感嘆符|!|エクスクラメーションマーク|びっくりマーク|感嘆符|約物|記号	double exclamation mark|!|!!|bangbang|double|exclamation|mark|punctuation
2049	感嘆符疑問符|!|!?|?|はてなマーク|びっくりマーク|記号	exclamation question mark|!|!?|?|exclamation|interrobang|mark|punctuation|question
2753	赤い疑問符|?|クエスチョンマーク|はてなマーク|疑問符|約物|記号	red question mark|?|mark|punctuation|question|red
2754	白い疑問符|?|クエスチョンマーク|はてなマーク|疑問符|約物|記号	white question mark|?|mark|outlined|punctuation|question|white
2755	白い感嘆符|!|エクスクラメーションマーク|びっくりマーク|疑問符|約物|記号	white exclamation mark|!|exclamation|mark|outlined|punctuation|white
2757	赤い感嘆符|!|エクスクラメーションマーク|びっくりマーク|感嘆符|約物|記号	red exclamation mark|!|exclamation|mark|punctuation|red
3030	波線|波|約物|記号	wavy dash|dash|punctuation|wavy
1f4b1	外貨両替|お金|ドル|ドル円|両替|円|円ドル|通貨	currency exchange|bank|currency|exchange|money
1f4b2	ドル記号|お金|ドル|通貨	heavy dollar sign|billion|cash|charge|currency|dollar|heavy|million|money|pay|sign
2695	医療のシンボル|アスクレピオスの杖|医療|医者|治療	medical symbol|aesculapius|medical|medicine|staff|symbol
267b	リサイクルマーク|リサイクル|再利用|再生	recycling symbol|recycle|recycling|symbol
269c	フルール・ド・リス|エンブレム|フランス王家|ユリ|紋章	fleur-de-lis|knights
1f531	トライデント|エンブレム|三つ又|海	trident emblem|anchor|emblem|poseidon|ship|tool|trident
1f4db	名札|バッジ|保育園|保育所|幼稚園	name badge|badge|name
1f530	初心者マーク|初心者|若葉マーク	Japanese symbol for beginner|beginner|chevron|green|Japanese|leaf|symbol|tool|yellow
2b55	太い丸|円|記号|赤い丸|輪	hollow red circle|circle|heavy|hollow|large|o|red
2705	白抜きのチェック|チェック|チェックマーク|済|記号	check mark button|✓|button|check|checked|checkmark|complete|completed|done|fixed|mark|tick
2611	チェックボックス|チェック|チェックマーク|済|記号	check box with check|✓|ballot|box|check|checked|done|off|tick
2714	太字のチェック|チェック|チェックマーク|済|記号	check mark|✓|check|checked|checkmark|done|heavy|mark|tick
274c	バツ|キャンセル|ペケ|乗算|掛け算|記号	cross mark|×|cancel|cross|mark|multiplication|multiply|x
274e	白抜きのバツ|キャンセル|バツ|ペケ|乗算|掛け算|記号	cross mark button|×|button|cross|mark|multiplication|multiply|square|x
27b0	ループ|記号|輪っか|長音	curly loop|curl|curly|loop
27bf	ダブルループ|フリーダイヤル|ループ|記号|輪っか	double curly loop|curl|curly|double|loop
303d	いおりてん|庵点|歌記号|約物|記号	part alternation mark|alternation|mark|part
2733	八角アスタリスク|アスタリスク|約物|記号	eight-spoked asterisk|*|asterisk|eight-spoked
2734	八角星|星|約物|記号	eight-pointed star|*|eight-pointed|star
2747	スパークル|アスタリスク|キラキラ|約物|記号	sparkle|*
00a9	著作権マーク|Cマーク|コピーライト|著作権|記号	copyright|C
00ae	登録商標マーク|Rマーク|登録商標|記号	registered|R
2122	商標マーク|TMマーク|トレードマーク|商標|記号	trade mark|mark|TM|trade|trademark
0023-20e3	囲み数字: #|囲み数字	keycap: #|keycap
002a-20e3	囲み数字: *|囲み数字	keycap: *|keycap
0030-20e3	囲み数字: 0|0|囲み数字	keycap: 0|0|keycap|zero
0031-20e3	囲み数字: 1|1|一|囲み数字	keycap: 1|1|keycap|one
0032-20e3	囲み数字: 2|2|二|囲み数字	keycap: 2|2|keycap|two
0033-20e3	囲み数字: 3|3|三|囲み数字	keycap: 3|3|keycap|three
0034-20e3	囲み数字: 4|4|四|囲み数字	keycap: 4|4|four|keycap
0035-20e3	囲み数字: 5|5|五|囲み数字	keycap: 5|5|five|keycap
0036-20e3	囲み数字: 6|6|六|囲み数字	keycap: 6|6|keycap|six
0037-20e3	囲み数字: 7|7|七|囲み数字	keycap: 7|7|keycap|seven
0038-20e3	囲み数字: 8|8|八|囲み数字	keycap: 8|8|eight|keycap
0039-20e3	囲み数字: 9|9|九|囲み数字	keycap: 9|9|keycap|nine
1f51f	囲み数字: 10|囲み数字	keycap: 10|keycap
1f520	英大文字の入力|ABCD|アルファベット|ローマ字|入力|大文字|英字	input latin uppercase|ABCD|input|latin|letters|uppercase
1f521	英小文字の入力|abcd|アルファベット|ローマ字|入力|小文字|英字	input latin lowercase|abcd|input|latin|letters|lowercase
1f522	数字の入力|1234|入力|数字	input numbers|1234|input|numbers
1f523	記号の入力|〒♪&%|入力|記号	input symbols|&|%|♪|〒|input|symbols
1f524	英字の入力|abc|アルファベット|ローマ字|入力|英字	input latin letters|abc|alphabet|input|latin|letters
1f170	血液型A型|A型|血液型	A button (blood type)|blood|button|type
1f18e	血液型AB型|AB型|血液型	AB button (blood type)|AB|blood|button|type
1f171	血液型B型|B型|血液型	B button (blood type)|B|blood|button|type
1f191	CLマーク|CL|クリア	CL button|button|CL
1f192	COOLマーク|COOL|クール	COOL button|button|COOL
1f193	FREEマーク|タダ|フリー|無料	FREE button|button|FREE
2139	iマーク|i|インフォメーション|情報|案内所	information|I
1f194	IDマーク|ID|アイディー	ID button|button|ID|identity
24c2	丸いMマーク|M|丸	circled M|circle|circled|M
1f195	NEWマーク|NEW|新|新しい	NEW button|button|NEW
1f196	NGマーク|NG|エヌジー|ボツ	NG button|button|NG
1f17e	血液型O型|O型|血液型	O button (blood type)|blood|button|O|type
1f197	OKマーク|OK|オーケー|オッケー	OK button|button|OK|okay
1f17f	Pマーク|P|パーキング|駐車場	P button|button|P|parking
1f198	SOSマーク|SOS|エスオーエス|助けて	SOS button|button|help|SOS
1f199	UPマーク|UP|アップ|更新	UP! button|button|mark|UP|UP!
1f19a	VSマーク|ヴァーサス|ヴィエス|バーサス|ブイエス|対	VS button|button|versus|VS
1f201	ココのマーク|ここ|ココ	Japanese “here” button|button|here|Japanese|katakana
1f202	サのマーク|サ|サービス料	Japanese “service charge” button|button|charge|Japanese|katakana|service
1f237	月マーク|月|月極|月額	Japanese “monthly amount” button|amount|button|ideograph|Japanese|monthly
1f236	有マーク|有|有料|有限	Japanese “not free of charge” button|button|charge|free|ideograph|Japanese|not
1f22f	指マーク|指|指定席	Japanese “reserved” button|button|ideograph|Japanese|reserved
1f250	マル得|お得|バーゲン|得	Japanese “bargain” button|bargain|button|ideograph|Japanese
1f239	割マーク|ディスカウント|割|割引	Japanese “discount” button|button|discount|ideograph|Japanese
1f21a	無マーク|タダ|無|無料	Japanese “free of charge” button|button|charge|free|ideograph|Japanese
1f232	禁マーク|厳禁|禁|禁止	Japanese “prohibited” button|button|ideograph|Japanese|prohibited
1f251	可マーク|可|可能|許可	Japanese “acceptable” button|acceptable|button|ideograph|Japanese
1f238	申マーク|申|申し込み|申請	Japanese “application” button|application|button|ideograph|Japanese
1f234	合マーク|合|合格	Japanese “passing grade” button|button|grade|ideograph|Japanese|passing
1f233	空マーク|空|空き|空室|空席	Japanese “vacancy” button|button|ideograph|Japanese|vacancy
3297	祝マーク|おめでとう|お祝い|祝	Japanese “congratulations” button|button|congratulations|ideograph|Japanese
3299	マル秘|極秘|社外秘|秘|秘密	Japanese “secret” button|button|ideograph|Japanese|secret
1f23a	営マーク|営|営業中|営業日	Japanese “open for business” button|business|button|ideograph|Japanese|open
1f235	満マーク|満員|満室|満席|満車	Japanese “no vacancy” button|button|ideograph|Japanese|no|vacancy
1f534	赤い丸|丸|丸いボタン|赤	red circle|circle|geometric|red
1f7e0	オレンジの丸|オレンジ|丸|丸いボタン	orange circle|circle|orange
1f7e1	黄色い丸|丸|丸いボタン|黄色	yellow circle|circle|yellow
1f7e2	緑の丸|丸|丸いボタン|緑	green circle|circle|green
1f535	青い丸|丸|丸いボタン|青	blue circle|blue|circle|geometric
1f7e3	紫の丸|丸|丸いボタン|紫	purple circle|circle|purple
1f7e4	茶色の丸|丸|丸いボタン|茶色	brown circle|brown|circle
26ab	黒い丸|丸|丸いボタン|黒|黒丸	black circle|black|circle|geometric
26aa	白い丸|丸|丸いボタン|白	white circle|circle|geometric|white
1f7e5	赤い四角|四角|正方形|赤	red square|card|penalty|red|square
1f7e7	オレンジの四角|オレンジ|四角|正方形	orange square|orange|square
1f7e8	黄色い四角|四角|正方形|黄色	yellow square|card|penalty|square|yellow
1f7e9	緑の四角|四角|正方形|緑	green square|green|square
1f7e6	青い四角|四角|正方形|青	blue square|blue|square
1f7ea	紫の四角|四角|正方形|紫	purple square|purple|square
1f7eb	茶色い四角|四角|正方形|茶色	brown square|brown|square
2b1b	黒四角特大|四角|正方形|黒	black large square|black|geometric|large|square
2b1c	白四角特大|四角|正方形|白	white large square|geometric|large|square|white
25fc	黒四角大|四角|正方形|黒	black medium square|black|geometric|medium|square
25fb	白四角大|四角|正方形|白	white medium square|geometric|medium|square|white
25fe	黒四角中|四角|正方形|黒	black medium-small square|black|geometric|medium-small|square
25fd	白四角中|四角|正方形|白	white medium-small square|geometric|medium-small|square|white
25aa	黒四角小|四角|正方形|黒	black small square|black|geometric|small|square
25ab	白四角小|四角|正方形|白	white small square|geometric|small|square|white
1f536	大きいオレンジのひし形|オレンジ|ダイア|ダイヤ|ひし形|四角	large orange diamond|diamond|geometric|large|orange
1f537	大きい青のひし形|ダイア|ダイヤ|ひし形|四角|青	large blue diamond|blue|diamond|geometric|large
1f538	小さいオレンジのひし形|オレンジ|ダイア|ダイヤ|ひし形|四角	small orange diamond|diamond|geometric|orange|small
1f539	小さい青のひし形|ダイア|ダイヤ|ひし形|四角|青	small blue diamond|blue|diamond|geometric|small
1f53a	赤い上三角|三角|上|赤	red triangle pointed up|geometric|pointed|red|triangle|up
1f53b	赤い下三角|三角|下|赤	red triangle pointed down|down|geometric|pointed|red|triangle
1f4a0	ドット付きひし形|ダイア|ダイヤ|ひし形	diamond with a dot|comic|diamond|dot|geometric
1f518	ラジオボタン|ボタン|二重丸	radio button|button|geometric|radio
1f533	白枠四角|ボタン|四角ボタン|正方形	white square button|button|geometric|outlined|square|white
1f532	黒枠四角|ボタン|四角ボタン|正方形	black square button|black|button|geometric|square
1f3c1	チェッカーフラッグ|スポーツ|フラグ|フラッグ|レーシング|レース|勝利|旗	chequered flag|checkered|chequered|finish|flag|flags|game|race|racing|sport|win
1f6a9	三角の旗|ゴルフ|スポーツ|フラグ|フラッグ|建築|旗	triangular flag|construction|flag|golf|post|triangular
1f38c	祝日の旗|フラグ|フラッグ|交差した旗|旗|日の丸|日本|祝日	crossed flags|celebration|cross|crossed|flags|Japanese
1f3f4	黒旗|フラグ|フラッグ|旗|黒	black flag|black|flag|waving
1f3f3	白旗|フラグ|フラッグ|旗|白	white flag|flag|waving|white
1f3f3-200d-1f308	レインボーフラッグ|GLBT|LGBT|LGBTQ|LGBTQIA|ゲイ|トランスジェンダー|バイセクシュアル|プライド|フラグ|レズビアン|虹色の旗	rainbow flag|bisexual|flag|gay|genderqueer|glbt|glbtq|lesbian|lgbt|lgbtq|lgbtqia|pride|queer|rainbow|trans|transgender
1f3f3-200d-26a7	トランスジェンダーフラッグ|LGBT|TG|トランスジェンダー|フラグ|フラッグ|旗	transgender flag|blue|flag|light|pink|transgender|white
1f3f4-200d-2620	海賊旗|ジョリー・ロジャー|宝物|海賊|略奪	pirate flag|flag|Jolly|pirate|plunder|Roger|treasure
